family,n,inst,p,ceiling,kind,param,regret_raw,regret_norm
ER(0.5),12,1,1,0.847729,exact,0,0.020881,0.027598
ER(0.5),12,1,1,0.847729,rep,1,0.010522,0.014757
ER(0.5),12,1,1,0.847729,rep,2,0.03122,0.009497
ER(0.5),12,1,1,0.847729,rep,3,0.009701,0.016797
ER(0.5),12,1,1,0.847729,rep,4,0.046418,0.014757
ER(0.5),12,1,1,0.847729,rep,5,0.061855,0.014757
ER(0.5),12,1,1,0.847729,rep,6,0.009701,0.021812
ER(0.5),12,1,1,0.847729,rep,7,0.026089,0.016797
ER(0.5),12,1,1,0.847729,rep,8,0.03122,0.009497
ER(0.5),12,1,1,0.847729,rep,9,0.019142,0.014757
ER(0.5),12,1,1,0.847729,rep,10,0.031836,0.034048
ER(0.5),12,1,1,0.847729,avg,10,0.020881,0.027598
ER(0.5),12,1,1,0.847729,sweep,3,0.004971,0.000672
ER(0.5),12,1,1,0.847729,sweep,10,0.016498,0.021812
ER(0.5),12,1,1,0.847729,sweep,30,0.020881,0.014757
ER(0.5),12,1,1,0.847729,sweep,100,0.03122,0.014757
ER(0.5),12,1,1,0.847729,sweep,300,0.03122,0.014757
ER(0.5),12,1,3,0.924775,exact,0,0.074271,0.029402
ER(0.5),12,1,3,0.924775,rep,1,0.05394,0.022517
ER(0.5),12,1,3,0.924775,rep,2,0.066836,0.022517
ER(0.5),12,1,3,0.924775,rep,3,0.05394,0.022517
ER(0.5),12,1,3,0.924775,rep,4,0.058577,0.029402
ER(0.5),12,1,3,0.924775,rep,5,0.085285,0.013165
ER(0.5),12,1,3,0.924775,rep,6,0.05394,0.019548
ER(0.5),12,1,3,0.924775,rep,7,0.079177,0.013814
ER(0.5),12,1,3,0.924775,rep,8,0.066836,0.038242
ER(0.5),12,1,3,0.924775,rep,9,0.066836,0.022517
ER(0.5),12,1,3,0.924775,rep,10,0.068504,0.042886
ER(0.5),12,1,3,0.924775,avg,10,0.074271,0.029402
ER(0.5),12,1,3,0.924775,sweep,3,0.053285,0.011935
ER(0.5),12,1,3,0.924775,sweep,10,0.06156,0.013814
ER(0.5),12,1,3,0.924775,sweep,30,0.057379,0.029402
ER(0.5),12,1,3,0.924775,sweep,100,0.054243,0.029402
ER(0.5),12,1,3,0.924775,sweep,300,0.074271,0.029402
ER(0.5),12,2,1,0.836853,exact,0,0.026934,0.021868
ER(0.5),12,2,1,0.836853,rep,1,0.022427,0.030489
ER(0.5),12,2,1,0.836853,rep,2,0.026934,0.010821
ER(0.5),12,2,1,0.836853,rep,3,0.037569,0.011103
ER(0.5),12,2,1,0.836853,rep,4,0.037569,0.011103
ER(0.5),12,2,1,0.836853,rep,5,0.037569,0.005899
ER(0.5),12,2,1,0.836853,rep,6,0.037775,0.011103
ER(0.5),12,2,1,0.836853,rep,7,0.026934,0.036699
ER(0.5),12,2,1,0.836853,rep,8,0.014533,0.015814
ER(0.5),12,2,1,0.836853,rep,9,0.037569,0.015814
ER(0.5),12,2,1,0.836853,rep,10,0.040165,0.011103
ER(0.5),12,2,1,0.836853,avg,10,0.026934,0.021868
ER(0.5),12,2,1,0.836853,sweep,3,0.024696,0.00234
ER(0.5),12,2,1,0.836853,sweep,10,0.026934,0.005954
ER(0.5),12,2,1,0.836853,sweep,30,0.022427,0.015814
ER(0.5),12,2,1,0.836853,sweep,100,0.037775,0.021868
ER(0.5),12,2,1,0.836853,sweep,300,0.026934,0.036699
ER(0.5),12,2,3,0.932219,exact,0,0.094499,0.025315
ER(0.5),12,2,3,0.932219,rep,1,0.080653,0.005436
ER(0.5),12,2,3,0.932219,rep,2,0.070093,0.018958
ER(0.5),12,2,3,0.932219,rep,3,0.097358,0.012928
ER(0.5),12,2,3,0.932219,rep,4,0.077852,0.039154
ER(0.5),12,2,3,0.932219,rep,5,0.038315,0.025642
ER(0.5),12,2,3,0.932219,rep,6,0.072353,0.013233
ER(0.5),12,2,3,0.932219,rep,7,0.095661,0.013233
ER(0.5),12,2,3,0.932219,rep,8,0.072722,0.013233
ER(0.5),12,2,3,0.932219,rep,9,0.100362,0.022667
ER(0.5),12,2,3,0.932219,rep,10,0.072353,0.013233
ER(0.5),12,2,3,0.932219,avg,10,0.095661,0.025315
ER(0.5),12,2,3,0.932219,sweep,3,0.076016,0.007231
ER(0.5),12,2,3,0.932219,sweep,10,0.070093,0.011667
ER(0.5),12,2,3,0.932219,sweep,30,0.080653,0.013233
ER(0.5),12,2,3,0.932219,sweep,100,0.090765,0.018958
ER(0.5),12,2,3,0.932219,sweep,300,0.068324,0.025315
ER(0.5),12,3,1,0.824275,exact,0,0.027452,0.026456
ER(0.5),12,3,1,0.824275,rep,1,0.033416,0.020064
ER(0.5),12,3,1,0.824275,rep,2,0.022794,0.014559
ER(0.5),12,3,1,0.824275,rep,3,0.038251,0.009386
ER(0.5),12,3,1,0.824275,rep,4,0.040757,0.041362
ER(0.5),12,3,1,0.824275,rep,5,0.027452,0.009386
ER(0.5),12,3,1,0.824275,rep,6,0.027452,0.035032
ER(0.5),12,3,1,0.824275,rep,7,0.024773,0.009386
ER(0.5),12,3,1,0.824275,rep,8,0.024773,0.041362
ER(0.5),12,3,1,0.824275,rep,9,0.027452,0.004806
ER(0.5),12,3,1,0.824275,rep,10,0.038121,0.009386
ER(0.5),12,3,1,0.824275,avg,10,0.027452,0.026456
ER(0.5),12,3,1,0.824275,sweep,3,0.03083,0.014559
ER(0.5),12,3,1,0.824275,sweep,10,0.022794,0.020064
ER(0.5),12,3,1,0.824275,sweep,30,0.016732,0.026456
ER(0.5),12,3,1,0.824275,sweep,100,0.038121,0.015163
ER(0.5),12,3,1,0.824275,sweep,300,0.027452,0.026456
ER(0.5),12,3,3,0.925855,exact,0,0.081415,0.043432
ER(0.5),12,3,3,0.925855,rep,1,0.108223,0.006038
ER(0.5),12,3,3,0.925855,rep,2,0.088105,0.011191
ER(0.5),12,3,3,0.925855,rep,3,0.104501,0.019655
ER(0.5),12,3,3,0.925855,rep,4,0.092319,0.035231
ER(0.5),12,3,3,0.925855,rep,5,0.057818,0.020484
ER(0.5),12,3,3,0.925855,rep,6,0.108223,0.020484
ER(0.5),12,3,3,0.925855,rep,7,0.060206,0.036966
ER(0.5),12,3,3,0.925855,rep,8,0.088662,0.035231
ER(0.5),12,3,3,0.925855,rep,9,0.08331,0.019655
ER(0.5),12,3,3,0.925855,rep,10,0.077704,0.020484
ER(0.5),12,3,3,0.925855,avg,10,0.102552,0.047114
ER(0.5),12,3,3,0.925855,sweep,3,0.1622,0.01588
ER(0.5),12,3,3,0.925855,sweep,10,0.088662,0.025719
ER(0.5),12,3,3,0.925855,sweep,30,0.081415,0.016061
ER(0.5),12,3,3,0.925855,sweep,100,0.10217,0.04936
ER(0.5),12,3,3,0.925855,sweep,300,0.081415,0.043432
ER(0.5),12,4,1,0.852769,exact,0,0.018335,0.01161
ER(0.5),12,4,1,0.852769,rep,1,0.013893,0.01161
ER(0.5),12,4,1,0.852769,rep,2,0.022936,0.007434
ER(0.5),12,4,1,0.852769,rep,3,0.013893,0.003624
ER(0.5),12,4,1,0.852769,rep,4,0.018335,0.003624
ER(0.5),12,4,1,0.852769,rep,5,0.013893,0.01161
ER(0.5),12,4,1,0.852769,rep,6,0.013893,0.01161
ER(0.5),12,4,1,0.852769,rep,7,0.030241,0.016773
ER(0.5),12,4,1,0.852769,rep,8,0.033664,0.003624
ER(0.5),12,4,1,0.852769,rep,9,0.028436,0.003624
ER(0.5),12,4,1,0.852769,rep,10,0.029587,0.003624
ER(0.5),12,4,1,0.852769,avg,10,0.022936,0.01161
ER(0.5),12,4,1,0.852769,sweep,3,0.067692,0.003624
ER(0.5),12,4,1,0.852769,sweep,10,0.030241,0.01161
ER(0.5),12,4,1,0.852769,sweep,30,0.013893,0.01161
ER(0.5),12,4,1,0.852769,sweep,100,0.018335,0.016773
ER(0.5),12,4,1,0.852769,sweep,300,0.018335,0.01161
ER(0.5),12,4,3,0.916212,exact,0,0.061036,0.018577
ER(0.5),12,4,3,0.916212,rep,1,0.042578,0.016858
ER(0.5),12,4,3,0.916212,rep,2,0.065049,0.006925
ER(0.5),12,4,3,0.916212,rep,3,0.059245,0.023931
ER(0.5),12,4,3,0.916212,rep,4,0.048702,0.034453
ER(0.5),12,4,3,0.916212,rep,5,0.048702,0.017894
ER(0.5),12,4,3,0.916212,rep,6,0.048702,0.008214
ER(0.5),12,4,3,0.916212,rep,7,0.065049,0.012689
ER(0.5),12,4,3,0.916212,rep,8,0.057007,0.012689
ER(0.5),12,4,3,0.916212,rep,9,0.061036,0.006925
ER(0.5),12,4,3,0.916212,rep,10,0.099482,0.012689
ER(0.5),12,4,3,0.916212,avg,10,0.061036,0.023931
ER(0.5),12,4,3,0.916212,sweep,3,0.046444,0.024026
ER(0.5),12,4,3,0.916212,sweep,10,0.100776,0.012689
ER(0.5),12,4,3,0.916212,sweep,30,0.048702,0.031331
ER(0.5),12,4,3,0.916212,sweep,100,0.043257,0.031331
ER(0.5),12,4,3,0.916212,sweep,300,0.043257,0.034453
ER(0.5),12,5,1,0.867125,exact,0,0.019514,0.004257
ER(0.5),12,5,1,0.867125,rep,1,0.009928,0.008616
ER(0.5),12,5,1,0.867125,rep,2,0.009928,0.004257
ER(0.5),12,5,1,0.867125,rep,3,0.012949,0.004257
ER(0.5),12,5,1,0.867125,rep,4,0.012949,0.004257
ER(0.5),12,5,1,0.867125,rep,5,0.031593,0.004257
ER(0.5),12,5,1,0.867125,rep,6,0.04939,0.003017
ER(0.5),12,5,1,0.867125,rep,7,0.005959,0.004257
ER(0.5),12,5,1,0.867125,rep,8,0.012949,0.004257
ER(0.5),12,5,1,0.867125,rep,9,0.019514,0.008616
ER(0.5),12,5,1,0.867125,rep,10,0.035688,0.000677
ER(0.5),12,5,1,0.867125,avg,10,0.019514,0.008616
ER(0.5),12,5,1,0.867125,sweep,3,0.007719,0.001299
ER(0.5),12,5,1,0.867125,sweep,10,0.005959,0.004257
ER(0.5),12,5,1,0.867125,sweep,30,0.005959,0.004257
ER(0.5),12,5,1,0.867125,sweep,100,0.019514,0.004257
ER(0.5),12,5,1,0.867125,sweep,300,0.019514,0.004257
ER(0.5),12,5,3,0.931342,exact,0,0.055988,0.024356
ER(0.5),12,5,3,0.931342,rep,1,0.031679,0.037119
ER(0.5),12,5,3,0.931342,rep,2,0.040899,0.024356
ER(0.5),12,5,3,0.931342,rep,3,0.059679,0.018235
ER(0.5),12,5,3,0.931342,rep,4,0.058561,0.024169
ER(0.5),12,5,3,0.931342,rep,5,0.059894,0.005193
ER(0.5),12,5,3,0.931342,rep,6,0.033794,0.009715
ER(0.5),12,5,3,0.931342,rep,7,0.046192,0.016195
ER(0.5),12,5,3,0.931342,rep,8,0.046192,0.024169
ER(0.5),12,5,3,0.931342,rep,9,0.059679,0.005193
ER(0.5),12,5,3,0.931342,rep,10,0.044324,0.044659
ER(0.5),12,5,3,0.931342,avg,10,0.055988,0.024356
ER(0.5),12,5,3,0.931342,sweep,3,0.285347,0.005193
ER(0.5),12,5,3,0.931342,sweep,10,0.046192,0.018235
ER(0.5),12,5,3,0.931342,sweep,30,0.046192,0.024356
ER(0.5),12,5,3,0.931342,sweep,100,0.055988,0.024356
ER(0.5),12,5,3,0.931342,sweep,300,0.055988,0.024356
ER(0.5),12,6,1,0.817472,exact,0,0.020708,0.02612
ER(0.5),12,6,1,0.817472,rep,1,0.033032,0.008754
ER(0.5),12,6,1,0.817472,rep,2,0.016488,0.020328
ER(0.5),12,6,1,0.817472,rep,3,0.016488,0.008754
ER(0.5),12,6,1,0.817472,rep,4,0.025856,0.008754
ER(0.5),12,6,1,0.817472,rep,5,0.031228,0.006829
ER(0.5),12,6,1,0.817472,rep,6,0.016488,0.020328
ER(0.5),12,6,1,0.817472,rep,7,0.016488,0.020328
ER(0.5),12,6,1,0.817472,rep,8,0.020708,0.008754
ER(0.5),12,6,1,0.817472,rep,9,0.020708,0.008754
ER(0.5),12,6,1,0.817472,rep,10,0.025856,0.004736
ER(0.5),12,6,1,0.817472,avg,10,0.025856,0.013948
ER(0.5),12,6,1,0.817472,sweep,3,0.044683,0.003982
ER(0.5),12,6,1,0.817472,sweep,10,0.031228,0.008754
ER(0.5),12,6,1,0.817472,sweep,30,0.020708,0.02612
ER(0.5),12,6,1,0.817472,sweep,100,0.030737,0.013948
ER(0.5),12,6,1,0.817472,sweep,300,0.020708,0.02612
ER(0.5),12,6,3,0.912566,exact,0,0.091408,0.047839
ER(0.5),12,6,3,0.912566,rep,1,0.095797,0.03391
ER(0.5),12,6,3,0.912566,rep,2,0.071381,0.011005
ER(0.5),12,6,3,0.912566,rep,3,0.080201,0.021792
ER(0.5),12,6,3,0.912566,rep,4,0.073143,0.031993
ER(0.5),12,6,3,0.912566,rep,5,0.048136,0.063934
ER(0.5),12,6,3,0.912566,rep,6,0.080201,0.007957
ER(0.5),12,6,3,0.912566,rep,7,0.080201,0.041519
ER(0.5),12,6,3,0.912566,rep,8,0.071242,0.043415
ER(0.5),12,6,3,0.912566,rep,9,0.073143,0.011005
ER(0.5),12,6,3,0.912566,rep,10,0.078804,0.030278
ER(0.5),12,6,3,0.912566,avg,10,0.091408,0.047839
ER(0.5),12,6,3,0.912566,sweep,3,0.051251,0.021792
ER(0.5),12,6,3,0.912566,sweep,10,0.073796,0.021217
ER(0.5),12,6,3,0.912566,sweep,30,0.073143,0.047839
ER(0.5),12,6,3,0.912566,sweep,100,0.093549,0.039789
ER(0.5),12,6,3,0.912566,sweep,300,0.091408,0.047839
ER(0.5),12,7,1,0.784744,exact,0,0.031132,0.02154
ER(0.5),12,7,1,0.784744,rep,1,0.018216,0.011014
ER(0.5),12,7,1,0.784744,rep,2,0.026503,0.01582
ER(0.5),12,7,1,0.784744,rep,3,0.018216,0.011014
ER(0.5),12,7,1,0.784744,rep,4,0.018216,0.011014
ER(0.5),12,7,1,0.784744,rep,5,0.020163,0.02154
ER(0.5),12,7,1,0.784744,rep,6,0.028114,0.006998
ER(0.5),12,7,1,0.784744,rep,7,0.059113,0.003866
ER(0.5),12,7,1,0.784744,rep,8,0.026503,0.006998
ER(0.5),12,7,1,0.784744,rep,9,0.022809,0.003203
ER(0.5),12,7,1,0.784744,rep,10,0.048117,0.006998
ER(0.5),12,7,1,0.784744,avg,10,0.031132,0.01582
ER(0.5),12,7,1,0.784744,sweep,3,0.073401,0.003203
ER(0.5),12,7,1,0.784744,sweep,10,0.018216,0.01582
ER(0.5),12,7,1,0.784744,sweep,30,0.020163,0.034892
ER(0.5),12,7,1,0.784744,sweep,100,0.031132,0.01582
ER(0.5),12,7,1,0.784744,sweep,300,0.031132,0.02154
ER(0.5),12,7,3,0.877226,exact,0,0.075881,0.022452
ER(0.5),12,7,3,0.877226,rep,1,0.075881,0.033354
ER(0.5),12,7,3,0.877226,rep,2,0.082779,0.012631
ER(0.5),12,7,3,0.877226,rep,3,0.082779,0.005638
ER(0.5),12,7,3,0.877226,rep,4,0.071752,0.022452
ER(0.5),12,7,3,0.877226,rep,5,0.075881,0.039344
ER(0.5),12,7,3,0.877226,rep,6,0.078451,0.008083
ER(0.5),12,7,3,0.877226,rep,7,0.099102,0.021318
ER(0.5),12,7,3,0.877226,rep,8,0.082779,0.022452
ER(0.5),12,7,3,0.877226,rep,9,0.04854,0.030978
ER(0.5),12,7,3,0.877226,rep,10,0.099102,0.026772
ER(0.5),12,7,3,0.877226,avg,10,0.075881,0.022452
ER(0.5),12,7,3,0.877226,sweep,3,0.094418,0.023202
ER(0.5),12,7,3,0.877226,sweep,10,0.06412,0.017087
ER(0.5),12,7,3,0.877226,sweep,30,0.075881,0.018901
ER(0.5),12,7,3,0.877226,sweep,100,0.073114,0.022374
ER(0.5),12,7,3,0.877226,sweep,300,0.075881,0.022452
ER(0.5),12,8,1,0.818434,exact,0,0.031074,0.036839
ER(0.5),12,8,1,0.818434,rep,1,0.020643,0.036839
ER(0.5),12,8,1,0.818434,rep,2,0.031074,0.025578
ER(0.5),12,8,1,0.818434,rep,3,0.042333,0.030931
ER(0.5),12,8,1,0.818434,rep,4,0.063753,0.00583
ER(0.5),12,8,1,0.818434,rep,5,0.020643,0.008891
ER(0.5),12,8,1,0.818434,rep,6,0.012874,0.030931
ER(0.5),12,8,1,0.818434,rep,7,0.020756,0.013197
ER(0.5),12,8,1,0.818434,rep,8,0.027343,0.008891
ER(0.5),12,8,1,0.818434,rep,9,0.020756,0.030931
ER(0.5),12,8,1,0.818434,rep,10,0.020756,0.030931
ER(0.5),12,8,1,0.818434,avg,10,0.031074,0.036839
ER(0.5),12,8,1,0.818434,sweep,3,0.020756,0.018392
ER(0.5),12,8,1,0.818434,sweep,10,0.027343,0.013197
ER(0.5),12,8,1,0.818434,sweep,30,0.042333,0.036839
ER(0.5),12,8,1,0.818434,sweep,100,0.020756,0.036839
ER(0.5),12,8,1,0.818434,sweep,300,0.031074,0.036839
ER(0.5),12,8,3,0.897231,exact,0,0.070635,0.022632
ER(0.5),12,8,3,0.897231,rep,1,0.063802,0.018979
ER(0.5),12,8,3,0.897231,rep,2,0.099359,0.014741
ER(0.5),12,8,3,0.897231,rep,3,0.082821,0.022632
ER(0.5),12,8,3,0.897231,rep,4,0.056517,0.022632
ER(0.5),12,8,3,0.897231,rep,5,0.057216,0.014741
ER(0.5),12,8,3,0.897231,rep,6,0.052608,0.029234
ER(0.5),12,8,3,0.897231,rep,7,0.062355,0.010333
ER(0.5),12,8,3,0.897231,rep,8,0.044838,0.010333
ER(0.5),12,8,3,0.897231,rep,9,0.052608,0.014741
ER(0.5),12,8,3,0.897231,rep,10,0.064749,0.00345
ER(0.5),12,8,3,0.897231,avg,10,0.070635,0.022632
ER(0.5),12,8,3,0.897231,sweep,3,0.016224,0.002254
ER(0.5),12,8,3,0.897231,sweep,10,0.070635,0.010333
ER(0.5),12,8,3,0.897231,sweep,30,0.082821,0.010333
ER(0.5),12,8,3,0.897231,sweep,100,0.052608,0.010333
ER(0.5),12,8,3,0.897231,sweep,300,0.070635,0.022632
ER(0.5),12,9,1,0.823532,exact,0,0.04087,0.069087
ER(0.5),12,9,1,0.823532,rep,1,0.028664,0.051478
ER(0.5),12,9,1,0.823532,rep,2,0.03779,0.032007
ER(0.5),12,9,1,0.823532,rep,3,0.025323,0.059965
ER(0.5),12,9,1,0.823532,rep,4,0.043012,0.025059
ER(0.5),12,9,1,0.823532,rep,5,0.019714,0.024747
ER(0.5),12,9,1,0.823532,rep,6,0.029188,0.031393
ER(0.5),12,9,1,0.823532,rep,7,0.03779,0.043784
ER(0.5),12,9,1,0.823532,rep,8,0.051595,0.025059
ER(0.5),12,9,1,0.823532,rep,9,0.021652,0.032007
ER(0.5),12,9,1,0.823532,rep,10,0.029188,0.024747
ER(0.5),12,9,1,0.823532,avg,10,0.029188,0.091076
ER(0.5),12,9,1,0.823532,sweep,3,0.076212,0.033738
ER(0.5),12,9,1,0.823532,sweep,10,0.043012,0.017496
ER(0.5),12,9,1,0.823532,sweep,30,0.04087,0.069087
ER(0.5),12,9,1,0.823532,sweep,100,0.029188,0.059965
ER(0.5),12,9,1,0.823532,sweep,300,0.04087,0.091076
ER(0.5),12,9,3,0.922811,exact,0,0.089025,0.043094
ER(0.5),12,9,3,0.922811,rep,1,0.072028,0.00975
ER(0.5),12,9,3,0.922811,rep,2,0.070571,0.022038
ER(0.5),12,9,3,0.922811,rep,3,0.04586,0.022038
ER(0.5),12,9,3,0.922811,rep,4,0.054669,0.022038
ER(0.5),12,9,3,0.922811,rep,5,0.049894,0.025413
ER(0.5),12,9,3,0.922811,rep,6,0.072028,0.009963
ER(0.5),12,9,3,0.922811,rep,7,0.072028,0.009963
ER(0.5),12,9,3,0.922811,rep,8,0.077922,0.012785
ER(0.5),12,9,3,0.922811,rep,9,0.072028,0.042119
ER(0.5),12,9,3,0.922811,rep,10,0.087905,0.018554
ER(0.5),12,9,3,0.922811,avg,10,0.063888,0.043094
ER(0.5),12,9,3,0.922811,sweep,3,0.09792,0.043094
ER(0.5),12,9,3,0.922811,sweep,10,0.029778,0.022038
ER(0.5),12,9,3,0.922811,sweep,30,0.086802,0.036519
ER(0.5),12,9,3,0.922811,sweep,100,0.070571,0.043094
ER(0.5),12,9,3,0.922811,sweep,300,0.089025,0.043094
ER(0.5),12,10,1,0.867052,exact,0,0.025435,0.015064
ER(0.5),12,10,1,0.867052,rep,1,0.018426,0.015064
ER(0.5),12,10,1,0.867052,rep,2,0.025435,0.036104
ER(0.5),12,10,1,0.867052,rep,3,0.030384,0.005444
ER(0.5),12,10,1,0.867052,rep,4,0.024063,0.02083
ER(0.5),12,10,1,0.867052,rep,5,0.038669,0.015064
ER(0.5),12,10,1,0.867052,rep,6,0.010185,0.00199
ER(0.5),12,10,1,0.867052,rep,7,0.025435,0.005444
ER(0.5),12,10,1,0.867052,rep,8,0.048119,0.005444
ER(0.5),12,10,1,0.867052,rep,9,0.029807,0.010226
ER(0.5),12,10,1,0.867052,rep,10,0.010185,0.015064
ER(0.5),12,10,1,0.867052,avg,10,0.025435,0.015064
ER(0.5),12,10,1,0.867052,sweep,3,0.010185,0.005444
ER(0.5),12,10,1,0.867052,sweep,10,0.018426,0.005444
ER(0.5),12,10,1,0.867052,sweep,30,0.025435,0.015064
ER(0.5),12,10,1,0.867052,sweep,100,0.025435,0.015064
ER(0.5),12,10,1,0.867052,sweep,300,0.025435,0.015064
ER(0.5),12,10,3,0.93713,exact,0,0.063827,0.036327
ER(0.5),12,10,3,0.93713,rep,1,0.068028,0.036327
ER(0.5),12,10,3,0.93713,rep,2,0.067972,0.023547
ER(0.5),12,10,3,0.93713,rep,3,0.061426,0.036327
ER(0.5),12,10,3,0.93713,rep,4,0.051368,0.023547
ER(0.5),12,10,3,0.93713,rep,5,0.076438,0.006785
ER(0.5),12,10,3,0.93713,rep,6,0.046605,0.017057
ER(0.5),12,10,3,0.93713,rep,7,0.054083,0.027445
ER(0.5),12,10,3,0.93713,rep,8,0.048062,0.054202
ER(0.5),12,10,3,0.93713,rep,9,0.078382,0.002927
ER(0.5),12,10,3,0.93713,rep,10,0.047367,0.016842
ER(0.5),12,10,3,0.93713,avg,10,0.063827,0.036327
ER(0.5),12,10,3,0.93713,sweep,3,0.052565,0.023547
ER(0.5),12,10,3,0.93713,sweep,10,0.063827,0.016842
ER(0.5),12,10,3,0.93713,sweep,30,0.063827,0.023547
ER(0.5),12,10,3,0.93713,sweep,100,0.063827,0.036327
ER(0.5),12,10,3,0.93713,sweep,300,0.063827,0.036327
ER(0.25),12,1,1,0.763325,exact,0,0.031585,0.062813
ER(0.25),12,1,1,0.763325,rep,1,0.015327,0.02333
ER(0.25),12,1,1,0.763325,rep,2,0.040713,0.001729
ER(0.25),12,1,1,0.763325,rep,3,0.015327,0.026373
ER(0.25),12,1,1,0.763325,rep,4,0.046081,0.001729
ER(0.25),12,1,1,0.763325,rep,5,0.030227,0.030931
ER(0.25),12,1,1,0.763325,rep,6,0.015327,0.041098
ER(0.25),12,1,1,0.763325,rep,7,0.031585,0.02333
ER(0.25),12,1,1,0.763325,rep,8,0.022565,0.046599
ER(0.25),12,1,1,0.763325,rep,9,0.068574,0.007289
ER(0.25),12,1,1,0.763325,rep,10,0.042425,0.02333
ER(0.25),12,1,1,0.763325,avg,10,0.031585,0.041098
ER(0.25),12,1,1,0.763325,sweep,3,0.030227,0.018655
ER(0.25),12,1,1,0.763325,sweep,10,0.023173,0.022254
ER(0.25),12,1,1,0.763325,sweep,30,0.031585,0.062813
ER(0.25),12,1,1,0.763325,sweep,100,0.031585,0.041098
ER(0.25),12,1,1,0.763325,sweep,300,0.022565,0.062813
ER(0.25),12,1,3,0.86719,exact,0,0.079051,0.03499
ER(0.25),12,1,3,0.86719,rep,1,0.043155,0.023687
ER(0.25),12,1,3,0.86719,rep,2,0.095825,0.0272
ER(0.25),12,1,3,0.86719,rep,3,0.066705,0.034784
ER(0.25),12,1,3,0.86719,rep,4,0.107638,0.03499
ER(0.25),12,1,3,0.86719,rep,5,0.094896,0.023687
ER(0.25),12,1,3,0.86719,rep,6,0.065237,0.092007
ER(0.25),12,1,3,0.86719,rep,7,0.079051,0.023687
ER(0.25),12,1,3,0.86719,rep,8,0.082478,0.060895
ER(0.25),12,1,3,0.86719,rep,9,0.094065,0.015784
ER(0.25),12,1,3,0.86719,rep,10,0.110213,0.015784
ER(0.25),12,1,3,0.86719,avg,10,0.079051,0.050158
ER(0.25),12,1,3,0.86719,sweep,3,0.100101,0.023687
ER(0.25),12,1,3,0.86719,sweep,10,0.079051,0.03499
ER(0.25),12,1,3,0.86719,sweep,30,0.079051,0.023687
ER(0.25),12,1,3,0.86719,sweep,100,0.079051,0.050158
ER(0.25),12,1,3,0.86719,sweep,300,0.079051,0.03499
ER(0.25),12,2,1,0.800817,exact,0,0.030093,0.119521
ER(0.25),12,2,1,0.800817,rep,1,0.020778,0.049942
ER(0.25),12,2,1,0.800817,rep,2,0.051543,0.057279
ER(0.25),12,2,1,0.800817,rep,3,0.030093,0.039314
ER(0.25),12,2,1,0.800817,rep,4,0.030093,0.018453
ER(0.25),12,2,1,0.800817,rep,5,0.030093,0.019902
ER(0.25),12,2,1,0.800817,rep,6,0.022159,0.025451
ER(0.25),12,2,1,0.800817,rep,7,0.051543,0.025451
ER(0.25),12,2,1,0.800817,rep,8,0.041447,0.025451
ER(0.25),12,2,1,0.800817,rep,9,0.065285,0.08203
ER(0.25),12,2,1,0.800817,rep,10,0.041447,0.037324
ER(0.25),12,2,1,0.800817,avg,10,0.030093,0.057279
ER(0.25),12,2,1,0.800817,sweep,3,0.00488,0.002262
ER(0.25),12,2,1,0.800817,sweep,10,0.020778,0.004499
ER(0.25),12,2,1,0.800817,sweep,30,0.030093,0.092809
ER(0.25),12,2,1,0.800817,sweep,100,0.030093,0.112938
ER(0.25),12,2,1,0.800817,sweep,300,0.030093,0.119521
ER(0.25),12,2,3,0.902946,exact,0,0.068025,0.057341
ER(0.25),12,2,3,0.902946,rep,1,0.06311,0.028579
ER(0.25),12,2,3,0.902946,rep,2,0.094633,0.008582
ER(0.25),12,2,3,0.902946,rep,3,0.075948,0.016647
ER(0.25),12,2,3,0.902946,rep,4,0.075948,0.04381
ER(0.25),12,2,3,0.902946,rep,5,0.050877,0.029635
ER(0.25),12,2,3,0.902946,rep,6,0.063279,0.020317
ER(0.25),12,2,3,0.902946,rep,7,0.167011,0.008582
ER(0.25),12,2,3,0.902946,rep,8,0.093692,0.028579
ER(0.25),12,2,3,0.902946,rep,9,0.090314,0.016647
ER(0.25),12,2,3,0.902946,rep,10,0.093692,0.056034
ER(0.25),12,2,3,0.902946,avg,10,0.093692,0.029635
ER(0.25),12,2,3,0.902946,sweep,3,0.053106,0.037537
ER(0.25),12,2,3,0.902946,sweep,10,0.075948,0.020317
ER(0.25),12,2,3,0.902946,sweep,30,0.068025,0.04079
ER(0.25),12,2,3,0.902946,sweep,100,0.073854,0.057341
ER(0.25),12,2,3,0.902946,sweep,300,0.073854,0.057341
ER(0.25),12,3,1,0.74323,exact,0,0.037767,0.083595
ER(0.25),12,3,1,0.74323,rep,1,0.020874,0.029512
ER(0.25),12,3,1,0.74323,rep,2,0.037767,0.042646
ER(0.25),12,3,1,0.74323,rep,3,0.021221,0.034677
ER(0.25),12,3,1,0.74323,rep,4,0.020874,0.019633
ER(0.25),12,3,1,0.74323,rep,5,0.04885,0.03572
ER(0.25),12,3,1,0.74323,rep,6,0.079561,0.006739
ER(0.25),12,3,1,0.74323,rep,7,0.02243,0.057662
ER(0.25),12,3,1,0.74323,rep,8,0.042462,0.061562
ER(0.25),12,3,1,0.74323,rep,9,0.042462,0.015317
ER(0.25),12,3,1,0.74323,rep,10,0.037767,0.03572
ER(0.25),12,3,1,0.74323,avg,10,0.032079,0.083595
ER(0.25),12,3,1,0.74323,sweep,3,0.046049,0.000838
ER(0.25),12,3,1,0.74323,sweep,10,0.055744,0.034677
ER(0.25),12,3,1,0.74323,sweep,30,0.037767,0.076099
ER(0.25),12,3,1,0.74323,sweep,100,0.037767,0.057662
ER(0.25),12,3,1,0.74323,sweep,300,0.037767,0.083595
ER(0.25),12,3,3,0.888638,exact,0,0.101721,0.053773
ER(0.25),12,3,3,0.888638,rep,1,0.100919,0.053773
ER(0.25),12,3,3,0.888638,rep,2,0.125329,0.00367
ER(0.25),12,3,3,0.888638,rep,3,0.084705,0.053773
ER(0.25),12,3,3,0.888638,rep,4,0.115852,0.033548
ER(0.25),12,3,3,0.888638,rep,5,0.113679,0.029439
ER(0.25),12,3,3,0.888638,rep,6,0.094431,0.046421
ER(0.25),12,3,3,0.888638,rep,7,0.055724,0.13042
ER(0.25),12,3,3,0.888638,rep,8,0.082407,0.045449
ER(0.25),12,3,3,0.888638,rep,9,0.062218,0.029439
ER(0.25),12,3,3,0.888638,rep,10,0.084705,0.053773
ER(0.25),12,3,3,0.888638,avg,10,0.101721,0.044553
ER(0.25),12,3,3,0.888638,sweep,3,0.166581,0.00367
ER(0.25),12,3,3,0.888638,sweep,10,0.095575,0.029439
ER(0.25),12,3,3,0.888638,sweep,30,0.117296,0.033548
ER(0.25),12,3,3,0.888638,sweep,100,0.125329,0.053773
ER(0.25),12,3,3,0.888638,sweep,300,0.101721,0.053773
ER(0.25),12,4,1,0.769267,exact,0,0.030199,0.060661
ER(0.25),12,4,1,0.769267,rep,1,0.039428,0.045124
ER(0.25),12,4,1,0.769267,rep,2,0.062651,0.022568
ER(0.25),12,4,1,0.769267,rep,3,0.046881,0.09257
ER(0.25),12,4,1,0.769267,rep,4,0.039428,0.027357
ER(0.25),12,4,1,0.769267,rep,5,0.022244,0.061663
ER(0.25),12,4,1,0.769267,rep,6,0.046881,0.060661
ER(0.25),12,4,1,0.769267,rep,7,0.04847,0.010872
ER(0.25),12,4,1,0.769267,rep,8,0.060225,0.027357
ER(0.25),12,4,1,0.769267,rep,9,0.039428,0.027357
ER(0.25),12,4,1,0.769267,rep,10,0.022244,0.060661
ER(0.25),12,4,1,0.769267,avg,10,0.039428,0.09257
ER(0.25),12,4,1,0.769267,sweep,3,0.039428,0.021165
ER(0.25),12,4,1,0.769267,sweep,10,0.046881,0.038412
ER(0.25),12,4,1,0.769267,sweep,30,0.022244,0.060661
ER(0.25),12,4,1,0.769267,sweep,100,0.030199,0.052566
ER(0.25),12,4,1,0.769267,sweep,300,0.030199,0.060661
ER(0.25),12,4,3,0.856305,exact,0,0.052678,0.021567
ER(0.25),12,4,3,0.856305,rep,1,0.058082,0.021567
ER(0.25),12,4,3,0.856305,rep,2,0.063183,0.015633
ER(0.25),12,4,3,0.856305,rep,3,0.072106,0.012291
ER(0.25),12,4,3,0.856305,rep,4,0.070137,0.021567
ER(0.25),12,4,3,0.856305,rep,5,0.033673,0.021567
ER(0.25),12,4,3,0.856305,rep,6,0.073093,0.012291
ER(0.25),12,4,3,0.856305,rep,7,0.062778,0.012291
ER(0.25),12,4,3,0.856305,rep,8,0.084144,0.012291
ER(0.25),12,4,3,0.856305,rep,9,0.073093,0.021567
ER(0.25),12,4,3,0.856305,rep,10,0.007667,0.021567
ER(0.25),12,4,3,0.856305,avg,10,0.070137,0.021567
ER(0.25),12,4,3,0.856305,sweep,3,0.159123,0.005384
ER(0.25),12,4,3,0.856305,sweep,10,0.073149,0.005384
ER(0.25),12,4,3,0.856305,sweep,30,0.033673,0.021567
ER(0.25),12,4,3,0.856305,sweep,100,0.052678,0.021567
ER(0.25),12,4,3,0.856305,sweep,300,0.052678,0.021567
ER(0.25),12,5,1,0.793687,exact,0,0.030412,0.061494
ER(0.25),12,5,1,0.793687,rep,1,0.015727,0.01867
ER(0.25),12,5,1,0.793687,rep,2,0.021219,0.08439
ER(0.25),12,5,1,0.793687,rep,3,0.037328,0.01867
ER(0.25),12,5,1,0.793687,rep,4,0.033187,0.004078
ER(0.25),12,5,1,0.793687,rep,5,0.021225,0.00873
ER(0.25),12,5,1,0.793687,rep,6,0.05631,0.033695
ER(0.25),12,5,1,0.793687,rep,7,0.002018,0.035574
ER(0.25),12,5,1,0.793687,rep,8,0.037328,0.01867
ER(0.25),12,5,1,0.793687,rep,9,0.019766,0.038819
ER(0.25),12,5,1,0.793687,rep,10,0.021225,0.066123
ER(0.25),12,5,1,0.793687,avg,10,0.021219,0.061494
ER(0.25),12,5,1,0.793687,sweep,3,0.041306,0.013006
ER(0.25),12,5,1,0.793687,sweep,10,0.037328,0.035574
ER(0.25),12,5,1,0.793687,sweep,30,0.028433,0.043291
ER(0.25),12,5,1,0.793687,sweep,100,0.021219,0.061494
ER(0.25),12,5,1,0.793687,sweep,300,0.030412,0.094347
ER(0.25),12,5,3,0.879597,exact,0,0.046055,0.013204
ER(0.25),12,5,3,0.879597,rep,1,0.052979,0.002425
ER(0.25),12,5,3,0.879597,rep,2,0.044582,0.024109
ER(0.25),12,5,3,0.879597,rep,3,0.073044,0.005801
ER(0.25),12,5,3,0.879597,rep,4,0.035189,0.013204
ER(0.25),12,5,3,0.879597,rep,5,0.080612,0.005801
ER(0.25),12,5,3,0.879597,rep,6,0.087022,0.002425
ER(0.25),12,5,3,0.879597,rep,7,0.028152,0.024109
ER(0.25),12,5,3,0.879597,rep,8,0.057083,0.013204
ER(0.25),12,5,3,0.879597,rep,9,0.029592,0.013204
ER(0.25),12,5,3,0.879597,rep,10,0.048061,0.013204
ER(0.25),12,5,3,0.879597,avg,10,0.046055,0.013204
ER(0.25),12,5,3,0.879597,sweep,3,0.057494,0.002425
ER(0.25),12,5,3,0.879597,sweep,10,0.068345,0.013204
ER(0.25),12,5,3,0.879597,sweep,30,0.057083,0.005801
ER(0.25),12,5,3,0.879597,sweep,100,0.044582,0.013204
ER(0.25),12,5,3,0.879597,sweep,300,0.046055,0.024109
ER(0.25),12,6,1,0.776228,exact,0,0.03463,0.064236
ER(0.25),12,6,1,0.776228,rep,1,0.023975,0.04297
ER(0.25),12,6,1,0.776228,rep,2,0.024131,0.017793
ER(0.25),12,6,1,0.776228,rep,3,0.068497,0.00491
ER(0.25),12,6,1,0.776228,rep,4,0.047242,0.038778
ER(0.25),12,6,1,0.776228,rep,5,0.023975,0.070827
ER(0.25),12,6,1,0.776228,rep,6,0.024131,0.011962
ER(0.25),12,6,1,0.776228,rep,7,0.024131,0.038778
ER(0.25),12,6,1,0.776228,rep,8,0.015778,0.00729
ER(0.25),12,6,1,0.776228,rep,9,0.03463,0.031545
ER(0.25),12,6,1,0.776228,rep,10,0.03463,0.019368
ER(0.25),12,6,1,0.776228,avg,10,0.03463,0.056802
ER(0.25),12,6,1,0.776228,sweep,3,0.039376,0.001661
ER(0.25),12,6,1,0.776228,sweep,10,0.017924,0.014799
ER(0.25),12,6,1,0.776228,sweep,30,0.044507,0.017793
ER(0.25),12,6,1,0.776228,sweep,100,0.03463,0.064236
ER(0.25),12,6,1,0.776228,sweep,300,0.03463,0.064236
ER(0.25),12,6,3,0.896143,exact,0,0.105172,0.067386
ER(0.25),12,6,3,0.896143,rep,1,0.089148,0.016361
ER(0.25),12,6,3,0.896143,rep,2,0.087399,0.068031
ER(0.25),12,6,3,0.896143,rep,3,0.112596,0.027021
ER(0.25),12,6,3,0.896143,rep,4,0.131201,0.009841
ER(0.25),12,6,3,0.896143,rep,5,0.089148,0.043241
ER(0.25),12,6,3,0.896143,rep,6,0.089148,0.01551
ER(0.25),12,6,3,0.896143,rep,7,0.068644,0.016361
ER(0.25),12,6,3,0.896143,rep,8,0.083805,0.027021
ER(0.25),12,6,3,0.896143,rep,9,0.087399,0.019739
ER(0.25),12,6,3,0.896143,rep,10,0.07924,0.05075
ER(0.25),12,6,3,0.896143,avg,10,0.087399,0.065651
ER(0.25),12,6,3,0.896143,sweep,3,0.114701,0.006893
ER(0.25),12,6,3,0.896143,sweep,10,0.106499,0.02482
ER(0.25),12,6,3,0.896143,sweep,30,0.078039,0.027021
ER(0.25),12,6,3,0.896143,sweep,100,0.105172,0.065651
ER(0.25),12,6,3,0.896143,sweep,300,0.105172,0.067386
ER(0.25),12,7,1,0.753861,exact,0,0.02275,0.02601
ER(0.25),12,7,1,0.753861,rep,1,0.009827,0.045477
ER(0.25),12,7,1,0.753861,rep,2,0.005312,0.045477
ER(0.25),12,7,1,0.753861,rep,3,0.02275,0.007099
ER(0.25),12,7,1,0.753861,rep,4,0.014351,0.050963
ER(0.25),12,7,1,0.753861,rep,5,0.009827,0.021053
ER(0.25),12,7,1,0.753861,rep,6,0.02275,0.021053
ER(0.25),12,7,1,0.753861,rep,7,0.02275,0.015842
ER(0.25),12,7,1,0.753861,rep,8,0.014929,0.021053
ER(0.25),12,7,1,0.753861,rep,9,0.031102,0.031459
ER(0.25),12,7,1,0.753861,rep,10,0.043801,0.011107
ER(0.25),12,7,1,0.753861,avg,10,0.020495,0.02601
ER(0.25),12,7,1,0.753861,sweep,3,0.006844,0.016669
ER(0.25),12,7,1,0.753861,sweep,10,0.006844,0.02601
ER(0.25),12,7,1,0.753861,sweep,30,0.014929,0.021053
ER(0.25),12,7,1,0.753861,sweep,100,0.02275,0.021053
ER(0.25),12,7,1,0.753861,sweep,300,0.02275,0.02601
ER(0.25),12,7,3,0.868537,exact,0,0.08518,0.051133
ER(0.25),12,7,3,0.868537,rep,1,0.069461,0.03195
ER(0.25),12,7,3,0.868537,rep,2,0.069461,0.025093
ER(0.25),12,7,3,0.868537,rep,3,0.08518,0.015321
ER(0.25),12,7,3,0.868537,rep,4,0.074404,0.030884
ER(0.25),12,7,3,0.868537,rep,5,0.069461,0.03195
ER(0.25),12,7,3,0.868537,rep,6,0.066947,0.018346
ER(0.25),12,7,3,0.868537,rep,7,0.071612,0.050147
ER(0.25),12,7,3,0.868537,rep,8,0.049859,0.01589
ER(0.25),12,7,3,0.868537,rep,9,0.07662,0.03195
ER(0.25),12,7,3,0.868537,rep,10,0.058688,0.071869
ER(0.25),12,7,3,0.868537,avg,10,0.074404,0.051133
ER(0.25),12,7,3,0.868537,sweep,3,0.066881,0.00196
ER(0.25),12,7,3,0.868537,sweep,10,0.063547,0.03195
ER(0.25),12,7,3,0.868537,sweep,30,0.071612,0.051133
ER(0.25),12,7,3,0.868537,sweep,100,0.084429,0.075436
ER(0.25),12,7,3,0.868537,sweep,300,0.081815,0.051133
ER(0.25),12,8,1,0.816208,exact,0,0.0367,0.067605
ER(0.25),12,8,1,0.816208,rep,1,0.074292,0.015214
ER(0.25),12,8,1,0.816208,rep,2,0.047782,0.025195
ER(0.25),12,8,1,0.816208,rep,3,0.0367,0.018191
ER(0.25),12,8,1,0.816208,rep,4,0.016813,0.018191
ER(0.25),12,8,1,0.816208,rep,5,0.025663,0.032956
ER(0.25),12,8,1,0.816208,rep,6,0.016813,0.033151
ER(0.25),12,8,1,0.816208,rep,7,0.033557,0.032956
ER(0.25),12,8,1,0.816208,rep,8,0.0367,0.040445
ER(0.25),12,8,1,0.816208,rep,9,0.033557,0.032956
ER(0.25),12,8,1,0.816208,rep,10,0.049894,0.018191
ER(0.25),12,8,1,0.816208,avg,10,0.0367,0.075943
ER(0.25),12,8,1,0.816208,sweep,3,0.02997,0.0
ER(0.25),12,8,1,0.816208,sweep,10,0.047782,0.025195
ER(0.25),12,8,1,0.816208,sweep,30,0.025663,0.081456
ER(0.25),12,8,1,0.816208,sweep,100,0.049894,0.040445
ER(0.25),12,8,1,0.816208,sweep,300,0.0367,0.067605
ER(0.25),12,8,3,0.925623,exact,0,0.097754,0.039068
ER(0.25),12,8,3,0.925623,rep,1,0.149747,0.035176
ER(0.25),12,8,3,0.925623,rep,2,0.100636,0.025693
ER(0.25),12,8,3,0.925623,rep,3,0.097754,0.022803
ER(0.25),12,8,3,0.925623,rep,4,0.070608,0.022669
ER(0.25),12,8,3,0.925623,rep,5,0.079438,0.033252
ER(0.25),12,8,3,0.925623,rep,6,0.081806,0.046145
ER(0.25),12,8,3,0.925623,rep,7,0.079438,0.01204
ER(0.25),12,8,3,0.925623,rep,8,0.097754,0.025693
ER(0.25),12,8,3,0.925623,rep,9,0.097754,0.025748
ER(0.25),12,8,3,0.925623,rep,10,0.095478,0.025693
ER(0.25),12,8,3,0.925623,avg,10,0.097754,0.033252
ER(0.25),12,8,3,0.925623,sweep,3,0.117783,0.022803
ER(0.25),12,8,3,0.925623,sweep,10,0.06551,0.026857
ER(0.25),12,8,3,0.925623,sweep,30,0.073284,0.022669
ER(0.25),12,8,3,0.925623,sweep,100,0.097386,0.033252
ER(0.25),12,8,3,0.925623,sweep,300,0.097754,0.033252
ER(0.25),12,9,1,0.747486,exact,0,0.041107,0.059062
ER(0.25),12,9,1,0.747486,rep,1,0.053969,0.016969
ER(0.25),12,9,1,0.747486,rep,2,0.021117,0.059062
ER(0.25),12,9,1,0.747486,rep,3,0.030141,0.058563
ER(0.25),12,9,1,0.747486,rep,4,0.029704,0.016969
ER(0.25),12,9,1,0.747486,rep,5,0.041107,0.010821
ER(0.25),12,9,1,0.747486,rep,6,0.041107,0.028393
ER(0.25),12,9,1,0.747486,rep,7,0.008889,0.04491
ER(0.25),12,9,1,0.747486,rep,8,0.037322,0.010821
ER(0.25),12,9,1,0.747486,rep,9,0.065351,0.022667
ER(0.25),12,9,1,0.747486,rep,10,0.053969,0.028393
ER(0.25),12,9,1,0.747486,avg,10,0.041107,0.051787
ER(0.25),12,9,1,0.747486,sweep,3,0.037322,0.006407
ER(0.25),12,9,1,0.747486,sweep,10,0.030141,0.016969
ER(0.25),12,9,1,0.747486,sweep,30,0.037562,0.010821
ER(0.25),12,9,1,0.747486,sweep,100,0.030141,0.035235
ER(0.25),12,9,1,0.747486,sweep,300,0.041107,0.059062
ER(0.25),12,9,3,0.87312,exact,0,0.11534,0.08981
ER(0.25),12,9,3,0.87312,rep,1,0.130659,0.037118
ER(0.25),12,9,3,0.87312,rep,2,0.102639,0.014856
ER(0.25),12,9,3,0.87312,rep,3,0.119589,0.069342
ER(0.25),12,9,3,0.87312,rep,4,0.109564,0.036727
ER(0.25),12,9,3,0.87312,rep,5,0.11534,0.033032
ER(0.25),12,9,3,0.87312,rep,6,0.11534,0.095492
ER(0.25),12,9,3,0.87312,rep,7,0.082305,0.078549
ER(0.25),12,9,3,0.87312,rep,8,0.088004,0.030026
ER(0.25),12,9,3,0.87312,rep,9,0.116224,0.014856
ER(0.25),12,9,3,0.87312,rep,10,0.1505,0.037158
ER(0.25),12,9,3,0.87312,avg,10,0.11534,0.069891
ER(0.25),12,9,3,0.87312,sweep,3,0.063123,0.022139
ER(0.25),12,9,3,0.87312,sweep,10,0.11534,0.031896
ER(0.25),12,9,3,0.87312,sweep,30,0.072294,0.077062
ER(0.25),12,9,3,0.87312,sweep,100,0.11534,0.08981
ER(0.25),12,9,3,0.87312,sweep,300,0.11534,0.08981
ER(0.25),12,10,1,0.75396,exact,0,0.024657,0.077555
ER(0.25),12,10,1,0.75396,rep,1,0.011374,0.034243
ER(0.25),12,10,1,0.75396,rep,2,0.007295,0.054192
ER(0.25),12,10,1,0.75396,rep,3,0.040666,0.013767
ER(0.25),12,10,1,0.75396,rep,4,0.017152,0.008941
ER(0.25),12,10,1,0.75396,rep,5,0.034013,0.013767
ER(0.25),12,10,1,0.75396,rep,6,0.012732,0.033745
ER(0.25),12,10,1,0.75396,rep,7,0.053593,0.049402
ER(0.25),12,10,1,0.75396,rep,8,0.020926,0.019597
ER(0.25),12,10,1,0.75396,rep,9,0.017152,0.034243
ER(0.25),12,10,1,0.75396,rep,10,0.078766,0.013767
ER(0.25),12,10,1,0.75396,avg,10,0.024657,0.041542
ER(0.25),12,10,1,0.75396,sweep,3,0.121587,0.003057
ER(0.25),12,10,1,0.75396,sweep,10,0.045655,0.019597
ER(0.25),12,10,1,0.75396,sweep,30,0.024657,0.085839
ER(0.25),12,10,1,0.75396,sweep,100,0.024657,0.077555
ER(0.25),12,10,1,0.75396,sweep,300,0.024657,0.077555
ER(0.25),12,10,3,0.896164,exact,0,0.100723,0.026356
ER(0.25),12,10,3,0.896164,rep,1,0.100628,0.013364
ER(0.25),12,10,3,0.896164,rep,2,0.099092,0.01435
ER(0.25),12,10,3,0.896164,rep,3,0.09134,0.05222
ER(0.25),12,10,3,0.896164,rep,4,0.079968,0.013364
ER(0.25),12,10,3,0.896164,rep,5,0.1069,0.005961
ER(0.25),12,10,3,0.896164,rep,6,0.037152,0.013364
ER(0.25),12,10,3,0.896164,rep,7,0.121027,0.036144
ER(0.25),12,10,3,0.896164,rep,8,0.063062,0.027693
ER(0.25),12,10,3,0.896164,rep,9,0.108558,0.013364
ER(0.25),12,10,3,0.896164,rep,10,0.171339,0.025462
ER(0.25),12,10,3,0.896164,avg,10,0.099453,0.026356
ER(0.25),12,10,3,0.896164,sweep,3,0.13721,0.025462
ER(0.25),12,10,3,0.896164,sweep,10,0.141204,0.027693
ER(0.25),12,10,3,0.896164,sweep,30,0.108996,0.026356
ER(0.25),12,10,3,0.896164,sweep,100,0.079968,0.026356
ER(0.25),12,10,3,0.896164,sweep,300,0.108558,0.026356
BA(k=2),12,1,1,0.755404,exact,0,0.027973,0.05317
BA(k=2),12,1,1,0.755404,rep,1,0.016536,0.001429
BA(k=2),12,1,1,0.755404,rep,2,0.027973,0.014674
BA(k=2),12,1,1,0.755404,rep,3,0.034508,0.010195
BA(k=2),12,1,1,0.755404,rep,4,0.027973,0.014674
BA(k=2),12,1,1,0.755404,rep,5,0.027973,0.019938
BA(k=2),12,1,1,0.755404,rep,6,0.050484,0.041822
BA(k=2),12,1,1,0.755404,rep,7,0.025461,0.031859
BA(k=2),12,1,1,0.755404,rep,8,0.019016,0.026325
BA(k=2),12,1,1,0.755404,rep,9,0.025816,0.006622
BA(k=2),12,1,1,0.755404,rep,10,0.049397,0.007768
BA(k=2),12,1,1,0.755404,avg,10,0.027973,0.031859
BA(k=2),12,1,1,0.755404,sweep,3,0.007038,0.032501
BA(k=2),12,1,1,0.755404,sweep,10,0.038986,0.014674
BA(k=2),12,1,1,0.755404,sweep,30,0.036478,0.019938
BA(k=2),12,1,1,0.755404,sweep,100,0.027973,0.047282
BA(k=2),12,1,1,0.755404,sweep,300,0.027973,0.037931
BA(k=2),12,1,3,0.868111,exact,0,0.094387,0.091319
BA(k=2),12,1,3,0.868111,rep,1,0.04845,0.049716
BA(k=2),12,1,3,0.868111,rep,2,0.058226,0.026397
BA(k=2),12,1,3,0.868111,rep,3,0.107149,0.04183
BA(k=2),12,1,3,0.868111,rep,4,0.094387,0.049716
BA(k=2),12,1,3,0.868111,rep,5,0.07716,0.019151
BA(k=2),12,1,3,0.868111,rep,6,0.114453,0.043464
BA(k=2),12,1,3,0.868111,rep,7,0.054277,0.091319
BA(k=2),12,1,3,0.868111,rep,8,0.079614,0.074727
BA(k=2),12,1,3,0.868111,rep,9,0.099287,0.047351
BA(k=2),12,1,3,0.868111,rep,10,0.054587,0.031011
BA(k=2),12,1,3,0.868111,avg,10,0.081521,0.049716
BA(k=2),12,1,3,0.868111,sweep,3,0.04845,0.069115
BA(k=2),12,1,3,0.868111,sweep,10,0.101843,0.031874
BA(k=2),12,1,3,0.868111,sweep,30,0.066821,0.080109
BA(k=2),12,1,3,0.868111,sweep,100,0.094387,0.071188
BA(k=2),12,1,3,0.868111,sweep,300,0.094387,0.091319
BA(k=2),12,2,1,0.852018,exact,0,0.028384,0.030279
BA(k=2),12,2,1,0.852018,rep,1,0.025203,0.028796
BA(k=2),12,2,1,0.852018,rep,2,0.01835,0.054195
BA(k=2),12,2,1,0.852018,rep,3,0.01835,0.017713
BA(k=2),12,2,1,0.852018,rep,4,0.017517,0.007042
BA(k=2),12,2,1,0.852018,rep,5,0.035114,0.023621
BA(k=2),12,2,1,0.852018,rep,6,0.028384,0.080153
BA(k=2),12,2,1,0.852018,rep,7,0.046979,0.012098
BA(k=2),12,2,1,0.852018,rep,8,0.01835,0.007042
BA(k=2),12,2,1,0.852018,rep,9,0.010648,0.023621
BA(k=2),12,2,1,0.852018,rep,10,0.017517,0.030279
BA(k=2),12,2,1,0.852018,avg,10,0.025203,0.047181
BA(k=2),12,2,1,0.852018,sweep,3,0.017517,0.003209
BA(k=2),12,2,1,0.852018,sweep,10,0.025203,0.017713
BA(k=2),12,2,1,0.852018,sweep,30,0.01835,0.030279
BA(k=2),12,2,1,0.852018,sweep,100,0.040781,0.017713
BA(k=2),12,2,1,0.852018,sweep,300,0.028384,0.023621
BA(k=2),12,2,3,0.927055,exact,0,0.060904,0.010004
BA(k=2),12,2,3,0.927055,rep,1,0.060886,0.003348
BA(k=2),12,2,3,0.927055,rep,2,0.046824,0.019879
BA(k=2),12,2,3,0.927055,rep,3,0.046824,0.010004
BA(k=2),12,2,3,0.927055,rep,4,0.046824,0.005052
BA(k=2),12,2,3,0.927055,rep,5,0.071018,0.005052
BA(k=2),12,2,3,0.927055,rep,6,0.06297,0.021763
BA(k=2),12,2,3,0.927055,rep,7,0.068728,0.004984
BA(k=2),12,2,3,0.927055,rep,8,0.025061,0.010004
BA(k=2),12,2,3,0.927055,rep,9,0.041164,0.025459
BA(k=2),12,2,3,0.927055,rep,10,0.046824,0.010004
BA(k=2),12,2,3,0.927055,avg,10,0.06297,0.010004
BA(k=2),12,2,3,0.927055,sweep,3,0.046824,0.005052
BA(k=2),12,2,3,0.927055,sweep,10,0.06297,0.005052
BA(k=2),12,2,3,0.927055,sweep,30,0.046824,0.010004
BA(k=2),12,2,3,0.927055,sweep,100,0.058898,0.005052
BA(k=2),12,2,3,0.927055,sweep,300,0.060904,0.010004
BA(k=2),12,3,1,0.845851,exact,0,0.026094,0.044838
BA(k=2),12,3,1,0.845851,rep,1,0.017009,0.002457
BA(k=2),12,3,1,0.845851,rep,2,0.023937,0.01869
BA(k=2),12,3,1,0.845851,rep,3,0.037199,0.030372
BA(k=2),12,3,1,0.845851,rep,4,0.017009,0.044838
BA(k=2),12,3,1,0.845851,rep,5,0.049093,0.030372
BA(k=2),12,3,1,0.845851,rep,6,0.032792,0.02423
BA(k=2),12,3,1,0.845851,rep,7,0.035281,0.013863
BA(k=2),12,3,1,0.845851,rep,8,0.035375,0.019491
BA(k=2),12,3,1,0.845851,rep,9,0.037566,0.01869
BA(k=2),12,3,1,0.845851,rep,10,0.037566,0.013863
BA(k=2),12,3,1,0.845851,avg,10,0.037566,0.044838
BA(k=2),12,3,1,0.845851,sweep,3,0.041209,0.002457
BA(k=2),12,3,1,0.845851,sweep,10,0.050491,0.005538
BA(k=2),12,3,1,0.845851,sweep,30,0.023937,0.051406
BA(k=2),12,3,1,0.845851,sweep,100,0.037566,0.044838
BA(k=2),12,3,1,0.845851,sweep,300,0.037566,0.044838
BA(k=2),12,3,3,0.936066,exact,0,0.070134,0.032607
BA(k=2),12,3,3,0.936066,rep,1,0.071968,0.026788
BA(k=2),12,3,3,0.936066,rep,2,0.052324,0.019679
BA(k=2),12,3,3,0.936066,rep,3,0.061382,0.016198
BA(k=2),12,3,3,0.936066,rep,4,0.067701,0.016198
BA(k=2),12,3,3,0.936066,rep,5,0.061382,0.002609
BA(k=2),12,3,3,0.936066,rep,6,0.068849,0.006583
BA(k=2),12,3,3,0.936066,rep,7,0.056156,0.015003
BA(k=2),12,3,3,0.936066,rep,8,0.104284,0.0048
BA(k=2),12,3,3,0.936066,rep,9,0.064602,0.048371
BA(k=2),12,3,3,0.936066,rep,10,0.068849,0.008017
BA(k=2),12,3,3,0.936066,avg,10,0.068849,0.032607
BA(k=2),12,3,3,0.936066,sweep,3,0.08453,0.00738
BA(k=2),12,3,3,0.936066,sweep,10,0.068116,0.025848
BA(k=2),12,3,3,0.936066,sweep,30,0.03664,0.025848
BA(k=2),12,3,3,0.936066,sweep,100,0.068849,0.032607
BA(k=2),12,3,3,0.936066,sweep,300,0.067081,0.032607
BA(k=2),12,4,1,0.845212,exact,0,0.027094,0.063002
BA(k=2),12,4,1,0.845212,rep,1,0.010995,0.035889
BA(k=2),12,4,1,0.845212,rep,2,0.035636,0.010319
BA(k=2),12,4,1,0.845212,rep,3,0.033405,0.013991
BA(k=2),12,4,1,0.845212,rep,4,0.009619,0.035889
BA(k=2),12,4,1,0.845212,rep,5,0.050077,0.023243
BA(k=2),12,4,1,0.845212,rep,6,0.024439,0.014965
BA(k=2),12,4,1,0.845212,rep,7,0.038444,0.047345
BA(k=2),12,4,1,0.845212,rep,8,0.017534,0.035889
BA(k=2),12,4,1,0.845212,rep,9,0.024439,0.018307
BA(k=2),12,4,1,0.845212,rep,10,0.027094,0.018307
BA(k=2),12,4,1,0.845212,avg,10,0.027094,0.063002
BA(k=2),12,4,1,0.845212,sweep,3,0.058118,0.070858
BA(k=2),12,4,1,0.845212,sweep,10,0.038839,0.018307
BA(k=2),12,4,1,0.845212,sweep,30,0.033405,0.041367
BA(k=2),12,4,1,0.845212,sweep,100,0.033405,0.041367
BA(k=2),12,4,1,0.845212,sweep,300,0.027094,0.063002
BA(k=2),12,4,3,0.932323,exact,0,0.067426,0.013079
BA(k=2),12,4,3,0.932323,rep,1,0.019559,0.005538
BA(k=2),12,4,3,0.932323,rep,2,0.017236,0.006109
BA(k=2),12,4,3,0.932323,rep,3,0.080206,0.006109
BA(k=2),12,4,3,0.932323,rep,4,0.019559,0.013079
BA(k=2),12,4,3,0.932323,rep,5,0.065554,0.013079
BA(k=2),12,4,3,0.932323,rep,6,0.051429,0.005274
BA(k=2),12,4,3,0.932323,rep,7,0.055619,0.006109
BA(k=2),12,4,3,0.932323,rep,8,0.043376,0.014855
BA(k=2),12,4,3,0.932323,rep,9,0.051429,0.006109
BA(k=2),12,4,3,0.932323,rep,10,0.069575,0.005274
BA(k=2),12,4,3,0.932323,avg,10,0.046155,0.013079
BA(k=2),12,4,3,0.932323,sweep,3,0.175663,0.013079
BA(k=2),12,4,3,0.932323,sweep,10,0.041681,0.016174
BA(k=2),12,4,3,0.932323,sweep,30,0.067426,0.013079
BA(k=2),12,4,3,0.932323,sweep,100,0.067426,0.013079
BA(k=2),12,4,3,0.932323,sweep,300,0.067426,0.013079
BA(k=2),12,5,1,0.754022,exact,0,0.026818,0.029157
BA(k=2),12,5,1,0.754022,rep,1,0.026818,0.029157
BA(k=2),12,5,1,0.754022,rep,2,0.026818,0.015496
BA(k=2),12,5,1,0.754022,rep,3,0.026818,0.019907
BA(k=2),12,5,1,0.754022,rep,4,0.019141,0.026825
BA(k=2),12,5,1,0.754022,rep,5,0.037537,0.008008
BA(k=2),12,5,1,0.754022,rep,6,0.026818,0.029157
BA(k=2),12,5,1,0.754022,rep,7,0.026818,0.026825
BA(k=2),12,5,1,0.754022,rep,8,0.037537,0.019907
BA(k=2),12,5,1,0.754022,rep,9,0.035429,0.024676
BA(k=2),12,5,1,0.754022,rep,10,0.023848,0.033882
BA(k=2),12,5,1,0.754022,avg,10,0.026818,0.029157
BA(k=2),12,5,1,0.754022,sweep,3,0.003025,0.017053
BA(k=2),12,5,1,0.754022,sweep,10,0.018237,0.03355
BA(k=2),12,5,1,0.754022,sweep,30,0.026818,0.029157
BA(k=2),12,5,1,0.754022,sweep,100,0.026818,0.029157
BA(k=2),12,5,1,0.754022,sweep,300,0.026818,0.024757
BA(k=2),12,5,3,0.865165,exact,0,0.084229,0.026827
BA(k=2),12,5,3,0.865165,rep,1,0.048669,0.013701
BA(k=2),12,5,3,0.865165,rep,2,0.08165,0.013701
BA(k=2),12,5,3,0.865165,rep,3,0.073429,0.026827
BA(k=2),12,5,3,0.865165,rep,4,0.090623,0.01859
BA(k=2),12,5,3,0.865165,rep,5,0.089609,0.024642
BA(k=2),12,5,3,0.865165,rep,6,0.072091,0.02834
BA(k=2),12,5,3,0.865165,rep,7,0.066502,0.0268
BA(k=2),12,5,3,0.865165,rep,8,0.113797,0.013701
BA(k=2),12,5,3,0.865165,rep,9,0.074543,0.026827
BA(k=2),12,5,3,0.865165,rep,10,0.073429,0.026827
BA(k=2),12,5,3,0.865165,avg,10,0.089684,0.02834
BA(k=2),12,5,3,0.865165,sweep,3,0.031796,7.5e-5
BA(k=2),12,5,3,0.865165,sweep,10,0.048669,0.026827
BA(k=2),12,5,3,0.865165,sweep,30,0.089609,0.02349
BA(k=2),12,5,3,0.865165,sweep,100,0.048669,0.045245
BA(k=2),12,5,3,0.865165,sweep,300,0.089684,0.026827
BA(k=2),12,6,1,0.765477,exact,0,0.032202,0.036392
BA(k=2),12,6,1,0.765477,rep,1,0.029322,0.02801
BA(k=2),12,6,1,0.765477,rep,2,0.067871,0.010724
BA(k=2),12,6,1,0.765477,rep,3,0.022013,0.002164
BA(k=2),12,6,1,0.765477,rep,4,0.030665,0.005728
BA(k=2),12,6,1,0.765477,rep,5,0.032202,0.020755
BA(k=2),12,6,1,0.765477,rep,6,0.029322,0.020755
BA(k=2),12,6,1,0.765477,rep,7,0.047353,0.014505
BA(k=2),12,6,1,0.765477,rep,8,0.041619,0.005728
BA(k=2),12,6,1,0.765477,rep,9,0.029322,0.005744
BA(k=2),12,6,1,0.765477,rep,10,0.029326,0.02801
BA(k=2),12,6,1,0.765477,avg,10,0.032202,0.020755
BA(k=2),12,6,1,0.765477,sweep,3,0.095693,0.007265
BA(k=2),12,6,1,0.765477,sweep,10,0.032202,0.009441
BA(k=2),12,6,1,0.765477,sweep,30,0.032202,0.029399
BA(k=2),12,6,1,0.765477,sweep,100,0.032202,0.04412
BA(k=2),12,6,1,0.765477,sweep,300,0.032202,0.04412
BA(k=2),12,6,3,0.877914,exact,0,0.098894,0.077358
BA(k=2),12,6,3,0.877914,rep,1,0.098894,0.028862
BA(k=2),12,6,3,0.877914,rep,2,0.102818,0.046877
BA(k=2),12,6,3,0.877914,rep,3,0.084477,0.028657
BA(k=2),12,6,3,0.877914,rep,4,0.078129,0.046877
BA(k=2),12,6,3,0.877914,rep,5,0.098894,0.030314
BA(k=2),12,6,3,0.877914,rep,6,0.098894,0.010851
BA(k=2),12,6,3,0.877914,rep,7,0.079887,0.02873
BA(k=2),12,6,3,0.877914,rep,8,0.098894,0.022877
BA(k=2),12,6,3,0.877914,rep,9,0.098883,0.015959
BA(k=2),12,6,3,0.877914,rep,10,0.098894,0.028657
BA(k=2),12,6,3,0.877914,avg,10,0.098894,0.040855
BA(k=2),12,6,3,0.877914,sweep,3,0.102721,0.02873
BA(k=2),12,6,3,0.877914,sweep,10,0.098894,0.02042
BA(k=2),12,6,3,0.877914,sweep,30,0.098894,0.077358
BA(k=2),12,6,3,0.877914,sweep,100,0.098894,0.077358
BA(k=2),12,6,3,0.877914,sweep,300,0.098894,0.065858
BA(k=2),12,7,1,0.837216,exact,0,0.022816,0.062296
BA(k=2),12,7,1,0.837216,rep,1,0.067003,0.032748
BA(k=2),12,7,1,0.837216,rep,2,0.052485,0.007099
BA(k=2),12,7,1,0.837216,rep,3,0.020258,0.014901
BA(k=2),12,7,1,0.837216,rep,4,0.020258,0.034819
BA(k=2),12,7,1,0.837216,rep,5,0.044705,0.011539
BA(k=2),12,7,1,0.837216,rep,6,0.022816,0.014901
BA(k=2),12,7,1,0.837216,rep,7,0.052485,0.007099
BA(k=2),12,7,1,0.837216,rep,8,0.022816,0.023062
BA(k=2),12,7,1,0.837216,rep,9,0.033413,0.010842
BA(k=2),12,7,1,0.837216,rep,10,0.046798,0.018765
BA(k=2),12,7,1,0.837216,avg,10,0.033413,0.023062
BA(k=2),12,7,1,0.837216,sweep,3,0.059915,0.043689
BA(k=2),12,7,1,0.837216,sweep,10,0.046359,0.004005
BA(k=2),12,7,1,0.837216,sweep,30,0.033413,0.023062
BA(k=2),12,7,1,0.837216,sweep,100,0.028552,0.039196
BA(k=2),12,7,1,0.837216,sweep,300,0.022816,0.057714
BA(k=2),12,7,3,0.920371,exact,0,0.06247,0.01861
BA(k=2),12,7,3,0.920371,rep,1,0.071635,0.00826
BA(k=2),12,7,3,0.920371,rep,2,0.080756,0.00826
BA(k=2),12,7,3,0.920371,rep,3,0.063082,0.002737
BA(k=2),12,7,3,0.920371,rep,4,0.063082,0.002737
BA(k=2),12,7,3,0.920371,rep,5,0.071635,0.002737
BA(k=2),12,7,3,0.920371,rep,6,0.031606,0.01861
BA(k=2),12,7,3,0.920371,rep,7,0.071635,0.002367
BA(k=2),12,7,3,0.920371,rep,8,0.065279,0.025152
BA(k=2),12,7,3,0.920371,rep,9,0.042156,0.002737
BA(k=2),12,7,3,0.920371,rep,10,0.073917,0.035456
BA(k=2),12,7,3,0.920371,avg,10,0.054745,0.00826
BA(k=2),12,7,3,0.920371,sweep,3,0.115447,0.002367
BA(k=2),12,7,3,0.920371,sweep,10,0.091505,0.002737
BA(k=2),12,7,3,0.920371,sweep,30,0.054745,0.00826
BA(k=2),12,7,3,0.920371,sweep,100,0.06247,0.00826
BA(k=2),12,7,3,0.920371,sweep,300,0.059613,0.01861
BA(k=2),12,8,1,0.741367,exact,0,0.032173,0.041692
BA(k=2),12,8,1,0.741367,rep,1,0.027784,0.035422
BA(k=2),12,8,1,0.741367,rep,2,0.00863,0.041887
BA(k=2),12,8,1,0.741367,rep,3,0.032173,0.029598
BA(k=2),12,8,1,0.741367,rep,4,0.039368,0.007591
BA(k=2),12,8,1,0.741367,rep,5,0.068422,0.004489
BA(k=2),12,8,1,0.741367,rep,6,0.020259,0.004489
BA(k=2),12,8,1,0.741367,rep,7,0.020259,0.015285
BA(k=2),12,8,1,0.741367,rep,8,0.032173,0.041887
BA(k=2),12,8,1,0.741367,rep,9,0.037128,0.015285
BA(k=2),12,8,1,0.741367,rep,10,0.060939,0.019483
BA(k=2),12,8,1,0.741367,avg,10,0.032173,0.035422
BA(k=2),12,8,1,0.741367,sweep,3,0.03157,0.002183
BA(k=2),12,8,1,0.741367,sweep,10,0.027784,0.015285
BA(k=2),12,8,1,0.741367,sweep,30,0.042178,0.019483
BA(k=2),12,8,1,0.741367,sweep,100,0.022699,0.041692
BA(k=2),12,8,1,0.741367,sweep,300,0.032173,0.041692
BA(k=2),12,8,3,0.853263,exact,0,0.093858,0.043424
BA(k=2),12,8,3,0.853263,rep,1,0.105384,0.013533
BA(k=2),12,8,3,0.853263,rep,2,0.044786,0.033447
BA(k=2),12,8,3,0.853263,rep,3,0.093858,0.024435
BA(k=2),12,8,3,0.853263,rep,4,0.151266,0.032083
BA(k=2),12,8,3,0.853263,rep,5,0.116623,0.024435
BA(k=2),12,8,3,0.853263,rep,6,0.09381,0.013533
BA(k=2),12,8,3,0.853263,rep,7,0.07962,0.024435
BA(k=2),12,8,3,0.853263,rep,8,0.096157,0.026071
BA(k=2),12,8,3,0.853263,rep,9,0.115852,0.024435
BA(k=2),12,8,3,0.853263,rep,10,0.144275,0.011738
BA(k=2),12,8,3,0.853263,avg,10,0.093858,0.043424
BA(k=2),12,8,3,0.853263,sweep,3,0.151266,0.019823
BA(k=2),12,8,3,0.853263,sweep,10,0.105384,0.043424
BA(k=2),12,8,3,0.853263,sweep,30,0.090554,0.051515
BA(k=2),12,8,3,0.853263,sweep,100,0.096428,0.043424
BA(k=2),12,8,3,0.853263,sweep,300,0.090766,0.043424
BA(k=2),12,9,1,0.785087,exact,0,0.021902,0.038948
BA(k=2),12,9,1,0.785087,rep,1,0.013585,0.050132
BA(k=2),12,9,1,0.785087,rep,2,0.0318,0.031601
BA(k=2),12,9,1,0.785087,rep,3,0.014071,0.054792
BA(k=2),12,9,1,0.785087,rep,4,0.019491,0.001095
BA(k=2),12,9,1,0.785087,rep,5,0.013217,0.054792
BA(k=2),12,9,1,0.785087,rep,6,0.013217,0.049983
BA(k=2),12,9,1,0.785087,rep,7,0.02727,0.017234
BA(k=2),12,9,1,0.785087,rep,8,0.014071,0.038948
BA(k=2),12,9,1,0.785087,rep,9,0.039479,0.026316
BA(k=2),12,9,1,0.785087,rep,10,0.030452,0.037348
BA(k=2),12,9,1,0.785087,avg,10,0.021902,0.059887
BA(k=2),12,9,1,0.785087,sweep,3,0.054134,0.000212
BA(k=2),12,9,1,0.785087,sweep,10,0.019491,0.017234
BA(k=2),12,9,1,0.785087,sweep,30,0.030452,0.017234
BA(k=2),12,9,1,0.785087,sweep,100,0.02727,0.038948
BA(k=2),12,9,1,0.785087,sweep,300,0.02727,0.038948
BA(k=2),12,9,3,0.871211,exact,0,0.065789,0.030632
BA(k=2),12,9,3,0.871211,rep,1,0.051656,0.043333
BA(k=2),12,9,3,0.871211,rep,2,0.03287,0.009638
BA(k=2),12,9,3,0.871211,rep,3,0.051656,0.021518
BA(k=2),12,9,3,0.871211,rep,4,0.065559,0.029711
BA(k=2),12,9,3,0.871211,rep,5,0.046197,0.045188
BA(k=2),12,9,3,0.871211,rep,6,0.013568,0.030632
BA(k=2),12,9,3,0.871211,rep,7,0.068423,0.004445
BA(k=2),12,9,3,0.871211,rep,8,0.03392,0.021518
BA(k=2),12,9,3,0.871211,rep,9,0.066824,0.011808
BA(k=2),12,9,3,0.871211,rep,10,0.026789,0.009638
BA(k=2),12,9,3,0.871211,avg,10,0.046897,0.030632
BA(k=2),12,9,3,0.871211,sweep,3,0.023801,0.009638
BA(k=2),12,9,3,0.871211,sweep,10,0.068103,0.019059
BA(k=2),12,9,3,0.871211,sweep,30,0.062974,0.021518
BA(k=2),12,9,3,0.871211,sweep,100,0.065789,0.021518
BA(k=2),12,9,3,0.871211,sweep,300,0.065789,0.021518
BA(k=2),12,10,1,0.760134,exact,0,0.030318,0.059928
BA(k=2),12,10,1,0.760134,rep,1,0.030318,0.059928
BA(k=2),12,10,1,0.760134,rep,2,0.039451,0.016625
BA(k=2),12,10,1,0.760134,rep,3,0.020166,0.047216
BA(k=2),12,10,1,0.760134,rep,4,0.030318,0.074055
BA(k=2),12,10,1,0.760134,rep,5,0.020736,0.03618
BA(k=2),12,10,1,0.760134,rep,6,0.020736,0.016625
BA(k=2),12,10,1,0.760134,rep,7,0.020736,0.016625
BA(k=2),12,10,1,0.760134,rep,8,0.018344,0.022559
BA(k=2),12,10,1,0.760134,rep,9,0.020736,0.05335
BA(k=2),12,10,1,0.760134,rep,10,0.041934,0.050352
BA(k=2),12,10,1,0.760134,avg,10,0.030318,0.066859
BA(k=2),12,10,1,0.760134,sweep,3,0.036889,0.015908
BA(k=2),12,10,1,0.760134,sweep,10,0.030318,0.016625
BA(k=2),12,10,1,0.760134,sweep,30,0.030318,0.029928
BA(k=2),12,10,1,0.760134,sweep,100,0.030318,0.059928
BA(k=2),12,10,1,0.760134,sweep,300,0.030318,0.043026
BA(k=2),12,10,3,0.863135,exact,0,0.089535,0.027177
BA(k=2),12,10,3,0.863135,rep,1,0.089535,0.027177
BA(k=2),12,10,3,0.863135,rep,2,0.058505,0.023904
BA(k=2),12,10,3,0.863135,rep,3,0.085133,0.035656
BA(k=2),12,10,3,0.863135,rep,4,0.06681,0.027177
BA(k=2),12,10,3,0.863135,rep,5,0.075363,0.041407
BA(k=2),12,10,3,0.863135,rep,6,0.072612,0.010609
BA(k=2),12,10,3,0.863135,rep,7,0.089535,0.027177
BA(k=2),12,10,3,0.863135,rep,8,0.060783,0.029706
BA(k=2),12,10,3,0.863135,rep,9,0.075363,0.016216
BA(k=2),12,10,3,0.863135,rep,10,0.087531,0.027177
BA(k=2),12,10,3,0.863135,avg,10,0.089535,0.043132
BA(k=2),12,10,3,0.863135,sweep,3,0.100132,0.015239
BA(k=2),12,10,3,0.863135,sweep,10,0.082284,0.029706
BA(k=2),12,10,3,0.863135,sweep,30,0.060783,0.016216
BA(k=2),12,10,3,0.863135,sweep,100,0.089535,0.027177
BA(k=2),12,10,3,0.863135,sweep,300,0.089535,0.027177
BA(k=4),12,1,1,0.758882,exact,0,0.029192,0.019228
BA(k=4),12,1,1,0.758882,rep,1,0.039335,0.005819
BA(k=4),12,1,1,0.758882,rep,2,0.039051,0.010175
BA(k=4),12,1,1,0.758882,rep,3,0.072357,0.002892
BA(k=4),12,1,1,0.758882,rep,4,0.039051,0.002561
BA(k=4),12,1,1,0.758882,rep,5,0.029192,0.005819
BA(k=4),12,1,1,0.758882,rep,6,0.011032,0.032092
BA(k=4),12,1,1,0.758882,rep,7,0.029192,0.043947
BA(k=4),12,1,1,0.758882,rep,8,0.029192,0.002561
BA(k=4),12,1,1,0.758882,rep,9,0.007728,0.026956
BA(k=4),12,1,1,0.758882,rep,10,0.026498,0.010175
BA(k=4),12,1,1,0.758882,avg,10,0.029192,0.019228
BA(k=4),12,1,1,0.758882,sweep,3,0.01647,0.005819
BA(k=4),12,1,1,0.758882,sweep,10,0.039335,0.010038
BA(k=4),12,1,1,0.758882,sweep,30,0.026498,0.010175
BA(k=4),12,1,1,0.758882,sweep,100,0.029192,0.019228
BA(k=4),12,1,1,0.758882,sweep,300,0.029192,0.024978
BA(k=4),12,1,3,0.854515,exact,0,0.079804,0.13334
BA(k=4),12,1,3,0.854515,rep,1,0.112304,0.002823
BA(k=4),12,1,3,0.854515,rep,2,0.100451,0.02596
BA(k=4),12,1,3,0.854515,rep,3,0.109516,0.017893
BA(k=4),12,1,3,0.854515,rep,4,0.107175,0.01319
BA(k=4),12,1,3,0.854515,rep,5,0.101986,0.018062
BA(k=4),12,1,3,0.854515,rep,6,0.064391,0.007961
BA(k=4),12,1,3,0.854515,rep,7,0.089997,0.044363
BA(k=4),12,1,3,0.854515,rep,8,0.086203,0.025918
BA(k=4),12,1,3,0.854515,rep,9,0.058098,0.054267
BA(k=4),12,1,3,0.854515,rep,10,0.052822,0.030349
BA(k=4),12,1,3,0.854515,avg,10,0.101986,0.078857
BA(k=4),12,1,3,0.854515,sweep,3,0.081999,0.026724
BA(k=4),12,1,3,0.854515,sweep,10,0.107175,0.041556
BA(k=4),12,1,3,0.854515,sweep,30,0.077021,0.022171
BA(k=4),12,1,3,0.854515,sweep,100,0.099999,0.13334
BA(k=4),12,1,3,0.854515,sweep,300,0.079804,0.13334
BA(k=4),12,2,1,0.780236,exact,0,0.023842,0.025845
BA(k=4),12,2,1,0.780236,rep,1,0.023842,0.011562
BA(k=4),12,2,1,0.780236,rep,2,0.036097,0.016416
BA(k=4),12,2,1,0.780236,rep,3,0.033952,0.011562
BA(k=4),12,2,1,0.780236,rep,4,0.023842,0.007396
BA(k=4),12,2,1,0.780236,rep,5,0.019564,0.007396
BA(k=4),12,2,1,0.780236,rep,6,0.057705,0.003157
BA(k=4),12,2,1,0.780236,rep,7,0.012531,0.016566
BA(k=4),12,2,1,0.780236,rep,8,0.012531,0.020966
BA(k=4),12,2,1,0.780236,rep,9,0.033952,0.004067
BA(k=4),12,2,1,0.780236,rep,10,0.036097,0.007396
BA(k=4),12,2,1,0.780236,avg,10,0.023842,0.011562
BA(k=4),12,2,1,0.780236,sweep,3,0.013874,0.016566
BA(k=4),12,2,1,0.780236,sweep,10,0.007753,0.067422
BA(k=4),12,2,1,0.780236,sweep,30,0.019564,0.020966
BA(k=4),12,2,1,0.780236,sweep,100,0.023842,0.0311
BA(k=4),12,2,1,0.780236,sweep,300,0.023842,0.0311
BA(k=4),12,2,3,0.877347,exact,0,0.078389,0.061872
BA(k=4),12,2,3,0.877347,rep,1,0.076035,0.030983
BA(k=4),12,2,3,0.877347,rep,2,0.097116,0.019237
BA(k=4),12,2,3,0.877347,rep,3,0.097116,0.050351
BA(k=4),12,2,3,0.877347,rep,4,0.097034,0.069836
BA(k=4),12,2,3,0.877347,rep,5,0.062469,0.030983
BA(k=4),12,2,3,0.877347,rep,6,0.077708,0.021777
BA(k=4),12,2,3,0.877347,rep,7,0.073336,0.021777
BA(k=4),12,2,3,0.877347,rep,8,0.084786,0.050351
BA(k=4),12,2,3,0.877347,rep,9,0.070108,0.046223
BA(k=4),12,2,3,0.877347,rep,10,0.097116,0.033651
BA(k=4),12,2,3,0.877347,avg,10,0.097034,0.083152
BA(k=4),12,2,3,0.877347,sweep,3,0.123939,0.011263
BA(k=4),12,2,3,0.877347,sweep,10,0.076938,0.033651
BA(k=4),12,2,3,0.877347,sweep,30,0.078389,0.063813
BA(k=4),12,2,3,0.877347,sweep,100,0.097034,0.100697
BA(k=4),12,2,3,0.877347,sweep,300,0.097034,0.061872
BA(k=4),12,3,1,0.784795,exact,0,0.026782,0.025119
BA(k=4),12,3,1,0.784795,rep,1,0.024434,0.010343
BA(k=4),12,3,1,0.784795,rep,2,0.026782,0.019859
BA(k=4),12,3,1,0.784795,rep,3,0.039688,0.006157
BA(k=4),12,3,1,0.784795,rep,4,0.024434,0.025119
BA(k=4),12,3,1,0.784795,rep,5,0.026782,0.04334
BA(k=4),12,3,1,0.784795,rep,6,0.03699,0.006157
BA(k=4),12,3,1,0.784795,rep,7,0.026782,0.025119
BA(k=4),12,3,1,0.784795,rep,8,0.016731,0.025119
BA(k=4),12,3,1,0.784795,rep,9,0.022276,0.006157
BA(k=4),12,3,1,0.784795,rep,10,0.03699,0.006157
BA(k=4),12,3,1,0.784795,avg,10,0.026782,0.025119
BA(k=4),12,3,1,0.784795,sweep,3,0.003351,0.015368
BA(k=4),12,3,1,0.784795,sweep,10,0.00791,0.049062
BA(k=4),12,3,1,0.784795,sweep,30,0.026782,0.015368
BA(k=4),12,3,1,0.784795,sweep,100,0.026782,0.025119
BA(k=4),12,3,1,0.784795,sweep,300,0.026782,0.04334
BA(k=4),12,3,3,0.870328,exact,0,0.070034,0.039282
BA(k=4),12,3,3,0.870328,rep,1,0.074046,0.020866
BA(k=4),12,3,3,0.870328,rep,2,0.050517,0.010417
BA(k=4),12,3,3,0.870328,rep,3,0.091933,0.021216
BA(k=4),12,3,3,0.870328,rep,4,0.047703,0.015701
BA(k=4),12,3,3,0.870328,rep,5,0.062567,0.021732
BA(k=4),12,3,3,0.870328,rep,6,0.069862,0.039282
BA(k=4),12,3,3,0.870328,rep,7,0.093501,0.004335
BA(k=4),12,3,3,0.870328,rep,8,0.070034,0.039282
BA(k=4),12,3,3,0.870328,rep,9,0.089753,0.04059
BA(k=4),12,3,3,0.870328,rep,10,0.090739,0.021732
BA(k=4),12,3,3,0.870328,avg,10,0.09143,0.039282
BA(k=4),12,3,3,0.870328,sweep,3,0.024483,0.020866
BA(k=4),12,3,3,0.870328,sweep,10,0.024483,0.021216
BA(k=4),12,3,3,0.870328,sweep,30,0.088563,0.021216
BA(k=4),12,3,3,0.870328,sweep,100,0.088563,0.021216
BA(k=4),12,3,3,0.870328,sweep,300,0.070034,0.039282
BA(k=4),12,4,1,0.790761,exact,0,0.030306,0.033209
BA(k=4),12,4,1,0.790761,rep,1,0.017682,0.033209
BA(k=4),12,4,1,0.790761,rep,2,0.019511,0.027793
BA(k=4),12,4,1,0.790761,rep,3,0.030306,0.039137
BA(k=4),12,4,1,0.790761,rep,4,0.040846,0.006825
BA(k=4),12,4,1,0.790761,rep,5,0.042667,0.026725
BA(k=4),12,4,1,0.790761,rep,6,0.025786,0.022984
BA(k=4),12,4,1,0.790761,rep,7,0.017682,0.0206
BA(k=4),12,4,1,0.790761,rep,8,0.019511,0.0206
BA(k=4),12,4,1,0.790761,rep,9,0.011944,0.022984
BA(k=4),12,4,1,0.790761,rep,10,0.017682,0.015188
BA(k=4),12,4,1,0.790761,avg,10,0.019511,0.033209
BA(k=4),12,4,1,0.790761,sweep,3,0.01138,0.0
BA(k=4),12,4,1,0.790761,sweep,10,0.030306,0.010629
BA(k=4),12,4,1,0.790761,sweep,30,0.030306,0.015188
BA(k=4),12,4,1,0.790761,sweep,100,0.030306,0.0206
BA(k=4),12,4,1,0.790761,sweep,300,0.030306,0.039137
BA(k=4),12,4,3,0.891425,exact,0,0.080721,0.054869
BA(k=4),12,4,3,0.891425,rep,1,0.079302,0.011406
BA(k=4),12,4,3,0.891425,rep,2,0.067393,0.021132
BA(k=4),12,4,3,0.891425,rep,3,0.109652,0.021132
BA(k=4),12,4,3,0.891425,rep,4,0.046443,0.037069
BA(k=4),12,4,3,0.891425,rep,5,0.112805,0.007791
BA(k=4),12,4,3,0.891425,rep,6,0.088984,0.049903
BA(k=4),12,4,3,0.891425,rep,7,0.067393,0.037069
BA(k=4),12,4,3,0.891425,rep,8,0.080721,0.010841
BA(k=4),12,4,3,0.891425,rep,9,0.079302,0.017314
BA(k=4),12,4,3,0.891425,rep,10,0.077126,0.010841
BA(k=4),12,4,3,0.891425,avg,10,0.080721,0.054869
BA(k=4),12,4,3,0.891425,sweep,3,0.079302,0.021132
BA(k=4),12,4,3,0.891425,sweep,10,0.109652,0.017314
BA(k=4),12,4,3,0.891425,sweep,30,0.080721,0.021132
BA(k=4),12,4,3,0.891425,sweep,100,0.077152,0.052971
BA(k=4),12,4,3,0.891425,sweep,300,0.080721,0.054869
BA(k=4),12,5,1,0.797834,exact,0,0.031616,0.020233
BA(k=4),12,5,1,0.797834,rep,1,0.035023,0.022103
BA(k=4),12,5,1,0.797834,rep,2,0.049456,0.011105
BA(k=4),12,5,1,0.797834,rep,3,0.040428,0.006151
BA(k=4),12,5,1,0.797834,rep,4,0.020095,0.033609
BA(k=4),12,5,1,0.797834,rep,5,0.035023,0.020233
BA(k=4),12,5,1,0.797834,rep,6,0.031616,0.002517
BA(k=4),12,5,1,0.797834,rep,7,0.014859,0.014383
BA(k=4),12,5,1,0.797834,rep,8,0.046042,0.014383
BA(k=4),12,5,1,0.797834,rep,9,0.051713,0.014383
BA(k=4),12,5,1,0.797834,rep,10,0.020514,0.006151
BA(k=4),12,5,1,0.797834,avg,10,0.031616,0.020233
BA(k=4),12,5,1,0.797834,sweep,3,0.074182,0.000398
BA(k=4),12,5,1,0.797834,sweep,10,0.045313,0.006151
BA(k=4),12,5,1,0.797834,sweep,30,0.023356,0.011105
BA(k=4),12,5,1,0.797834,sweep,100,0.031616,0.033609
BA(k=4),12,5,1,0.797834,sweep,300,0.023356,0.020233
BA(k=4),12,5,3,0.897432,exact,0,0.082947,0.052855
BA(k=4),12,5,3,0.897432,rep,1,0.108749,0.025378
BA(k=4),12,5,3,0.897432,rep,2,0.102734,0.012832
BA(k=4),12,5,3,0.897432,rep,3,0.072099,0.030966
BA(k=4),12,5,3,0.897432,rep,4,0.052047,0.033009
BA(k=4),12,5,3,0.897432,rep,5,0.10659,0.030966
BA(k=4),12,5,3,0.897432,rep,6,0.090674,0.031394
BA(k=4),12,5,3,0.897432,rep,7,0.069637,0.045575
BA(k=4),12,5,3,0.897432,rep,8,0.112614,0.030705
BA(k=4),12,5,3,0.897432,rep,9,0.102734,0.030966
BA(k=4),12,5,3,0.897432,rep,10,0.064022,0.030705
BA(k=4),12,5,3,0.897432,avg,10,0.107855,0.053157
BA(k=4),12,5,3,0.897432,sweep,3,0.078349,0.014587
BA(k=4),12,5,3,0.897432,sweep,10,0.101809,0.022795
BA(k=4),12,5,3,0.897432,sweep,30,0.082947,0.092178
BA(k=4),12,5,3,0.897432,sweep,100,0.082947,0.053157
BA(k=4),12,5,3,0.897432,sweep,300,0.082947,0.052855
BA(k=4),12,6,1,0.784602,exact,0,0.026546,0.025925
BA(k=4),12,6,1,0.784602,rep,1,0.026546,0.020626
BA(k=4),12,6,1,0.784602,rep,2,0.009136,0.020626
BA(k=4),12,6,1,0.784602,rep,3,0.022028,0.006618
BA(k=4),12,6,1,0.784602,rep,4,0.014446,0.00329
BA(k=4),12,6,1,0.784602,rep,5,0.009136,0.011893
BA(k=4),12,6,1,0.784602,rep,6,0.014446,0.00329
BA(k=4),12,6,1,0.784602,rep,7,0.014446,0.015915
BA(k=4),12,6,1,0.784602,rep,8,0.026546,0.00329
BA(k=4),12,6,1,0.784602,rep,9,0.022028,0.015915
BA(k=4),12,6,1,0.784602,rep,10,0.026546,0.020626
BA(k=4),12,6,1,0.784602,avg,10,0.022028,0.020626
BA(k=4),12,6,1,0.784602,sweep,3,0.01462,0.002669
BA(k=4),12,6,1,0.784602,sweep,10,0.026546,0.010907
BA(k=4),12,6,1,0.784602,sweep,30,0.036805,0.010907
BA(k=4),12,6,1,0.784602,sweep,100,0.026546,0.020626
BA(k=4),12,6,1,0.784602,sweep,300,0.026546,0.025925
BA(k=4),12,6,3,0.869112,exact,0,0.068599,0.03614
BA(k=4),12,6,3,0.869112,rep,1,0.074103,0.020769
BA(k=4),12,6,3,0.869112,rep,2,0.062915,0.021502
BA(k=4),12,6,3,0.869112,rep,3,0.074103,0.011934
BA(k=4),12,6,3,0.869112,rep,4,0.053185,0.03614
BA(k=4),12,6,3,0.869112,rep,5,0.060837,0.021502
BA(k=4),12,6,3,0.869112,rep,6,0.074103,0.021828
BA(k=4),12,6,3,0.869112,rep,7,0.074103,0.011934
BA(k=4),12,6,3,0.869112,rep,8,0.04591,0.019226
BA(k=4),12,6,3,0.869112,rep,9,0.074103,0.016522
BA(k=4),12,6,3,0.869112,rep,10,0.069121,0.017594
BA(k=4),12,6,3,0.869112,avg,10,0.074103,0.021828
BA(k=4),12,6,3,0.869112,sweep,3,0.04638,0.017594
BA(k=4),12,6,3,0.869112,sweep,10,0.066231,0.010416
BA(k=4),12,6,3,0.869112,sweep,30,0.069121,0.021828
BA(k=4),12,6,3,0.869112,sweep,100,0.068599,0.05488
BA(k=4),12,6,3,0.869112,sweep,300,0.066231,0.03614
BA(k=4),12,7,1,0.79191,exact,0,0.031322,0.03714
BA(k=4),12,7,1,0.79191,rep,1,0.043732,0.010385
BA(k=4),12,7,1,0.79191,rep,2,0.031322,0.013908
BA(k=4),12,7,1,0.79191,rep,3,0.031322,0.019022
BA(k=4),12,7,1,0.79191,rep,4,0.020421,0.013908
BA(k=4),12,7,1,0.79191,rep,5,0.031322,0.03714
BA(k=4),12,7,1,0.79191,rep,6,0.031322,0.019022
BA(k=4),12,7,1,0.79191,rep,7,0.065268,0.005897
BA(k=4),12,7,1,0.79191,rep,8,0.020421,0.019022
BA(k=4),12,7,1,0.79191,rep,9,0.031322,0.009655
BA(k=4),12,7,1,0.79191,rep,10,0.020421,0.03714
BA(k=4),12,7,1,0.79191,avg,10,0.031322,0.019022
BA(k=4),12,7,1,0.79191,sweep,3,0.020421,0.005897
BA(k=4),12,7,1,0.79191,sweep,10,0.041924,0.005897
BA(k=4),12,7,1,0.79191,sweep,30,0.031322,0.019022
BA(k=4),12,7,1,0.79191,sweep,100,0.031322,0.03714
BA(k=4),12,7,1,0.79191,sweep,300,0.031322,0.03714
BA(k=4),12,7,3,0.896344,exact,0,0.086409,0.065334
BA(k=4),12,7,3,0.896344,rep,1,0.078017,0.036351
BA(k=4),12,7,3,0.896344,rep,2,0.085704,0.034396
BA(k=4),12,7,3,0.896344,rep,3,0.114697,0.017601
BA(k=4),12,7,3,0.896344,rep,4,0.06961,0.047579
BA(k=4),12,7,3,0.896344,rep,5,0.082349,0.036351
BA(k=4),12,7,3,0.896344,rep,6,0.113558,0.033397
BA(k=4),12,7,3,0.896344,rep,7,0.138415,0.036351
BA(k=4),12,7,3,0.896344,rep,8,0.082041,0.065334
BA(k=4),12,7,3,0.896344,rep,9,0.094039,0.019564
BA(k=4),12,7,3,0.896344,rep,10,0.052622,0.017601
BA(k=4),12,7,3,0.896344,avg,10,0.108816,0.065284
BA(k=4),12,7,3,0.896344,sweep,3,0.146711,0.0
BA(k=4),12,7,3,0.896344,sweep,10,0.104391,0.034396
BA(k=4),12,7,3,0.896344,sweep,30,0.086409,0.047579
BA(k=4),12,7,3,0.896344,sweep,100,0.086409,0.047579
BA(k=4),12,7,3,0.896344,sweep,300,0.086409,0.065334
BA(k=4),12,8,1,0.817061,exact,0,0.026774,0.021433
BA(k=4),12,8,1,0.817061,rep,1,0.039918,0.016724
BA(k=4),12,8,1,0.817061,rep,2,0.0144,0.039809
BA(k=4),12,8,1,0.817061,rep,3,0.037462,0.00708
BA(k=4),12,8,1,0.817061,rep,4,0.037462,0.00708
BA(k=4),12,8,1,0.817061,rep,5,0.045934,0.011437
BA(k=4),12,8,1,0.817061,rep,6,0.0144,0.026713
BA(k=4),12,8,1,0.817061,rep,7,0.024485,0.00708
BA(k=4),12,8,1,0.817061,rep,8,0.01653,0.00708
BA(k=4),12,8,1,0.817061,rep,9,0.04036,0.026713
BA(k=4),12,8,1,0.817061,rep,10,0.037313,0.00708
BA(k=4),12,8,1,0.817061,avg,10,0.026774,0.021433
BA(k=4),12,8,1,0.817061,sweep,3,0.022116,0.012688
BA(k=4),12,8,1,0.817061,sweep,10,0.032349,0.012688
BA(k=4),12,8,1,0.817061,sweep,30,0.061404,0.00708
BA(k=4),12,8,1,0.817061,sweep,100,0.0144,0.021433
BA(k=4),12,8,1,0.817061,sweep,300,0.026774,0.021433
BA(k=4),12,8,3,0.904681,exact,0,0.067993,0.057172
BA(k=4),12,8,3,0.904681,rep,1,0.093303,0.02256
BA(k=4),12,8,3,0.904681,rep,2,0.068136,0.024615
BA(k=4),12,8,3,0.904681,rep,3,0.067111,0.02256
BA(k=4),12,8,3,0.904681,rep,4,0.070841,0.016303
BA(k=4),12,8,3,0.904681,rep,5,0.103223,0.068401
BA(k=4),12,8,3,0.904681,rep,6,0.064628,0.021804
BA(k=4),12,8,3,0.904681,rep,7,0.050207,0.052764
BA(k=4),12,8,3,0.904681,rep,8,0.05454,0.021804
BA(k=4),12,8,3,0.904681,rep,9,0.093303,0.012176
BA(k=4),12,8,3,0.904681,rep,10,0.092696,0.02256
BA(k=4),12,8,3,0.904681,avg,10,0.089736,0.044373
BA(k=4),12,8,3,0.904681,sweep,3,0.076414,0.003855
BA(k=4),12,8,3,0.904681,sweep,10,0.094905,0.044373
BA(k=4),12,8,3,0.904681,sweep,30,0.093303,0.034852
BA(k=4),12,8,3,0.904681,sweep,100,0.064628,0.046497
BA(k=4),12,8,3,0.904681,sweep,300,0.070656,0.057172
BA(k=4),12,9,1,0.783083,exact,0,0.025669,0.021268
BA(k=4),12,9,1,0.783083,rep,1,0.013755,0.011334
BA(k=4),12,9,1,0.783083,rep,2,0.025669,0.003745
BA(k=4),12,9,1,0.783083,rep,3,0.013755,0.034642
BA(k=4),12,9,1,0.783083,rep,4,0.076928,0.006109
BA(k=4),12,9,1,0.783083,rep,5,0.035792,0.003745
BA(k=4),12,9,1,0.783083,rep,6,0.025669,0.021268
BA(k=4),12,9,1,0.783083,rep,7,0.025669,0.011334
BA(k=4),12,9,1,0.783083,rep,8,0.015835,0.007074
BA(k=4),12,9,1,0.783083,rep,9,0.061863,0.011334
BA(k=4),12,9,1,0.783083,rep,10,0.013755,0.003745
BA(k=4),12,9,1,0.783083,avg,10,0.025669,0.021268
BA(k=4),12,9,1,0.783083,sweep,3,0.08635,0.0015
BA(k=4),12,9,1,0.783083,sweep,10,0.046189,0.034642
BA(k=4),12,9,1,0.783083,sweep,30,0.025669,0.058459
BA(k=4),12,9,1,0.783083,sweep,100,0.025669,0.011334
BA(k=4),12,9,1,0.783083,sweep,300,0.025669,0.021268
BA(k=4),12,9,3,0.863869,exact,0,0.062764,0.038325
BA(k=4),12,9,3,0.863869,rep,1,0.059534,0.037454
BA(k=4),12,9,3,0.863869,rep,2,0.062764,0.035693
BA(k=4),12,9,3,0.863869,rep,3,0.070566,0.01432
BA(k=4),12,9,3,0.863869,rep,4,0.099364,0.014134
BA(k=4),12,9,3,0.863869,rep,5,0.063741,0.01432
BA(k=4),12,9,3,0.863869,rep,6,0.086304,0.01432
BA(k=4),12,9,3,0.863869,rep,7,0.069698,0.020207
BA(k=4),12,9,3,0.863869,rep,8,0.062764,0.020207
BA(k=4),12,9,3,0.863869,rep,9,0.079765,0.031506
BA(k=4),12,9,3,0.863869,rep,10,0.062902,0.020808
BA(k=4),12,9,3,0.863869,avg,10,0.083258,0.038325
BA(k=4),12,9,3,0.863869,sweep,3,0.161494,0.005347
BA(k=4),12,9,3,0.863869,sweep,10,0.088638,0.038325
BA(k=4),12,9,3,0.863869,sweep,30,0.069207,0.020808
BA(k=4),12,9,3,0.863869,sweep,100,0.062764,0.038325
BA(k=4),12,9,3,0.863869,sweep,300,0.063036,0.038325
BA(k=4),12,10,1,0.79517,exact,0,0.030012,0.037551
BA(k=4),12,10,1,0.79517,rep,1,0.013844,0.013815
BA(k=4),12,10,1,0.79517,rep,2,0.021943,0.019101
BA(k=4),12,10,1,0.79517,rep,3,0.030012,0.01051
BA(k=4),12,10,1,0.79517,rep,4,0.028591,0.026245
BA(k=4),12,10,1,0.79517,rep,5,0.020033,0.013815
BA(k=4),12,10,1,0.79517,rep,6,0.018887,0.025137
BA(k=4),12,10,1,0.79517,rep,7,0.03326,0.013815
BA(k=4),12,10,1,0.79517,rep,8,0.028591,0.026245
BA(k=4),12,10,1,0.79517,rep,9,0.028591,0.052063
BA(k=4),12,10,1,0.79517,rep,10,0.021943,0.021499
BA(k=4),12,10,1,0.79517,avg,10,0.021943,0.037551
BA(k=4),12,10,1,0.79517,sweep,3,0.00801,0.014274
BA(k=4),12,10,1,0.79517,sweep,10,0.03326,0.013815
BA(k=4),12,10,1,0.79517,sweep,30,0.030012,0.037551
BA(k=4),12,10,1,0.79517,sweep,100,0.021943,0.05776
BA(k=4),12,10,1,0.79517,sweep,300,0.021943,0.05776
BA(k=4),12,10,3,0.884731,exact,0,0.073341,0.046765
BA(k=4),12,10,3,0.884731,rep,1,0.068936,0.012976
BA(k=4),12,10,3,0.884731,rep,2,0.073341,0.05758
BA(k=4),12,10,3,0.884731,rep,3,0.076225,0.027
BA(k=4),12,10,3,0.884731,rep,4,0.08056,0.016062
BA(k=4),12,10,3,0.884731,rep,5,0.068936,0.027
BA(k=4),12,10,3,0.884731,rep,6,0.042964,0.055604
BA(k=4),12,10,3,0.884731,rep,7,0.069832,0.026423
BA(k=4),12,10,3,0.884731,rep,8,0.091664,0.016062
BA(k=4),12,10,3,0.884731,rep,9,0.073341,0.027
BA(k=4),12,10,3,0.884731,rep,10,0.071399,0.015256
BA(k=4),12,10,3,0.884731,avg,10,0.08056,0.05758
BA(k=4),12,10,3,0.884731,sweep,3,0.076443,0.022412
BA(k=4),12,10,3,0.884731,sweep,10,0.08056,0.026707
BA(k=4),12,10,3,0.884731,sweep,30,0.070615,0.046765
BA(k=4),12,10,3,0.884731,sweep,100,0.073341,0.055604
BA(k=4),12,10,3,0.884731,sweep,300,0.073341,0.074914
WS(k=4;b=0.1),12,1,1,0.833172,exact,0,0.028676,0.038759
WS(k=4;b=0.1),12,1,1,0.833172,rep,1,0.023376,0.031123
WS(k=4;b=0.1),12,1,1,0.833172,rep,2,0.023376,0.010407
WS(k=4;b=0.1),12,1,1,0.833172,rep,3,0.042777,0.016312
WS(k=4;b=0.1),12,1,1,0.833172,rep,4,0.019328,0.018445
WS(k=4;b=0.1),12,1,1,0.833172,rep,5,0.028676,0.016312
WS(k=4;b=0.1),12,1,1,0.833172,rep,6,0.028676,0.031123
WS(k=4;b=0.1),12,1,1,0.833172,rep,7,0.028676,0.016312
WS(k=4;b=0.1),12,1,1,0.833172,rep,8,0.028676,0.016312
WS(k=4;b=0.1),12,1,1,0.833172,rep,9,0.018139,0.02336
WS(k=4;b=0.1),12,1,1,0.833172,rep,10,0.05873,0.031357
WS(k=4;b=0.1),12,1,1,0.833172,avg,10,0.028676,0.02336
WS(k=4;b=0.1),12,1,1,0.833172,sweep,3,0.005645,0.024293
WS(k=4;b=0.1),12,1,1,0.833172,sweep,10,0.041721,0.016312
WS(k=4;b=0.1),12,1,1,0.833172,sweep,30,0.023376,0.016312
WS(k=4;b=0.1),12,1,1,0.833172,sweep,100,0.028676,0.016312
WS(k=4;b=0.1),12,1,1,0.833172,sweep,300,0.028676,0.02336
WS(k=4;b=0.1),12,1,3,0.907038,exact,0,0.055503,0.020827
WS(k=4;b=0.1),12,1,3,0.907038,rep,1,0.064759,0.028801
WS(k=4;b=0.1),12,1,3,0.907038,rep,2,0.045379,0.010397
WS(k=4;b=0.1),12,1,3,0.907038,rep,3,0.091057,0.020827
WS(k=4;b=0.1),12,1,3,0.907038,rep,4,0.058818,0.021386
WS(k=4;b=0.1),12,1,3,0.907038,rep,5,0.080907,0.028801
WS(k=4;b=0.1),12,1,3,0.907038,rep,6,0.075604,0.010397
WS(k=4;b=0.1),12,1,3,0.907038,rep,7,0.062216,0.010397
WS(k=4;b=0.1),12,1,3,0.907038,rep,8,0.017554,0.004905
WS(k=4;b=0.1),12,1,3,0.907038,rep,9,0.055503,0.010397
WS(k=4;b=0.1),12,1,3,0.907038,rep,10,0.091057,0.020827
WS(k=4;b=0.1),12,1,3,0.907038,avg,10,0.075604,0.020827
WS(k=4;b=0.1),12,1,3,0.907038,sweep,3,0.048917,0.013393
WS(k=4;b=0.1),12,1,3,0.907038,sweep,10,0.093132,0.010397
WS(k=4;b=0.1),12,1,3,0.907038,sweep,30,0.064759,0.010397
WS(k=4;b=0.1),12,1,3,0.907038,sweep,100,0.075604,0.010397
WS(k=4;b=0.1),12,1,3,0.907038,sweep,300,0.055503,0.020827
WS(k=4;b=0.1),12,2,1,0.827806,exact,0,0.025795,0.041019
WS(k=4;b=0.1),12,2,1,0.827806,rep,1,0.037181,0.008822
WS(k=4;b=0.1),12,2,1,0.827806,rep,2,0.030662,0.007267
WS(k=4;b=0.1),12,2,1,0.827806,rep,3,0.02063,0.049123
WS(k=4;b=0.1),12,2,1,0.827806,rep,4,0.030662,0.053652
WS(k=4;b=0.1),12,2,1,0.827806,rep,5,0.064169,0.004273
WS(k=4;b=0.1),12,2,1,0.827806,rep,6,0.02063,0.012034
WS(k=4;b=0.1),12,2,1,0.827806,rep,7,0.007611,0.03348
WS(k=4;b=0.1),12,2,1,0.827806,rep,8,0.037181,0.004273
WS(k=4;b=0.1),12,2,1,0.827806,rep,9,0.064169,0.008822
WS(k=4;b=0.1),12,2,1,0.827806,rep,10,0.030662,0.018036
WS(k=4;b=0.1),12,2,1,0.827806,avg,10,0.038239,0.018036
WS(k=4;b=0.1),12,2,1,0.827806,sweep,3,0.017018,0.015846
WS(k=4;b=0.1),12,2,1,0.827806,sweep,10,0.02063,0.018036
WS(k=4;b=0.1),12,2,1,0.827806,sweep,30,0.025795,0.041019
WS(k=4;b=0.1),12,2,1,0.827806,sweep,100,0.025795,0.041019
WS(k=4;b=0.1),12,2,1,0.827806,sweep,300,0.025795,0.041019
WS(k=4;b=0.1),12,2,3,0.904593,exact,0,0.056546,0.019401
WS(k=4;b=0.1),12,2,3,0.904593,rep,1,0.085912,0.004142
WS(k=4;b=0.1),12,2,3,0.904593,rep,2,0.056546,0.019401
WS(k=4;b=0.1),12,2,3,0.904593,rep,3,0.059956,0.031431
WS(k=4;b=0.1),12,2,3,0.904593,rep,4,0.081905,0.004142
WS(k=4;b=0.1),12,2,3,0.904593,rep,5,0.084367,0.017055
WS(k=4;b=0.1),12,2,3,0.904593,rep,6,0.066172,0.035237
WS(k=4;b=0.1),12,2,3,0.904593,rep,7,0.060891,0.004142
WS(k=4;b=0.1),12,2,3,0.904593,rep,8,0.060194,0.009153
WS(k=4;b=0.1),12,2,3,0.904593,rep,9,0.059208,0.034577
WS(k=4;b=0.1),12,2,3,0.904593,rep,10,0.076161,0.009153
WS(k=4;b=0.1),12,2,3,0.904593,avg,10,0.076161,0.019401
WS(k=4;b=0.1),12,2,3,0.904593,sweep,3,0.065029,0.009836
WS(k=4;b=0.1),12,2,3,0.904593,sweep,10,0.059023,0.009153
WS(k=4;b=0.1),12,2,3,0.904593,sweep,30,0.056546,0.034577
WS(k=4;b=0.1),12,2,3,0.904593,sweep,100,0.056546,0.019401
WS(k=4;b=0.1),12,2,3,0.904593,sweep,300,0.056546,0.019401
WS(k=4;b=0.1),12,3,1,0.832641,exact,0,0.028427,0.03806
WS(k=4;b=0.1),12,3,1,0.832641,rep,1,0.033712,0.023673
WS(k=4;b=0.1),12,3,1,0.832641,rep,2,0.040004,0.022954
WS(k=4;b=0.1),12,3,1,0.832641,rep,3,0.023224,0.005612
WS(k=4;b=0.1),12,3,1,0.832641,rep,4,0.028427,0.022954
WS(k=4;b=0.1),12,3,1,0.832641,rep,5,0.027399,0.030898
WS(k=4;b=0.1),12,3,1,0.832641,rep,6,0.023224,0.03806
WS(k=4;b=0.1),12,3,1,0.832641,rep,7,0.033712,0.015965
WS(k=4;b=0.1),12,3,1,0.832641,rep,8,0.015699,0.010121
WS(k=4;b=0.1),12,3,1,0.832641,rep,9,0.041396,0.022954
WS(k=4;b=0.1),12,3,1,0.832641,rep,10,0.023224,0.023673
WS(k=4;b=0.1),12,3,1,0.832641,avg,10,0.033712,0.022954
WS(k=4;b=0.1),12,3,1,0.832641,sweep,3,0.046554,0.002636
WS(k=4;b=0.1),12,3,1,0.832641,sweep,10,0.048567,0.015965
WS(k=4;b=0.1),12,3,1,0.832641,sweep,30,0.028427,0.030898
WS(k=4;b=0.1),12,3,1,0.832641,sweep,100,0.033712,0.015965
WS(k=4;b=0.1),12,3,1,0.832641,sweep,300,0.028427,0.03806
WS(k=4;b=0.1),12,3,3,0.924028,exact,0,0.069955,0.025681
WS(k=4;b=0.1),12,3,3,0.924028,rep,1,0.091249,0.011625
WS(k=4;b=0.1),12,3,3,0.924028,rep,2,0.073236,0.006401
WS(k=4;b=0.1),12,3,3,0.924028,rep,3,0.072905,0.025681
WS(k=4;b=0.1),12,3,3,0.924028,rep,4,0.091249,0.011625
WS(k=4;b=0.1),12,3,3,0.924028,rep,5,0.091249,0.011625
WS(k=4;b=0.1),12,3,3,0.924028,rep,6,0.080688,0.016965
WS(k=4;b=0.1),12,3,3,0.924028,rep,7,0.091249,0.025681
WS(k=4;b=0.1),12,3,3,0.924028,rep,8,0.076299,0.004707
WS(k=4;b=0.1),12,3,3,0.924028,rep,9,0.10251,0.006401
WS(k=4;b=0.1),12,3,3,0.924028,rep,10,0.072905,0.011625
WS(k=4;b=0.1),12,3,3,0.924028,avg,10,0.091249,0.025681
WS(k=4;b=0.1),12,3,3,0.924028,sweep,3,0.095061,0.013482
WS(k=4;b=0.1),12,3,3,0.924028,sweep,10,0.06461,0.011625
WS(k=4;b=0.1),12,3,3,0.924028,sweep,30,0.069955,0.041163
WS(k=4;b=0.1),12,3,3,0.924028,sweep,100,0.090039,0.016965
WS(k=4;b=0.1),12,3,3,0.924028,sweep,300,0.069955,0.025681
WS(k=4;b=0.1),12,4,1,0.877542,exact,0,0.027782,0.020136
WS(k=4;b=0.1),12,4,1,0.877542,rep,1,0.013802,0.013606
WS(k=4;b=0.1),12,4,1,0.877542,rep,2,0.027218,0.004608
WS(k=4;b=0.1),12,4,1,0.877542,rep,3,0.041109,0.037573
WS(k=4;b=0.1),12,4,1,0.877542,rep,4,0.046212,0.008388
WS(k=4;b=0.1),12,4,1,0.877542,rep,5,0.022094,0.004608
WS(k=4;b=0.1),12,4,1,0.877542,rep,6,0.04299,0.004608
WS(k=4;b=0.1),12,4,1,0.877542,rep,7,0.017205,0.015879
WS(k=4;b=0.1),12,4,1,0.877542,rep,8,0.022094,0.009519
WS(k=4;b=0.1),12,4,1,0.877542,rep,9,0.041109,0.020136
WS(k=4;b=0.1),12,4,1,0.877542,rep,10,0.022094,0.004608
WS(k=4;b=0.1),12,4,1,0.877542,avg,10,0.027782,0.020136
WS(k=4;b=0.1),12,4,1,0.877542,sweep,3,0.003718,0.004608
WS(k=4;b=0.1),12,4,1,0.877542,sweep,10,0.022094,0.020136
WS(k=4;b=0.1),12,4,1,0.877542,sweep,30,0.022094,0.009519
WS(k=4;b=0.1),12,4,1,0.877542,sweep,100,0.027782,0.013606
WS(k=4;b=0.1),12,4,1,0.877542,sweep,300,0.027782,0.020136
WS(k=4;b=0.1),12,4,3,0.956469,exact,0,0.059451,0.01672
WS(k=4;b=0.1),12,4,3,0.956469,rep,1,0.049773,0.005486
WS(k=4;b=0.1),12,4,3,0.956469,rep,2,0.065572,0.011356
WS(k=4;b=0.1),12,4,3,0.956469,rep,3,0.079937,0.006277
WS(k=4;b=0.1),12,4,3,0.956469,rep,4,0.096903,0.006277
WS(k=4;b=0.1),12,4,3,0.956469,rep,5,0.061095,0.006277
WS(k=4;b=0.1),12,4,3,0.956469,rep,6,0.071564,0.006314
WS(k=4;b=0.1),12,4,3,0.956469,rep,7,0.047039,0.019195
WS(k=4;b=0.1),12,4,3,0.956469,rep,8,0.047039,0.006277
WS(k=4;b=0.1),12,4,3,0.956469,rep,9,0.0794,0.011356
WS(k=4;b=0.1),12,4,3,0.956469,rep,10,0.065104,0.006277
WS(k=4;b=0.1),12,4,3,0.956469,avg,10,0.057748,0.011356
WS(k=4;b=0.1),12,4,3,0.956469,sweep,3,0.022993,0.008769
WS(k=4;b=0.1),12,4,3,0.956469,sweep,10,0.068826,0.006314
WS(k=4;b=0.1),12,4,3,0.956469,sweep,30,0.059451,0.01672
WS(k=4;b=0.1),12,4,3,0.956469,sweep,100,0.0794,0.01672
WS(k=4;b=0.1),12,4,3,0.956469,sweep,300,0.059451,0.01672
WS(k=4;b=0.1),12,5,1,0.786067,exact,0,0.025693,0.022752
WS(k=4;b=0.1),12,5,1,0.786067,rep,1,0.036666,0.022752
WS(k=4;b=0.1),12,5,1,0.786067,rep,2,0.030318,0.010733
WS(k=4;b=0.1),12,5,1,0.786067,rep,3,0.037666,0.022752
WS(k=4;b=0.1),12,5,1,0.786067,rep,4,0.0206,0.016229
WS(k=4;b=0.1),12,5,1,0.786067,rep,5,0.025693,0.030138
WS(k=4;b=0.1),12,5,1,0.786067,rep,6,0.025693,0.013049
WS(k=4;b=0.1),12,5,1,0.786067,rep,7,0.039282,0.010733
WS(k=4;b=0.1),12,5,1,0.786067,rep,8,0.007767,0.030815
WS(k=4;b=0.1),12,5,1,0.786067,rep,9,0.007767,0.037824
WS(k=4;b=0.1),12,5,1,0.786067,rep,10,0.013099,0.010733
WS(k=4;b=0.1),12,5,1,0.786067,avg,10,0.0206,0.045419
WS(k=4;b=0.1),12,5,1,0.786067,sweep,3,0.016089,0.024526
WS(k=4;b=0.1),12,5,1,0.786067,sweep,10,0.047459,0.003545
WS(k=4;b=0.1),12,5,1,0.786067,sweep,30,0.025693,0.016229
WS(k=4;b=0.1),12,5,1,0.786067,sweep,100,0.025693,0.022752
WS(k=4;b=0.1),12,5,1,0.786067,sweep,300,0.025693,0.022752
WS(k=4;b=0.1),12,5,3,0.865869,exact,0,0.061368,0.020049
WS(k=4;b=0.1),12,5,3,0.865869,rep,1,0.065278,0.010332
WS(k=4;b=0.1),12,5,3,0.865869,rep,2,0.085831,0.015917
WS(k=4;b=0.1),12,5,3,0.865869,rep,3,0.066434,0.006199
WS(k=4;b=0.1),12,5,3,0.865869,rep,4,0.061368,0.022176
WS(k=4;b=0.1),12,5,3,0.865869,rep,5,0.0806,0.010332
WS(k=4;b=0.1),12,5,3,0.865869,rep,6,0.061368,0.020049
WS(k=4;b=0.1),12,5,3,0.865869,rep,7,0.096086,0.010332
WS(k=4;b=0.1),12,5,3,0.865869,rep,8,0.062314,0.006973
WS(k=4;b=0.1),12,5,3,0.865869,rep,9,0.051715,0.015917
WS(k=4;b=0.1),12,5,3,0.865869,rep,10,0.064656,0.010332
WS(k=4;b=0.1),12,5,3,0.865869,avg,10,0.061368,0.015917
WS(k=4;b=0.1),12,5,3,0.865869,sweep,3,0.064887,0.022176
WS(k=4;b=0.1),12,5,3,0.865869,sweep,10,0.096537,0.006199
WS(k=4;b=0.1),12,5,3,0.865869,sweep,30,0.066434,0.020049
WS(k=4;b=0.1),12,5,3,0.865869,sweep,100,0.061368,0.020049
WS(k=4;b=0.1),12,5,3,0.865869,sweep,300,0.061368,0.020049
WS(k=4;b=0.1),12,6,1,0.825346,exact,0,0.024581,0.020367
WS(k=4;b=0.1),12,6,1,0.825346,rep,1,0.024581,0.001471
WS(k=4;b=0.1),12,6,1,0.825346,rep,2,0.029004,0.019546
WS(k=4;b=0.1),12,6,1,0.825346,rep,3,0.019096,0.009221
WS(k=4;b=0.1),12,6,1,0.825346,rep,4,0.006295,0.027468
WS(k=4;b=0.1),12,6,1,0.825346,rep,5,0.041283,0.004653
WS(k=4;b=0.1),12,6,1,0.825346,rep,6,0.024581,0.009342
WS(k=4;b=0.1),12,6,1,0.825346,rep,7,0.003251,0.035334
WS(k=4;b=0.1),12,6,1,0.825346,rep,8,0.014998,0.037776
WS(k=4;b=0.1),12,6,1,0.825346,rep,9,0.110175,0.0
WS(k=4;b=0.1),12,6,1,0.825346,rep,10,0.019096,0.020367
WS(k=4;b=0.1),12,6,1,0.825346,avg,10,0.019096,0.014217
WS(k=4;b=0.1),12,6,1,0.825346,sweep,3,0.045201,0.0
WS(k=4;b=0.1),12,6,1,0.825346,sweep,10,0.037639,0.009221
WS(k=4;b=0.1),12,6,1,0.825346,sweep,30,0.011545,0.004653
WS(k=4;b=0.1),12,6,1,0.825346,sweep,100,0.036779,0.020367
WS(k=4;b=0.1),12,6,1,0.825346,sweep,300,0.024581,0.020367
WS(k=4;b=0.1),12,6,3,0.893033,exact,0,0.050389,0.005074
WS(k=4;b=0.1),12,6,3,0.893033,rep,1,0.073078,0.016533
WS(k=4;b=0.1),12,6,3,0.893033,rep,2,0.068897,0.005278
WS(k=4;b=0.1),12,6,3,0.893033,rep,3,0.050389,0.005278
WS(k=4;b=0.1),12,6,3,0.893033,rep,4,0.036078,0.017707
WS(k=4;b=0.1),12,6,3,0.893033,rep,5,0.090499,0.005074
WS(k=4;b=0.1),12,6,3,0.893033,rep,6,0.049373,0.038354
WS(k=4;b=0.1),12,6,3,0.893033,rep,7,0.036078,0.017707
WS(k=4;b=0.1),12,6,3,0.893033,rep,8,0.036078,0.005074
WS(k=4;b=0.1),12,6,3,0.893033,rep,9,0.209692,0.018996
WS(k=4;b=0.1),12,6,3,0.893033,rep,10,0.036597,0.005074
WS(k=4;b=0.1),12,6,3,0.893033,avg,10,0.050389,0.005278
WS(k=4;b=0.1),12,6,3,0.893033,sweep,3,0.052227,0.01604
WS(k=4;b=0.1),12,6,3,0.893033,sweep,10,0.076753,0.005074
WS(k=4;b=0.1),12,6,3,0.893033,sweep,30,0.039834,0.017707
WS(k=4;b=0.1),12,6,3,0.893033,sweep,100,0.068724,0.005074
WS(k=4;b=0.1),12,6,3,0.893033,sweep,300,0.050389,0.005074
WS(k=4;b=0.1),12,7,1,0.873247,exact,0,0.025817,0.020249
WS(k=4;b=0.1),12,7,1,0.873247,rep,1,0.012284,0.027418
WS(k=4;b=0.1),12,7,1,0.873247,rep,2,0.025671,0.009399
WS(k=4;b=0.1),12,7,1,0.873247,rep,3,0.030522,0.004656
WS(k=4;b=0.1),12,7,1,0.873247,rep,4,0.012284,0.014062
WS(k=4;b=0.1),12,7,1,0.873247,rep,5,0.02016,0.014062
WS(k=4;b=0.1),12,7,1,0.873247,rep,6,0.030522,0.001452
WS(k=4;b=0.1),12,7,1,0.873247,rep,7,0.030522,0.014062
WS(k=4;b=0.1),12,7,1,0.873247,rep,8,0.02016,0.004656
WS(k=4;b=0.1),12,7,1,0.873247,rep,9,0.02016,0.015472
WS(k=4;b=0.1),12,7,1,0.873247,rep,10,0.038949,0.001452
WS(k=4;b=0.1),12,7,1,0.873247,avg,10,0.02016,0.020249
WS(k=4;b=0.1),12,7,1,0.873247,sweep,3,0.021685,0.014062
WS(k=4;b=0.1),12,7,1,0.873247,sweep,10,0.038617,0.014062
WS(k=4;b=0.1),12,7,1,0.873247,sweep,30,0.02016,0.020249
WS(k=4;b=0.1),12,7,1,0.873247,sweep,100,0.02016,0.014062
WS(k=4;b=0.1),12,7,1,0.873247,sweep,300,0.025817,0.014062
WS(k=4;b=0.1),12,7,3,0.945042,exact,0,0.053069,0.008588
WS(k=4;b=0.1),12,7,3,0.945042,rep,1,0.057735,0.003549
WS(k=4;b=0.1),12,7,3,0.945042,rep,2,0.045269,0.023169
WS(k=4;b=0.1),12,7,3,0.945042,rep,3,0.072702,0.014548
WS(k=4;b=0.1),12,7,3,0.945042,rep,4,0.053699,0.003549
WS(k=4;b=0.1),12,7,3,0.945042,rep,5,0.061805,0.003549
WS(k=4;b=0.1),12,7,3,0.945042,rep,6,0.081543,0.014548
WS(k=4;b=0.1),12,7,3,0.945042,rep,7,0.077301,0.008588
WS(k=4;b=0.1),12,7,3,0.945042,rep,8,0.061071,0.014548
WS(k=4;b=0.1),12,7,3,0.945042,rep,9,0.053069,0.003549
WS(k=4;b=0.1),12,7,3,0.945042,rep,10,0.050826,0.003549
WS(k=4;b=0.1),12,7,3,0.945042,avg,10,0.053069,0.008588
WS(k=4;b=0.1),12,7,3,0.945042,sweep,3,0.078093,0.003549
WS(k=4;b=0.1),12,7,3,0.945042,sweep,10,0.072438,0.003549
WS(k=4;b=0.1),12,7,3,0.945042,sweep,30,0.053069,0.003549
WS(k=4;b=0.1),12,7,3,0.945042,sweep,100,0.053069,0.016661
WS(k=4;b=0.1),12,7,3,0.945042,sweep,300,0.072702,0.008588
WS(k=4;b=0.1),12,8,1,0.83655,exact,0,0.030178,0.038245
WS(k=4;b=0.1),12,8,1,0.83655,rep,1,0.041929,0.009666
WS(k=4;b=0.1),12,8,1,0.83655,rep,2,0.024954,0.042257
WS(k=4;b=0.1),12,8,1,0.83655,rep,3,0.016453,0.01695
WS(k=4;b=0.1),12,8,1,0.83655,rep,4,0.031643,0.009666
WS(k=4;b=0.1),12,8,1,0.83655,rep,5,0.030178,0.042257
WS(k=4;b=0.1),12,8,1,0.83655,rep,6,0.019244,0.023099
WS(k=4;b=0.1),12,8,1,0.83655,rep,7,0.024954,0.01577
WS(k=4;b=0.1),12,8,1,0.83655,rep,8,0.041929,0.003489
WS(k=4;b=0.1),12,8,1,0.83655,rep,9,0.030178,0.01577
WS(k=4;b=0.1),12,8,1,0.83655,rep,10,0.043628,0.023099
WS(k=4;b=0.1),12,8,1,0.83655,avg,10,0.030178,0.038245
WS(k=4;b=0.1),12,8,1,0.83655,sweep,3,0.030178,0.000784
WS(k=4;b=0.1),12,8,1,0.83655,sweep,10,0.016453,0.030196
WS(k=4;b=0.1),12,8,1,0.83655,sweep,30,0.019244,0.030196
WS(k=4;b=0.1),12,8,1,0.83655,sweep,100,0.030178,0.038245
WS(k=4;b=0.1),12,8,1,0.83655,sweep,300,0.030178,0.038245
WS(k=4;b=0.1),12,8,3,0.923861,exact,0,0.066668,0.017912
WS(k=4;b=0.1),12,8,3,0.923861,rep,1,0.0773,0.017912
WS(k=4;b=0.1),12,8,3,0.923861,rep,2,0.077256,0.017912
WS(k=4;b=0.1),12,8,3,0.923861,rep,3,0.06893,0.013587
WS(k=4;b=0.1),12,8,3,0.923861,rep,4,0.03648,0.013231
WS(k=4;b=0.1),12,8,3,0.923861,rep,5,0.093447,0.007098
WS(k=4;b=0.1),12,8,3,0.923861,rep,6,0.06893,0.02214
WS(k=4;b=0.1),12,8,3,0.923861,rep,7,0.06893,0.02214
WS(k=4;b=0.1),12,8,3,0.923861,rep,8,0.07127,0.031106
WS(k=4;b=0.1),12,8,3,0.923861,rep,9,0.067896,0.013231
WS(k=4;b=0.1),12,8,3,0.923861,rep,10,0.087969,0.010331
WS(k=4;b=0.1),12,8,3,0.923861,avg,10,0.067896,0.017912
WS(k=4;b=0.1),12,8,3,0.923861,sweep,3,0.064962,0.007818
WS(k=4;b=0.1),12,8,3,0.923861,sweep,10,0.05498,0.010331
WS(k=4;b=0.1),12,8,3,0.923861,sweep,30,0.066668,0.017912
WS(k=4;b=0.1),12,8,3,0.923861,sweep,100,0.066668,0.017912
WS(k=4;b=0.1),12,8,3,0.923861,sweep,300,0.066668,0.017912
WS(k=4;b=0.1),12,9,1,0.789259,exact,0,0.02702,0.023068
WS(k=4;b=0.1),12,9,1,0.789259,rep,1,0.021963,0.016219
WS(k=4;b=0.1),12,9,1,0.789259,rep,2,0.021963,0.046205
WS(k=4;b=0.1),12,9,1,0.789259,rep,3,0.047358,0.007838
WS(k=4;b=0.1),12,9,1,0.789259,rep,4,0.014175,0.010453
WS(k=4;b=0.1),12,9,1,0.789259,rep,5,0.040424,0.023068
WS(k=4;b=0.1),12,9,1,0.789259,rep,6,0.008604,0.016219
WS(k=4;b=0.1),12,9,1,0.789259,rep,7,0.014175,0.010453
WS(k=4;b=0.1),12,9,1,0.789259,rep,8,0.021963,0.016219
WS(k=4;b=0.1),12,9,1,0.789259,rep,9,0.014541,0.010453
WS(k=4;b=0.1),12,9,1,0.789259,rep,10,0.038101,0.016219
WS(k=4;b=0.1),12,9,1,0.789259,avg,10,0.021963,0.023068
WS(k=4;b=0.1),12,9,1,0.789259,sweep,3,0.014175,0.013729
WS(k=4;b=0.1),12,9,1,0.789259,sweep,10,0.039393,0.016219
WS(k=4;b=0.1),12,9,1,0.789259,sweep,30,0.046302,0.013466
WS(k=4;b=0.1),12,9,1,0.789259,sweep,100,0.021963,0.016219
WS(k=4;b=0.1),12,9,1,0.789259,sweep,300,0.02702,0.016219
WS(k=4;b=0.1),12,9,3,0.871514,exact,0,0.063908,0.018319
WS(k=4;b=0.1),12,9,3,0.871514,rep,1,0.063908,0.016273
WS(k=4;b=0.1),12,9,3,0.871514,rep,2,0.057108,0.01269
WS(k=4;b=0.1),12,9,3,0.871514,rep,3,0.063033,0.008281
WS(k=4;b=0.1),12,9,3,0.871514,rep,4,0.053002,0.018319
WS(k=4;b=0.1),12,9,3,0.871514,rep,5,0.089115,0.01269
WS(k=4;b=0.1),12,9,3,0.871514,rep,6,0.051321,0.01269
WS(k=4;b=0.1),12,9,3,0.871514,rep,7,0.053856,0.025458
WS(k=4;b=0.1),12,9,3,0.871514,rep,8,0.073117,0.008281
WS(k=4;b=0.1),12,9,3,0.871514,rep,9,0.047565,0.016273
WS(k=4;b=0.1),12,9,3,0.871514,rep,10,0.057108,0.025458
WS(k=4;b=0.1),12,9,3,0.871514,avg,10,0.063908,0.018319
WS(k=4;b=0.1),12,9,3,0.871514,sweep,3,0.053856,0.008074
WS(k=4;b=0.1),12,9,3,0.871514,sweep,10,0.083339,0.008281
WS(k=4;b=0.1),12,9,3,0.871514,sweep,30,0.092098,0.01269
WS(k=4;b=0.1),12,9,3,0.871514,sweep,100,0.063908,0.016273
WS(k=4;b=0.1),12,9,3,0.871514,sweep,300,0.063908,0.018319
WS(k=4;b=0.1),12,10,1,0.873604,exact,0,0.025987,0.028184
WS(k=4;b=0.1),12,10,1,0.873604,rep,1,0.003632,0.014401
WS(k=4;b=0.1),12,10,1,0.873604,rep,2,0.055436,0.009629
WS(k=4;b=0.1),12,10,1,0.873604,rep,3,0.00683,0.020777
WS(k=4;b=0.1),12,10,1,0.873604,rep,4,0.015811,0.009629
WS(k=4;b=0.1),12,10,1,0.873604,rep,5,0.038842,0.028184
WS(k=4;b=0.1),12,10,1,0.873604,rep,6,0.012343,0.014401
WS(k=4;b=0.1),12,10,1,0.873604,rep,7,0.025987,0.004768
WS(k=4;b=0.1),12,10,1,0.873604,rep,8,0.00683,0.009629
WS(k=4;b=0.1),12,10,1,0.873604,rep,9,0.020275,0.020777
WS(k=4;b=0.1),12,10,1,0.873604,rep,10,0.038842,0.009629
WS(k=4;b=0.1),12,10,1,0.873604,avg,10,0.020275,0.020777
WS(k=4;b=0.1),12,10,1,0.873604,sweep,3,0.000505,0.001489
WS(k=4;b=0.1),12,10,1,0.873604,sweep,10,0.020275,0.014401
WS(k=4;b=0.1),12,10,1,0.873604,sweep,30,0.030695,0.020777
WS(k=4;b=0.1),12,10,1,0.873604,sweep,100,0.025987,0.020777
WS(k=4;b=0.1),12,10,1,0.873604,sweep,300,0.020275,0.028184
WS(k=4;b=0.1),12,10,3,0.943366,exact,0,0.050788,0.013915
WS(k=4;b=0.1),12,10,3,0.943366,rep,1,0.032248,0.015918
WS(k=4;b=0.1),12,10,3,0.943366,rep,2,0.092143,0.01179
WS(k=4;b=0.1),12,10,3,0.943366,rep,3,0.033373,0.001646
WS(k=4;b=0.1),12,10,3,0.943366,rep,4,0.042004,0.001646
WS(k=4;b=0.1),12,10,3,0.943366,rep,5,0.070682,0.001646
WS(k=4;b=0.1),12,10,3,0.943366,rep,6,0.056736,0.001646
WS(k=4;b=0.1),12,10,3,0.943366,rep,7,0.070682,0.013915
WS(k=4;b=0.1),12,10,3,0.943366,rep,8,0.054443,0.001646
WS(k=4;b=0.1),12,10,3,0.943366,rep,9,0.059586,0.013915
WS(k=4;b=0.1),12,10,3,0.943366,rep,10,0.061773,0.013915
WS(k=4;b=0.1),12,10,3,0.943366,avg,10,0.050788,0.001646
WS(k=4;b=0.1),12,10,3,0.943366,sweep,3,0.040656,0.001646
WS(k=4;b=0.1),12,10,3,0.943366,sweep,10,0.050788,0.006752
WS(k=4;b=0.1),12,10,3,0.943366,sweep,30,0.070682,0.006752
WS(k=4;b=0.1),12,10,3,0.943366,sweep,100,0.050788,0.013915
WS(k=4;b=0.1),12,10,3,0.943366,sweep,300,0.050788,0.013915
WS(k=4;b=0.5),12,1,1,0.845243,exact,0,0.035189,0.079965
WS(k=4;b=0.5),12,1,1,0.845243,rep,1,0.030164,0.025087
WS(k=4;b=0.5),12,1,1,0.845243,rep,2,0.035189,0.042373
WS(k=4;b=0.5),12,1,1,0.845243,rep,3,0.023408,0.055869
WS(k=4;b=0.5),12,1,1,0.845243,rep,4,0.048483,0.025087
WS(k=4;b=0.5),12,1,1,0.845243,rep,5,0.065196,0.01314
WS(k=4;b=0.5),12,1,1,0.845243,rep,6,0.035189,0.025087
WS(k=4;b=0.5),12,1,1,0.845243,rep,7,0.035189,0.01796
WS(k=4;b=0.5),12,1,1,0.845243,rep,8,0.047083,0.042373
WS(k=4;b=0.5),12,1,1,0.845243,rep,9,0.048483,0.042408
WS(k=4;b=0.5),12,1,1,0.845243,rep,10,0.021032,0.027926
WS(k=4;b=0.5),12,1,1,0.845243,avg,10,0.035189,0.050855
WS(k=4;b=0.5),12,1,1,0.845243,sweep,3,0.019836,0.007792
WS(k=4;b=0.5),12,1,1,0.845243,sweep,10,0.021032,0.01796
WS(k=4;b=0.5),12,1,1,0.845243,sweep,30,0.047083,0.050855
WS(k=4;b=0.5),12,1,1,0.845243,sweep,100,0.035189,0.079965
WS(k=4;b=0.5),12,1,1,0.845243,sweep,300,0.035189,0.079965
WS(k=4;b=0.5),12,1,3,0.935996,exact,0,0.071062,0.040321
WS(k=4;b=0.5),12,1,3,0.935996,rep,1,0.081956,0.025199
WS(k=4;b=0.5),12,1,3,0.935996,rep,2,0.071062,0.013061
WS(k=4;b=0.5),12,1,3,0.935996,rep,3,0.071062,0.007878
WS(k=4;b=0.5),12,1,3,0.935996,rep,4,0.074544,0.040321
WS(k=4;b=0.5),12,1,3,0.935996,rep,5,0.094915,0.013061
WS(k=4;b=0.5),12,1,3,0.935996,rep,6,0.064418,0.013061
WS(k=4;b=0.5),12,1,3,0.935996,rep,7,0.092976,0.025199
WS(k=4;b=0.5),12,1,3,0.935996,rep,8,0.093006,0.013061
WS(k=4;b=0.5),12,1,3,0.935996,rep,9,0.094163,0.013061
WS(k=4;b=0.5),12,1,3,0.935996,rep,10,0.074084,0.031496
WS(k=4;b=0.5),12,1,3,0.935996,avg,10,0.092976,0.040321
WS(k=4;b=0.5),12,1,3,0.935996,sweep,3,0.102939,0.0
WS(k=4;b=0.5),12,1,3,0.935996,sweep,10,0.059864,0.031059
WS(k=4;b=0.5),12,1,3,0.935996,sweep,30,0.092976,0.024052
WS(k=4;b=0.5),12,1,3,0.935996,sweep,100,0.068893,0.040321
WS(k=4;b=0.5),12,1,3,0.935996,sweep,300,0.071062,0.040321
WS(k=4;b=0.5),12,2,1,0.832221,exact,0,0.028295,0.035157
WS(k=4;b=0.5),12,2,1,0.832221,rep,1,0.033595,0.021285
WS(k=4;b=0.5),12,2,1,0.832221,rep,2,0.005877,0.02179
WS(k=4;b=0.5),12,2,1,0.832221,rep,3,0.027237,0.021285
WS(k=4;b=0.5),12,2,1,0.832221,rep,4,0.041187,0.009209
WS(k=4;b=0.5),12,2,1,0.832221,rep,5,0.033595,0.00499
WS(k=4;b=0.5),12,2,1,0.832221,rep,6,0.017907,0.02808
WS(k=4;b=0.5),12,2,1,0.832221,rep,7,0.028295,0.035157
WS(k=4;b=0.5),12,2,1,0.832221,rep,8,0.015152,0.04613
WS(k=4;b=0.5),12,2,1,0.832221,rep,9,0.033595,0.02808
WS(k=4;b=0.5),12,2,1,0.832221,rep,10,0.015152,0.009209
WS(k=4;b=0.5),12,2,1,0.832221,avg,10,0.028295,0.035157
WS(k=4;b=0.5),12,2,1,0.832221,sweep,3,0.027237,0.009209
WS(k=4;b=0.5),12,2,1,0.832221,sweep,10,0.041187,0.014703
WS(k=4;b=0.5),12,2,1,0.832221,sweep,30,0.017907,0.014703
WS(k=4;b=0.5),12,2,1,0.832221,sweep,100,0.023197,0.042875
WS(k=4;b=0.5),12,2,1,0.832221,sweep,300,0.028295,0.035157
WS(k=4;b=0.5),12,2,3,0.914179,exact,0,0.061682,0.020849
WS(k=4;b=0.5),12,2,3,0.914179,rep,1,0.082358,0.040038
WS(k=4;b=0.5),12,2,3,0.914179,rep,2,0.0473,0.027128
WS(k=4;b=0.5),12,2,3,0.914179,rep,3,0.046562,0.027128
WS(k=4;b=0.5),12,2,3,0.914179,rep,4,0.088781,0.010008
WS(k=4;b=0.5),12,2,3,0.914179,rep,5,0.071954,0.00462
WS(k=4;b=0.5),12,2,3,0.914179,rep,6,0.064613,0.010008
WS(k=4;b=0.5),12,2,3,0.914179,rep,7,0.036393,0.010008
WS(k=4;b=0.5),12,2,3,0.914179,rep,8,0.065538,0.00462
WS(k=4;b=0.5),12,2,3,0.914179,rep,9,0.094533,0.010008
WS(k=4;b=0.5),12,2,3,0.914179,rep,10,0.050601,0.018812
WS(k=4;b=0.5),12,2,3,0.914179,avg,10,0.061682,0.020849
WS(k=4;b=0.5),12,2,3,0.914179,sweep,3,0.063281,0.010008
WS(k=4;b=0.5),12,2,3,0.914179,sweep,10,0.098432,0.010008
WS(k=4;b=0.5),12,2,3,0.914179,sweep,30,0.050601,0.027128
WS(k=4;b=0.5),12,2,3,0.914179,sweep,100,0.061682,0.018812
WS(k=4;b=0.5),12,2,3,0.914179,sweep,300,0.061682,0.020849
WS(k=4;b=0.5),12,3,1,0.764643,exact,0,0.03398,0.063349
WS(k=4;b=0.5),12,3,1,0.764643,rep,1,0.014348,0.014987
WS(k=4;b=0.5),12,3,1,0.764643,rep,2,0.021075,0.076395
WS(k=4;b=0.5),12,3,1,0.764643,rep,3,0.068791,0.011528
WS(k=4;b=0.5),12,3,1,0.764643,rep,4,0.014776,0.014987
WS(k=4;b=0.5),12,3,1,0.764643,rep,5,0.044737,0.029288
WS(k=4;b=0.5),12,3,1,0.764643,rep,6,0.03398,0.036668
WS(k=4;b=0.5),12,3,1,0.764643,rep,7,0.02302,0.029288
WS(k=4;b=0.5),12,3,1,0.764643,rep,8,0.057582,0.006159
WS(k=4;b=0.5),12,3,1,0.764643,rep,9,0.047183,0.014987
WS(k=4;b=0.5),12,3,1,0.764643,rep,10,0.045686,0.021595
WS(k=4;b=0.5),12,3,1,0.764643,avg,10,0.03398,0.071682
WS(k=4;b=0.5),12,3,1,0.764643,sweep,3,0.060786,0.014987
WS(k=4;b=0.5),12,3,1,0.764643,sweep,10,0.047183,0.014987
WS(k=4;b=0.5),12,3,1,0.764643,sweep,30,0.03398,0.055421
WS(k=4;b=0.5),12,3,1,0.764643,sweep,100,0.03398,0.044774
WS(k=4;b=0.5),12,3,1,0.764643,sweep,300,0.03398,0.063349
WS(k=4;b=0.5),12,3,3,0.875523,exact,0,0.089118,0.078579
WS(k=4;b=0.5),12,3,3,0.875523,rep,1,0.054991,0.060667
WS(k=4;b=0.5),12,3,3,0.875523,rep,2,0.077263,0.042107
WS(k=4;b=0.5),12,3,3,0.875523,rep,3,0.095257,0.060193
WS(k=4;b=0.5),12,3,3,0.875523,rep,4,0.077263,0.041196
WS(k=4;b=0.5),12,3,3,0.875523,rep,5,0.085601,0.034191
WS(k=4;b=0.5),12,3,3,0.875523,rep,6,0.075244,0.034191
WS(k=4;b=0.5),12,3,3,0.875523,rep,7,0.089118,0.042107
WS(k=4;b=0.5),12,3,3,0.875523,rep,8,0.072884,0.048972
WS(k=4;b=0.5),12,3,3,0.875523,rep,9,0.085601,0.02884
WS(k=4;b=0.5),12,3,3,0.875523,rep,10,0.10514,0.048108
WS(k=4;b=0.5),12,3,3,0.875523,avg,10,0.084684,0.087775
WS(k=4;b=0.5),12,3,3,0.875523,sweep,3,0.095257,0.028869
WS(k=4;b=0.5),12,3,3,0.875523,sweep,10,0.121018,0.041196
WS(k=4;b=0.5),12,3,3,0.875523,sweep,30,0.089118,0.078579
WS(k=4;b=0.5),12,3,3,0.875523,sweep,100,0.089118,0.078579
WS(k=4;b=0.5),12,3,3,0.875523,sweep,300,0.089118,0.078579
WS(k=4;b=0.5),12,4,1,0.787335,exact,0,0.026155,0.056736
WS(k=4;b=0.5),12,4,1,0.787335,rep,1,0.053996,0.007291
WS(k=4;b=0.5),12,4,1,0.787335,rep,2,0.008745,0.026271
WS(k=4;b=0.5),12,4,1,0.787335,rep,3,0.066258,0.007291
WS(k=4;b=0.5),12,4,1,0.787335,rep,4,0.018352,0.031267
WS(k=4;b=0.5),12,4,1,0.787335,rep,5,0.014026,0.008696
WS(k=4;b=0.5),12,4,1,0.787335,rep,6,0.026155,0.026271
WS(k=4;b=0.5),12,4,1,0.787335,rep,7,0.052663,0.013956
WS(k=4;b=0.5),12,4,1,0.787335,rep,8,0.036892,0.027387
WS(k=4;b=0.5),12,4,1,0.787335,rep,9,0.014026,0.013956
WS(k=4;b=0.5),12,4,1,0.787335,rep,10,0.031191,0.026271
WS(k=4;b=0.5),12,4,1,0.787335,avg,10,0.026155,0.033048
WS(k=4;b=0.5),12,4,1,0.787335,sweep,3,0.005556,0.026271
WS(k=4;b=0.5),12,4,1,0.787335,sweep,10,0.02149,0.015148
WS(k=4;b=0.5),12,4,1,0.787335,sweep,30,0.026155,0.026271
WS(k=4;b=0.5),12,4,1,0.787335,sweep,100,0.026155,0.033048
WS(k=4;b=0.5),12,4,1,0.787335,sweep,300,0.026155,0.040438
WS(k=4;b=0.5),12,4,3,0.875172,exact,0,0.066132,0.038183
WS(k=4;b=0.5),12,4,3,0.875172,rep,1,0.095155,0.055913
WS(k=4;b=0.5),12,4,3,0.875172,rep,2,0.048408,0.030802
WS(k=4;b=0.5),12,4,3,0.875172,rep,3,0.088877,0.055913
WS(k=4;b=0.5),12,4,3,0.875172,rep,4,0.070634,0.005498
WS(k=4;b=0.5),12,4,3,0.875172,rep,5,0.054934,0.016609
WS(k=4;b=0.5),12,4,3,0.875172,rep,6,0.054934,0.024804
WS(k=4;b=0.5),12,4,3,0.875172,rep,7,0.088877,0.005996
WS(k=4;b=0.5),12,4,3,0.875172,rep,8,0.064339,0.022316
WS(k=4;b=0.5),12,4,3,0.875172,rep,9,0.054934,0.024804
WS(k=4;b=0.5),12,4,3,0.875172,rep,10,0.08625,0.024104
WS(k=4;b=0.5),12,4,3,0.875172,avg,10,0.066132,0.062831
WS(k=4;b=0.5),12,4,3,0.875172,sweep,3,0.074489,0.013939
WS(k=4;b=0.5),12,4,3,0.875172,sweep,10,0.076827,0.024804
WS(k=4;b=0.5),12,4,3,0.875172,sweep,30,0.066132,0.024804
WS(k=4;b=0.5),12,4,3,0.875172,sweep,100,0.063272,0.038183
WS(k=4;b=0.5),12,4,3,0.875172,sweep,300,0.066132,0.038183
WS(k=4;b=0.5),12,5,1,0.795132,exact,0,0.02984,0.059059
WS(k=4;b=0.5),12,5,1,0.795132,rep,1,0.028074,0.01369
WS(k=4;b=0.5),12,5,1,0.795132,rep,2,0.042567,0.020618
WS(k=4;b=0.5),12,5,1,0.795132,rep,3,0.035595,0.02601
WS(k=4;b=0.5),12,5,1,0.795132,rep,4,0.016924,0.019245
WS(k=4;b=0.5),12,5,1,0.795132,rep,5,0.048322,0.019245
WS(k=4;b=0.5),12,5,1,0.795132,rep,6,0.01101,0.019245
WS(k=4;b=0.5),12,5,1,0.795132,rep,7,0.02984,0.033666
WS(k=4;b=0.5),12,5,1,0.795132,rep,8,0.028074,0.02601
WS(k=4;b=0.5),12,5,1,0.795132,rep,9,0.021642,0.02963
WS(k=4;b=0.5),12,5,1,0.795132,rep,10,0.016924,0.02601
WS(k=4;b=0.5),12,5,1,0.795132,avg,10,0.02984,0.050895
WS(k=4;b=0.5),12,5,1,0.795132,sweep,3,0.016924,0.009174
WS(k=4;b=0.5),12,5,1,0.795132,sweep,10,0.042851,0.019245
WS(k=4;b=0.5),12,5,1,0.795132,sweep,30,0.025119,0.02601
WS(k=4;b=0.5),12,5,1,0.795132,sweep,100,0.035595,0.059059
WS(k=4;b=0.5),12,5,1,0.795132,sweep,300,0.02984,0.059059
WS(k=4;b=0.5),12,5,3,0.906733,exact,0,0.088384,0.076903
WS(k=4;b=0.5),12,5,3,0.906733,rep,1,0.076131,0.037676
WS(k=4;b=0.5),12,5,3,0.906733,rep,2,0.09501,0.031049
WS(k=4;b=0.5),12,5,3,0.906733,rep,3,0.088384,0.05609
WS(k=4;b=0.5),12,5,3,0.906733,rep,4,0.088384,0.037676
WS(k=4;b=0.5),12,5,3,0.906733,rep,5,0.118077,0.021568
WS(k=4;b=0.5),12,5,3,0.906733,rep,6,0.077383,0.045794
WS(k=4;b=0.5),12,5,3,0.906733,rep,7,0.076131,0.031049
WS(k=4;b=0.5),12,5,3,0.906733,rep,8,0.065578,0.037676
WS(k=4;b=0.5),12,5,3,0.906733,rep,9,0.092559,0.01366
WS(k=4;b=0.5),12,5,3,0.906733,rep,10,0.073763,0.120148
WS(k=4;b=0.5),12,5,3,0.906733,avg,10,0.088384,0.076903
WS(k=4;b=0.5),12,5,3,0.906733,sweep,3,0.067542,0.006995
WS(k=4;b=0.5),12,5,3,0.906733,sweep,10,0.105503,0.024312
WS(k=4;b=0.5),12,5,3,0.906733,sweep,30,0.087345,0.023265
WS(k=4;b=0.5),12,5,3,0.906733,sweep,100,0.109311,0.073296
WS(k=4;b=0.5),12,5,3,0.906733,sweep,300,0.109311,0.076903
WS(k=4;b=0.5),12,6,1,0.836743,exact,0,0.030547,0.034638
WS(k=4;b=0.5),12,6,1,0.836743,rep,1,0.057967,0.003992
WS(k=4;b=0.5),12,6,1,0.836743,rep,2,0.030547,0.034638
WS(k=4;b=0.5),12,6,1,0.836743,rep,3,0.01118,0.008256
WS(k=4;b=0.5),12,6,1,0.836743,rep,4,0.019621,0.008256
WS(k=4;b=0.5),12,6,1,0.836743,rep,5,0.018506,0.002992
WS(k=4;b=0.5),12,6,1,0.836743,rep,6,0.016906,0.020445
WS(k=4;b=0.5),12,6,1,0.836743,rep,7,0.025395,0.027089
WS(k=4;b=0.5),12,6,1,0.836743,rep,8,0.059523,0.013927
WS(k=4;b=0.5),12,6,1,0.836743,rep,9,0.030547,0.013927
WS(k=4;b=0.5),12,6,1,0.836743,rep,10,0.043968,0.008256
WS(k=4;b=0.5),12,6,1,0.836743,avg,10,0.030547,0.034638
WS(k=4;b=0.5),12,6,1,0.836743,sweep,3,0.001586,0.013927
WS(k=4;b=0.5),12,6,1,0.836743,sweep,10,0.019621,0.034638
WS(k=4;b=0.5),12,6,1,0.836743,sweep,30,0.025395,0.013927
WS(k=4;b=0.5),12,6,1,0.836743,sweep,100,0.019621,0.027089
WS(k=4;b=0.5),12,6,1,0.836743,sweep,300,0.030547,0.034638
WS(k=4;b=0.5),12,6,3,0.915807,exact,0,0.059828,0.033935
WS(k=4;b=0.5),12,6,3,0.915807,rep,1,0.093742,0.008048
WS(k=4;b=0.5),12,6,3,0.915807,rep,2,0.080887,0.01863
WS(k=4;b=0.5),12,6,3,0.915807,rep,3,0.032931,0.033935
WS(k=4;b=0.5),12,6,3,0.915807,rep,4,0.048109,0.008048
WS(k=4;b=0.5),12,6,3,0.915807,rep,5,0.034796,0.055158
WS(k=4;b=0.5),12,6,3,0.915807,rep,6,0.06224,0.008048
WS(k=4;b=0.5),12,6,3,0.915807,rep,7,0.06224,0.021886
WS(k=4;b=0.5),12,6,3,0.915807,rep,8,0.093742,0.021886
WS(k=4;b=0.5),12,6,3,0.915807,rep,9,0.062042,0.037107
WS(k=4;b=0.5),12,6,3,0.915807,rep,10,0.097919,0.002702
WS(k=4;b=0.5),12,6,3,0.915807,avg,10,0.080887,0.033935
WS(k=4;b=0.5),12,6,3,0.915807,sweep,3,0.014498,0.037107
WS(k=4;b=0.5),12,6,3,0.915807,sweep,10,0.06224,0.039392
WS(k=4;b=0.5),12,6,3,0.915807,sweep,30,0.059828,0.01863
WS(k=4;b=0.5),12,6,3,0.915807,sweep,100,0.059828,0.033935
WS(k=4;b=0.5),12,6,3,0.915807,sweep,300,0.059828,0.033935
WS(k=4;b=0.5),12,7,1,0.765067,exact,0,0.034457,0.041638
WS(k=4;b=0.5),12,7,1,0.765067,rep,1,0.030066,0.033887
WS(k=4;b=0.5),12,7,1,0.765067,rep,2,0.014789,0.019858
WS(k=4;b=0.5),12,7,1,0.765067,rep,3,0.021586,0.026974
WS(k=4;b=0.5),12,7,1,0.765067,rep,4,0.045193,0.010664
WS(k=4;b=0.5),12,7,1,0.765067,rep,5,0.038356,0.005541
WS(k=4;b=0.5),12,7,1,0.765067,rep,6,0.047657,0.008561
WS(k=4;b=0.5),12,7,1,0.765067,rep,7,0.015273,0.033887
WS(k=4;b=0.5),12,7,1,0.765067,rep,8,0.047657,0.027232
WS(k=4;b=0.5),12,7,1,0.765067,rep,9,0.045193,0.019858
WS(k=4;b=0.5),12,7,1,0.765067,rep,10,0.034457,0.013574
WS(k=4;b=0.5),12,7,1,0.765067,avg,10,0.034457,0.041638
WS(k=4;b=0.5),12,7,1,0.765067,sweep,3,0.008354,0.026974
WS(k=4;b=0.5),12,7,1,0.765067,sweep,10,0.047657,0.033887
WS(k=4;b=0.5),12,7,1,0.765067,sweep,30,0.034457,0.051483
WS(k=4;b=0.5),12,7,1,0.765067,sweep,100,0.034457,0.041638
WS(k=4;b=0.5),12,7,1,0.765067,sweep,300,0.034457,0.05906
WS(k=4;b=0.5),12,7,3,0.882203,exact,0,0.095317,0.070439
WS(k=4;b=0.5),12,7,3,0.882203,rep,1,0.080969,0.026784
WS(k=4;b=0.5),12,7,3,0.882203,rep,2,0.060364,0.070897
WS(k=4;b=0.5),12,7,3,0.882203,rep,3,0.080969,0.038376
WS(k=4;b=0.5),12,7,3,0.882203,rep,4,0.100256,0.064878
WS(k=4;b=0.5),12,7,3,0.882203,rep,5,0.075485,0.057425
WS(k=4;b=0.5),12,7,3,0.882203,rep,6,0.111486,0.03364
WS(k=4;b=0.5),12,7,3,0.882203,rep,7,0.076995,0.038376
WS(k=4;b=0.5),12,7,3,0.882203,rep,8,0.121745,0.038376
WS(k=4;b=0.5),12,7,3,0.882203,rep,9,0.092073,0.01849
WS(k=4;b=0.5),12,7,3,0.882203,rep,10,0.095317,0.110273
WS(k=4;b=0.5),12,7,3,0.882203,avg,10,0.090904,0.097495
WS(k=4;b=0.5),12,7,3,0.882203,sweep,3,0.082903,0.049298
WS(k=4;b=0.5),12,7,3,0.882203,sweep,10,0.120947,0.03364
WS(k=4;b=0.5),12,7,3,0.882203,sweep,30,0.090904,0.085481
WS(k=4;b=0.5),12,7,3,0.882203,sweep,100,0.117933,0.065205
WS(k=4;b=0.5),12,7,3,0.882203,sweep,300,0.095317,0.038376
WS(k=4;b=0.5),12,8,1,0.792171,exact,0,0.028681,0.031784
WS(k=4;b=0.5),12,8,1,0.792171,rep,1,0.055712,0.01917
WS(k=4;b=0.5),12,8,1,0.792171,rep,2,0.034093,0.04843
WS(k=4;b=0.5),12,8,1,0.792171,rep,3,0.025986,0.018562
WS(k=4;b=0.5),12,8,1,0.792171,rep,4,0.047084,0.007469
WS(k=4;b=0.5),12,8,1,0.792171,rep,5,0.015943,0.007469
WS(k=4;b=0.5),12,8,1,0.792171,rep,6,0.023899,0.018562
WS(k=4;b=0.5),12,8,1,0.792171,rep,7,0.023899,0.02474
WS(k=4;b=0.5),12,8,1,0.792171,rep,8,0.029894,0.01917
WS(k=4;b=0.5),12,8,1,0.792171,rep,9,0.028681,0.01917
WS(k=4;b=0.5),12,8,1,0.792171,rep,10,0.034093,0.018562
WS(k=4;b=0.5),12,8,1,0.792171,avg,10,0.028681,0.039541
WS(k=4;b=0.5),12,8,1,0.792171,sweep,3,0.028681,0.007469
WS(k=4;b=0.5),12,8,1,0.792171,sweep,10,0.015943,0.031784
WS(k=4;b=0.5),12,8,1,0.792171,sweep,30,0.027269,0.026554
WS(k=4;b=0.5),12,8,1,0.792171,sweep,100,0.028681,0.031784
WS(k=4;b=0.5),12,8,1,0.792171,sweep,300,0.028681,0.031784
WS(k=4;b=0.5),12,8,3,0.883416,exact,0,0.069988,0.048506
WS(k=4;b=0.5),12,8,3,0.883416,rep,1,0.102243,0.01324
WS(k=4;b=0.5),12,8,3,0.883416,rep,2,0.098247,0.006981
WS(k=4;b=0.5),12,8,3,0.883416,rep,3,0.100318,0.006981
WS(k=4;b=0.5),12,8,3,0.883416,rep,4,0.054117,0.01324
WS(k=4;b=0.5),12,8,3,0.883416,rep,5,0.07257,0.02064
WS(k=4;b=0.5),12,8,3,0.883416,rep,6,0.072108,0.02064
WS(k=4;b=0.5),12,8,3,0.883416,rep,7,0.069988,0.015079
WS(k=4;b=0.5),12,8,3,0.883416,rep,8,0.038259,0.029105
WS(k=4;b=0.5),12,8,3,0.883416,rep,9,0.069988,0.029105
WS(k=4;b=0.5),12,8,3,0.883416,rep,10,0.10052,0.015079
WS(k=4;b=0.5),12,8,3,0.883416,avg,10,0.091014,0.029105
WS(k=4;b=0.5),12,8,3,0.883416,sweep,3,0.072108,0.023113
WS(k=4;b=0.5),12,8,3,0.883416,sweep,10,0.052474,0.029105
WS(k=4;b=0.5),12,8,3,0.883416,sweep,30,0.070585,0.029105
WS(k=4;b=0.5),12,8,3,0.883416,sweep,100,0.070585,0.029105
WS(k=4;b=0.5),12,8,3,0.883416,sweep,300,0.069988,0.048506
WS(k=4;b=0.5),12,9,1,0.826582,exact,0,0.031067,0.032292
WS(k=4;b=0.5),12,9,1,0.826582,rep,1,0.031067,0.008629
WS(k=4;b=0.5),12,9,1,0.826582,rep,2,0.004992,0.020762
WS(k=4;b=0.5),12,9,1,0.826582,rep,3,0.021256,0.032292
WS(k=4;b=0.5),12,9,1,0.826582,rep,4,0.021256,0.020762
WS(k=4;b=0.5),12,9,1,0.826582,rep,5,0.043182,0.008629
WS(k=4;b=0.5),12,9,1,0.826582,rep,6,0.038578,0.013379
WS(k=4;b=0.5),12,9,1,0.826582,rep,7,0.038578,0.019158
WS(k=4;b=0.5),12,9,1,0.826582,rep,8,0.026451,0.019158
WS(k=4;b=0.5),12,9,1,0.826582,rep,9,0.021256,0.020762
WS(k=4;b=0.5),12,9,1,0.826582,rep,10,0.038578,0.032292
WS(k=4;b=0.5),12,9,1,0.826582,avg,10,0.031067,0.032292
WS(k=4;b=0.5),12,9,1,0.826582,sweep,3,0.060767,0.002742
WS(k=4;b=0.5),12,9,1,0.826582,sweep,10,0.038578,0.025838
WS(k=4;b=0.5),12,9,1,0.826582,sweep,30,0.021256,0.032292
WS(k=4;b=0.5),12,9,1,0.826582,sweep,100,0.021256,0.032292
WS(k=4;b=0.5),12,9,1,0.826582,sweep,300,0.026451,0.039152
WS(k=4;b=0.5),12,9,3,0.911972,exact,0,0.063968,0.026559
WS(k=4;b=0.5),12,9,3,0.911972,rep,1,0.051731,0.01031
WS(k=4;b=0.5),12,9,3,0.911972,rep,2,0.04961,0.014658
WS(k=4;b=0.5),12,9,3,0.911972,rep,3,0.063968,0.01031
WS(k=4;b=0.5),12,9,3,0.911972,rep,4,0.074317,0.014011
WS(k=4;b=0.5),12,9,3,0.911972,rep,5,0.102352,0.01031
WS(k=4;b=0.5),12,9,3,0.911972,rep,6,0.090684,0.01031
WS(k=4;b=0.5),12,9,3,0.911972,rep,7,0.099397,0.004601
WS(k=4;b=0.5),12,9,3,0.911972,rep,8,0.056996,0.01031
WS(k=4;b=0.5),12,9,3,0.911972,rep,9,0.074317,0.014876
WS(k=4;b=0.5),12,9,3,0.911972,rep,10,0.08473,0.021689
WS(k=4;b=0.5),12,9,3,0.911972,avg,10,0.08473,0.017661
WS(k=4;b=0.5),12,9,3,0.911972,sweep,3,0.186808,0.017661
WS(k=4;b=0.5),12,9,3,0.911972,sweep,10,0.089776,0.01031
WS(k=4;b=0.5),12,9,3,0.911972,sweep,30,0.063968,0.026559
WS(k=4;b=0.5),12,9,3,0.911972,sweep,100,0.063968,0.026559
WS(k=4;b=0.5),12,9,3,0.911972,sweep,300,0.063968,0.026559
WS(k=4;b=0.5),12,10,1,0.835704,exact,0,0.029984,0.058496
WS(k=4;b=0.5),12,10,1,0.835704,rep,1,0.035692,0.025959
WS(k=4;b=0.5),12,10,1,0.835704,rep,2,0.0192,0.003722
WS(k=4;b=0.5),12,10,1,0.835704,rep,3,0.0192,0.013414
WS(k=4;b=0.5),12,10,1,0.835704,rep,4,0.029984,0.025959
WS(k=4;b=0.5),12,10,1,0.835704,rep,5,0.035692,0.025959
WS(k=4;b=0.5),12,10,1,0.835704,rep,6,0.031254,0.002997
WS(k=4;b=0.5),12,10,1,0.835704,rep,7,0.048748,0.025959
WS(k=4;b=0.5),12,10,1,0.835704,rep,8,0.0192,0.033292
WS(k=4;b=0.5),12,10,1,0.835704,rep,9,0.057143,0.013414
WS(k=4;b=0.5),12,10,1,0.835704,rep,10,0.0192,0.014113
WS(k=4;b=0.5),12,10,1,0.835704,avg,10,0.029984,0.033292
WS(k=4;b=0.5),12,10,1,0.835704,sweep,3,0.021388,0.007884
WS(k=4;b=0.5),12,10,1,0.835704,sweep,10,0.035692,0.033292
WS(k=4;b=0.5),12,10,1,0.835704,sweep,30,0.01666,0.025959
WS(k=4;b=0.5),12,10,1,0.835704,sweep,100,0.029984,0.050687
WS(k=4;b=0.5),12,10,1,0.835704,sweep,300,0.029984,0.058496
WS(k=4;b=0.5),12,10,3,0.927756,exact,0,0.06941,0.015278
WS(k=4;b=0.5),12,10,3,0.927756,rep,1,0.091383,0.004853
WS(k=4;b=0.5),12,10,3,0.927756,rep,2,0.06941,0.020388
WS(k=4;b=0.5),12,10,3,0.927756,rep,3,0.034655,0.02793
WS(k=4;b=0.5),12,10,3,0.927756,rep,4,0.081012,0.008812
WS(k=4;b=0.5),12,10,3,0.927756,rep,5,0.091383,0.008812
WS(k=4;b=0.5),12,10,3,0.927756,rep,6,0.051827,0.015278
WS(k=4;b=0.5),12,10,3,0.927756,rep,7,0.09912,0.008812
WS(k=4;b=0.5),12,10,3,0.927756,rep,8,0.034655,0.020388
WS(k=4;b=0.5),12,10,3,0.927756,rep,9,0.093188,0.008812
WS(k=4;b=0.5),12,10,3,0.927756,rep,10,0.071509,0.010986
WS(k=4;b=0.5),12,10,3,0.927756,avg,10,0.066124,0.015278
WS(k=4;b=0.5),12,10,3,0.927756,sweep,3,0.083899,0.006747
WS(k=4;b=0.5),12,10,3,0.927756,sweep,10,0.091383,0.010631
WS(k=4;b=0.5),12,10,3,0.927756,sweep,30,0.073813,0.004853
WS(k=4;b=0.5),12,10,3,0.927756,sweep,100,0.06941,0.015278
WS(k=4;b=0.5),12,10,3,0.927756,sweep,300,0.06941,0.015278
3-regular,12,1,1,0.778747,exact,0,0.048749,0.053292
3-regular,12,1,1,0.778747,rep,1,0.043135,0.017669
3-regular,12,1,1,0.778747,rep,2,0.020859,0.013738
3-regular,12,1,1,0.778747,rep,3,0.043135,0.025511
3-regular,12,1,1,0.778747,rep,4,0.074782,0.021734
3-regular,12,1,1,0.778747,rep,5,0.043135,0.043135
3-regular,12,1,1,0.778747,rep,6,0.048749,0.017669
3-regular,12,1,1,0.778747,rep,7,0.031001,0.034227
3-regular,12,1,1,0.778747,rep,8,0.029792,0.013738
3-regular,12,1,1,0.778747,rep,9,0.019388,0.034227
3-regular,12,1,1,0.778747,rep,10,0.029792,0.008787
3-regular,12,1,1,0.778747,avg,10,0.043135,0.034845
3-regular,12,1,1,0.778747,sweep,3,0.005828,0.001856
3-regular,12,1,1,0.778747,sweep,10,0.043135,0.031254
3-regular,12,1,1,0.778747,sweep,30,0.037008,0.034845
3-regular,12,1,1,0.778747,sweep,100,0.043135,0.053292
3-regular,12,1,1,0.778747,sweep,300,0.048749,0.053292
3-regular,12,1,3,0.923538,exact,0,0.097507,0.035531
3-regular,12,1,3,0.923538,rep,1,0.142202,0.022185
3-regular,12,1,3,0.923538,rep,2,0.097507,0.13819
3-regular,12,1,3,0.923538,rep,3,0.082452,0.007521
3-regular,12,1,3,0.923538,rep,4,0.096415,0.024952
3-regular,12,1,3,0.923538,rep,5,0.096682,0.058803
3-regular,12,1,3,0.923538,rep,6,0.111216,0.033517
3-regular,12,1,3,0.923538,rep,7,0.097507,0.033517
3-regular,12,1,3,0.923538,rep,8,0.127353,0.035531
3-regular,12,1,3,0.923538,rep,9,0.109564,0.072925
3-regular,12,1,3,0.923538,rep,10,0.096682,0.033517
3-regular,12,1,3,0.923538,avg,10,0.097507,0.01798
3-regular,12,1,3,0.923538,sweep,3,0.0432,0.028608
3-regular,12,1,3,0.923538,sweep,10,0.076569,0.033517
3-regular,12,1,3,0.923538,sweep,30,0.097507,0.01798
3-regular,12,1,3,0.923538,sweep,100,0.097507,0.035531
3-regular,12,1,3,0.923538,sweep,300,0.097507,0.035531
3-regular,12,2,1,0.759324,exact,0,0.036765,0.034168
3-regular,12,2,1,0.759324,rep,1,0.011423,0.006948
3-regular,12,2,1,0.759324,rep,2,0.022299,0.034168
3-regular,12,2,1,0.759324,rep,3,0.017922,0.026327
3-regular,12,2,1,0.759324,rep,4,0.036765,0.012037
3-regular,12,2,1,0.759324,rep,5,0.026384,0.026327
3-regular,12,2,1,0.759324,rep,6,0.007328,0.009677
3-regular,12,2,1,0.759324,rep,7,0.036765,0.034168
3-regular,12,2,1,0.759324,rep,8,0.038333,0.009677
3-regular,12,2,1,0.759324,rep,9,0.026384,0.026327
3-regular,12,2,1,0.759324,rep,10,0.013804,0.012037
3-regular,12,2,1,0.759324,avg,10,0.026384,0.018657
3-regular,12,2,1,0.759324,sweep,3,0.013003,0.006948
3-regular,12,2,1,0.759324,sweep,10,0.017922,0.026653
3-regular,12,2,1,0.759324,sweep,30,0.026384,0.034168
3-regular,12,2,1,0.759324,sweep,100,0.026384,0.043139
3-regular,12,2,1,0.759324,sweep,300,0.036765,0.043139
3-regular,12,2,3,0.857677,exact,0,0.08196,0.048647
3-regular,12,2,3,0.857677,rep,1,0.107252,0.016924
3-regular,12,2,3,0.857677,rep,2,0.064221,0.030846
3-regular,12,2,3,0.857677,rep,3,0.08196,0.033038
3-regular,12,2,3,0.857677,rep,4,0.080787,0.01776
3-regular,12,2,3,0.857677,rep,5,0.08196,0.044583
3-regular,12,2,3,0.857677,rep,6,0.053866,0.03432
3-regular,12,2,3,0.857677,rep,7,0.099525,0.033038
3-regular,12,2,3,0.857677,rep,8,0.05824,0.03668
3-regular,12,2,3,0.857677,rep,9,0.08196,0.01776
3-regular,12,2,3,0.857677,rep,10,0.073719,0.048647
3-regular,12,2,3,0.857677,avg,10,0.08196,0.048647
3-regular,12,2,3,0.857677,sweep,3,0.126091,0.016924
3-regular,12,2,3,0.857677,sweep,10,0.08196,0.045065
3-regular,12,2,3,0.857677,sweep,30,0.080787,0.045065
3-regular,12,2,3,0.857677,sweep,100,0.08196,0.048647
3-regular,12,2,3,0.857677,sweep,300,0.080787,0.048647
3-regular,12,3,1,0.768335,exact,0,0.042055,0.058119
3-regular,12,3,1,0.768335,rep,1,0.050459,0.009034
3-regular,12,3,1,0.768335,rep,2,0.079168,0.014928
3-regular,12,3,1,0.768335,rep,3,0.025206,0.03218
3-regular,12,3,1,0.768335,rep,4,0.042055,0.038291
3-regular,12,3,1,0.768335,rep,5,0.051232,0.029138
3-regular,12,3,1,0.768335,rep,6,0.036953,0.008531
3-regular,12,3,1,0.768335,rep,7,0.030995,0.048366
3-regular,12,3,1,0.768335,rep,8,0.025949,0.023493
3-regular,12,3,1,0.768335,rep,9,0.037254,0.015496
3-regular,12,3,1,0.768335,rep,10,0.036953,0.015496
3-regular,12,3,1,0.768335,avg,10,0.042055,0.038291
3-regular,12,3,1,0.768335,sweep,3,0.033223,0.039663
3-regular,12,3,1,0.768335,sweep,10,0.030995,0.023493
3-regular,12,3,1,0.768335,sweep,30,0.021857,0.048366
3-regular,12,3,1,0.768335,sweep,100,0.042055,0.058119
3-regular,12,3,1,0.768335,sweep,300,0.042055,0.058119
3-regular,12,3,3,0.890753,exact,0,0.101681,0.094636
3-regular,12,3,3,0.890753,rep,1,0.118777,0.039282
3-regular,12,3,3,0.890753,rep,2,0.127446,0.029114
3-regular,12,3,3,0.890753,rep,3,0.09731,0.010739
3-regular,12,3,3,0.890753,rep,4,0.084212,0.029114
3-regular,12,3,3,0.890753,rep,5,0.135494,0.014697
3-regular,12,3,3,0.890753,rep,6,0.095532,0.018961
3-regular,12,3,3,0.890753,rep,7,0.08965,0.044455
3-regular,12,3,3,0.890753,rep,8,0.078949,0.029114
3-regular,12,3,3,0.890753,rep,9,0.122553,0.044149
3-regular,12,3,3,0.890753,rep,10,0.065985,0.029114
3-regular,12,3,3,0.890753,avg,10,0.095532,0.094636
3-regular,12,3,3,0.890753,sweep,3,0.185344,0.049876
3-regular,12,3,3,0.890753,sweep,10,0.101681,0.066089
3-regular,12,3,3,0.890753,sweep,30,0.090958,0.044149
3-regular,12,3,3,0.890753,sweep,100,0.101681,0.062923
3-regular,12,3,3,0.890753,sweep,300,0.101681,0.094636
3-regular,12,4,1,0.809946,exact,0,0.039216,0.046015
3-regular,12,4,1,0.809946,rep,1,0.05328,0.0199
3-regular,12,4,1,0.809946,rep,2,0.023786,0.0199
3-regular,12,4,1,0.809946,rep,3,0.028143,0.028082
3-regular,12,4,1,0.809946,rep,4,0.034961,0.02843
3-regular,12,4,1,0.809946,rep,5,0.05328,0.01284
3-regular,12,4,1,0.809946,rep,6,0.039216,0.036446
3-regular,12,4,1,0.809946,rep,7,0.024587,0.02843
3-regular,12,4,1,0.809946,rep,8,0.028143,0.028082
3-regular,12,4,1,0.809946,rep,9,0.05226,0.0199
3-regular,12,4,1,0.809946,rep,10,0.039216,0.028082
3-regular,12,4,1,0.809946,avg,10,0.039216,0.046015
3-regular,12,4,1,0.809946,sweep,3,0.012184,0.0199
3-regular,12,4,1,0.809946,sweep,10,0.028143,0.01284
3-regular,12,4,1,0.809946,sweep,30,0.028143,0.046015
3-regular,12,4,1,0.809946,sweep,100,0.028143,0.046015
3-regular,12,4,1,0.809946,sweep,300,0.039216,0.046015
3-regular,12,4,3,0.902902,exact,0,0.07311,0.036473
3-regular,12,4,3,0.902902,rep,1,0.091184,0.011841
3-regular,12,4,3,0.902902,rep,2,0.045756,0.006074
3-regular,12,4,3,0.902902,rep,3,0.088313,0.006074
3-regular,12,4,3,0.902902,rep,4,0.073136,0.022195
3-regular,12,4,3,0.902902,rep,5,0.165012,0.005483
3-regular,12,4,3,0.902902,rep,6,0.07311,0.006074
3-regular,12,4,3,0.902902,rep,7,0.023687,0.029184
3-regular,12,4,3,0.902902,rep,8,0.077446,0.022195
3-regular,12,4,3,0.902902,rep,9,0.093006,0.006074
3-regular,12,4,3,0.902902,rep,10,0.139796,0.005483
3-regular,12,4,3,0.902902,avg,10,0.068772,0.011841
3-regular,12,4,3,0.902902,sweep,3,0.062152,0.011841
3-regular,12,4,3,0.902902,sweep,10,0.074258,0.006074
3-regular,12,4,3,0.902902,sweep,30,0.074258,0.022195
3-regular,12,4,3,0.902902,sweep,100,0.068772,0.036473
3-regular,12,4,3,0.902902,sweep,300,0.068772,0.036473
3-regular,12,5,1,0.800487,exact,0,0.033724,0.051339
3-regular,12,5,1,0.800487,rep,1,0.083179,0.023424
3-regular,12,5,1,0.800487,rep,2,0.033724,0.041963
3-regular,12,5,1,0.800487,rep,3,0.015071,0.023424
3-regular,12,5,1,0.800487,rep,4,0.020045,0.041604
3-regular,12,5,1,0.800487,rep,5,0.030336,0.041604
3-regular,12,5,1,0.800487,rep,6,0.033724,0.023424
3-regular,12,5,1,0.800487,rep,7,0.078145,0.006122
3-regular,12,5,1,0.800487,rep,8,0.038025,0.031953
3-regular,12,5,1,0.800487,rep,9,0.031801,0.023424
3-regular,12,5,1,0.800487,rep,10,0.030336,0.006122
3-regular,12,5,1,0.800487,avg,10,0.033724,0.031953
3-regular,12,5,1,0.800487,sweep,3,0.004671,0.010436
3-regular,12,5,1,0.800487,sweep,10,0.043756,0.023424
3-regular,12,5,1,0.800487,sweep,30,0.033724,0.023424
3-regular,12,5,1,0.800487,sweep,100,0.030336,0.031953
3-regular,12,5,1,0.800487,sweep,300,0.033724,0.051339
3-regular,12,5,3,0.889274,exact,0,0.067326,0.021592
3-regular,12,5,3,0.889274,rep,1,0.0965,0.003677
3-regular,12,5,3,0.889274,rep,2,0.086756,0.005056
3-regular,12,5,3,0.889274,rep,3,0.057222,0.011189
3-regular,12,5,3,0.889274,rep,4,0.015733,0.035214
3-regular,12,5,3,0.889274,rep,5,0.05096,0.025541
3-regular,12,5,3,0.889274,rep,6,0.069465,0.011189
3-regular,12,5,3,0.889274,rep,7,0.134387,0.025541
3-regular,12,5,3,0.889274,rep,8,0.046687,0.025541
3-regular,12,5,3,0.889274,rep,9,0.069465,0.03638
3-regular,12,5,3,0.889274,rep,10,0.062248,0.025541
3-regular,12,5,3,0.889274,avg,10,0.063848,0.021592
3-regular,12,5,3,0.889274,sweep,3,0.05567,0.011189
3-regular,12,5,3,0.889274,sweep,10,0.058782,0.019471
3-regular,12,5,3,0.889274,sweep,30,0.063848,0.025541
3-regular,12,5,3,0.889274,sweep,100,0.063848,0.035214
3-regular,12,5,3,0.889274,sweep,300,0.067326,0.021592
3-regular,12,6,1,0.809946,exact,0,0.028143,0.046015
3-regular,12,6,1,0.809946,rep,1,0.024587,0.02843
3-regular,12,6,1,0.809946,rep,2,0.034961,0.0199
3-regular,12,6,1,0.809946,rep,3,0.050916,0.02843
3-regular,12,6,1,0.809946,rep,4,0.040888,0.005028
3-regular,12,6,1,0.809946,rep,5,0.023786,0.01284
3-regular,12,6,1,0.809946,rep,6,0.019117,0.01284
3-regular,12,6,1,0.809946,rep,7,0.048179,0.0199
3-regular,12,6,1,0.809946,rep,8,0.028143,0.028082
3-regular,12,6,1,0.809946,rep,9,0.030525,0.025762
3-regular,12,6,1,0.809946,rep,10,0.019117,0.036446
3-regular,12,6,1,0.809946,avg,10,0.034961,0.046015
3-regular,12,6,1,0.809946,sweep,3,0.003985,0.015662
3-regular,12,6,1,0.809946,sweep,10,0.028143,0.0199
3-regular,12,6,1,0.809946,sweep,30,0.028143,0.036446
3-regular,12,6,1,0.809946,sweep,100,0.028143,0.036446
3-regular,12,6,1,0.809946,sweep,300,0.028143,0.046015
3-regular,12,6,3,0.898206,exact,0,0.069704,0.033493
3-regular,12,6,3,0.898206,rep,1,0.036759,0.019907
3-regular,12,6,3,0.898206,rep,2,0.065699,0.050341
3-regular,12,6,3,0.898206,rep,3,0.064156,0.035007
3-regular,12,6,3,0.898206,rep,4,0.064138,0.010151
3-regular,12,6,3,0.898206,rep,5,0.030717,0.019907
3-regular,12,6,3,0.898206,rep,6,0.059124,0.010151
3-regular,12,6,3,0.898206,rep,7,0.091501,0.004766
3-regular,12,6,3,0.898206,rep,8,0.070939,0.033493
3-regular,12,6,3,0.898206,rep,9,0.036759,0.063444
3-regular,12,6,3,0.898206,rep,10,0.070939,0.033493
3-regular,12,6,3,0.898206,avg,10,0.065884,0.050341
3-regular,12,6,3,0.898206,sweep,3,0.055828,0.014802
3-regular,12,6,3,0.898206,sweep,10,0.064438,0.019907
3-regular,12,6,3,0.898206,sweep,30,0.069704,0.019907
3-regular,12,6,3,0.898206,sweep,100,0.070939,0.033493
3-regular,12,6,3,0.898206,sweep,300,0.069704,0.033493
3-regular,12,7,1,0.800487,exact,0,0.033724,0.051339
3-regular,12,7,1,0.800487,rep,1,0.023377,0.051339
3-regular,12,7,1,0.800487,rep,2,0.023377,0.016195
3-regular,12,7,1,0.800487,rep,3,0.058981,0.011697
3-regular,12,7,1,0.800487,rep,4,0.033724,0.023424
3-regular,12,7,1,0.800487,rep,5,0.048903,0.002414
3-regular,12,7,1,0.800487,rep,6,0.072742,0.011697
3-regular,12,7,1,0.800487,rep,7,0.033724,0.00223
3-regular,12,7,1,0.800487,rep,8,0.030336,0.016195
3-regular,12,7,1,0.800487,rep,9,0.015071,0.031953
3-regular,12,7,1,0.800487,rep,10,0.057746,0.006122
3-regular,12,7,1,0.800487,avg,10,0.042688,0.023424
3-regular,12,7,1,0.800487,sweep,3,0.098678,0.018804
3-regular,12,7,1,0.800487,sweep,10,0.023377,0.041963
3-regular,12,7,1,0.800487,sweep,30,0.023377,0.011697
3-regular,12,7,1,0.800487,sweep,100,0.023377,0.031953
3-regular,12,7,1,0.800487,sweep,300,0.033724,0.031953
3-regular,12,7,3,0.884404,exact,0,0.063706,0.035141
3-regular,12,7,3,0.884404,rep,1,0.063706,0.004506
3-regular,12,7,3,0.884404,rep,2,0.063706,0.010734
3-regular,12,7,3,0.884404,rep,3,0.050365,0.017638
3-regular,12,7,3,0.884404,rep,4,0.082787,0.021095
3-regular,12,7,3,0.884404,rep,5,0.062546,0.017638
3-regular,12,7,3,0.884404,rep,6,0.08043,0.017638
3-regular,12,7,3,0.884404,rep,7,0.077805,0.010734
3-regular,12,7,3,0.884404,rep,8,0.060709,0.023907
3-regular,12,7,3,0.884404,rep,9,0.054228,0.042796
3-regular,12,7,3,0.884404,rep,10,0.084422,0.002846
3-regular,12,7,3,0.884404,avg,10,0.061842,0.033724
3-regular,12,7,3,0.884404,sweep,3,0.21698,0.023907
3-regular,12,7,3,0.884404,sweep,10,0.065927,0.03567
3-regular,12,7,3,0.884404,sweep,30,0.063706,0.021095
3-regular,12,7,3,0.884404,sweep,100,0.063706,0.035141
3-regular,12,7,3,0.884404,sweep,300,0.063706,0.035141
3-regular,12,8,1,0.800487,exact,0,0.033724,0.051339
3-regular,12,8,1,0.800487,rep,1,0.042688,0.052188
3-regular,12,8,1,0.800487,rep,2,0.023377,0.031953
3-regular,12,8,1,0.800487,rep,3,0.008836,0.031953
3-regular,12,8,1,0.800487,rep,4,0.046057,0.023424
3-regular,12,8,1,0.800487,rep,5,0.031801,0.023424
3-regular,12,8,1,0.800487,rep,6,0.031801,0.026423
3-regular,12,8,1,0.800487,rep,7,0.030336,0.018804
3-regular,12,8,1,0.800487,rep,8,0.023377,0.031953
3-regular,12,8,1,0.800487,rep,9,0.033724,0.031953
3-regular,12,8,1,0.800487,rep,10,0.031801,0.031953
3-regular,12,8,1,0.800487,avg,10,0.033724,0.041604
3-regular,12,8,1,0.800487,sweep,3,0.011861,0.006122
3-regular,12,8,1,0.800487,sweep,10,0.023377,0.023424
3-regular,12,8,1,0.800487,sweep,30,0.023377,0.023424
3-regular,12,8,1,0.800487,sweep,100,0.030336,0.023424
3-regular,12,8,1,0.800487,sweep,300,0.033724,0.051339
3-regular,12,8,3,0.884404,exact,0,0.063706,0.035141
3-regular,12,8,3,0.884404,rep,1,0.061842,0.06128
3-regular,12,8,3,0.884404,rep,2,0.063706,0.021095
3-regular,12,8,3,0.884404,rep,3,0.04945,0.053172
3-regular,12,8,3,0.884404,rep,4,0.063249,0.004506
3-regular,12,8,3,0.884404,rep,5,0.063777,0.021095
3-regular,12,8,3,0.884404,rep,6,0.065927,0.010734
3-regular,12,8,3,0.884404,rep,7,0.045717,0.023907
3-regular,12,8,3,0.884404,rep,8,0.063706,0.042796
3-regular,12,8,3,0.884404,rep,9,0.06582,0.021095
3-regular,12,8,3,0.884404,rep,10,0.063706,0.021095
3-regular,12,8,3,0.884404,avg,10,0.063706,0.035141
3-regular,12,8,3,0.884404,sweep,3,0.084396,0.002846
3-regular,12,8,3,0.884404,sweep,10,0.063706,0.010734
3-regular,12,8,3,0.884404,sweep,30,0.065927,0.042796
3-regular,12,8,3,0.884404,sweep,100,0.059167,0.021095
3-regular,12,8,3,0.884404,sweep,300,0.063706,0.035141
3-regular,12,9,1,0.791514,exact,0,0.028718,0.027433
3-regular,12,9,1,0.791514,rep,1,0.019097,0.035963
3-regular,12,9,1,0.791514,rep,2,0.028718,0.092144
3-regular,12,9,1,0.791514,rep,3,0.019097,0.020036
3-regular,12,9,1,0.791514,rep,4,0.057757,0.007703
3-regular,12,9,1,0.791514,rep,5,0.028718,0.007703
3-regular,12,9,1,0.791514,rep,6,0.052488,0.007703
3-regular,12,9,1,0.791514,rep,7,0.056118,0.003399
3-regular,12,9,1,0.791514,rep,8,0.028718,0.013558
3-regular,12,9,1,0.791514,rep,9,0.052488,0.013558
3-regular,12,9,1,0.791514,rep,10,0.057757,0.020807
3-regular,12,9,1,0.791514,avg,10,0.037682,0.035963
3-regular,12,9,1,0.791514,sweep,3,0.005974,0.039602
3-regular,12,9,1,0.791514,sweep,10,0.019097,0.007703
3-regular,12,9,1,0.791514,sweep,30,0.019097,0.007703
3-regular,12,9,1,0.791514,sweep,100,0.028718,0.027433
3-regular,12,9,1,0.791514,sweep,300,0.028718,0.035963
3-regular,12,9,3,0.877543,exact,0,0.065562,0.050783
3-regular,12,9,3,0.877543,rep,1,0.057272,0.038363
3-regular,12,9,3,0.877543,rep,2,0.068971,0.038363
3-regular,12,9,3,0.877543,rep,3,0.063587,0.06536
3-regular,12,9,3,0.877543,rep,4,0.134131,0.02483
3-regular,12,9,3,0.877543,rep,5,0.066273,0.015093
3-regular,12,9,3,0.877543,rep,6,0.088509,0.015093
3-regular,12,9,3,0.877543,rep,7,0.081886,0.01604
3-regular,12,9,3,0.877543,rep,8,0.048682,0.01604
3-regular,12,9,3,0.877543,rep,9,0.085634,0.01604
3-regular,12,9,3,0.877543,rep,10,0.088509,0.02483
3-regular,12,9,3,0.877543,avg,10,0.08068,0.050783
3-regular,12,9,3,0.877543,sweep,3,0.051157,0.0063
3-regular,12,9,3,0.877543,sweep,10,0.068971,0.01604
3-regular,12,9,3,0.877543,sweep,30,0.055259,0.050783
3-regular,12,9,3,0.877543,sweep,100,0.065562,0.038363
3-regular,12,9,3,0.877543,sweep,300,0.065562,0.050783
3-regular,12,10,1,0.783211,exact,0,0.024383,0.040642
3-regular,12,10,1,0.783211,rep,1,0.01496,0.032112
3-regular,12,10,1,0.783211,rep,2,0.087615,0.023479
3-regular,12,10,1,0.783211,rep,3,0.01496,0.009953
3-regular,12,10,1,0.783211,rep,4,0.083992,0.003562
3-regular,12,10,1,0.783211,rep,5,0.063394,0.003562
3-regular,12,10,1,0.783211,rep,6,0.048168,0.023479
3-regular,12,10,1,0.783211,rep,7,0.035293,0.009953
3-regular,12,10,1,0.783211,rep,8,0.053739,0.009953
3-regular,12,10,1,0.783211,rep,9,0.021954,0.018126
3-regular,12,10,1,0.783211,rep,10,0.021954,0.016088
3-regular,12,10,1,0.783211,avg,10,0.035293,0.023479
3-regular,12,10,1,0.783211,sweep,3,0.021954,0.009953
3-regular,12,10,1,0.783211,sweep,10,0.035866,0.005239
3-regular,12,10,1,0.783211,sweep,30,0.015486,0.040642
3-regular,12,10,1,0.783211,sweep,100,0.021954,0.040642
3-regular,12,10,1,0.783211,sweep,300,0.024383,0.023479
3-regular,12,10,3,0.874309,exact,0,0.068806,0.049978
3-regular,12,10,3,0.874309,rep,1,0.077623,0.015916
3-regular,12,10,3,0.874309,rep,2,0.118234,0.017118
3-regular,12,10,3,0.874309,rep,3,0.077489,0.016373
3-regular,12,10,3,0.874309,rep,4,0.154883,0.011257
3-regular,12,10,3,0.874309,rep,5,0.090339,0.025463
3-regular,12,10,3,0.874309,rep,6,0.109094,0.016373
3-regular,12,10,3,0.874309,rep,7,0.084193,0.03659
3-regular,12,10,3,0.874309,rep,8,0.090339,0.049978
3-regular,12,10,3,0.874309,rep,9,0.080067,0.015916
3-regular,12,10,3,0.874309,rep,10,0.058148,0.038145
3-regular,12,10,3,0.874309,avg,10,0.094308,0.049978
3-regular,12,10,3,0.874309,sweep,3,0.080067,0.011257
3-regular,12,10,3,0.874309,sweep,10,0.067704,0.016373
3-regular,12,10,3,0.874309,sweep,30,0.073138,0.046333
3-regular,12,10,3,0.874309,sweep,100,0.068806,0.049978
3-regular,12,10,3,0.874309,sweep,300,0.084193,0.049978
