family,n,inst,p,ceiling,kind,sigma,rep,regret_raw,regret_norm
ER(0.5),12,1,1,0.847729,exact,0.0,0,0.020881,0.027598
ER(0.5),12,1,1,0.847729,samp10,0.0,1,0.010522,0.014757
ER(0.5),12,1,1,0.847729,iid,0.05,1,0.117406,0.014757
ER(0.5),12,1,1,0.847729,iid,0.05,2,0.11696,0.021812
ER(0.5),12,1,1,0.847729,iid,0.05,3,0.123022,0.014757
ER(0.5),12,1,1,0.847729,iid,0.05,4,0.11696,0.014757
ER(0.5),12,1,1,0.847729,iid,0.05,5,0.11696,0.014757
ER(0.5),12,1,1,0.847729,iid,0.1,1,0.11696,0.000672
ER(0.5),12,1,1,0.847729,iid,0.1,2,0.11696,0.007095
ER(0.5),12,1,1,0.847729,iid,0.1,3,0.11696,0.014757
ER(0.5),12,1,1,0.847729,iid,0.1,4,0.109042,0.007095
ER(0.5),12,1,1,0.847729,iid,0.1,5,0.11696,0.009497
ER(0.5),12,1,1,0.847729,iid,0.2,1,0.182057,0.005379
ER(0.5),12,1,1,0.847729,iid,0.2,2,0.194548,0.003118
ER(0.5),12,1,1,0.847729,iid,0.2,3,0.204234,0.009654
ER(0.5),12,1,1,0.847729,iid,0.2,4,0.117406,0.007095
ER(0.5),12,1,1,0.847729,iid,0.2,5,0.145472,0.000672
ER(0.5),12,1,1,0.847729,iid,0.4,1,0.128169,0.029261
ER(0.5),12,1,1,0.847729,iid,0.4,2,0.132004,0.009701
ER(0.5),12,1,1,0.847729,iid,0.4,3,0.11696,0.020997
ER(0.5),12,1,1,0.847729,iid,0.4,4,0.293965,0.01207
ER(0.5),12,1,1,0.847729,iid,0.4,5,0.139578,0.005946
ER(0.5),12,1,1,0.847729,iid,0.8,1,0.138167,0.038463
ER(0.5),12,1,1,0.847729,iid,0.8,2,0.11696,0.031709
ER(0.5),12,1,1,0.847729,iid,0.8,3,0.117143,0.031709
ER(0.5),12,1,1,0.847729,iid,0.8,4,0.295834,0.005489
ER(0.5),12,1,1,0.847729,iid,0.8,5,0.11696,0.017107
ER(0.5),12,1,3,0.924775,exact,0.0,0,0.074271,0.029402
ER(0.5),12,1,3,0.924775,samp10,0.0,1,0.05394,0.022517
ER(0.5),12,1,3,0.924775,iid,0.05,1,0.213266,0.022517
ER(0.5),12,1,3,0.924775,iid,0.05,2,0.193504,0.013814
ER(0.5),12,1,3,0.924775,iid,0.05,3,0.213266,0.031214
ER(0.5),12,1,3,0.924775,iid,0.05,4,0.198732,0.029402
ER(0.5),12,1,3,0.924775,iid,0.05,5,0.198732,0.022517
ER(0.5),12,1,3,0.924775,iid,0.1,1,0.290209,0.023403
ER(0.5),12,1,3,0.924775,iid,0.1,2,0.161861,0.025445
ER(0.5),12,1,3,0.924775,iid,0.1,3,0.198732,0.029402
ER(0.5),12,1,3,0.924775,iid,0.1,4,0.191678,0.022517
ER(0.5),12,1,3,0.924775,iid,0.1,5,0.185157,0.019548
ER(0.5),12,1,3,0.924775,iid,0.2,1,0.183717,0.044528
ER(0.5),12,1,3,0.924775,iid,0.2,2,0.213266,0.025835
ER(0.5),12,1,3,0.924775,iid,0.2,3,0.261937,0.028684
ER(0.5),12,1,3,0.924775,iid,0.2,4,0.4135,0.021341
ER(0.5),12,1,3,0.924775,iid,0.2,5,0.27349,0.034919
ER(0.5),12,1,3,0.924775,iid,0.4,1,0.198732,0.075904
ER(0.5),12,1,3,0.924775,iid,0.4,2,0.242359,0.054354
ER(0.5),12,1,3,0.924775,iid,0.4,3,0.314954,0.087421
ER(0.5),12,1,3,0.924775,iid,0.4,4,0.265462,0.025413
ER(0.5),12,1,3,0.924775,iid,0.4,5,0.22807,0.034919
ER(0.5),12,1,3,0.924775,iid,0.8,1,0.316634,0.083492
ER(0.5),12,1,3,0.924775,iid,0.8,2,0.314954,0.085869
ER(0.5),12,1,3,0.924775,iid,0.8,3,0.187549,0.072887
ER(0.5),12,1,3,0.924775,iid,0.8,4,0.198732,0.025835
ER(0.5),12,1,3,0.924775,iid,0.8,5,0.213266,0.054869
ER(0.5),12,2,1,0.836853,exact,0.0,0,0.026934,0.021868
ER(0.5),12,2,1,0.836853,samp10,0.0,1,0.022427,0.030489
ER(0.5),12,2,1,0.836853,iid,0.05,1,0.13201,0.005954
ER(0.5),12,2,1,0.836853,iid,0.05,2,0.125315,0.011103
ER(0.5),12,2,1,0.836853,iid,0.05,3,0.125315,0.021868
ER(0.5),12,2,1,0.836853,iid,0.05,4,0.091864,0.021868
ER(0.5),12,2,1,0.836853,iid,0.05,5,0.125315,0.030489
ER(0.5),12,2,1,0.836853,iid,0.1,1,0.14986,0.017478
ER(0.5),12,2,1,0.836853,iid,0.1,2,0.125315,0.011103
ER(0.5),12,2,1,0.836853,iid,0.1,3,0.125315,0.021868
ER(0.5),12,2,1,0.836853,iid,0.1,4,0.081257,0.005954
ER(0.5),12,2,1,0.836853,iid,0.1,5,0.122926,0.011103
ER(0.5),12,2,1,0.836853,iid,0.2,1,0.125315,0.00234
ER(0.5),12,2,1,0.836853,iid,0.2,2,0.122808,0.000565
ER(0.5),12,2,1,0.836853,iid,0.2,3,0.14775,0.002235
ER(0.5),12,2,1,0.836853,iid,0.2,4,0.116315,0.005899
ER(0.5),12,2,1,0.836853,iid,0.2,5,0.125315,0.011103
ER(0.5),12,2,1,0.836853,iid,0.4,1,0.333553,0.021738
ER(0.5),12,2,1,0.836853,iid,0.4,2,0.140106,0.010657
ER(0.5),12,2,1,0.836853,iid,0.4,3,0.125315,0.037161
ER(0.5),12,2,1,0.836853,iid,0.4,4,0.125315,0.010657
ER(0.5),12,2,1,0.836853,iid,0.4,5,0.126066,0.019642
ER(0.5),12,2,1,0.836853,iid,0.8,1,0.146381,0.024549
ER(0.5),12,2,1,0.836853,iid,0.8,2,0.125315,0.030276
ER(0.5),12,2,1,0.836853,iid,0.8,3,0.129527,0.03153
ER(0.5),12,2,1,0.836853,iid,0.8,4,0.125315,0.034202
ER(0.5),12,2,1,0.836853,iid,0.8,5,0.241513,0.006447
ER(0.5),12,2,3,0.932219,exact,0.0,0,0.094499,0.025315
ER(0.5),12,2,3,0.932219,samp10,0.0,1,0.080653,0.005436
ER(0.5),12,2,3,0.932219,iid,0.05,1,0.216254,0.025315
ER(0.5),12,2,3,0.932219,iid,0.05,2,0.224753,0.025964
ER(0.5),12,2,3,0.932219,iid,0.05,3,0.224753,0.025964
ER(0.5),12,2,3,0.932219,iid,0.05,4,0.195388,0.013233
ER(0.5),12,2,3,0.932219,iid,0.05,5,0.209122,0.013233
ER(0.5),12,2,3,0.932219,iid,0.1,1,0.245382,0.018958
ER(0.5),12,2,3,0.932219,iid,0.1,2,0.412001,0.030537
ER(0.5),12,2,3,0.932219,iid,0.1,3,0.211763,0.030537
ER(0.5),12,2,3,0.932219,iid,0.1,4,0.18859,0.013233
ER(0.5),12,2,3,0.932219,iid,0.1,5,0.211763,0.030537
ER(0.5),12,2,3,0.932219,iid,0.2,1,0.224753,0.02089
ER(0.5),12,2,3,0.932219,iid,0.2,2,0.238635,0.018457
ER(0.5),12,2,3,0.932219,iid,0.2,3,0.237161,0.024518
ER(0.5),12,2,3,0.932219,iid,0.2,4,0.329709,0.032687
ER(0.5),12,2,3,0.932219,iid,0.2,5,0.245382,0.0546
ER(0.5),12,2,3,0.932219,iid,0.4,1,0.274653,0.043534
ER(0.5),12,2,3,0.932219,iid,0.4,2,0.22496,0.066465
ER(0.5),12,2,3,0.932219,iid,0.4,3,0.215157,0.038983
ER(0.5),12,2,3,0.932219,iid,0.4,4,0.239113,0.084251
ER(0.5),12,2,3,0.932219,iid,0.4,5,0.246356,0.040975
ER(0.5),12,2,3,0.932219,iid,0.8,1,0.237161,0.151472
ER(0.5),12,2,3,0.932219,iid,0.8,2,0.224753,0.077659
ER(0.5),12,2,3,0.932219,iid,0.8,3,0.215001,0.253821
ER(0.5),12,2,3,0.932219,iid,0.8,4,0.238593,0.109176
ER(0.5),12,2,3,0.932219,iid,0.8,5,0.318545,0.056816
ER(0.5),12,3,1,0.824275,exact,0.0,0,0.027452,0.026456
ER(0.5),12,3,1,0.824275,samp10,0.0,1,0.033416,0.020064
ER(0.5),12,3,1,0.824275,iid,0.05,1,0.124275,0.026456
ER(0.5),12,3,1,0.824275,iid,0.05,2,0.111946,0.020064
ER(0.5),12,3,1,0.824275,iid,0.05,3,0.124275,0.015163
ER(0.5),12,3,1,0.824275,iid,0.05,4,0.124275,0.026456
ER(0.5),12,3,1,0.824275,iid,0.05,5,0.06423,0.009386
ER(0.5),12,3,1,0.824275,iid,0.1,1,0.081315,0.004806
ER(0.5),12,3,1,0.824275,iid,0.1,2,0.115938,0.009386
ER(0.5),12,3,1,0.824275,iid,0.1,3,0.06423,0.004427
ER(0.5),12,3,1,0.824275,iid,0.1,4,0.124275,0.009386
ER(0.5),12,3,1,0.824275,iid,0.1,5,0.124275,0.004427
ER(0.5),12,3,1,0.824275,iid,0.2,1,0.124275,0.000129
ER(0.5),12,3,1,0.824275,iid,0.2,2,0.12897,0.006209
ER(0.5),12,3,1,0.824275,iid,0.2,3,0.20522,0.000129
ER(0.5),12,3,1,0.824275,iid,0.2,4,0.124275,0.008951
ER(0.5),12,3,1,0.824275,iid,0.2,5,0.124275,0.00522
ER(0.5),12,3,1,0.824275,iid,0.4,1,0.167057,0.027305
ER(0.5),12,3,1,0.824275,iid,0.4,2,0.124275,0.030117
ER(0.5),12,3,1,0.824275,iid,0.4,3,0.148398,0.018263
ER(0.5),12,3,1,0.824275,iid,0.4,4,0.162465,0.006209
ER(0.5),12,3,1,0.824275,iid,0.4,5,0.277259,0.024858
ER(0.5),12,3,1,0.824275,iid,0.8,1,0.130508,0.016294
ER(0.5),12,3,1,0.824275,iid,0.8,2,0.124275,0.015141
ER(0.5),12,3,1,0.824275,iid,0.8,3,0.124275,0.014749
ER(0.5),12,3,1,0.824275,iid,0.8,4,0.124275,0.006209
ER(0.5),12,3,1,0.824275,iid,0.8,5,0.124275,0.073793
ER(0.5),12,3,3,0.925855,exact,0.0,0,0.081415,0.043432
ER(0.5),12,3,3,0.925855,samp10,0.0,1,0.108223,0.006038
ER(0.5),12,3,3,0.925855,iid,0.05,1,0.105199,0.048074
ER(0.5),12,3,3,0.925855,iid,0.05,2,0.217068,0.020484
ER(0.5),12,3,3,0.925855,iid,0.05,3,0.223221,0.048074
ER(0.5),12,3,3,0.925855,iid,0.05,4,0.195613,0.020484
ER(0.5),12,3,3,0.925855,iid,0.05,5,0.204884,0.061601
ER(0.5),12,3,3,0.925855,iid,0.1,1,0.204884,0.031013
ER(0.5),12,3,3,0.925855,iid,0.1,2,0.220445,0.04936
ER(0.5),12,3,3,0.925855,iid,0.1,3,0.211833,0.036966
ER(0.5),12,3,3,0.925855,iid,0.1,4,0.219254,0.036966
ER(0.5),12,3,3,0.925855,iid,0.1,5,0.229928,0.028738
ER(0.5),12,3,3,0.925855,iid,0.2,1,0.25515,0.02444
ER(0.5),12,3,3,0.925855,iid,0.2,2,0.229745,0.040757
ER(0.5),12,3,3,0.925855,iid,0.2,3,0.351572,0.028738
ER(0.5),12,3,3,0.925855,iid,0.2,4,0.250345,0.020484
ER(0.5),12,3,3,0.925855,iid,0.2,5,0.35092,0.023327
ER(0.5),12,3,3,0.925855,iid,0.4,1,0.242071,0.079954
ER(0.5),12,3,3,0.925855,iid,0.4,2,0.220445,0.073206
ER(0.5),12,3,3,0.925855,iid,0.4,3,0.306732,0.060243
ER(0.5),12,3,3,0.925855,iid,0.4,4,0.295267,0.044386
ER(0.5),12,3,3,0.925855,iid,0.4,5,0.259272,0.044386
ER(0.5),12,3,3,0.925855,iid,0.8,1,0.250345,0.056588
ER(0.5),12,3,3,0.925855,iid,0.8,2,0.347252,0.126217
ER(0.5),12,3,3,0.925855,iid,0.8,3,0.27175,0.096437
ER(0.5),12,3,3,0.925855,iid,0.8,4,0.250345,0.059335
ER(0.5),12,3,3,0.925855,iid,0.8,5,0.309964,0.13356
ER(0.5),12,4,1,0.852769,exact,0.0,0,0.018335,0.01161
ER(0.5),12,4,1,0.852769,samp10,0.0,1,0.013893,0.01161
ER(0.5),12,4,1,0.852769,iid,0.05,1,0.096791,0.016773
ER(0.5),12,4,1,0.852769,iid,0.05,2,0.112769,0.01161
ER(0.5),12,4,1,0.852769,iid,0.05,3,0.112769,0.007638
ER(0.5),12,4,1,0.852769,iid,0.05,4,0.112769,0.01161
ER(0.5),12,4,1,0.852769,iid,0.05,5,0.114621,0.007638
ER(0.5),12,4,1,0.852769,iid,0.1,1,0.080996,0.003624
ER(0.5),12,4,1,0.852769,iid,0.1,2,0.209353,0.022765
ER(0.5),12,4,1,0.852769,iid,0.1,3,0.112769,0.007638
ER(0.5),12,4,1,0.852769,iid,0.1,4,0.141453,0.01161
ER(0.5),12,4,1,0.852769,iid,0.1,5,0.091796,0.01161
ER(0.5),12,4,1,0.852769,iid,0.2,1,0.12458,0.002843
ER(0.5),12,4,1,0.852769,iid,0.2,2,0.112769,0.000899
ER(0.5),12,4,1,0.852769,iid,0.2,3,0.112094,0.013798
ER(0.5),12,4,1,0.852769,iid,0.2,4,0.210165,0.007434
ER(0.5),12,4,1,0.852769,iid,0.2,5,0.096791,0.002843
ER(0.5),12,4,1,0.852769,iid,0.4,1,0.116799,0.015041
ER(0.5),12,4,1,0.852769,iid,0.4,2,0.112769,0.026225
ER(0.5),12,4,1,0.852769,iid,0.4,3,0.118976,0.023411
ER(0.5),12,4,1,0.852769,iid,0.4,4,0.112769,0.009831
ER(0.5),12,4,1,0.852769,iid,0.4,5,0.232519,0.009831
ER(0.5),12,4,1,0.852769,iid,0.8,1,0.112769,0.009907
ER(0.5),12,4,1,0.852769,iid,0.8,2,0.266013,0.023411
ER(0.5),12,4,1,0.852769,iid,0.8,3,0.28462,0.09705
ER(0.5),12,4,1,0.852769,iid,0.8,4,0.141695,0.026225
ER(0.5),12,4,1,0.852769,iid,0.8,5,0.115323,0.007621
ER(0.5),12,4,3,0.916212,exact,0.0,0,0.061036,0.018577
ER(0.5),12,4,3,0.916212,samp10,0.0,1,0.042578,0.016858
ER(0.5),12,4,3,0.916212,iid,0.05,1,0.153125,0.024026
ER(0.5),12,4,3,0.916212,iid,0.05,2,0.181358,0.023931
ER(0.5),12,4,3,0.916212,iid,0.05,3,0.181358,0.034453
ER(0.5),12,4,3,0.916212,iid,0.05,4,0.176421,0.023931
ER(0.5),12,4,3,0.916212,iid,0.05,5,0.198463,0.042826
ER(0.5),12,4,3,0.916212,iid,0.1,1,0.171257,0.012689
ER(0.5),12,4,3,0.916212,iid,0.1,2,0.209794,0.023931
ER(0.5),12,4,3,0.916212,iid,0.1,3,0.172667,0.006925
ER(0.5),12,4,3,0.916212,iid,0.1,4,0.248327,0.006925
ER(0.5),12,4,3,0.916212,iid,0.1,5,0.209233,0.012689
ER(0.5),12,4,3,0.916212,iid,0.2,1,0.194008,0.022918
ER(0.5),12,4,3,0.916212,iid,0.2,2,0.152492,0.030002
ER(0.5),12,4,3,0.916212,iid,0.2,3,0.215326,0.030596
ER(0.5),12,4,3,0.916212,iid,0.2,4,0.203462,0.030002
ER(0.5),12,4,3,0.916212,iid,0.2,5,0.232984,0.020138
ER(0.5),12,4,3,0.916212,iid,0.4,1,0.26947,0.0291
ER(0.5),12,4,3,0.916212,iid,0.4,2,0.181358,0.068621
ER(0.5),12,4,3,0.916212,iid,0.4,3,0.26947,0.02712
ER(0.5),12,4,3,0.916212,iid,0.4,4,0.181358,0.051404
ER(0.5),12,4,3,0.916212,iid,0.4,5,0.304934,0.016672
ER(0.5),12,4,3,0.916212,iid,0.8,1,0.181358,0.109806
ER(0.5),12,4,3,0.916212,iid,0.8,2,0.254394,0.074159
ER(0.5),12,4,3,0.916212,iid,0.8,3,0.33639,0.078417
ER(0.5),12,4,3,0.916212,iid,0.8,4,0.244525,0.084326
ER(0.5),12,4,3,0.916212,iid,0.8,5,0.253243,0.020138
ER(0.5),12,5,1,0.867125,exact,0.0,0,0.019514,0.004257
ER(0.5),12,5,1,0.867125,samp10,0.0,1,0.009928,0.008616
ER(0.5),12,5,1,0.867125,iid,0.05,1,0.099268,0.003017
ER(0.5),12,5,1,0.867125,iid,0.05,2,0.099268,0.004257
ER(0.5),12,5,1,0.867125,iid,0.05,3,0.099268,0.008616
ER(0.5),12,5,1,0.867125,iid,0.05,4,0.099268,0.003017
ER(0.5),12,5,1,0.867125,iid,0.05,5,0.099268,0.004257
ER(0.5),12,5,1,0.867125,iid,0.1,1,0.099268,0.008616
ER(0.5),12,5,1,0.867125,iid,0.1,2,0.099268,0.004257
ER(0.5),12,5,1,0.867125,iid,0.1,3,0.099268,0.004257
ER(0.5),12,5,1,0.867125,iid,0.1,4,0.099268,0.004257
ER(0.5),12,5,1,0.867125,iid,0.1,5,0.099268,0.003017
ER(0.5),12,5,1,0.867125,iid,0.2,1,0.099268,0.003017
ER(0.5),12,5,1,0.867125,iid,0.2,2,0.116397,0.006946
ER(0.5),12,5,1,0.867125,iid,0.2,3,0.099268,0.012228
ER(0.5),12,5,1,0.867125,iid,0.2,4,0.107411,0.008616
ER(0.5),12,5,1,0.867125,iid,0.2,5,0.078431,0.000677
ER(0.5),12,5,1,0.867125,iid,0.4,1,0.13896,0.005465
ER(0.5),12,5,1,0.867125,iid,0.4,2,0.099268,0.005345
ER(0.5),12,5,1,0.867125,iid,0.4,3,0.099268,0.003017
ER(0.5),12,5,1,0.867125,iid,0.4,4,0.118813,0.04204
ER(0.5),12,5,1,0.867125,iid,0.4,5,0.099268,0.000677
ER(0.5),12,5,1,0.867125,iid,0.8,1,0.100263,0.020713
ER(0.5),12,5,1,0.867125,iid,0.8,2,0.099268,0.176996
ER(0.5),12,5,1,0.867125,iid,0.8,3,0.099268,0.02993
ER(0.5),12,5,1,0.867125,iid,0.8,4,0.186331,0.099268
ER(0.5),12,5,1,0.867125,iid,0.8,5,0.099268,0.01533
ER(0.5),12,5,3,0.931342,exact,0.0,0,0.055988,0.024356
ER(0.5),12,5,3,0.931342,samp10,0.0,1,0.031679,0.037119
ER(0.5),12,5,3,0.931342,iid,0.05,1,0.169651,0.032958
ER(0.5),12,5,3,0.931342,iid,0.05,2,0.169651,0.02517
ER(0.5),12,5,3,0.931342,iid,0.05,3,0.16382,0.037119
ER(0.5),12,5,3,0.931342,iid,0.05,4,0.169651,0.037119
ER(0.5),12,5,3,0.931342,iid,0.05,5,0.131964,0.024356
ER(0.5),12,5,3,0.931342,iid,0.1,1,0.169651,0.02517
ER(0.5),12,5,3,0.931342,iid,0.1,2,0.169651,0.005193
ER(0.5),12,5,3,0.931342,iid,0.1,3,0.152968,0.032958
ER(0.5),12,5,3,0.931342,iid,0.1,4,0.163981,0.01504
ER(0.5),12,5,3,0.931342,iid,0.1,5,0.155094,0.024356
ER(0.5),12,5,3,0.931342,iid,0.2,1,0.206814,0.029323
ER(0.5),12,5,3,0.931342,iid,0.2,2,0.230313,0.018506
ER(0.5),12,5,3,0.931342,iid,0.2,3,0.289403,0.037579
ER(0.5),12,5,3,0.931342,iid,0.2,4,0.169651,0.016195
ER(0.5),12,5,3,0.931342,iid,0.2,5,0.291178,0.030515
ER(0.5),12,5,3,0.931342,iid,0.4,1,0.298056,0.044738
ER(0.5),12,5,3,0.931342,iid,0.4,2,0.31852,0.029323
ER(0.5),12,5,3,0.931342,iid,0.4,3,0.224705,0.029323
ER(0.5),12,5,3,0.931342,iid,0.4,4,0.198977,0.026995
ER(0.5),12,5,3,0.931342,iid,0.4,5,0.231769,0.024644
ER(0.5),12,5,3,0.931342,iid,0.8,1,0.418725,0.354817
ER(0.5),12,5,3,0.931342,iid,0.8,2,0.191975,0.137451
ER(0.5),12,5,3,0.931342,iid,0.8,3,0.30285,0.04809
ER(0.5),12,5,3,0.931342,iid,0.8,4,0.217541,0.177596
ER(0.5),12,5,3,0.931342,iid,0.8,5,0.169651,0.035808
ER(0.5),12,6,1,0.817472,exact,0.0,0,0.020708,0.02612
ER(0.5),12,6,1,0.817472,samp10,0.0,1,0.033032,0.008754
ER(0.5),12,6,1,0.817472,iid,0.05,1,0.072566,0.008754
ER(0.5),12,6,1,0.817472,iid,0.05,2,0.113768,0.008754
ER(0.5),12,6,1,0.817472,iid,0.05,3,0.0516,0.013948
ER(0.5),12,6,1,0.817472,iid,0.05,4,0.113768,0.013948
ER(0.5),12,6,1,0.817472,iid,0.05,5,0.113768,0.008754
ER(0.5),12,6,1,0.817472,iid,0.1,1,0.113768,0.013948
ER(0.5),12,6,1,0.817472,iid,0.1,2,0.110452,0.013948
ER(0.5),12,6,1,0.817472,iid,0.1,3,0.149557,0.00294
ER(0.5),12,6,1,0.817472,iid,0.1,4,0.113768,0.006829
ER(0.5),12,6,1,0.817472,iid,0.1,5,0.110452,0.02612
ER(0.5),12,6,1,0.817472,iid,0.2,1,0.113768,0.006829
ER(0.5),12,6,1,0.817472,iid,0.2,2,0.194703,0.012041
ER(0.5),12,6,1,0.817472,iid,0.2,3,0.113768,0.000587
ER(0.5),12,6,1,0.817472,iid,0.2,4,0.221947,0.000587
ER(0.5),12,6,1,0.817472,iid,0.2,5,0.149557,0.0
ER(0.5),12,6,1,0.817472,iid,0.4,1,0.123154,0.00566
ER(0.5),12,6,1,0.817472,iid,0.4,2,0.113768,0.008754
ER(0.5),12,6,1,0.817472,iid,0.4,3,0.131805,0.006007
ER(0.5),12,6,1,0.817472,iid,0.4,4,0.113768,0.021723
ER(0.5),12,6,1,0.817472,iid,0.4,5,0.194703,0.009639
ER(0.5),12,6,1,0.817472,iid,0.8,1,0.122926,0.052457
ER(0.5),12,6,1,0.817472,iid,0.8,2,0.120164,0.04297
ER(0.5),12,6,1,0.817472,iid,0.8,3,0.123952,0.04297
ER(0.5),12,6,1,0.817472,iid,0.8,4,0.23608,0.029052
ER(0.5),12,6,1,0.817472,iid,0.8,5,0.114592,0.009639
ER(0.5),12,6,3,0.912566,exact,0.0,0,0.091408,0.047839
ER(0.5),12,6,3,0.912566,samp10,0.0,1,0.095797,0.03391
ER(0.5),12,6,3,0.912566,iid,0.05,1,0.195964,0.051178
ER(0.5),12,6,3,0.912566,iid,0.05,2,0.192302,0.063934
ER(0.5),12,6,3,0.912566,iid,0.05,3,0.21094,0.039789
ER(0.5),12,6,3,0.912566,iid,0.05,4,0.213339,0.039789
ER(0.5),12,6,3,0.912566,iid,0.05,5,0.213339,0.021792
ER(0.5),12,6,3,0.912566,iid,0.1,1,0.200336,0.021792
ER(0.5),12,6,3,0.912566,iid,0.1,2,0.209352,0.029987
ER(0.5),12,6,3,0.912566,iid,0.1,3,0.213339,0.039745
ER(0.5),12,6,3,0.912566,iid,0.1,4,0.19997,0.036796
ER(0.5),12,6,3,0.912566,iid,0.1,5,0.208659,0.051178
ER(0.5),12,6,3,0.912566,iid,0.2,1,0.200855,0.039745
ER(0.5),12,6,3,0.912566,iid,0.2,2,0.29749,0.040283
ER(0.5),12,6,3,0.912566,iid,0.2,3,0.302671,0.038526
ER(0.5),12,6,3,0.912566,iid,0.2,4,0.244726,0.041138
ER(0.5),12,6,3,0.912566,iid,0.2,5,0.314125,0.020923
ER(0.5),12,6,3,0.912566,iid,0.4,1,0.190866,0.068912
ER(0.5),12,6,3,0.912566,iid,0.4,2,0.213339,0.036339
ER(0.5),12,6,3,0.912566,iid,0.4,3,0.349693,0.051793
ER(0.5),12,6,3,0.912566,iid,0.4,4,0.242793,0.040098
ER(0.5),12,6,3,0.912566,iid,0.4,5,0.239381,0.021467
ER(0.5),12,6,3,0.912566,iid,0.8,1,0.225418,0.119286
ER(0.5),12,6,3,0.912566,iid,0.8,2,0.21936,0.026367
ER(0.5),12,6,3,0.912566,iid,0.8,3,0.241507,0.097084
ER(0.5),12,6,3,0.912566,iid,0.8,4,0.338238,0.068912
ER(0.5),12,6,3,0.912566,iid,0.8,5,0.305495,0.183317
ER(0.5),12,7,1,0.784744,exact,0.0,0,0.031132,0.02154
ER(0.5),12,7,1,0.784744,samp10,0.0,1,0.018216,0.011014
ER(0.5),12,7,1,0.784744,iid,0.05,1,0.091746,0.02154
ER(0.5),12,7,1,0.784744,iid,0.05,2,0.091746,0.02154
ER(0.5),12,7,1,0.784744,iid,0.05,3,0.124744,0.012004
ER(0.5),12,7,1,0.784744,iid,0.05,4,0.124744,0.006998
ER(0.5),12,7,1,0.784744,iid,0.05,5,0.112824,0.01582
ER(0.5),12,7,1,0.784744,iid,0.1,1,0.124744,0.006998
ER(0.5),12,7,1,0.784744,iid,0.1,2,0.116687,0.003203
ER(0.5),12,7,1,0.784744,iid,0.1,3,0.066832,0.003203
ER(0.5),12,7,1,0.784744,iid,0.1,4,0.102616,0.006998
ER(0.5),12,7,1,0.784744,iid,0.1,5,0.124744,0.012004
ER(0.5),12,7,1,0.784744,iid,0.2,1,0.124744,0.00113
ER(0.5),12,7,1,0.784744,iid,0.2,2,0.234932,0.018044
ER(0.5),12,7,1,0.784744,iid,0.2,3,0.145999,0.003866
ER(0.5),12,7,1,0.784744,iid,0.2,4,0.124744,0.009238
ER(0.5),12,7,1,0.784744,iid,0.2,5,0.128931,0.012734
ER(0.5),12,7,1,0.784744,iid,0.4,1,0.129285,0.01918
ER(0.5),12,7,1,0.784744,iid,0.4,2,0.124744,0.01738
ER(0.5),12,7,1,0.784744,iid,0.4,3,0.114324,0.022338
ER(0.5),12,7,1,0.784744,iid,0.4,4,0.133527,0.012734
ER(0.5),12,7,1,0.784744,iid,0.4,5,0.127268,0.017467
ER(0.5),12,7,1,0.784744,iid,0.8,1,0.251213,0.032029
ER(0.5),12,7,1,0.784744,iid,0.8,2,0.13053,0.028428
ER(0.5),12,7,1,0.784744,iid,0.8,3,0.124744,0.056848
ER(0.5),12,7,1,0.784744,iid,0.8,4,0.124744,0.028428
ER(0.5),12,7,1,0.784744,iid,0.8,5,0.227331,0.125872
ER(0.5),12,7,3,0.877226,exact,0.0,0,0.075881,0.022452
ER(0.5),12,7,3,0.877226,samp10,0.0,1,0.075881,0.033354
ER(0.5),12,7,3,0.877226,iid,0.05,1,0.192171,0.022452
ER(0.5),12,7,3,0.877226,iid,0.05,2,0.190512,0.022452
ER(0.5),12,7,3,0.877226,iid,0.05,3,0.220852,0.022452
ER(0.5),12,7,3,0.877226,iid,0.05,4,0.208775,0.030978
ER(0.5),12,7,3,0.877226,iid,0.05,5,0.207803,0.030978
ER(0.5),12,7,3,0.877226,iid,0.1,1,0.220852,0.035649
ER(0.5),12,7,3,0.877226,iid,0.1,2,0.208775,0.028436
ER(0.5),12,7,3,0.877226,iid,0.1,3,0.157216,0.039344
ER(0.5),12,7,3,0.877226,iid,0.1,4,0.178314,0.008083
ER(0.5),12,7,3,0.877226,iid,0.1,5,0.220852,0.030978
ER(0.5),12,7,3,0.877226,iid,0.2,1,0.316293,0.052706
ER(0.5),12,7,3,0.877226,iid,0.2,2,0.177868,0.050628
ER(0.5),12,7,3,0.877226,iid,0.2,3,0.207803,0.071306
ER(0.5),12,7,3,0.877226,iid,0.2,4,0.275343,0.055986
ER(0.5),12,7,3,0.877226,iid,0.2,5,0.23892,0.068223
ER(0.5),12,7,3,0.877226,iid,0.4,1,0.212991,0.053153
ER(0.5),12,7,3,0.877226,iid,0.4,2,0.23892,0.053153
ER(0.5),12,7,3,0.877226,iid,0.4,3,0.2104,0.055986
ER(0.5),12,7,3,0.877226,iid,0.4,4,0.261187,0.038914
ER(0.5),12,7,3,0.877226,iid,0.4,5,0.270551,0.084442
ER(0.5),12,7,3,0.877226,iid,0.8,1,0.298761,0.028851
ER(0.5),12,7,3,0.877226,iid,0.8,2,0.298815,0.039249
ER(0.5),12,7,3,0.877226,iid,0.8,3,0.23892,0.060372
ER(0.5),12,7,3,0.877226,iid,0.8,4,0.264632,0.045511
ER(0.5),12,7,3,0.877226,iid,0.8,5,0.392717,0.079278
ER(0.5),12,8,1,0.818434,exact,0.0,0,0.031074,0.036839
ER(0.5),12,8,1,0.818434,samp10,0.0,1,0.020643,0.036839
ER(0.5),12,8,1,0.818434,iid,0.05,1,0.143434,0.013197
ER(0.5),12,8,1,0.818434,iid,0.05,2,0.143434,0.010315
ER(0.5),12,8,1,0.818434,iid,0.05,3,0.138977,0.025578
ER(0.5),12,8,1,0.818434,iid,0.05,4,0.143434,0.024342
ER(0.5),12,8,1,0.818434,iid,0.05,5,0.143434,0.013197
ER(0.5),12,8,1,0.818434,iid,0.1,1,0.141843,0.010315
ER(0.5),12,8,1,0.818434,iid,0.1,2,0.143434,0.002498
ER(0.5),12,8,1,0.818434,iid,0.1,3,0.143434,0.010315
ER(0.5),12,8,1,0.818434,iid,0.1,4,0.143434,0.00583
ER(0.5),12,8,1,0.818434,iid,0.1,5,0.130853,0.00583
ER(0.5),12,8,1,0.818434,iid,0.2,1,0.143434,0.024167
ER(0.5),12,8,1,0.818434,iid,0.2,2,0.117448,0.019116
ER(0.5),12,8,1,0.818434,iid,0.2,3,0.143434,0.007822
ER(0.5),12,8,1,0.818434,iid,0.2,4,0.228114,0.004549
ER(0.5),12,8,1,0.818434,iid,0.2,5,0.143434,0.004549
ER(0.5),12,8,1,0.818434,iid,0.4,1,0.143434,0.060833
ER(0.5),12,8,1,0.818434,iid,0.4,2,0.143434,0.004549
ER(0.5),12,8,1,0.818434,iid,0.4,3,0.1642,0.020756
ER(0.5),12,8,1,0.818434,iid,0.4,4,0.143434,0.011507
ER(0.5),12,8,1,0.818434,iid,0.4,5,0.276146,0.03738
ER(0.5),12,8,1,0.818434,iid,0.8,1,0.191565,0.049362
ER(0.5),12,8,1,0.818434,iid,0.8,2,0.199874,0.039396
ER(0.5),12,8,1,0.818434,iid,0.8,3,0.212938,0.031753
ER(0.5),12,8,1,0.818434,iid,0.8,4,0.143434,0.022333
ER(0.5),12,8,1,0.818434,iid,0.8,5,0.220539,0.145599
ER(0.5),12,8,3,0.897231,exact,0.0,0,0.070635,0.022632
ER(0.5),12,8,3,0.897231,samp10,0.0,1,0.063802,0.018979
ER(0.5),12,8,3,0.897231,iid,0.05,1,0.131217,0.010333
ER(0.5),12,8,3,0.897231,iid,0.05,2,0.219575,0.029234
ER(0.5),12,8,3,0.897231,iid,0.05,3,0.21644,0.022632
ER(0.5),12,8,3,0.897231,iid,0.05,4,0.211159,0.022632
ER(0.5),12,8,3,0.897231,iid,0.05,5,0.203758,0.022632
ER(0.5),12,8,3,0.897231,iid,0.1,1,0.219413,0.029234
ER(0.5),12,8,3,0.897231,iid,0.1,2,0.214659,0.002254
ER(0.5),12,8,3,0.897231,iid,0.1,3,0.196137,0.029234
ER(0.5),12,8,3,0.897231,iid,0.1,4,0.22567,0.016224
ER(0.5),12,8,3,0.897231,iid,0.1,5,0.211159,0.036877
ER(0.5),12,8,3,0.897231,iid,0.2,1,0.247617,0.028836
ER(0.5),12,8,3,0.897231,iid,0.2,2,0.204507,0.029471
ER(0.5),12,8,3,0.897231,iid,0.2,3,0.37028,0.02872
ER(0.5),12,8,3,0.897231,iid,0.2,4,0.22567,0.016224
ER(0.5),12,8,3,0.897231,iid,0.2,5,0.253113,0.057598
ER(0.5),12,8,3,0.897231,iid,0.4,1,0.412734,0.040275
ER(0.5),12,8,3,0.897231,iid,0.4,2,0.22567,0.034723
ER(0.5),12,8,3,0.897231,iid,0.4,3,0.304645,0.01374
ER(0.5),12,8,3,0.897231,iid,0.4,4,0.213321,0.031755
ER(0.5),12,8,3,0.897231,iid,0.4,5,0.355769,0.068004
ER(0.5),12,8,3,0.897231,iid,0.8,1,0.264086,0.09431
ER(0.5),12,8,3,0.897231,iid,0.8,2,0.246851,0.028836
ER(0.5),12,8,3,0.897231,iid,0.8,3,0.295806,0.102894
ER(0.5),12,8,3,0.897231,iid,0.8,4,0.286848,0.215532
ER(0.5),12,8,3,0.897231,iid,0.8,5,0.282649,0.216215
ER(0.5),12,9,1,0.823532,exact,0.0,0,0.04087,0.069087
ER(0.5),12,9,1,0.823532,samp10,0.0,1,0.028664,0.051478
ER(0.5),12,9,1,0.823532,iid,0.05,1,0.162013,0.014056
ER(0.5),12,9,1,0.823532,iid,0.05,2,0.107689,0.040316
ER(0.5),12,9,1,0.823532,iid,0.05,3,0.083403,0.025059
ER(0.5),12,9,1,0.823532,iid,0.05,4,0.076729,0.017496
ER(0.5),12,9,1,0.823532,iid,0.05,5,0.103622,0.025059
ER(0.5),12,9,1,0.823532,iid,0.1,1,0.198532,0.02312
ER(0.5),12,9,1,0.823532,iid,0.1,2,0.198532,0.004366
ER(0.5),12,9,1,0.823532,iid,0.1,3,0.157962,0.015471
ER(0.5),12,9,1,0.823532,iid,0.1,4,0.179741,0.004366
ER(0.5),12,9,1,0.823532,iid,0.1,5,0.152789,0.018726
ER(0.5),12,9,1,0.823532,iid,0.2,1,0.22118,0.028568
ER(0.5),12,9,1,0.823532,iid,0.2,2,0.207158,0.021299
ER(0.5),12,9,1,0.823532,iid,0.2,3,0.198532,0.00373
ER(0.5),12,9,1,0.823532,iid,0.2,4,0.212238,0.012465
ER(0.5),12,9,1,0.823532,iid,0.2,5,0.120055,0.026238
ER(0.5),12,9,1,0.823532,iid,0.4,1,0.198532,0.058652
ER(0.5),12,9,1,0.823532,iid,0.4,2,0.253894,0.053877
ER(0.5),12,9,1,0.823532,iid,0.4,3,0.193255,0.053877
ER(0.5),12,9,1,0.823532,iid,0.4,4,0.219096,0.028612
ER(0.5),12,9,1,0.823532,iid,0.4,5,0.198532,0.047346
ER(0.5),12,9,1,0.823532,iid,0.8,1,0.195938,0.014083
ER(0.5),12,9,1,0.823532,iid,0.8,2,0.282225,0.034334
ER(0.5),12,9,1,0.823532,iid,0.8,3,0.179741,0.119311
ER(0.5),12,9,1,0.823532,iid,0.8,4,0.198532,0.048156
ER(0.5),12,9,1,0.823532,iid,0.8,5,0.192689,0.082789
ER(0.5),12,9,3,0.922811,exact,0.0,0,0.089025,0.043094
ER(0.5),12,9,3,0.922811,samp10,0.0,1,0.072028,0.00975
ER(0.5),12,9,3,0.922811,iid,0.05,1,0.265573,0.012785
ER(0.5),12,9,3,0.922811,iid,0.05,2,0.303961,0.022038
ER(0.5),12,9,3,0.922811,iid,0.05,3,0.30824,0.034034
ER(0.5),12,9,3,0.922811,iid,0.05,4,0.165473,0.012785
ER(0.5),12,9,3,0.922811,iid,0.05,5,0.272764,0.025413
ER(0.5),12,9,3,0.922811,iid,0.1,1,0.299945,0.06164
ER(0.5),12,9,3,0.922811,iid,0.1,2,0.299945,0.028121
ER(0.5),12,9,3,0.922811,iid,0.1,3,0.288338,0.041726
ER(0.5),12,9,3,0.922811,iid,0.1,4,0.233337,0.028121
ER(0.5),12,9,3,0.922811,iid,0.1,5,0.300807,0.054841
ER(0.5),12,9,3,0.922811,iid,0.2,1,0.294184,0.055326
ER(0.5),12,9,3,0.922811,iid,0.2,2,0.368358,0.096178
ER(0.5),12,9,3,0.922811,iid,0.2,3,0.289715,0.06164
ER(0.5),12,9,3,0.922811,iid,0.2,4,0.425398,0.095865
ER(0.5),12,9,3,0.922811,iid,0.2,5,0.294439,0.116409
ER(0.5),12,9,3,0.922811,iid,0.4,1,0.299945,0.049316
ER(0.5),12,9,3,0.922811,iid,0.4,2,0.299945,0.150432
ER(0.5),12,9,3,0.922811,iid,0.4,3,0.300385,0.047437
ER(0.5),12,9,3,0.922811,iid,0.4,4,0.395966,0.106355
ER(0.5),12,9,3,0.922811,iid,0.4,5,0.368358,0.076005
ER(0.5),12,9,3,0.922811,iid,0.8,1,0.404962,0.086951
ER(0.5),12,9,3,0.922811,iid,0.8,2,0.433676,0.106798
ER(0.5),12,9,3,0.922811,iid,0.8,3,0.275691,0.117029
ER(0.5),12,9,3,0.922811,iid,0.8,4,0.295583,0.086976
ER(0.5),12,9,3,0.922811,iid,0.8,5,0.353095,0.059492
ER(0.5),12,10,1,0.867052,exact,0.0,0,0.025435,0.015064
ER(0.5),12,10,1,0.867052,samp10,0.0,1,0.018426,0.015064
ER(0.5),12,10,1,0.867052,iid,0.05,1,0.107792,0.015064
ER(0.5),12,10,1,0.867052,iid,0.05,2,0.107792,0.015064
ER(0.5),12,10,1,0.867052,iid,0.05,3,0.076713,0.015064
ER(0.5),12,10,1,0.867052,iid,0.05,4,0.107792,0.015064
ER(0.5),12,10,1,0.867052,iid,0.05,5,0.107792,0.015064
ER(0.5),12,10,1,0.867052,iid,0.1,1,0.107792,0.005444
ER(0.5),12,10,1,0.867052,iid,0.1,2,0.107792,0.005444
ER(0.5),12,10,1,0.867052,iid,0.1,3,0.107792,0.005444
ER(0.5),12,10,1,0.867052,iid,0.1,4,0.107792,0.010223
ER(0.5),12,10,1,0.867052,iid,0.1,5,0.107792,0.002782
ER(0.5),12,10,1,0.867052,iid,0.2,1,0.107792,0.027389
ER(0.5),12,10,1,0.867052,iid,0.2,2,0.100497,0.001985
ER(0.5),12,10,1,0.867052,iid,0.2,3,0.107792,0.005444
ER(0.5),12,10,1,0.867052,iid,0.2,4,0.107792,0.002782
ER(0.5),12,10,1,0.867052,iid,0.2,5,0.280111,0.002782
ER(0.5),12,10,1,0.867052,iid,0.4,1,0.313466,0.001405
ER(0.5),12,10,1,0.867052,iid,0.4,2,0.317408,0.001405
ER(0.5),12,10,1,0.867052,iid,0.4,3,0.107792,0.011461
ER(0.5),12,10,1,0.867052,iid,0.4,4,0.192543,0.005859
ER(0.5),12,10,1,0.867052,iid,0.4,5,0.181078,0.107792
ER(0.5),12,10,1,0.867052,iid,0.8,1,0.3378,0.182035
ER(0.5),12,10,1,0.867052,iid,0.8,2,0.107792,0.019948
ER(0.5),12,10,1,0.867052,iid,0.8,3,0.308811,0.00882
ER(0.5),12,10,1,0.867052,iid,0.8,4,0.294057,0.037513
ER(0.5),12,10,1,0.867052,iid,0.8,5,0.16562,0.008939
ER(0.5),12,10,3,0.93713,exact,0.0,0,0.063827,0.036327
ER(0.5),12,10,3,0.93713,samp10,0.0,1,0.068028,0.036327
ER(0.5),12,10,3,0.93713,iid,0.05,1,0.167324,0.023547
ER(0.5),12,10,3,0.93713,iid,0.05,2,0.169157,0.023547
ER(0.5),12,10,3,0.93713,iid,0.05,3,0.156287,0.023547
ER(0.5),12,10,3,0.93713,iid,0.05,4,0.183438,0.023547
ER(0.5),12,10,3,0.93713,iid,0.05,5,0.157508,0.027445
ER(0.5),12,10,3,0.93713,iid,0.1,1,0.180766,0.054202
ER(0.5),12,10,3,0.93713,iid,0.1,2,0.200311,0.006785
ER(0.5),12,10,3,0.93713,iid,0.1,3,0.173202,0.023547
ER(0.5),12,10,3,0.93713,iid,0.1,4,0.2274,0.011268
ER(0.5),12,10,3,0.93713,iid,0.1,5,0.183438,0.006785
ER(0.5),12,10,3,0.93713,iid,0.2,1,0.183438,0.048953
ER(0.5),12,10,3,0.93713,iid,0.2,2,0.341931,0.01822
ER(0.5),12,10,3,0.93713,iid,0.2,3,0.283903,0.01822
ER(0.5),12,10,3,0.93713,iid,0.2,4,0.200311,0.01822
ER(0.5),12,10,3,0.93713,iid,0.2,5,0.233274,0.022133
ER(0.5),12,10,3,0.93713,iid,0.4,1,0.206709,0.01822
ER(0.5),12,10,3,0.93713,iid,0.4,2,0.327179,0.019171
ER(0.5),12,10,3,0.93713,iid,0.4,3,0.183438,0.01822
ER(0.5),12,10,3,0.93713,iid,0.4,4,0.295911,0.037457
ER(0.5),12,10,3,0.93713,iid,0.4,5,0.211804,0.020808
ER(0.5),12,10,3,0.93713,iid,0.8,1,0.254652,0.257703
ER(0.5),12,10,3,0.93713,iid,0.8,2,0.287677,0.049792
ER(0.5),12,10,3,0.93713,iid,0.8,3,0.266376,0.072943
ER(0.5),12,10,3,0.93713,iid,0.8,4,0.255551,0.223864
ER(0.5),12,10,3,0.93713,iid,0.8,5,0.228498,0.046205
ER(0.25),12,1,1,0.763325,exact,0.0,0,0.031585,0.062813
ER(0.25),12,1,1,0.763325,samp10,0.0,1,0.015327,0.02333
ER(0.25),12,1,1,0.763325,iid,0.05,1,0.186402,0.018503
ER(0.25),12,1,1,0.763325,iid,0.05,2,0.186402,0.02333
ER(0.25),12,1,1,0.763325,iid,0.05,3,0.187639,0.018655
ER(0.25),12,1,1,0.763325,iid,0.05,4,0.187639,0.02333
ER(0.25),12,1,1,0.763325,iid,0.05,5,0.101019,0.034069
ER(0.25),12,1,1,0.763325,iid,0.1,1,0.192502,0.006431
ER(0.25),12,1,1,0.763325,iid,0.1,2,0.239756,0.002515
ER(0.25),12,1,1,0.763325,iid,0.1,3,0.150587,0.004098
ER(0.25),12,1,1,0.763325,iid,0.1,4,0.186402,0.011176
ER(0.25),12,1,1,0.763325,iid,0.1,5,0.186402,0.011176
ER(0.25),12,1,1,0.763325,iid,0.2,1,0.186402,0.039489
ER(0.25),12,1,1,0.763325,iid,0.2,2,0.186402,0.004111
ER(0.25),12,1,1,0.763325,iid,0.2,3,0.12666,0.025129
ER(0.25),12,1,1,0.763325,iid,0.2,4,0.197354,0.010501
ER(0.25),12,1,1,0.763325,iid,0.2,5,0.186402,0.017159
ER(0.25),12,1,1,0.763325,iid,0.4,1,0.190676,0.02375
ER(0.25),12,1,1,0.763325,iid,0.4,2,0.162779,0.044769
ER(0.25),12,1,1,0.763325,iid,0.4,3,0.218612,0.041989
ER(0.25),12,1,1,0.763325,iid,0.4,4,0.207977,0.089076
ER(0.25),12,1,1,0.763325,iid,0.4,5,0.186402,0.042877
ER(0.25),12,1,1,0.763325,iid,0.8,1,0.159691,0.387742
ER(0.25),12,1,1,0.763325,iid,0.8,2,0.186402,0.041919
ER(0.25),12,1,1,0.763325,iid,0.8,3,0.256145,0.066891
ER(0.25),12,1,1,0.763325,iid,0.8,4,0.186402,0.064538
ER(0.25),12,1,1,0.763325,iid,0.8,5,0.243327,0.04354
ER(0.25),12,1,3,0.86719,exact,0.0,0,0.079051,0.03499
ER(0.25),12,1,3,0.86719,samp10,0.0,1,0.043155,0.023687
ER(0.25),12,1,3,0.86719,iid,0.05,1,0.175209,0.049204
ER(0.25),12,1,3,0.86719,iid,0.05,2,0.28831,0.049204
ER(0.25),12,1,3,0.86719,iid,0.05,3,0.308366,0.023687
ER(0.25),12,1,3,0.86719,iid,0.05,4,0.272468,0.03499
ER(0.25),12,1,3,0.86719,iid,0.05,5,0.269021,0.083195
ER(0.25),12,1,3,0.86719,iid,0.1,1,0.292347,0.046637
ER(0.25),12,1,3,0.86719,iid,0.1,2,0.262858,0.036632
ER(0.25),12,1,3,0.86719,iid,0.1,3,0.276708,0.05878
ER(0.25),12,1,3,0.86719,iid,0.1,4,0.292347,0.036632
ER(0.25),12,1,3,0.86719,iid,0.1,5,0.281833,0.022106
ER(0.25),12,1,3,0.86719,iid,0.2,1,0.282122,0.060765
ER(0.25),12,1,3,0.86719,iid,0.2,2,0.271574,0.038606
ER(0.25),12,1,3,0.86719,iid,0.2,3,0.282805,0.036632
ER(0.25),12,1,3,0.86719,iid,0.2,4,0.284808,0.052368
ER(0.25),12,1,3,0.86719,iid,0.2,5,0.352162,0.067911
ER(0.25),12,1,3,0.86719,iid,0.4,1,0.246764,0.023288
ER(0.25),12,1,3,0.86719,iid,0.4,2,0.307198,0.063334
ER(0.25),12,1,3,0.86719,iid,0.4,3,0.238582,0.045677
ER(0.25),12,1,3,0.86719,iid,0.4,4,0.298106,0.130903
ER(0.25),12,1,3,0.86719,iid,0.4,5,0.292347,0.095037
ER(0.25),12,1,3,0.86719,iid,0.8,1,0.252931,0.28346
ER(0.25),12,1,3,0.86719,iid,0.8,2,0.297606,0.213005
ER(0.25),12,1,3,0.86719,iid,0.8,3,0.283817,0.045968
ER(0.25),12,1,3,0.86719,iid,0.8,4,0.349876,0.081138
ER(0.25),12,1,3,0.86719,iid,0.8,5,0.353167,0.092778
ER(0.25),12,2,1,0.800817,exact,0.0,0,0.030093,0.119521
ER(0.25),12,2,1,0.800817,samp10,0.0,1,0.020778,0.049942
ER(0.25),12,2,1,0.800817,iid,0.05,1,0.114003,0.025348
ER(0.25),12,2,1,0.800817,iid,0.05,2,0.077314,0.01651
ER(0.25),12,2,1,0.800817,iid,0.05,3,0.093886,0.023573
ER(0.25),12,2,1,0.800817,iid,0.05,4,0.078653,0.018453
ER(0.25),12,2,1,0.800817,iid,0.05,5,0.134873,0.018453
ER(0.25),12,2,1,0.800817,iid,0.1,1,0.193674,0.008962
ER(0.25),12,2,1,0.800817,iid,0.1,2,0.193674,0.013715
ER(0.25),12,2,1,0.800817,iid,0.1,3,0.169674,0.033126
ER(0.25),12,2,1,0.800817,iid,0.1,4,0.150543,0.012585
ER(0.25),12,2,1,0.800817,iid,0.1,5,0.193674,0.005565
ER(0.25),12,2,1,0.800817,iid,0.2,1,0.193674,0.019674
ER(0.25),12,2,1,0.800817,iid,0.2,2,0.193674,0.0123
ER(0.25),12,2,1,0.800817,iid,0.2,3,0.243446,0.028306
ER(0.25),12,2,1,0.800817,iid,0.2,4,0.193674,0.014322
ER(0.25),12,2,1,0.800817,iid,0.2,5,0.193674,0.010504
ER(0.25),12,2,1,0.800817,iid,0.4,1,0.193674,0.027882
ER(0.25),12,2,1,0.800817,iid,0.4,2,0.181888,0.017572
ER(0.25),12,2,1,0.800817,iid,0.4,3,0.193674,0.070222
ER(0.25),12,2,1,0.800817,iid,0.4,4,0.193674,0.045701
ER(0.25),12,2,1,0.800817,iid,0.4,5,0.217816,0.049826
ER(0.25),12,2,1,0.800817,iid,0.8,1,0.191824,0.099148
ER(0.25),12,2,1,0.800817,iid,0.8,2,0.185288,0.049616
ER(0.25),12,2,1,0.800817,iid,0.8,3,0.18444,0.108378
ER(0.25),12,2,1,0.800817,iid,0.8,4,0.193674,0.101914
ER(0.25),12,2,1,0.800817,iid,0.8,5,0.349705,0.001438
ER(0.25),12,2,3,0.902946,exact,0.0,0,0.068025,0.057341
ER(0.25),12,2,3,0.902946,samp10,0.0,1,0.06311,0.028579
ER(0.25),12,2,3,0.902946,iid,0.05,1,0.281527,0.046606
ER(0.25),12,2,3,0.902946,iid,0.05,2,0.271386,0.029635
ER(0.25),12,2,3,0.902946,iid,0.05,3,0.272912,0.046606
ER(0.25),12,2,3,0.902946,iid,0.05,4,0.272912,0.04669
ER(0.25),12,2,3,0.902946,iid,0.05,5,0.294106,0.028579
ER(0.25),12,2,3,0.902946,iid,0.1,1,0.286945,0.044829
ER(0.25),12,2,3,0.902946,iid,0.1,2,0.286945,0.04381
ER(0.25),12,2,3,0.902946,iid,0.1,3,0.248381,0.04079
ER(0.25),12,2,3,0.902946,iid,0.1,4,0.289589,0.016647
ER(0.25),12,2,3,0.902946,iid,0.1,5,0.293696,0.04381
ER(0.25),12,2,3,0.902946,iid,0.2,1,0.297936,0.027801
ER(0.25),12,2,3,0.902946,iid,0.2,2,0.278185,0.038414
ER(0.25),12,2,3,0.902946,iid,0.2,3,0.30714,0.055535
ER(0.25),12,2,3,0.902946,iid,0.2,4,0.286945,0.052378
ER(0.25),12,2,3,0.902946,iid,0.2,5,0.286945,0.011839
ER(0.25),12,2,3,0.902946,iid,0.4,1,0.297936,0.073228
ER(0.25),12,2,3,0.902946,iid,0.4,2,0.259091,0.068851
ER(0.25),12,2,3,0.902946,iid,0.4,3,0.315107,0.045713
ER(0.25),12,2,3,0.902946,iid,0.4,4,0.387317,0.075413
ER(0.25),12,2,3,0.902946,iid,0.4,5,0.363515,0.084764
ER(0.25),12,2,3,0.902946,iid,0.8,1,0.287625,0.109752
ER(0.25),12,2,3,0.902946,iid,0.8,2,0.268599,0.008764
ER(0.25),12,2,3,0.902946,iid,0.8,3,0.280671,0.140474
ER(0.25),12,2,3,0.902946,iid,0.8,4,0.315495,0.213551
ER(0.25),12,2,3,0.902946,iid,0.8,5,0.371029,0.403507
ER(0.25),12,3,1,0.74323,exact,0.0,0,0.037767,0.083595
ER(0.25),12,3,1,0.74323,samp10,0.0,1,0.020874,0.029512
ER(0.25),12,3,1,0.74323,iid,0.05,1,0.214242,0.011512
ER(0.25),12,3,1,0.74323,iid,0.05,2,0.089857,0.011512
ER(0.25),12,3,1,0.74323,iid,0.05,3,0.215957,0.039119
ER(0.25),12,3,1,0.74323,iid,0.05,4,0.196496,0.024101
ER(0.25),12,3,1,0.74323,iid,0.05,5,0.114199,0.017295
ER(0.25),12,3,1,0.74323,iid,0.1,1,0.207516,0.010636
ER(0.25),12,3,1,0.74323,iid,0.1,2,0.218536,0.008031
ER(0.25),12,3,1,0.74323,iid,0.1,3,0.207516,0.017295
ER(0.25),12,3,1,0.74323,iid,0.1,4,0.210961,0.023929
ER(0.25),12,3,1,0.74323,iid,0.1,5,0.24029,0.019883
ER(0.25),12,3,1,0.74323,iid,0.2,1,0.194224,0.066043
ER(0.25),12,3,1,0.74323,iid,0.2,2,0.207516,0.020641
ER(0.25),12,3,1,0.74323,iid,0.2,3,0.241495,0.020641
ER(0.25),12,3,1,0.74323,iid,0.2,4,0.162841,0.008031
ER(0.25),12,3,1,0.74323,iid,0.2,5,0.203205,0.026529
ER(0.25),12,3,1,0.74323,iid,0.4,1,0.207516,0.056304
ER(0.25),12,3,1,0.74323,iid,0.4,2,0.220337,0.098075
ER(0.25),12,3,1,0.74323,iid,0.4,3,0.192197,0.119044
ER(0.25),12,3,1,0.74323,iid,0.4,4,0.219727,0.022742
ER(0.25),12,3,1,0.74323,iid,0.4,5,0.195294,0.037204
ER(0.25),12,3,1,0.74323,iid,0.8,1,0.203205,0.089673
ER(0.25),12,3,1,0.74323,iid,0.8,2,0.203205,0.047599
ER(0.25),12,3,1,0.74323,iid,0.8,3,0.224168,0.063038
ER(0.25),12,3,1,0.74323,iid,0.8,4,0.207516,0.090325
ER(0.25),12,3,1,0.74323,iid,0.8,5,0.207516,0.395399
ER(0.25),12,3,3,0.888638,exact,0.0,0,0.101721,0.053773
ER(0.25),12,3,3,0.888638,samp10,0.0,1,0.100919,0.053773
ER(0.25),12,3,3,0.888638,iid,0.05,1,0.357496,0.033548
ER(0.25),12,3,3,0.888638,iid,0.05,2,0.195638,0.070427
ER(0.25),12,3,3,0.888638,iid,0.05,3,0.243368,0.059842
ER(0.25),12,3,3,0.888638,iid,0.05,4,0.376322,0.033548
ER(0.25),12,3,3,0.888638,iid,0.05,5,0.313744,0.059842
ER(0.25),12,3,3,0.888638,iid,0.1,1,0.354464,0.018884
ER(0.25),12,3,3,0.888638,iid,0.1,2,0.355055,0.057453
ER(0.25),12,3,3,0.888638,iid,0.1,3,0.354464,0.130863
ER(0.25),12,3,3,0.888638,iid,0.1,4,0.360471,0.053272
ER(0.25),12,3,3,0.888638,iid,0.1,5,0.357321,0.057453
ER(0.25),12,3,3,0.888638,iid,0.2,1,0.319791,0.116951
ER(0.25),12,3,3,0.888638,iid,0.2,2,0.345124,0.060672
ER(0.25),12,3,3,0.888638,iid,0.2,3,0.365296,0.087284
ER(0.25),12,3,3,0.888638,iid,0.2,4,0.347219,0.105695
ER(0.25),12,3,3,0.888638,iid,0.2,5,0.282617,0.088414
ER(0.25),12,3,3,0.888638,iid,0.4,1,0.345189,0.110198
ER(0.25),12,3,3,0.888638,iid,0.4,2,0.354464,0.165932
ER(0.25),12,3,3,0.888638,iid,0.4,3,0.328388,0.401748
ER(0.25),12,3,3,0.888638,iid,0.4,4,0.389605,0.12278
ER(0.25),12,3,3,0.888638,iid,0.4,5,0.341733,0.135216
ER(0.25),12,3,3,0.888638,iid,0.8,1,0.397703,0.153246
ER(0.25),12,3,3,0.888638,iid,0.8,2,0.350726,0.087739
ER(0.25),12,3,3,0.888638,iid,0.8,3,0.311598,0.18715
ER(0.25),12,3,3,0.888638,iid,0.8,4,0.354464,0.100468
ER(0.25),12,3,3,0.888638,iid,0.8,5,0.285788,0.173645
ER(0.25),12,4,1,0.769267,exact,0.0,0,0.030199,0.060661
ER(0.25),12,4,1,0.769267,samp10,0.0,1,0.039428,0.045124
ER(0.25),12,4,1,0.769267,iid,0.05,1,0.269267,0.029741
ER(0.25),12,4,1,0.769267,iid,0.05,2,0.288241,0.016253
ER(0.25),12,4,1,0.769267,iid,0.05,3,0.269267,0.022568
ER(0.25),12,4,1,0.769267,iid,0.05,4,0.211634,0.008351
ER(0.25),12,4,1,0.769267,iid,0.05,5,0.127929,0.008198
ER(0.25),12,4,1,0.769267,iid,0.1,1,0.191957,0.011385
ER(0.25),12,4,1,0.769267,iid,0.1,2,0.269267,0.010872
ER(0.25),12,4,1,0.769267,iid,0.1,3,0.269267,0.008198
ER(0.25),12,4,1,0.769267,iid,0.1,4,0.04847,0.012548
ER(0.25),12,4,1,0.769267,iid,0.1,5,0.250293,0.011385
ER(0.25),12,4,1,0.769267,iid,0.2,1,0.257103,0.045124
ER(0.25),12,4,1,0.769267,iid,0.2,2,0.290264,0.048311
ER(0.25),12,4,1,0.769267,iid,0.2,3,0.258091,0.011385
ER(0.25),12,4,1,0.769267,iid,0.2,4,0.258091,0.014716
ER(0.25),12,4,1,0.769267,iid,0.2,5,0.324731,0.063877
ER(0.25),12,4,1,0.769267,iid,0.4,1,0.269267,0.05452
ER(0.25),12,4,1,0.769267,iid,0.4,2,0.226892,0.069626
ER(0.25),12,4,1,0.769267,iid,0.4,3,0.302505,0.107376
ER(0.25),12,4,1,0.769267,iid,0.4,4,0.341071,0.071981
ER(0.25),12,4,1,0.769267,iid,0.4,5,0.269267,0.113912
ER(0.25),12,4,1,0.769267,iid,0.8,1,0.259666,0.08276
ER(0.25),12,4,1,0.769267,iid,0.8,2,0.269267,0.147051
ER(0.25),12,4,1,0.769267,iid,0.8,3,0.264449,0.161683
ER(0.25),12,4,1,0.769267,iid,0.8,4,0.25206,0.040496
ER(0.25),12,4,1,0.769267,iid,0.8,5,0.237264,0.230767
ER(0.25),12,4,3,0.856305,exact,0.0,0,0.052678,0.021567
ER(0.25),12,4,3,0.856305,samp10,0.0,1,0.058082,0.021567
ER(0.25),12,4,3,0.856305,iid,0.05,1,0.220183,0.041851
ER(0.25),12,4,3,0.856305,iid,0.05,2,0.357753,0.021567
ER(0.25),12,4,3,0.856305,iid,0.05,3,0.040155,0.021567
ER(0.25),12,4,3,0.856305,iid,0.05,4,0.309627,0.012291
ER(0.25),12,4,3,0.856305,iid,0.05,5,0.288137,0.015633
ER(0.25),12,4,3,0.856305,iid,0.1,1,0.281082,0.022939
ER(0.25),12,4,3,0.856305,iid,0.1,2,0.348971,0.041851
ER(0.25),12,4,3,0.856305,iid,0.1,3,0.362745,0.047683
ER(0.25),12,4,3,0.856305,iid,0.1,4,0.363219,0.022939
ER(0.25),12,4,3,0.856305,iid,0.1,5,0.315465,0.03403
ER(0.25),12,4,3,0.856305,iid,0.2,1,0.36464,0.048321
ER(0.25),12,4,3,0.856305,iid,0.2,2,0.266338,0.03403
ER(0.25),12,4,3,0.856305,iid,0.2,3,0.357753,0.02895
ER(0.25),12,4,3,0.856305,iid,0.2,4,0.369682,0.062439
ER(0.25),12,4,3,0.856305,iid,0.2,5,0.26108,0.171133
ER(0.25),12,4,3,0.856305,iid,0.4,1,0.337978,0.069574
ER(0.25),12,4,3,0.856305,iid,0.4,2,0.36464,0.109917
ER(0.25),12,4,3,0.856305,iid,0.4,3,0.355605,0.061746
ER(0.25),12,4,3,0.856305,iid,0.4,4,0.361792,0.137144
ER(0.25),12,4,3,0.856305,iid,0.4,5,0.36464,0.107822
ER(0.25),12,4,3,0.856305,iid,0.8,1,0.359769,0.176365
ER(0.25),12,4,3,0.856305,iid,0.8,2,0.30987,0.171571
ER(0.25),12,4,3,0.856305,iid,0.8,3,0.359259,0.081164
ER(0.25),12,4,3,0.856305,iid,0.8,4,0.376766,0.119802
ER(0.25),12,4,3,0.856305,iid,0.8,5,0.383697,0.371741
ER(0.25),12,5,1,0.793687,exact,0.0,0,0.030412,0.061494
ER(0.25),12,5,1,0.793687,samp10,0.0,1,0.015727,0.01867
ER(0.25),12,5,1,0.793687,iid,0.05,1,0.236721,0.014215
ER(0.25),12,5,1,0.793687,iid,0.05,2,0.243687,0.061494
ER(0.25),12,5,1,0.793687,iid,0.05,3,0.243687,0.029538
ER(0.25),12,5,1,0.793687,iid,0.05,4,0.243687,0.025608
ER(0.25),12,5,1,0.793687,iid,0.05,5,0.272897,0.04899
ER(0.25),12,5,1,0.793687,iid,0.1,1,0.243687,0.005632
ER(0.25),12,5,1,0.793687,iid,0.1,2,0.192878,0.002018
ER(0.25),12,5,1,0.793687,iid,0.1,3,0.243687,0.014215
ER(0.25),12,5,1,0.793687,iid,0.1,4,0.301427,0.014215
ER(0.25),12,5,1,0.793687,iid,0.1,5,0.149062,0.002809
ER(0.25),12,5,1,0.793687,iid,0.2,1,0.253836,0.011942
ER(0.25),12,5,1,0.793687,iid,0.2,2,0.239664,0.017543
ER(0.25),12,5,1,0.793687,iid,0.2,3,0.243687,0.030979
ER(0.25),12,5,1,0.793687,iid,0.2,4,0.289454,0.067645
ER(0.25),12,5,1,0.793687,iid,0.2,5,0.233539,0.243687
ER(0.25),12,5,1,0.793687,iid,0.4,1,0.227458,0.083164
ER(0.25),12,5,1,0.793687,iid,0.4,2,0.247711,0.024467
ER(0.25),12,5,1,0.793687,iid,0.4,3,0.239664,0.09744
ER(0.25),12,5,1,0.793687,iid,0.4,4,0.243687,0.07363
ER(0.25),12,5,1,0.793687,iid,0.4,5,0.247711,0.105025
ER(0.25),12,5,1,0.793687,iid,0.8,1,0.263286,0.193728
ER(0.25),12,5,1,0.793687,iid,0.8,2,0.208188,0.146739
ER(0.25),12,5,1,0.793687,iid,0.8,3,0.243687,0.273724
ER(0.25),12,5,1,0.793687,iid,0.8,4,0.22459,0.367259
ER(0.25),12,5,1,0.793687,iid,0.8,5,0.279186,0.231721
ER(0.25),12,5,3,0.879597,exact,0.0,0,0.046055,0.013204
ER(0.25),12,5,3,0.879597,samp10,0.0,1,0.052979,0.002425
ER(0.25),12,5,3,0.879597,iid,0.05,1,0.331186,0.035929
ER(0.25),12,5,3,0.879597,iid,0.05,2,0.331186,0.02491
ER(0.25),12,5,3,0.879597,iid,0.05,3,0.285195,0.021258
ER(0.25),12,5,3,0.879597,iid,0.05,4,0.33284,0.024109
ER(0.25),12,5,3,0.879597,iid,0.05,5,0.194164,0.038016
ER(0.25),12,5,3,0.879597,iid,0.1,1,0.324181,0.035604
ER(0.25),12,5,3,0.879597,iid,0.1,2,0.329008,0.089683
ER(0.25),12,5,3,0.879597,iid,0.1,3,0.333678,0.049976
ER(0.25),12,5,3,0.879597,iid,0.1,4,0.349805,0.066587
ER(0.25),12,5,3,0.879597,iid,0.1,5,0.216351,0.049976
ER(0.25),12,5,3,0.879597,iid,0.2,1,0.337846,0.061683
ER(0.25),12,5,3,0.879597,iid,0.2,2,0.308906,0.037614
ER(0.25),12,5,3,0.879597,iid,0.2,3,0.260839,0.082357
ER(0.25),12,5,3,0.879597,iid,0.2,4,0.33284,0.037565
ER(0.25),12,5,3,0.879597,iid,0.2,5,0.338746,0.109611
ER(0.25),12,5,3,0.879597,iid,0.4,1,0.311881,0.144145
ER(0.25),12,5,3,0.879597,iid,0.4,2,0.321615,0.050263
ER(0.25),12,5,3,0.879597,iid,0.4,3,0.348562,0.103458
ER(0.25),12,5,3,0.879597,iid,0.4,4,0.337846,0.12482
ER(0.25),12,5,3,0.879597,iid,0.4,5,0.337846,0.041908
ER(0.25),12,5,3,0.879597,iid,0.8,1,0.321969,0.141328
ER(0.25),12,5,3,0.879597,iid,0.8,2,0.311881,0.151856
ER(0.25),12,5,3,0.879597,iid,0.8,3,0.300219,0.304577
ER(0.25),12,5,3,0.879597,iid,0.8,4,0.233584,0.081656
ER(0.25),12,5,3,0.879597,iid,0.8,5,0.321969,0.33911
ER(0.25),12,6,1,0.776228,exact,0.0,0,0.03463,0.064236
ER(0.25),12,6,1,0.776228,samp10,0.0,1,0.023975,0.04297
ER(0.25),12,6,1,0.776228,iid,0.05,1,0.177218,0.031545
ER(0.25),12,6,1,0.776228,iid,0.05,2,0.182478,0.017793
ER(0.25),12,6,1,0.776228,iid,0.05,3,0.177218,0.019368
ER(0.25),12,6,1,0.776228,iid,0.05,4,0.06979,0.015419
ER(0.25),12,6,1,0.776228,iid,0.05,5,0.182478,0.015419
ER(0.25),12,6,1,0.776228,iid,0.1,1,0.182478,0.012229
ER(0.25),12,6,1,0.776228,iid,0.1,2,0.182478,0.017949
ER(0.25),12,6,1,0.776228,iid,0.1,3,0.182478,0.022282
ER(0.25),12,6,1,0.776228,iid,0.1,4,0.182478,0.009561
ER(0.25),12,6,1,0.776228,iid,0.1,5,0.132111,0.009561
ER(0.25),12,6,1,0.776228,iid,0.2,1,0.182478,0.043246
ER(0.25),12,6,1,0.776228,iid,0.2,2,0.182478,0.011401
ER(0.25),12,6,1,0.776228,iid,0.2,3,0.06979,0.025092
ER(0.25),12,6,1,0.776228,iid,0.2,4,0.207415,0.001661
ER(0.25),12,6,1,0.776228,iid,0.2,5,0.193154,0.00491
ER(0.25),12,6,1,0.776228,iid,0.4,1,0.225763,0.028487
ER(0.25),12,6,1,0.776228,iid,0.4,2,0.181358,0.045905
ER(0.25),12,6,1,0.776228,iid,0.4,3,0.182478,0.043645
ER(0.25),12,6,1,0.776228,iid,0.4,4,0.179964,0.044234
ER(0.25),12,6,1,0.776228,iid,0.4,5,0.179964,0.04266
ER(0.25),12,6,1,0.776228,iid,0.8,1,0.234232,0.120607
ER(0.25),12,6,1,0.776228,iid,0.8,2,0.182478,0.152462
ER(0.25),12,6,1,0.776228,iid,0.8,3,0.192517,0.151456
ER(0.25),12,6,1,0.776228,iid,0.8,4,0.218252,0.182478
ER(0.25),12,6,1,0.776228,iid,0.8,5,0.159194,0.065204
ER(0.25),12,6,3,0.896143,exact,0.0,0,0.105172,0.067386
ER(0.25),12,6,3,0.896143,samp10,0.0,1,0.089148,0.016361
ER(0.25),12,6,3,0.896143,iid,0.05,1,0.294003,0.061848
ER(0.25),12,6,3,0.896143,iid,0.05,2,0.304433,0.064391
ER(0.25),12,6,3,0.896143,iid,0.05,3,0.28496,0.027021
ER(0.25),12,6,3,0.896143,iid,0.05,4,0.315866,0.037051
ER(0.25),12,6,3,0.896143,iid,0.05,5,0.304433,0.047992
ER(0.25),12,6,3,0.896143,iid,0.1,1,0.304433,0.054466
ER(0.25),12,6,3,0.896143,iid,0.1,2,0.242423,0.068745
ER(0.25),12,6,3,0.896143,iid,0.1,3,0.217919,0.033638
ER(0.25),12,6,3,0.896143,iid,0.1,4,0.292942,0.033638
ER(0.25),12,6,3,0.896143,iid,0.1,5,0.308745,0.048256
ER(0.25),12,6,3,0.896143,iid,0.2,1,0.302956,0.041636
ER(0.25),12,6,3,0.896143,iid,0.2,2,0.304007,0.054553
ER(0.25),12,6,3,0.896143,iid,0.2,3,0.278716,0.058129
ER(0.25),12,6,3,0.896143,iid,0.2,4,0.373231,0.054466
ER(0.25),12,6,3,0.896143,iid,0.2,5,0.195248,0.08322
ER(0.25),12,6,3,0.896143,iid,0.4,1,0.358644,0.08322
ER(0.25),12,6,3,0.896143,iid,0.4,2,0.313986,0.078183
ER(0.25),12,6,3,0.896143,iid,0.4,3,0.304433,0.102433
ER(0.25),12,6,3,0.896143,iid,0.4,4,0.304433,0.122337
ER(0.25),12,6,3,0.896143,iid,0.4,5,0.282514,0.054444
ER(0.25),12,6,3,0.896143,iid,0.8,1,0.300496,0.171302
ER(0.25),12,6,3,0.896143,iid,0.8,2,0.311932,0.214758
ER(0.25),12,6,3,0.896143,iid,0.8,3,0.301842,0.211487
ER(0.25),12,6,3,0.896143,iid,0.8,4,0.358644,0.1455
ER(0.25),12,6,3,0.896143,iid,0.8,5,0.249233,0.128766
ER(0.25),12,7,1,0.753861,exact,0.0,0,0.02275,0.02601
ER(0.25),12,7,1,0.753861,samp10,0.0,1,0.009827,0.045477
ER(0.25),12,7,1,0.753861,iid,0.05,1,0.124212,0.007099
ER(0.25),12,7,1,0.753861,iid,0.05,2,0.123728,0.015842
ER(0.25),12,7,1,0.753861,iid,0.05,3,0.170528,0.011107
ER(0.25),12,7,1,0.753861,iid,0.05,4,0.170528,0.015842
ER(0.25),12,7,1,0.753861,iid,0.05,5,0.170528,0.011107
ER(0.25),12,7,1,0.753861,iid,0.1,1,0.170528,0.011587
ER(0.25),12,7,1,0.753861,iid,0.1,2,0.170528,0.003394
ER(0.25),12,7,1,0.753861,iid,0.1,3,0.170528,0.001141
ER(0.25),12,7,1,0.753861,iid,0.1,4,0.103257,0.001141
ER(0.25),12,7,1,0.753861,iid,0.1,5,0.155866,0.0
ER(0.25),12,7,1,0.753861,iid,0.2,1,0.160557,0.005312
ER(0.25),12,7,1,0.753861,iid,0.2,2,0.278994,0.000489
ER(0.25),12,7,1,0.753861,iid,0.2,3,0.170528,0.02733
ER(0.25),12,7,1,0.753861,iid,0.2,4,0.162608,0.005312
ER(0.25),12,7,1,0.753861,iid,0.2,5,0.170528,0.006644
ER(0.25),12,7,1,0.753861,iid,0.4,1,0.193072,0.03426
ER(0.25),12,7,1,0.753861,iid,0.4,2,0.170528,0.031581
ER(0.25),12,7,1,0.753861,iid,0.4,3,0.173881,8.7e-5
ER(0.25),12,7,1,0.753861,iid,0.4,4,0.262471,0.225865
ER(0.25),12,7,1,0.753861,iid,0.4,5,0.224406,0.014351
ER(0.25),12,7,1,0.753861,iid,0.8,1,0.170528,0.0525
ER(0.25),12,7,1,0.753861,iid,0.8,2,0.287902,0.129165
ER(0.25),12,7,1,0.753861,iid,0.8,3,0.186416,0.097939
ER(0.25),12,7,1,0.753861,iid,0.8,4,0.247308,0.083243
ER(0.25),12,7,1,0.753861,iid,0.8,5,0.167175,0.020486
ER(0.25),12,7,3,0.868537,exact,0.0,0,0.08518,0.051133
ER(0.25),12,7,3,0.868537,samp10,0.0,1,0.069461,0.03195
ER(0.25),12,7,3,0.868537,iid,0.05,1,0.261281,0.018346
ER(0.25),12,7,3,0.868537,iid,0.05,2,0.250575,0.03195
ER(0.25),12,7,3,0.868537,iid,0.05,3,0.287634,0.018346
ER(0.25),12,7,3,0.868537,iid,0.05,4,0.256086,0.018346
ER(0.25),12,7,3,0.868537,iid,0.05,5,0.222768,0.075436
ER(0.25),12,7,3,0.868537,iid,0.1,1,0.287634,0.026986
ER(0.25),12,7,3,0.868537,iid,0.1,2,0.374283,0.02842
ER(0.25),12,7,3,0.868537,iid,0.1,3,0.287634,0.032265
ER(0.25),12,7,3,0.868537,iid,0.1,4,0.241265,0.033839
ER(0.25),12,7,3,0.868537,iid,0.1,5,0.278981,0.038127
ER(0.25),12,7,3,0.868537,iid,0.2,1,0.285429,0.126214
ER(0.25),12,7,3,0.868537,iid,0.2,2,0.270189,0.059458
ER(0.25),12,7,3,0.868537,iid,0.2,3,0.395071,0.026957
ER(0.25),12,7,3,0.868537,iid,0.2,4,0.272465,0.040646
ER(0.25),12,7,3,0.868537,iid,0.2,5,0.252793,0.037433
ER(0.25),12,7,3,0.868537,iid,0.4,1,0.326391,0.116838
ER(0.25),12,7,3,0.868537,iid,0.4,2,0.394177,0.135741
ER(0.25),12,7,3,0.868537,iid,0.4,3,0.394177,0.07113
ER(0.25),12,7,3,0.868537,iid,0.4,4,0.315147,0.089254
ER(0.25),12,7,3,0.868537,iid,0.4,5,0.394177,0.026503
ER(0.25),12,7,3,0.868537,iid,0.8,1,0.287634,0.071986
ER(0.25),12,7,3,0.868537,iid,0.8,2,0.394177,0.121284
ER(0.25),12,7,3,0.868537,iid,0.8,3,0.394177,0.298762
ER(0.25),12,7,3,0.868537,iid,0.8,4,0.295959,0.132525
ER(0.25),12,7,3,0.868537,iid,0.8,5,0.277144,0.234127
ER(0.25),12,8,1,0.816208,exact,0.0,0,0.0367,0.067605
ER(0.25),12,8,1,0.816208,samp10,0.0,1,0.074292,0.015214
ER(0.25),12,8,1,0.816208,iid,0.05,1,0.140655,0.025195
ER(0.25),12,8,1,0.816208,iid,0.05,2,0.074742,0.025195
ER(0.25),12,8,1,0.816208,iid,0.05,3,0.16677,0.025195
ER(0.25),12,8,1,0.816208,iid,0.05,4,0.191208,0.040445
ER(0.25),12,8,1,0.816208,iid,0.05,5,0.191208,0.009217
ER(0.25),12,8,1,0.816208,iid,0.1,1,0.199134,0.001445
ER(0.25),12,8,1,0.816208,iid,0.1,2,0.085677,0.011555
ER(0.25),12,8,1,0.816208,iid,0.1,3,0.191208,0.003143
ER(0.25),12,8,1,0.816208,iid,0.1,4,0.191208,0.003968
ER(0.25),12,8,1,0.816208,iid,0.1,5,0.202436,0.014914
ER(0.25),12,8,1,0.816208,iid,0.2,1,0.185795,0.03179
ER(0.25),12,8,1,0.816208,iid,0.2,2,0.191208,0.01926
ER(0.25),12,8,1,0.816208,iid,0.2,3,0.191208,0.01926
ER(0.25),12,8,1,0.816208,iid,0.2,4,0.191208,0.01926
ER(0.25),12,8,1,0.816208,iid,0.2,5,0.26247,0.025536
ER(0.25),12,8,1,0.816208,iid,0.4,1,0.191208,0.044023
ER(0.25),12,8,1,0.816208,iid,0.4,2,0.224095,0.027522
ER(0.25),12,8,1,0.816208,iid,0.4,3,0.191208,0.04377
ER(0.25),12,8,1,0.816208,iid,0.4,4,0.285865,0.031774
ER(0.25),12,8,1,0.816208,iid,0.4,5,0.190303,0.049841
ER(0.25),12,8,1,0.816208,iid,0.8,1,0.191208,0.018423
ER(0.25),12,8,1,0.816208,iid,0.8,2,0.191208,0.097812
ER(0.25),12,8,1,0.816208,iid,0.8,3,0.191208,0.060196
ER(0.25),12,8,1,0.816208,iid,0.8,4,0.160488,0.191208
ER(0.25),12,8,1,0.816208,iid,0.8,5,0.242204,0.016813
ER(0.25),12,8,3,0.925623,exact,0.0,0,0.097754,0.039068
ER(0.25),12,8,3,0.925623,samp10,0.0,1,0.149747,0.035176
ER(0.25),12,8,3,0.925623,iid,0.05,1,0.228716,0.046145
ER(0.25),12,8,3,0.925623,iid,0.05,2,0.203228,0.033252
ER(0.25),12,8,3,0.925623,iid,0.05,3,0.293745,0.039068
ER(0.25),12,8,3,0.925623,iid,0.05,4,0.291817,0.033252
ER(0.25),12,8,3,0.925623,iid,0.05,5,0.302871,0.046145
ER(0.25),12,8,3,0.925623,iid,0.1,1,0.420069,0.046168
ER(0.25),12,8,3,0.925623,iid,0.1,2,0.305644,0.047322
ER(0.25),12,8,3,0.925623,iid,0.1,3,0.299544,0.063288
ER(0.25),12,8,3,0.925623,iid,0.1,4,0.24321,0.056906
ER(0.25),12,8,3,0.925623,iid,0.1,5,0.302871,0.056044
ER(0.25),12,8,3,0.925623,iid,0.2,1,0.376716,0.087621
ER(0.25),12,8,3,0.925623,iid,0.2,2,0.299544,0.114613
ER(0.25),12,8,3,0.925623,iid,0.2,3,0.259091,0.064588
ER(0.25),12,8,3,0.925623,iid,0.2,4,0.376716,0.047322
ER(0.25),12,8,3,0.925623,iid,0.2,5,0.386653,0.064422
ER(0.25),12,8,3,0.925623,iid,0.4,1,0.276889,0.078834
ER(0.25),12,8,3,0.925623,iid,0.4,2,0.306084,0.077006
ER(0.25),12,8,3,0.925623,iid,0.4,3,0.294364,0.062426
ER(0.25),12,8,3,0.925623,iid,0.4,4,0.364666,0.056584
ER(0.25),12,8,3,0.925623,iid,0.4,5,0.302871,0.065171
ER(0.25),12,8,3,0.925623,iid,0.8,1,0.308263,0.097904
ER(0.25),12,8,3,0.925623,iid,0.8,2,0.383758,0.20524
ER(0.25),12,8,3,0.925623,iid,0.8,3,0.291507,0.155615
ER(0.25),12,8,3,0.925623,iid,0.8,4,0.320221,0.258987
ER(0.25),12,8,3,0.925623,iid,0.8,5,0.334358,0.090616
ER(0.25),12,9,1,0.747486,exact,0.0,0,0.041107,0.059062
ER(0.25),12,9,1,0.747486,samp10,0.0,1,0.053969,0.016969
ER(0.25),12,9,1,0.747486,iid,0.05,1,0.054248,0.042643
ER(0.25),12,9,1,0.747486,iid,0.05,2,0.184986,0.009581
ER(0.25),12,9,1,0.747486,iid,0.05,3,0.184986,0.015085
ER(0.25),12,9,1,0.747486,iid,0.05,4,0.074873,0.022257
ER(0.25),12,9,1,0.747486,iid,0.05,5,0.096224,0.035235
ER(0.25),12,9,1,0.747486,iid,0.1,1,0.112895,0.008978
ER(0.25),12,9,1,0.747486,iid,0.1,2,0.116137,0.004082
ER(0.25),12,9,1,0.747486,iid,0.1,3,0.184986,0.009581
ER(0.25),12,9,1,0.747486,iid,0.1,4,0.14984,0.004082
ER(0.25),12,9,1,0.747486,iid,0.1,5,0.213015,0.00591
ER(0.25),12,9,1,0.747486,iid,0.2,1,0.187969,0.028644
ER(0.25),12,9,1,0.747486,iid,0.2,2,0.186243,0.028644
ER(0.25),12,9,1,0.747486,iid,0.2,3,0.095364,0.017937
ER(0.25),12,9,1,0.747486,iid,0.2,4,0.200526,0.013283
ER(0.25),12,9,1,0.747486,iid,0.2,5,0.187969,0.004082
ER(0.25),12,9,1,0.747486,iid,0.4,1,0.160599,0.013234
ER(0.25),12,9,1,0.747486,iid,0.4,2,0.193856,0.028655
ER(0.25),12,9,1,0.747486,iid,0.4,3,0.173186,0.038346
ER(0.25),12,9,1,0.747486,iid,0.4,4,0.187107,0.045667
ER(0.25),12,9,1,0.747486,iid,0.4,5,0.184986,0.053819
ER(0.25),12,9,1,0.747486,iid,0.8,1,0.231005,0.084091
ER(0.25),12,9,1,0.747486,iid,0.8,2,0.184986,0.039694
ER(0.25),12,9,1,0.747486,iid,0.8,3,0.134699,0.069253
ER(0.25),12,9,1,0.747486,iid,0.8,4,0.184986,0.027251
ER(0.25),12,9,1,0.747486,iid,0.8,5,0.186567,0.156273
ER(0.25),12,9,3,0.87312,exact,0.0,0,0.11534,0.08981
ER(0.25),12,9,3,0.87312,samp10,0.0,1,0.130659,0.037118
ER(0.25),12,9,3,0.87312,iid,0.05,1,0.249862,0.074625
ER(0.25),12,9,3,0.87312,iid,0.05,2,0.309814,0.077062
ER(0.25),12,9,3,0.87312,iid,0.05,3,0.246659,0.108419
ER(0.25),12,9,3,0.87312,iid,0.05,4,0.29898,0.120592
ER(0.25),12,9,3,0.87312,iid,0.05,5,0.278371,0.062382
ER(0.25),12,9,3,0.87312,iid,0.1,1,0.309814,0.075007
ER(0.25),12,9,3,0.87312,iid,0.1,2,0.198207,0.091548
ER(0.25),12,9,3,0.87312,iid,0.1,3,0.159013,0.045244
ER(0.25),12,9,3,0.87312,iid,0.1,4,0.298361,0.063227
ER(0.25),12,9,3,0.87312,iid,0.1,5,0.325868,0.065562
ER(0.25),12,9,3,0.87312,iid,0.2,1,0.367299,0.076903
ER(0.25),12,9,3,0.87312,iid,0.2,2,0.294695,0.044218
ER(0.25),12,9,3,0.87312,iid,0.2,3,0.211972,0.109759
ER(0.25),12,9,3,0.87312,iid,0.2,4,0.311309,0.056338
ER(0.25),12,9,3,0.87312,iid,0.2,5,0.307917,0.131368
ER(0.25),12,9,3,0.87312,iid,0.4,1,0.286685,0.125528
ER(0.25),12,9,3,0.87312,iid,0.4,2,0.295015,0.064136
ER(0.25),12,9,3,0.87312,iid,0.4,3,0.338883,0.0772
ER(0.25),12,9,3,0.87312,iid,0.4,4,0.326444,0.069153
ER(0.25),12,9,3,0.87312,iid,0.4,5,0.311229,0.064136
ER(0.25),12,9,3,0.87312,iid,0.8,1,0.357276,0.238865
ER(0.25),12,9,3,0.87312,iid,0.8,2,0.334137,0.14401
ER(0.25),12,9,3,0.87312,iid,0.8,3,0.318676,0.121275
ER(0.25),12,9,3,0.87312,iid,0.8,4,0.267183,0.104828
ER(0.25),12,9,3,0.87312,iid,0.8,5,0.352214,0.054653
ER(0.25),12,10,1,0.75396,exact,0.0,0,0.024657,0.077555
ER(0.25),12,10,1,0.75396,samp10,0.0,1,0.011374,0.034243
ER(0.25),12,10,1,0.75396,iid,0.05,1,0.045655,0.0263
ER(0.25),12,10,1,0.75396,iid,0.05,2,0.20396,0.041809
ER(0.25),12,10,1,0.75396,iid,0.05,3,0.20396,0.0263
ER(0.25),12,10,1,0.75396,iid,0.05,4,0.07765,0.041542
ER(0.25),12,10,1,0.75396,iid,0.05,5,0.20396,0.01438
ER(0.25),12,10,1,0.75396,iid,0.1,1,0.093182,0.049588
ER(0.25),12,10,1,0.75396,iid,0.1,2,0.20396,0.019851
ER(0.25),12,10,1,0.75396,iid,0.1,3,0.20396,0.008941
ER(0.25),12,10,1,0.75396,iid,0.1,4,0.09524,0.006991
ER(0.25),12,10,1,0.75396,iid,0.1,5,0.20396,0.019851
ER(0.25),12,10,1,0.75396,iid,0.2,1,0.119319,0.004863
ER(0.25),12,10,1,0.75396,iid,0.2,2,0.214673,0.013713
ER(0.25),12,10,1,0.75396,iid,0.2,3,0.210258,0.023034
ER(0.25),12,10,1,0.75396,iid,0.2,4,0.215021,0.004863
ER(0.25),12,10,1,0.75396,iid,0.2,5,0.293741,0.047019
ER(0.25),12,10,1,0.75396,iid,0.4,1,0.20396,0.050503
ER(0.25),12,10,1,0.75396,iid,0.4,2,0.297207,0.066021
ER(0.25),12,10,1,0.75396,iid,0.4,3,0.235044,0.385601
ER(0.25),12,10,1,0.75396,iid,0.4,4,0.20396,0.029876
ER(0.25),12,10,1,0.75396,iid,0.4,5,0.20396,0.101458
ER(0.25),12,10,1,0.75396,iid,0.8,1,0.20396,0.104562
ER(0.25),12,10,1,0.75396,iid,0.8,2,0.201949,0.20396
ER(0.25),12,10,1,0.75396,iid,0.8,3,0.20396,0.184595
ER(0.25),12,10,1,0.75396,iid,0.8,4,0.213759,0.06718
ER(0.25),12,10,1,0.75396,iid,0.8,5,0.20017,0.145698
ER(0.25),12,10,3,0.896164,exact,0.0,0,0.100723,0.026356
ER(0.25),12,10,3,0.896164,samp10,0.0,1,0.100628,0.013364
ER(0.25),12,10,3,0.896164,iid,0.05,1,0.25331,0.013364
ER(0.25),12,10,3,0.896164,iid,0.05,2,0.268653,0.038635
ER(0.25),12,10,3,0.896164,iid,0.05,3,0.347932,0.044723
ER(0.25),12,10,3,0.896164,iid,0.05,4,0.347932,0.021988
ER(0.25),12,10,3,0.896164,iid,0.05,5,0.096159,0.049319
ER(0.25),12,10,3,0.896164,iid,0.1,1,0.247087,0.113252
ER(0.25),12,10,3,0.896164,iid,0.1,2,0.347932,0.047434
ER(0.25),12,10,3,0.896164,iid,0.1,3,0.344081,0.088972
ER(0.25),12,10,3,0.896164,iid,0.1,4,0.353987,0.037592
ER(0.25),12,10,3,0.896164,iid,0.1,5,0.347932,0.051261
ER(0.25),12,10,3,0.896164,iid,0.2,1,0.366371,0.026919
ER(0.25),12,10,3,0.896164,iid,0.2,2,0.38216,0.032751
ER(0.25),12,10,3,0.896164,iid,0.2,3,0.338288,0.161499
ER(0.25),12,10,3,0.896164,iid,0.2,4,0.304691,0.233394
ER(0.25),12,10,3,0.896164,iid,0.2,5,0.281251,0.352147
ER(0.25),12,10,3,0.896164,iid,0.4,1,0.338288,0.126688
ER(0.25),12,10,3,0.896164,iid,0.4,2,0.394391,0.067632
ER(0.25),12,10,3,0.896164,iid,0.4,3,0.375885,0.170833
ER(0.25),12,10,3,0.896164,iid,0.4,4,0.351413,0.095365
ER(0.25),12,10,3,0.896164,iid,0.4,5,0.338288,0.124659
ER(0.25),12,10,3,0.896164,iid,0.8,1,0.377272,0.130556
ER(0.25),12,10,3,0.896164,iid,0.8,2,0.375885,0.340795
ER(0.25),12,10,3,0.896164,iid,0.8,3,0.327359,0.144862
ER(0.25),12,10,3,0.896164,iid,0.8,4,0.347932,0.086346
ER(0.25),12,10,3,0.896164,iid,0.8,5,0.364711,0.165263
BA(k=2),12,1,1,0.755404,exact,0.0,0,0.027973,0.05317
BA(k=2),12,1,1,0.755404,samp10,0.0,1,0.016536,0.001429
BA(k=2),12,1,1,0.755404,iid,0.05,1,0.181133,0.037931
BA(k=2),12,1,1,0.755404,iid,0.05,2,0.167168,0.007768
BA(k=2),12,1,1,0.755404,iid,0.05,3,0.173732,0.014674
BA(k=2),12,1,1,0.755404,iid,0.05,4,0.167168,0.037931
BA(k=2),12,1,1,0.755404,iid,0.05,5,0.025816,0.019938
BA(k=2),12,1,1,0.755404,iid,0.1,1,0.116413,0.010048
BA(k=2),12,1,1,0.755404,iid,0.1,2,0.156649,0.006325
BA(k=2),12,1,1,0.755404,iid,0.1,3,0.167168,0.001429
BA(k=2),12,1,1,0.755404,iid,0.1,4,0.167168,0.017871
BA(k=2),12,1,1,0.755404,iid,0.1,5,0.158723,0.012417
BA(k=2),12,1,1,0.755404,iid,0.2,1,0.167168,0.009475
BA(k=2),12,1,1,0.755404,iid,0.2,2,0.226339,0.032612
BA(k=2),12,1,1,0.755404,iid,0.2,3,0.181133,0.043117
BA(k=2),12,1,1,0.755404,iid,0.2,4,0.208416,0.010809
BA(k=2),12,1,1,0.755404,iid,0.2,5,0.225714,2.7e-5
BA(k=2),12,1,1,0.755404,iid,0.4,1,0.199164,0.057925
BA(k=2),12,1,1,0.755404,iid,0.4,2,0.167168,0.021349
BA(k=2),12,1,1,0.755404,iid,0.4,3,0.183409,0.024991
BA(k=2),12,1,1,0.755404,iid,0.4,4,0.162217,0.0522
BA(k=2),12,1,1,0.755404,iid,0.4,5,0.16677,0.021374
BA(k=2),12,1,1,0.755404,iid,0.8,1,0.24411,0.085901
BA(k=2),12,1,1,0.755404,iid,0.8,2,0.165985,0.070317
BA(k=2),12,1,1,0.755404,iid,0.8,3,0.167168,0.081669
BA(k=2),12,1,1,0.755404,iid,0.8,4,0.276051,0.057925
BA(k=2),12,1,1,0.755404,iid,0.8,5,0.220743,0.021349
BA(k=2),12,1,3,0.868111,exact,0.0,0,0.094387,0.091319
BA(k=2),12,1,3,0.868111,samp10,0.0,1,0.04845,0.049716
BA(k=2),12,1,3,0.868111,iid,0.05,1,0.282086,0.093744
BA(k=2),12,1,3,0.868111,iid,0.05,2,0.118704,0.068539
BA(k=2),12,1,3,0.868111,iid,0.05,3,0.291865,0.05965
BA(k=2),12,1,3,0.868111,iid,0.05,4,0.182706,0.039497
BA(k=2),12,1,3,0.868111,iid,0.05,5,0.264568,0.080109
BA(k=2),12,1,3,0.868111,iid,0.1,1,0.229299,0.067752
BA(k=2),12,1,3,0.868111,iid,0.1,2,0.284421,0.055826
BA(k=2),12,1,3,0.868111,iid,0.1,3,0.28745,0.041982
BA(k=2),12,1,3,0.868111,iid,0.1,4,0.27168,0.085214
BA(k=2),12,1,3,0.868111,iid,0.1,5,0.257929,0.079024
BA(k=2),12,1,3,0.868111,iid,0.2,1,0.278768,0.033553
BA(k=2),12,1,3,0.868111,iid,0.2,2,0.33082,0.052094
BA(k=2),12,1,3,0.868111,iid,0.2,3,0.282086,0.0786
BA(k=2),12,1,3,0.868111,iid,0.2,4,0.340687,0.055343
BA(k=2),12,1,3,0.868111,iid,0.2,5,0.35144,0.033553
BA(k=2),12,1,3,0.868111,iid,0.4,1,0.266418,0.050373
BA(k=2),12,1,3,0.868111,iid,0.4,2,0.331187,0.074168
BA(k=2),12,1,3,0.868111,iid,0.4,3,0.274438,0.076494
BA(k=2),12,1,3,0.868111,iid,0.4,4,0.274438,0.107049
BA(k=2),12,1,3,0.868111,iid,0.4,5,0.33082,0.060591
BA(k=2),12,1,3,0.868111,iid,0.8,1,0.282086,0.311471
BA(k=2),12,1,3,0.868111,iid,0.8,2,0.363968,0.107589
BA(k=2),12,1,3,0.868111,iid,0.8,3,0.271339,0.119345
BA(k=2),12,1,3,0.868111,iid,0.8,4,0.312983,0.092124
BA(k=2),12,1,3,0.868111,iid,0.8,5,0.33082,0.058556
BA(k=2),12,2,1,0.852018,exact,0.0,0,0.028384,0.030279
BA(k=2),12,2,1,0.852018,samp10,0.0,1,0.025203,0.028796
BA(k=2),12,2,1,0.852018,iid,0.05,1,0.185352,0.007042
BA(k=2),12,2,1,0.852018,iid,0.05,2,0.185352,0.007042
BA(k=2),12,2,1,0.852018,iid,0.05,3,0.192716,0.018178
BA(k=2),12,2,1,0.852018,iid,0.05,4,0.184901,0.007117
BA(k=2),12,2,1,0.852018,iid,0.05,5,0.185352,0.012098
BA(k=2),12,2,1,0.852018,iid,0.1,1,0.133231,0.003209
BA(k=2),12,2,1,0.852018,iid,0.1,2,0.055547,0.003414
BA(k=2),12,2,1,0.852018,iid,0.1,3,0.185352,0.017713
BA(k=2),12,2,1,0.852018,iid,0.1,4,0.110072,0.003414
BA(k=2),12,2,1,0.852018,iid,0.1,5,0.180199,0.0
BA(k=2),12,2,1,0.852018,iid,0.2,1,0.237153,0.021233
BA(k=2),12,2,1,0.852018,iid,0.2,2,0.237827,0.028791
BA(k=2),12,2,1,0.852018,iid,0.2,3,0.219081,0.012951
BA(k=2),12,2,1,0.852018,iid,0.2,4,0.160484,0.04573
BA(k=2),12,2,1,0.852018,iid,0.2,5,0.185352,0.024396
BA(k=2),12,2,1,0.852018,iid,0.4,1,0.185352,0.149713
BA(k=2),12,2,1,0.852018,iid,0.4,2,0.255075,0.010648
BA(k=2),12,2,1,0.852018,iid,0.4,3,0.185352,0.066078
BA(k=2),12,2,1,0.852018,iid,0.4,4,0.233901,0.024396
BA(k=2),12,2,1,0.852018,iid,0.4,5,0.185352,0.01771
BA(k=2),12,2,1,0.852018,iid,0.8,1,0.185352,0.062957
BA(k=2),12,2,1,0.852018,iid,0.8,2,0.203167,0.046518
BA(k=2),12,2,1,0.852018,iid,0.8,3,0.185352,0.098387
BA(k=2),12,2,1,0.852018,iid,0.8,4,0.185352,0.063581
BA(k=2),12,2,1,0.852018,iid,0.8,5,0.185352,0.138745
BA(k=2),12,2,3,0.927055,exact,0.0,0,0.060904,0.010004
BA(k=2),12,2,3,0.927055,samp10,0.0,1,0.060886,0.003348
BA(k=2),12,2,3,0.927055,iid,0.05,1,0.263445,0.010004
BA(k=2),12,2,3,0.927055,iid,0.05,2,0.263032,0.025459
BA(k=2),12,2,3,0.927055,iid,0.05,3,0.263032,0.019879
BA(k=2),12,2,3,0.927055,iid,0.05,4,0.279775,0.022233
BA(k=2),12,2,3,0.927055,iid,0.05,5,0.253353,0.010004
BA(k=2),12,2,3,0.927055,iid,0.1,1,0.201274,0.016684
BA(k=2),12,2,3,0.927055,iid,0.1,2,0.112077,0.004984
BA(k=2),12,2,3,0.927055,iid,0.1,3,0.263032,0.035555
BA(k=2),12,2,3,0.927055,iid,0.1,4,0.263032,0.035152
BA(k=2),12,2,3,0.927055,iid,0.1,5,0.232926,0.016684
BA(k=2),12,2,3,0.927055,iid,0.2,1,0.393651,0.016239
BA(k=2),12,2,3,0.927055,iid,0.2,2,0.253911,0.022233
BA(k=2),12,2,3,0.927055,iid,0.2,3,0.165719,0.028744
BA(k=2),12,2,3,0.927055,iid,0.2,4,0.287416,0.062752
BA(k=2),12,2,3,0.927055,iid,0.2,5,0.274874,0.035555
BA(k=2),12,2,3,0.927055,iid,0.4,1,0.40948,0.0317
BA(k=2),12,2,3,0.927055,iid,0.4,2,0.355165,0.046297
BA(k=2),12,2,3,0.927055,iid,0.4,3,0.251091,0.062564
BA(k=2),12,2,3,0.927055,iid,0.4,4,0.27845,0.069895
BA(k=2),12,2,3,0.927055,iid,0.4,5,0.241755,0.138896
BA(k=2),12,2,3,0.927055,iid,0.8,1,0.393651,0.048105
BA(k=2),12,2,3,0.927055,iid,0.8,2,0.347204,0.127461
BA(k=2),12,2,3,0.927055,iid,0.8,3,0.359548,0.06349
BA(k=2),12,2,3,0.927055,iid,0.8,4,0.274126,0.039691
BA(k=2),12,2,3,0.927055,iid,0.8,5,0.349059,0.107239
BA(k=2),12,3,1,0.845851,exact,0.0,0,0.026094,0.044838
BA(k=2),12,3,1,0.845851,samp10,0.0,1,0.017009,0.002457
BA(k=2),12,3,1,0.845851,iid,0.05,1,0.14505,0.044062
BA(k=2),12,3,1,0.845851,iid,0.05,2,0.185253,0.023255
BA(k=2),12,3,1,0.845851,iid,0.05,3,0.182305,0.02423
BA(k=2),12,3,1,0.845851,iid,0.05,4,0.179184,0.02036
BA(k=2),12,3,1,0.845851,iid,0.05,5,0.14505,0.013863
BA(k=2),12,3,1,0.845851,iid,0.1,1,0.152901,0.027799
BA(k=2),12,3,1,0.845851,iid,0.1,2,0.179184,0.001756
BA(k=2),12,3,1,0.845851,iid,0.1,3,0.179184,0.005538
BA(k=2),12,3,1,0.845851,iid,0.1,4,0.219696,0.013863
BA(k=2),12,3,1,0.845851,iid,0.1,5,0.075507,0.010703
BA(k=2),12,3,1,0.845851,iid,0.2,1,0.15102,0.005288
BA(k=2),12,3,1,0.845851,iid,0.2,2,0.221546,0.010183
BA(k=2),12,3,1,0.845851,iid,0.2,3,0.180873,0.04025
BA(k=2),12,3,1,0.845851,iid,0.2,4,0.179184,0.058489
BA(k=2),12,3,1,0.845851,iid,0.2,5,0.179184,0.010183
BA(k=2),12,3,1,0.845851,iid,0.4,1,0.179184,0.03745
BA(k=2),12,3,1,0.845851,iid,0.4,2,0.206149,0.023824
BA(k=2),12,3,1,0.845851,iid,0.4,3,0.239406,0.033571
BA(k=2),12,3,1,0.845851,iid,0.4,4,0.189725,0.028421
BA(k=2),12,3,1,0.845851,iid,0.4,5,0.244643,0.037623
BA(k=2),12,3,1,0.845851,iid,0.8,1,0.221546,0.134592
BA(k=2),12,3,1,0.845851,iid,0.8,2,0.217886,0.062507
BA(k=2),12,3,1,0.845851,iid,0.8,3,0.177843,0.165802
BA(k=2),12,3,1,0.845851,iid,0.8,4,0.190487,0.179184
BA(k=2),12,3,1,0.845851,iid,0.8,5,0.212278,0.028421
BA(k=2),12,3,3,0.936066,exact,0.0,0,0.070134,0.032607
BA(k=2),12,3,3,0.936066,samp10,0.0,1,0.071968,0.026788
BA(k=2),12,3,3,0.936066,iid,0.05,1,0.253701,0.028464
BA(k=2),12,3,3,0.936066,iid,0.05,2,0.25245,0.019679
BA(k=2),12,3,3,0.936066,iid,0.05,3,0.272025,0.035492
BA(k=2),12,3,3,0.936066,iid,0.05,4,0.272025,0.025848
BA(k=2),12,3,3,0.936066,iid,0.05,5,0.223573,0.019041
BA(k=2),12,3,3,0.936066,iid,0.1,1,0.255965,0.034389
BA(k=2),12,3,3,0.936066,iid,0.1,2,0.260164,0.014021
BA(k=2),12,3,3,0.936066,iid,0.1,3,0.23301,0.025134
BA(k=2),12,3,3,0.936066,iid,0.1,4,0.257558,0.070413
BA(k=2),12,3,3,0.936066,iid,0.1,5,0.135739,0.028464
BA(k=2),12,3,3,0.936066,iid,0.2,1,0.252187,0.027256
BA(k=2),12,3,3,0.936066,iid,0.2,2,0.319446,0.03747
BA(k=2),12,3,3,0.936066,iid,0.2,3,0.287673,0.029942
BA(k=2),12,3,3,0.936066,iid,0.2,4,0.272025,0.050838
BA(k=2),12,3,3,0.936066,iid,0.2,5,0.260919,0.035785
BA(k=2),12,3,3,0.936066,iid,0.4,1,0.268485,0.070955
BA(k=2),12,3,3,0.936066,iid,0.4,2,0.274269,0.191997
BA(k=2),12,3,3,0.936066,iid,0.4,3,0.273492,0.076137
BA(k=2),12,3,3,0.936066,iid,0.4,4,0.263322,0.080108
BA(k=2),12,3,3,0.936066,iid,0.4,5,0.339815,0.07007
BA(k=2),12,3,3,0.936066,iid,0.8,1,0.288975,0.09843
BA(k=2),12,3,3,0.936066,iid,0.8,2,0.324771,0.054845
BA(k=2),12,3,3,0.936066,iid,0.8,3,0.335324,0.199461
BA(k=2),12,3,3,0.936066,iid,0.8,4,0.267396,0.120512
BA(k=2),12,3,3,0.936066,iid,0.8,5,0.293252,0.281537
BA(k=2),12,4,1,0.845212,exact,0.0,0,0.027094,0.063002
BA(k=2),12,4,1,0.845212,samp10,0.0,1,0.010995,0.035889
BA(k=2),12,4,1,0.845212,iid,0.05,1,0.178545,0.041289
BA(k=2),12,4,1,0.845212,iid,0.05,2,0.162017,0.023243
BA(k=2),12,4,1,0.845212,iid,0.05,3,0.178545,0.010319
BA(k=2),12,4,1,0.845212,iid,0.05,4,0.170383,0.018307
BA(k=2),12,4,1,0.845212,iid,0.05,5,0.036532,0.014965
BA(k=2),12,4,1,0.845212,iid,0.1,1,0.178545,0.022019
BA(k=2),12,4,1,0.845212,iid,0.1,2,0.178545,0.010319
BA(k=2),12,4,1,0.845212,iid,0.1,3,0.178545,0.0118
BA(k=2),12,4,1,0.845212,iid,0.1,4,0.178545,0.003278
BA(k=2),12,4,1,0.845212,iid,0.1,5,0.141087,0.013991
BA(k=2),12,4,1,0.845212,iid,0.2,1,0.163582,0.017534
BA(k=2),12,4,1,0.845212,iid,0.2,2,0.178545,0.004496
BA(k=2),12,4,1,0.845212,iid,0.2,3,0.301289,0.04748
BA(k=2),12,4,1,0.845212,iid,0.2,4,0.178545,0.011114
BA(k=2),12,4,1,0.845212,iid,0.2,5,0.24515,0.010319
BA(k=2),12,4,1,0.845212,iid,0.4,1,0.178545,0.001199
BA(k=2),12,4,1,0.845212,iid,0.4,2,0.153816,0.04529
BA(k=2),12,4,1,0.845212,iid,0.4,3,0.178545,0.029065
BA(k=2),12,4,1,0.845212,iid,0.4,4,0.162017,0.019676
BA(k=2),12,4,1,0.845212,iid,0.4,5,0.228256,0.024328
BA(k=2),12,4,1,0.845212,iid,0.8,1,0.178545,0.098379
BA(k=2),12,4,1,0.845212,iid,0.8,2,0.255802,0.019676
BA(k=2),12,4,1,0.845212,iid,0.8,3,0.185308,0.147388
BA(k=2),12,4,1,0.845212,iid,0.8,4,0.183195,0.065789
BA(k=2),12,4,1,0.845212,iid,0.8,5,0.178545,0.04097
BA(k=2),12,4,3,0.932323,exact,0.0,0,0.067426,0.013079
BA(k=2),12,4,3,0.932323,samp10,0.0,1,0.019559,0.005538
BA(k=2),12,4,3,0.932323,iid,0.05,1,0.275411,0.005538
BA(k=2),12,4,3,0.932323,iid,0.05,2,0.250816,0.006109
BA(k=2),12,4,3,0.932323,iid,0.05,3,0.268405,0.013357
BA(k=2),12,4,3,0.932323,iid,0.05,4,0.257271,0.027173
BA(k=2),12,4,3,0.932323,iid,0.05,5,0.051429,0.023234
BA(k=2),12,4,3,0.932323,iid,0.1,1,0.319352,0.023234
BA(k=2),12,4,3,0.932323,iid,0.1,2,0.364903,0.03528
BA(k=2),12,4,3,0.932323,iid,0.1,3,0.296186,0.019959
BA(k=2),12,4,3,0.932323,iid,0.1,4,0.268405,0.013995
BA(k=2),12,4,3,0.932323,iid,0.1,5,0.256466,0.022855
BA(k=2),12,4,3,0.932323,iid,0.2,1,0.34101,0.021126
BA(k=2),12,4,3,0.932323,iid,0.2,2,0.365277,0.013995
BA(k=2),12,4,3,0.932323,iid,0.2,3,0.302302,0.048645
BA(k=2),12,4,3,0.932323,iid,0.2,4,0.284408,0.051576
BA(k=2),12,4,3,0.932323,iid,0.2,5,0.251039,0.074157
BA(k=2),12,4,3,0.932323,iid,0.4,1,0.27624,0.019063
BA(k=2),12,4,3,0.932323,iid,0.4,2,0.2526,0.029703
BA(k=2),12,4,3,0.932323,iid,0.4,3,0.283303,0.112953
BA(k=2),12,4,3,0.932323,iid,0.4,4,0.259656,0.085841
BA(k=2),12,4,3,0.932323,iid,0.4,5,0.335621,0.026375
BA(k=2),12,4,3,0.932323,iid,0.8,1,0.235164,0.110869
BA(k=2),12,4,3,0.932323,iid,0.8,2,0.339062,0.013807
BA(k=2),12,4,3,0.932323,iid,0.8,3,0.235831,0.09386
BA(k=2),12,4,3,0.932323,iid,0.8,4,0.321334,0.057071
BA(k=2),12,4,3,0.932323,iid,0.8,5,0.326613,0.074988
BA(k=2),12,5,1,0.754022,exact,0.0,0,0.026818,0.029157
BA(k=2),12,5,1,0.754022,samp10,0.0,1,0.026818,0.029157
BA(k=2),12,5,1,0.754022,iid,0.05,1,0.165786,0.019126
BA(k=2),12,5,1,0.754022,iid,0.05,2,0.165786,0.024101
BA(k=2),12,5,1,0.754022,iid,0.05,3,0.165786,0.024101
BA(k=2),12,5,1,0.754022,iid,0.05,4,0.102957,0.010313
BA(k=2),12,5,1,0.754022,iid,0.05,5,0.104237,0.035172
BA(k=2),12,5,1,0.754022,iid,0.1,1,0.165786,0.022434
BA(k=2),12,5,1,0.754022,iid,0.1,2,0.165786,0.010313
BA(k=2),12,5,1,0.754022,iid,0.1,3,0.152739,0.006711
BA(k=2),12,5,1,0.754022,iid,0.1,4,0.165786,0.014508
BA(k=2),12,5,1,0.754022,iid,0.1,5,0.215815,0.027446
BA(k=2),12,5,1,0.754022,iid,0.2,1,0.165786,0.017387
BA(k=2),12,5,1,0.754022,iid,0.2,2,0.151867,0.017387
BA(k=2),12,5,1,0.754022,iid,0.2,3,0.165786,0.045451
BA(k=2),12,5,1,0.754022,iid,0.2,4,0.165786,0.017387
BA(k=2),12,5,1,0.754022,iid,0.2,5,0.166886,0.010313
BA(k=2),12,5,1,0.754022,iid,0.4,1,0.204104,0.062236
BA(k=2),12,5,1,0.754022,iid,0.4,2,0.16205,0.078641
BA(k=2),12,5,1,0.754022,iid,0.4,3,0.170483,0.04501
BA(k=2),12,5,1,0.754022,iid,0.4,4,0.154094,0.099503
BA(k=2),12,5,1,0.754022,iid,0.4,5,0.165786,0.076837
BA(k=2),12,5,1,0.754022,iid,0.8,1,0.187259,0.165786
BA(k=2),12,5,1,0.754022,iid,0.8,2,0.175485,0.112936
BA(k=2),12,5,1,0.754022,iid,0.8,3,0.186263,0.165786
BA(k=2),12,5,1,0.754022,iid,0.8,4,0.182811,0.059533
BA(k=2),12,5,1,0.754022,iid,0.8,5,0.169798,0.165786
BA(k=2),12,5,3,0.865165,exact,0.0,0,0.084229,0.026827
BA(k=2),12,5,3,0.865165,samp10,0.0,1,0.048669,0.013701
BA(k=2),12,5,3,0.865165,iid,0.05,1,0.110348,0.058869
BA(k=2),12,5,3,0.865165,iid,0.05,2,0.251935,0.02349
BA(k=2),12,5,3,0.865165,iid,0.05,3,0.27903,0.048285
BA(k=2),12,5,3,0.865165,iid,0.05,4,0.244124,0.01859
BA(k=2),12,5,3,0.865165,iid,0.05,5,0.267467,0.01859
BA(k=2),12,5,3,0.865165,iid,0.1,1,0.269275,0.003093
BA(k=2),12,5,3,0.865165,iid,0.1,2,0.288351,0.030323
BA(k=2),12,5,3,0.865165,iid,0.1,3,0.252632,0.030087
BA(k=2),12,5,3,0.865165,iid,0.1,4,0.268698,0.017534
BA(k=2),12,5,3,0.865165,iid,0.1,5,0.291268,0.013701
BA(k=2),12,5,3,0.865165,iid,0.2,1,0.247069,0.073953
BA(k=2),12,5,3,0.865165,iid,0.2,2,0.299464,0.087733
BA(k=2),12,5,3,0.865165,iid,0.2,3,0.298594,0.018482
BA(k=2),12,5,3,0.865165,iid,0.2,4,0.301578,0.124616
BA(k=2),12,5,3,0.865165,iid,0.2,5,0.351216,0.087589
BA(k=2),12,5,3,0.865165,iid,0.4,1,0.359002,0.04893
BA(k=2),12,5,3,0.865165,iid,0.4,2,0.296196,0.042004
BA(k=2),12,5,3,0.865165,iid,0.4,3,0.247925,0.075918
BA(k=2),12,5,3,0.865165,iid,0.4,4,0.274958,0.101907
BA(k=2),12,5,3,0.865165,iid,0.4,5,0.273588,0.06808
BA(k=2),12,5,3,0.865165,iid,0.8,1,0.298793,0.203159
BA(k=2),12,5,3,0.865165,iid,0.8,2,0.328366,0.064015
BA(k=2),12,5,3,0.865165,iid,0.8,3,0.310921,0.15517
BA(k=2),12,5,3,0.865165,iid,0.8,4,0.290205,0.105009
BA(k=2),12,5,3,0.865165,iid,0.8,5,0.359002,0.142797
BA(k=2),12,6,1,0.765477,exact,0.0,0,0.032202,0.036392
BA(k=2),12,6,1,0.765477,samp10,0.0,1,0.029322,0.02801
BA(k=2),12,6,1,0.765477,iid,0.05,1,0.07819,0.020755
BA(k=2),12,6,1,0.765477,iid,0.05,2,0.17591,0.010724
BA(k=2),12,6,1,0.765477,iid,0.05,3,0.177242,0.010724
BA(k=2),12,6,1,0.765477,iid,0.05,4,0.05875,0.014505
BA(k=2),12,6,1,0.765477,iid,0.05,5,0.172148,0.020755
BA(k=2),12,6,1,0.765477,iid,0.1,1,0.177242,0.018506
BA(k=2),12,6,1,0.765477,iid,0.1,2,0.177242,0.003907
BA(k=2),12,6,1,0.765477,iid,0.1,3,0.106896,0.002164
BA(k=2),12,6,1,0.765477,iid,0.1,4,0.14469,0.016971
BA(k=2),12,6,1,0.765477,iid,0.1,5,0.067687,0.00216
BA(k=2),12,6,1,0.765477,iid,0.2,1,0.222129,0.009411
BA(k=2),12,6,1,0.765477,iid,0.2,2,0.09028,0.009599
BA(k=2),12,6,1,0.765477,iid,0.2,3,0.241866,0.00216
BA(k=2),12,6,1,0.765477,iid,0.2,4,0.177242,0.025792
BA(k=2),12,6,1,0.765477,iid,0.2,5,0.203488,0.014011
BA(k=2),12,6,1,0.765477,iid,0.4,1,0.177242,0.060807
BA(k=2),12,6,1,0.765477,iid,0.4,2,0.216147,0.029866
BA(k=2),12,6,1,0.765477,iid,0.4,3,0.148255,0.063115
BA(k=2),12,6,1,0.765477,iid,0.4,4,0.198678,0.042302
BA(k=2),12,6,1,0.765477,iid,0.4,5,0.257897,0.045857
BA(k=2),12,6,1,0.765477,iid,0.8,1,0.210964,0.177242
BA(k=2),12,6,1,0.765477,iid,0.8,2,0.191366,0.177242
BA(k=2),12,6,1,0.765477,iid,0.8,3,0.177242,0.06119
BA(k=2),12,6,1,0.765477,iid,0.8,4,0.187834,0.177242
BA(k=2),12,6,1,0.765477,iid,0.8,5,0.239288,0.056515
BA(k=2),12,6,3,0.877914,exact,0.0,0,0.098894,0.077358
BA(k=2),12,6,3,0.877914,samp10,0.0,1,0.098894,0.028862
BA(k=2),12,6,3,0.877914,iid,0.05,1,0.292439,0.081511
BA(k=2),12,6,3,0.877914,iid,0.05,2,0.275748,0.040117
BA(k=2),12,6,3,0.877914,iid,0.05,3,0.296945,0.055556
BA(k=2),12,6,3,0.877914,iid,0.05,4,0.187433,0.064504
BA(k=2),12,6,3,0.877914,iid,0.05,5,0.273058,0.046877
BA(k=2),12,6,3,0.877914,iid,0.1,1,0.291793,0.045899
BA(k=2),12,6,3,0.877914,iid,0.1,2,0.243321,0.06117
BA(k=2),12,6,3,0.877914,iid,0.1,3,0.222767,0.084894
BA(k=2),12,6,3,0.877914,iid,0.1,4,0.256751,0.064504
BA(k=2),12,6,3,0.877914,iid,0.1,5,0.186419,0.074728
BA(k=2),12,6,3,0.877914,iid,0.2,1,0.323151,0.050452
BA(k=2),12,6,3,0.877914,iid,0.2,2,0.195261,0.081997
BA(k=2),12,6,3,0.877914,iid,0.2,3,0.313448,0.073818
BA(k=2),12,6,3,0.877914,iid,0.2,4,0.328228,0.080229
BA(k=2),12,6,3,0.877914,iid,0.2,5,0.321972,0.050452
BA(k=2),12,6,3,0.877914,iid,0.4,1,0.261346,0.127541
BA(k=2),12,6,3,0.877914,iid,0.4,2,0.372284,0.107753
BA(k=2),12,6,3,0.877914,iid,0.4,3,0.321539,0.088153
BA(k=2),12,6,3,0.877914,iid,0.4,4,0.291793,0.074737
BA(k=2),12,6,3,0.877914,iid,0.4,5,0.299588,0.093236
BA(k=2),12,6,3,0.877914,iid,0.8,1,0.34012,0.279992
BA(k=2),12,6,3,0.877914,iid,0.8,2,0.302414,0.195367
BA(k=2),12,6,3,0.877914,iid,0.8,3,0.331117,0.136763
BA(k=2),12,6,3,0.877914,iid,0.8,4,0.283548,0.18747
BA(k=2),12,6,3,0.877914,iid,0.8,5,0.283548,0.142447
BA(k=2),12,7,1,0.837216,exact,0.0,0,0.022816,0.062296
BA(k=2),12,7,1,0.837216,samp10,0.0,1,0.067003,0.032748
BA(k=2),12,7,1,0.837216,iid,0.05,1,0.170549,0.027736
BA(k=2),12,7,1,0.837216,iid,0.05,2,0.170549,0.004005
BA(k=2),12,7,1,0.837216,iid,0.05,3,0.200168,0.018765
BA(k=2),12,7,1,0.837216,iid,0.05,4,0.112836,0.010842
BA(k=2),12,7,1,0.837216,iid,0.05,5,0.170549,0.023062
BA(k=2),12,7,1,0.837216,iid,0.1,1,0.187885,0.007812
BA(k=2),12,7,1,0.837216,iid,0.1,2,0.170549,0.043689
BA(k=2),12,7,1,0.837216,iid,0.1,3,0.170549,0.007099
BA(k=2),12,7,1,0.837216,iid,0.1,4,0.170549,0.010842
BA(k=2),12,7,1,0.837216,iid,0.1,5,0.148796,0.007099
BA(k=2),12,7,1,0.837216,iid,0.2,1,0.174528,0.011771
BA(k=2),12,7,1,0.837216,iid,0.2,2,0.235168,0.009686
BA(k=2),12,7,1,0.837216,iid,0.2,3,0.170549,0.032574
BA(k=2),12,7,1,0.837216,iid,0.2,4,0.090138,0.017104
BA(k=2),12,7,1,0.837216,iid,0.2,5,0.178774,0.013557
BA(k=2),12,7,1,0.837216,iid,0.4,1,0.185603,0.006054
BA(k=2),12,7,1,0.837216,iid,0.4,2,0.299992,0.033473
BA(k=2),12,7,1,0.837216,iid,0.4,3,0.177587,0.109747
BA(k=2),12,7,1,0.837216,iid,0.4,4,0.170549,0.033191
BA(k=2),12,7,1,0.837216,iid,0.4,5,0.17189,0.034742
BA(k=2),12,7,1,0.837216,iid,0.8,1,0.234834,0.003426
BA(k=2),12,7,1,0.837216,iid,0.8,2,0.181854,0.033191
BA(k=2),12,7,1,0.837216,iid,0.8,3,0.169981,0.062026
BA(k=2),12,7,1,0.837216,iid,0.8,4,0.181854,0.157865
BA(k=2),12,7,1,0.837216,iid,0.8,5,0.169208,0.054132
BA(k=2),12,7,3,0.920371,exact,0.0,0,0.06247,0.01861
BA(k=2),12,7,3,0.920371,samp10,0.0,1,0.071635,0.00826
BA(k=2),12,7,3,0.920371,iid,0.05,1,0.256574,0.033265
BA(k=2),12,7,3,0.920371,iid,0.05,2,0.256574,0.002367
BA(k=2),12,7,3,0.920371,iid,0.05,3,0.281225,0.035456
BA(k=2),12,7,3,0.920371,iid,0.05,4,0.226978,0.01861
BA(k=2),12,7,3,0.920371,iid,0.05,5,0.23893,0.00826
BA(k=2),12,7,3,0.920371,iid,0.1,1,0.323657,0.019425
BA(k=2),12,7,3,0.920371,iid,0.1,2,0.265289,0.034719
BA(k=2),12,7,3,0.920371,iid,0.1,3,0.251935,0.031113
BA(k=2),12,7,3,0.920371,iid,0.1,4,0.246541,0.012455
BA(k=2),12,7,3,0.920371,iid,0.1,5,0.223811,0.00826
BA(k=2),12,7,3,0.920371,iid,0.2,1,0.260412,0.03099
BA(k=2),12,7,3,0.920371,iid,0.2,2,0.303662,0.015087
BA(k=2),12,7,3,0.920371,iid,0.2,3,0.256574,0.043786
BA(k=2),12,7,3,0.920371,iid,0.2,4,0.231403,0.065284
BA(k=2),12,7,3,0.920371,iid,0.2,5,0.269139,0.042841
BA(k=2),12,7,3,0.920371,iid,0.4,1,0.25951,0.038715
BA(k=2),12,7,3,0.920371,iid,0.4,2,0.323657,0.084184
BA(k=2),12,7,3,0.920371,iid,0.4,3,0.283945,0.029783
BA(k=2),12,7,3,0.920371,iid,0.4,4,0.247465,0.059982
BA(k=2),12,7,3,0.920371,iid,0.4,5,0.247465,0.047902
BA(k=2),12,7,3,0.920371,iid,0.8,1,0.300603,0.216449
BA(k=2),12,7,3,0.920371,iid,0.8,2,0.267357,0.103222
BA(k=2),12,7,3,0.920371,iid,0.8,3,0.247792,0.105169
BA(k=2),12,7,3,0.920371,iid,0.8,4,0.358977,0.030675
BA(k=2),12,7,3,0.920371,iid,0.8,5,0.334672,0.027098
BA(k=2),12,8,1,0.741367,exact,0.0,0,0.032173,0.041692
BA(k=2),12,8,1,0.741367,samp10,0.0,1,0.027784,0.035422
BA(k=2),12,8,1,0.741367,iid,0.05,1,0.146344,0.020902
BA(k=2),12,8,1,0.741367,iid,0.05,2,0.157306,0.020902
BA(k=2),12,8,1,0.741367,iid,0.05,3,0.153131,0.007591
BA(k=2),12,8,1,0.741367,iid,0.05,4,0.151169,0.029598
BA(k=2),12,8,1,0.741367,iid,0.05,5,0.153131,0.035422
BA(k=2),12,8,1,0.741367,iid,0.1,1,0.153131,0.002145
BA(k=2),12,8,1,0.741367,iid,0.1,2,0.153131,0.00808
BA(k=2),12,8,1,0.741367,iid,0.1,3,0.190978,0.048353
BA(k=2),12,8,1,0.741367,iid,0.1,4,0.11599,0.004889
BA(k=2),12,8,1,0.741367,iid,0.1,5,0.148602,0.007613
BA(k=2),12,8,1,0.741367,iid,0.2,1,0.248518,0.005805
BA(k=2),12,8,1,0.741367,iid,0.2,2,0.093025,0.005007
BA(k=2),12,8,1,0.741367,iid,0.2,3,0.196484,0.010182
BA(k=2),12,8,1,0.741367,iid,0.2,4,0.190978,0.022743
BA(k=2),12,8,1,0.741367,iid,0.2,5,0.14893,0.004541
BA(k=2),12,8,1,0.741367,iid,0.4,1,0.153131,0.031505
BA(k=2),12,8,1,0.741367,iid,0.4,2,0.168816,0.002183
BA(k=2),12,8,1,0.741367,iid,0.4,3,0.153131,0.039858
BA(k=2),12,8,1,0.741367,iid,0.4,4,0.142876,0.051832
BA(k=2),12,8,1,0.741367,iid,0.4,5,0.153131,0.019735
BA(k=2),12,8,1,0.741367,iid,0.8,1,0.179238,0.017211
BA(k=2),12,8,1,0.741367,iid,0.8,2,0.151671,0.068123
BA(k=2),12,8,1,0.741367,iid,0.8,3,0.196592,0.036536
BA(k=2),12,8,1,0.741367,iid,0.8,4,0.153131,0.293654
BA(k=2),12,8,1,0.741367,iid,0.8,5,0.268873,0.153131
BA(k=2),12,8,3,0.853263,exact,0.0,0,0.093858,0.043424
BA(k=2),12,8,3,0.853263,samp10,0.0,1,0.105384,0.013533
BA(k=2),12,8,3,0.853263,iid,0.05,1,0.256972,0.068163
BA(k=2),12,8,3,0.853263,iid,0.05,2,0.252072,0.043509
BA(k=2),12,8,3,0.853263,iid,0.05,3,0.153567,0.032083
BA(k=2),12,8,3,0.853263,iid,0.05,4,0.261822,0.051515
BA(k=2),12,8,3,0.853263,iid,0.05,5,0.275429,0.032083
BA(k=2),12,8,3,0.853263,iid,0.1,1,0.25447,0.078108
BA(k=2),12,8,3,0.853263,iid,0.1,2,0.275429,0.046358
BA(k=2),12,8,3,0.853263,iid,0.1,3,0.267561,0.04543
BA(k=2),12,8,3,0.853263,iid,0.1,4,0.249354,0.042614
BA(k=2),12,8,3,0.853263,iid,0.1,5,0.26347,0.060702
BA(k=2),12,8,3,0.853263,iid,0.2,1,0.266784,0.045333
BA(k=2),12,8,3,0.853263,iid,0.2,2,0.180689,0.02253
BA(k=2),12,8,3,0.853263,iid,0.2,3,0.267142,0.036699
BA(k=2),12,8,3,0.853263,iid,0.2,4,0.256972,0.045333
BA(k=2),12,8,3,0.853263,iid,0.2,5,0.259704,0.129623
BA(k=2),12,8,3,0.853263,iid,0.4,1,0.267561,0.06148
BA(k=2),12,8,3,0.853263,iid,0.4,2,0.259526,0.051506
BA(k=2),12,8,3,0.853263,iid,0.4,3,0.259815,0.050935
BA(k=2),12,8,3,0.853263,iid,0.4,4,0.267561,0.053515
BA(k=2),12,8,3,0.853263,iid,0.4,5,0.266784,0.099361
BA(k=2),12,8,3,0.853263,iid,0.8,1,0.271203,0.169481
BA(k=2),12,8,3,0.853263,iid,0.8,2,0.348677,0.124468
BA(k=2),12,8,3,0.853263,iid,0.8,3,0.294656,0.076596
BA(k=2),12,8,3,0.853263,iid,0.8,4,0.290141,0.103443
BA(k=2),12,8,3,0.853263,iid,0.8,5,0.30924,0.037045
BA(k=2),12,9,1,0.785087,exact,0.0,0,0.021902,0.038948
BA(k=2),12,9,1,0.785087,samp10,0.0,1,0.013585,0.050132
BA(k=2),12,9,1,0.785087,iid,0.05,1,0.144507,0.021518
BA(k=2),12,9,1,0.785087,iid,0.05,2,0.16083,0.026316
BA(k=2),12,9,1,0.785087,iid,0.05,3,0.160087,0.025906
BA(k=2),12,9,1,0.785087,iid,0.05,4,0.0318,0.026316
BA(k=2),12,9,1,0.785087,iid,0.05,5,0.160087,0.022731
BA(k=2),12,9,1,0.785087,iid,0.1,1,0.160087,0.001095
BA(k=2),12,9,1,0.785087,iid,0.1,2,0.101816,0.000201
BA(k=2),12,9,1,0.785087,iid,0.1,3,0.160087,0.003028
BA(k=2),12,9,1,0.785087,iid,0.1,4,0.141211,0.013642
BA(k=2),12,9,1,0.785087,iid,0.1,5,0.187831,0.01311
BA(k=2),12,9,1,0.785087,iid,0.2,1,0.1397,0.006578
BA(k=2),12,9,1,0.785087,iid,0.2,2,0.160087,0.028459
BA(k=2),12,9,1,0.785087,iid,0.2,3,0.245174,0.011311
BA(k=2),12,9,1,0.785087,iid,0.2,4,0.160087,0.006578
BA(k=2),12,9,1,0.785087,iid,0.2,5,0.160087,0.018721
BA(k=2),12,9,1,0.785087,iid,0.4,1,0.185375,0.087557
BA(k=2),12,9,1,0.785087,iid,0.4,2,0.239599,0.054201
BA(k=2),12,9,1,0.785087,iid,0.4,3,0.219775,0.042801
BA(k=2),12,9,1,0.785087,iid,0.4,4,0.163418,0.006778
BA(k=2),12,9,1,0.785087,iid,0.4,5,0.160087,0.060372
BA(k=2),12,9,1,0.785087,iid,0.8,1,0.163418,0.129858
BA(k=2),12,9,1,0.785087,iid,0.8,2,0.213723,0.105693
BA(k=2),12,9,1,0.785087,iid,0.8,3,0.160087,0.050395
BA(k=2),12,9,1,0.785087,iid,0.8,4,0.276353,0.060369
BA(k=2),12,9,1,0.785087,iid,0.8,5,0.160087,0.160087
BA(k=2),12,9,3,0.871211,exact,0.0,0,0.065789,0.030632
BA(k=2),12,9,3,0.871211,samp10,0.0,1,0.051656,0.043333
BA(k=2),12,9,3,0.871211,iid,0.05,1,0.216866,0.021518
BA(k=2),12,9,3,0.871211,iid,0.05,2,0.2352,0.016434
BA(k=2),12,9,3,0.871211,iid,0.05,3,0.2489,0.023829
BA(k=2),12,9,3,0.871211,iid,0.05,4,0.244556,0.016434
BA(k=2),12,9,3,0.871211,iid,0.05,5,0.162617,0.019875
BA(k=2),12,9,3,0.871211,iid,0.1,1,0.257037,0.02772
BA(k=2),12,9,3,0.871211,iid,0.1,2,0.19806,0.047861
BA(k=2),12,9,3,0.871211,iid,0.1,3,0.237657,0.076547
BA(k=2),12,9,3,0.871211,iid,0.1,4,0.243554,0.02772
BA(k=2),12,9,3,0.871211,iid,0.1,5,0.26111,0.016434
BA(k=2),12,9,3,0.871211,iid,0.2,1,0.262341,0.0212
BA(k=2),12,9,3,0.871211,iid,0.2,2,0.2489,0.036135
BA(k=2),12,9,3,0.871211,iid,0.2,3,0.264796,0.047861
BA(k=2),12,9,3,0.871211,iid,0.2,4,0.234393,0.0212
BA(k=2),12,9,3,0.871211,iid,0.2,5,0.264796,0.029336
BA(k=2),12,9,3,0.871211,iid,0.4,1,0.337675,0.05935
BA(k=2),12,9,3,0.871211,iid,0.4,2,0.2489,0.045076
BA(k=2),12,9,3,0.871211,iid,0.4,3,0.244403,0.040602
BA(k=2),12,9,3,0.871211,iid,0.4,4,0.27566,0.058099
BA(k=2),12,9,3,0.871211,iid,0.4,5,0.257037,0.037261
BA(k=2),12,9,3,0.871211,iid,0.8,1,0.27566,0.239559
BA(k=2),12,9,3,0.871211,iid,0.8,2,0.204538,0.091463
BA(k=2),12,9,3,0.871211,iid,0.8,3,0.242842,0.10146
BA(k=2),12,9,3,0.871211,iid,0.8,4,0.26295,0.086937
BA(k=2),12,9,3,0.871211,iid,0.8,5,0.333673,0.348418
BA(k=2),12,10,1,0.760134,exact,0.0,0,0.030318,0.059928
BA(k=2),12,10,1,0.760134,samp10,0.0,1,0.030318,0.059928
BA(k=2),12,10,1,0.760134,iid,0.05,1,0.171898,0.029928
BA(k=2),12,10,1,0.760134,iid,0.05,2,0.178255,0.043026
BA(k=2),12,10,1,0.760134,iid,0.05,3,0.171898,0.01357
BA(k=2),12,10,1,0.760134,iid,0.05,4,0.171898,0.022559
BA(k=2),12,10,1,0.760134,iid,0.05,5,0.131271,0.004293
BA(k=2),12,10,1,0.760134,iid,0.1,1,0.164644,0.004293
BA(k=2),12,10,1,0.760134,iid,0.1,2,0.171898,0.004293
BA(k=2),12,10,1,0.760134,iid,0.1,3,0.16332,0.019701
BA(k=2),12,10,1,0.760134,iid,0.1,4,0.171898,0.003259
BA(k=2),12,10,1,0.760134,iid,0.1,5,0.170932,0.001449
BA(k=2),12,10,1,0.760134,iid,0.2,1,0.171898,0.001876
BA(k=2),12,10,1,0.760134,iid,0.2,2,0.087795,0.010182
BA(k=2),12,10,1,0.760134,iid,0.2,3,0.200075,0.010182
BA(k=2),12,10,1,0.760134,iid,0.2,4,0.171898,0.001876
BA(k=2),12,10,1,0.760134,iid,0.2,5,0.214997,0.006058
BA(k=2),12,10,1,0.760134,iid,0.4,1,0.171898,0.024506
BA(k=2),12,10,1,0.760134,iid,0.4,2,0.171898,0.026472
BA(k=2),12,10,1,0.760134,iid,0.4,3,0.170033,0.031673
BA(k=2),12,10,1,0.760134,iid,0.4,4,0.173279,0.028143
BA(k=2),12,10,1,0.760134,iid,0.4,5,0.171898,0.006058
BA(k=2),12,10,1,0.760134,iid,0.8,1,0.171898,0.0474
BA(k=2),12,10,1,0.760134,iid,0.8,2,0.181469,0.036889
BA(k=2),12,10,1,0.760134,iid,0.8,3,0.171898,0.020881
BA(k=2),12,10,1,0.760134,iid,0.8,4,0.260223,0.05866
BA(k=2),12,10,1,0.760134,iid,0.8,5,0.176256,0.008897
BA(k=2),12,10,3,0.863135,exact,0.0,0,0.089535,0.027177
BA(k=2),12,10,3,0.863135,samp10,0.0,1,0.089535,0.027177
BA(k=2),12,10,3,0.863135,iid,0.05,1,0.277118,0.041407
BA(k=2),12,10,3,0.863135,iid,0.05,2,0.277118,0.029151
BA(k=2),12,10,3,0.863135,iid,0.05,3,0.269108,0.041407
BA(k=2),12,10,3,0.863135,iid,0.05,4,0.277118,0.041407
BA(k=2),12,10,3,0.863135,iid,0.05,5,0.268783,0.029151
BA(k=2),12,10,3,0.863135,iid,0.1,1,0.267723,0.049067
BA(k=2),12,10,3,0.863135,iid,0.1,2,0.281044,0.049762
BA(k=2),12,10,3,0.863135,iid,0.1,3,0.266673,0.049067
BA(k=2),12,10,3,0.863135,iid,0.1,4,0.273144,0.049067
BA(k=2),12,10,3,0.863135,iid,0.1,5,0.288755,0.080305
BA(k=2),12,10,3,0.863135,iid,0.2,1,0.313622,0.039054
BA(k=2),12,10,3,0.863135,iid,0.2,2,0.301732,0.056603
BA(k=2),12,10,3,0.863135,iid,0.2,3,0.390143,0.163254
BA(k=2),12,10,3,0.863135,iid,0.2,4,0.277118,0.082498
BA(k=2),12,10,3,0.863135,iid,0.2,5,0.300022,0.058277
BA(k=2),12,10,3,0.863135,iid,0.4,1,0.277118,0.050689
BA(k=2),12,10,3,0.863135,iid,0.4,2,0.362292,0.071355
BA(k=2),12,10,3,0.863135,iid,0.4,3,0.277118,0.053334
BA(k=2),12,10,3,0.863135,iid,0.4,4,0.277118,0.057864
BA(k=2),12,10,3,0.863135,iid,0.4,5,0.304282,0.050689
BA(k=2),12,10,3,0.863135,iid,0.8,1,0.273018,0.035965
BA(k=2),12,10,3,0.863135,iid,0.8,2,0.267723,0.139255
BA(k=2),12,10,3,0.863135,iid,0.8,3,0.300022,0.072057
BA(k=2),12,10,3,0.863135,iid,0.8,4,0.273018,0.141821
BA(k=2),12,10,3,0.863135,iid,0.8,5,0.360806,0.161385
BA(k=4),12,1,1,0.758882,exact,0.0,0,0.029192,0.019228
BA(k=4),12,1,1,0.758882,samp10,0.0,1,0.039335,0.005819
BA(k=4),12,1,1,0.758882,iid,0.05,1,0.108435,0.019228
BA(k=4),12,1,1,0.758882,iid,0.05,2,0.118882,0.019228
BA(k=4),12,1,1,0.758882,iid,0.05,3,0.118882,0.019228
BA(k=4),12,1,1,0.758882,iid,0.05,4,0.0881,0.005819
BA(k=4),12,1,1,0.758882,iid,0.05,5,0.05873,0.010175
BA(k=4),12,1,1,0.758882,iid,0.1,1,0.118882,0.019228
BA(k=4),12,1,1,0.758882,iid,0.1,2,0.13275,0.006081
BA(k=4),12,1,1,0.758882,iid,0.1,3,0.118882,0.010175
BA(k=4),12,1,1,0.758882,iid,0.1,4,0.118882,0.002561
BA(k=4),12,1,1,0.758882,iid,0.1,5,0.119734,0.010175
BA(k=4),12,1,1,0.758882,iid,0.2,1,0.118882,0.000563
BA(k=4),12,1,1,0.758882,iid,0.2,2,0.118882,0.001055
BA(k=4),12,1,1,0.758882,iid,0.2,3,0.118882,0.022006
BA(k=4),12,1,1,0.758882,iid,0.2,4,0.107481,0.002892
BA(k=4),12,1,1,0.758882,iid,0.2,5,0.118882,0.001055
BA(k=4),12,1,1,0.758882,iid,0.4,1,0.15229,0.017574
BA(k=4),12,1,1,0.758882,iid,0.4,2,0.134509,0.007728
BA(k=4),12,1,1,0.758882,iid,0.4,3,0.118882,0.015783
BA(k=4),12,1,1,0.758882,iid,0.4,4,0.118882,0.011278
BA(k=4),12,1,1,0.758882,iid,0.4,5,0.163966,0.028563
BA(k=4),12,1,1,0.758882,iid,0.8,1,0.118882,0.029638
BA(k=4),12,1,1,0.758882,iid,0.8,2,0.118882,0.033928
BA(k=4),12,1,1,0.758882,iid,0.8,3,0.122968,0.036462
BA(k=4),12,1,1,0.758882,iid,0.8,4,0.124292,0.017191
BA(k=4),12,1,1,0.758882,iid,0.8,5,0.124941,0.118882
BA(k=4),12,1,3,0.854515,exact,0.0,0,0.079804,0.13334
BA(k=4),12,1,3,0.854515,samp10,0.0,1,0.112304,0.002823
BA(k=4),12,1,3,0.854515,iid,0.05,1,0.208211,0.041556
BA(k=4),12,1,3,0.854515,iid,0.05,2,0.157474,0.02856
BA(k=4),12,1,3,0.854515,iid,0.05,3,0.218154,0.04033
BA(k=4),12,1,3,0.854515,iid,0.05,4,0.212184,0.033536
BA(k=4),12,1,3,0.854515,iid,0.05,5,0.194386,0.047043
BA(k=4),12,1,3,0.854515,iid,0.1,1,0.218154,0.037855
BA(k=4),12,1,3,0.854515,iid,0.1,2,0.241089,0.02856
BA(k=4),12,1,3,0.854515,iid,0.1,3,0.218154,0.037855
BA(k=4),12,1,3,0.854515,iid,0.1,4,0.205387,0.015152
BA(k=4),12,1,3,0.854515,iid,0.1,5,0.217034,0.038253
BA(k=4),12,1,3,0.854515,iid,0.2,1,0.240331,0.018062
BA(k=4),12,1,3,0.854515,iid,0.2,2,0.218154,0.042713
BA(k=4),12,1,3,0.854515,iid,0.2,3,0.28532,0.044686
BA(k=4),12,1,3,0.854515,iid,0.2,4,0.205387,0.042713
BA(k=4),12,1,3,0.854515,iid,0.2,5,0.207151,0.030162
BA(k=4),12,1,3,0.854515,iid,0.4,1,0.22732,0.078827
BA(k=4),12,1,3,0.854515,iid,0.4,2,0.261598,0.044686
BA(k=4),12,1,3,0.854515,iid,0.4,3,0.218154,0.067058
BA(k=4),12,1,3,0.854515,iid,0.4,4,0.250369,0.053746
BA(k=4),12,1,3,0.854515,iid,0.4,5,0.253988,0.064907
BA(k=4),12,1,3,0.854515,iid,0.8,1,0.2097,0.115778
BA(k=4),12,1,3,0.854515,iid,0.8,2,0.22732,0.053746
BA(k=4),12,1,3,0.854515,iid,0.8,3,0.307021,0.070689
BA(k=4),12,1,3,0.854515,iid,0.8,4,0.240331,0.196511
BA(k=4),12,1,3,0.854515,iid,0.8,5,0.187027,0.166361
BA(k=4),12,2,1,0.780236,exact,0.0,0,0.023842,0.025845
BA(k=4),12,2,1,0.780236,samp10,0.0,1,0.023842,0.011562
BA(k=4),12,2,1,0.780236,iid,0.05,1,0.113569,0.016416
BA(k=4),12,2,1,0.780236,iid,0.05,2,0.10457,0.04753
BA(k=4),12,2,1,0.780236,iid,0.05,3,0.113569,0.04753
BA(k=4),12,2,1,0.780236,iid,0.05,4,0.123035,0.011562
BA(k=4),12,2,1,0.780236,iid,0.05,5,0.113569,0.025845
BA(k=4),12,2,1,0.780236,iid,0.1,1,0.113569,0.007396
BA(k=4),12,2,1,0.780236,iid,0.1,2,0.096442,0.016416
BA(k=4),12,2,1,0.780236,iid,0.1,3,0.113569,0.007396
BA(k=4),12,2,1,0.780236,iid,0.1,4,0.113569,0.016416
BA(k=4),12,2,1,0.780236,iid,0.1,5,0.113569,0.007396
BA(k=4),12,2,1,0.780236,iid,0.2,1,0.133474,0.0144
BA(k=4),12,2,1,0.780236,iid,0.2,2,0.113569,0.004806
BA(k=4),12,2,1,0.780236,iid,0.2,3,0.119295,0.006526
BA(k=4),12,2,1,0.780236,iid,0.2,4,0.200385,0.010157
BA(k=4),12,2,1,0.780236,iid,0.2,5,0.113569,0.0144
BA(k=4),12,2,1,0.780236,iid,0.4,1,0.206756,0.015174
BA(k=4),12,2,1,0.780236,iid,0.4,2,0.129932,0.010157
BA(k=4),12,2,1,0.780236,iid,0.4,3,0.250875,0.004806
BA(k=4),12,2,1,0.780236,iid,0.4,4,0.113569,0.004111
BA(k=4),12,2,1,0.780236,iid,0.4,5,0.165287,0.019422
BA(k=4),12,2,1,0.780236,iid,0.8,1,0.153036,0.02217
BA(k=4),12,2,1,0.780236,iid,0.8,2,0.227199,0.0269
BA(k=4),12,2,1,0.780236,iid,0.8,3,0.22665,0.036097
BA(k=4),12,2,1,0.780236,iid,0.8,4,0.113569,0.044414
BA(k=4),12,2,1,0.780236,iid,0.8,5,0.11941,0.113569
BA(k=4),12,2,3,0.877347,exact,0.0,0,0.078389,0.061872
BA(k=4),12,2,3,0.877347,samp10,0.0,1,0.076035,0.030983
BA(k=4),12,2,3,0.877347,iid,0.05,1,0.214816,0.083152
BA(k=4),12,2,3,0.877347,iid,0.05,2,0.207428,0.063813
BA(k=4),12,2,3,0.877347,iid,0.05,3,0.24043,0.062277
BA(k=4),12,2,3,0.877347,iid,0.05,4,0.214816,0.062277
BA(k=4),12,2,3,0.877347,iid,0.05,5,0.202475,0.063813
BA(k=4),12,2,3,0.877347,iid,0.1,1,0.19977,0.062277
BA(k=4),12,2,3,0.877347,iid,0.1,2,0.207428,0.033651
BA(k=4),12,2,3,0.877347,iid,0.1,3,0.229137,0.017547
BA(k=4),12,2,3,0.877347,iid,0.1,4,0.214816,0.064852
BA(k=4),12,2,3,0.877347,iid,0.1,5,0.207938,0.033884
BA(k=4),12,2,3,0.877347,iid,0.2,1,0.289009,0.020092
BA(k=4),12,2,3,0.877347,iid,0.2,2,0.205781,0.037695
BA(k=4),12,2,3,0.877347,iid,0.2,3,0.20422,0.033884
BA(k=4),12,2,3,0.877347,iid,0.2,4,0.284042,0.04023
BA(k=4),12,2,3,0.877347,iid,0.2,5,0.19977,0.008018
BA(k=4),12,2,3,0.877347,iid,0.4,1,0.218693,0.097688
BA(k=4),12,2,3,0.877347,iid,0.4,2,0.227985,0.056404
BA(k=4),12,2,3,0.877347,iid,0.4,3,0.244902,0.047021
BA(k=4),12,2,3,0.877347,iid,0.4,4,0.289009,0.153966
BA(k=4),12,2,3,0.877347,iid,0.4,5,0.262668,0.058568
BA(k=4),12,2,3,0.877347,iid,0.8,1,0.217101,0.038876
BA(k=4),12,2,3,0.877347,iid,0.8,2,0.205781,0.104593
BA(k=4),12,2,3,0.877347,iid,0.8,3,0.213129,0.08607
BA(k=4),12,2,3,0.877347,iid,0.8,4,0.315708,0.090458
BA(k=4),12,2,3,0.877347,iid,0.8,5,0.208851,0.228791
BA(k=4),12,3,1,0.784795,exact,0.0,0,0.026782,0.025119
BA(k=4),12,3,1,0.784795,samp10,0.0,1,0.024434,0.010343
BA(k=4),12,3,1,0.784795,iid,0.05,1,0.114605,0.019859
BA(k=4),12,3,1,0.784795,iid,0.05,2,0.016731,0.019859
BA(k=4),12,3,1,0.784795,iid,0.05,3,0.118129,0.010343
BA(k=4),12,3,1,0.784795,iid,0.05,4,0.118129,0.025119
BA(k=4),12,3,1,0.784795,iid,0.05,5,0.106532,0.025119
BA(k=4),12,3,1,0.784795,iid,0.1,1,0.088302,0.019859
BA(k=4),12,3,1,0.784795,iid,0.1,2,0.135106,0.005636
BA(k=4),12,3,1,0.784795,iid,0.1,3,0.100435,0.019859
BA(k=4),12,3,1,0.784795,iid,0.1,4,0.100435,0.002445
BA(k=4),12,3,1,0.784795,iid,0.1,5,0.090844,0.015368
BA(k=4),12,3,1,0.784795,iid,0.2,1,0.118129,0.000504
BA(k=4),12,3,1,0.784795,iid,0.2,2,0.106532,0.015078
BA(k=4),12,3,1,0.784795,iid,0.2,3,0.118129,0.004948
BA(k=4),12,3,1,0.784795,iid,0.2,4,0.118129,0.009903
BA(k=4),12,3,1,0.784795,iid,0.2,5,0.118129,0.009756
BA(k=4),12,3,1,0.784795,iid,0.4,1,0.118129,0.005636
BA(k=4),12,3,1,0.784795,iid,0.4,2,0.118129,0.00607
BA(k=4),12,3,1,0.784795,iid,0.4,3,0.116718,0.004672
BA(k=4),12,3,1,0.784795,iid,0.4,4,0.134826,0.009756
BA(k=4),12,3,1,0.784795,iid,0.4,5,0.133731,0.004672
BA(k=4),12,3,1,0.784795,iid,0.8,1,0.119794,0.119431
BA(k=4),12,3,1,0.784795,iid,0.8,2,0.129158,0.094117
BA(k=4),12,3,1,0.784795,iid,0.8,3,0.125243,0.004672
BA(k=4),12,3,1,0.784795,iid,0.8,4,0.118129,0.143062
BA(k=4),12,3,1,0.784795,iid,0.8,5,0.118129,0.135354
BA(k=4),12,3,3,0.870328,exact,0.0,0,0.070034,0.039282
BA(k=4),12,3,3,0.870328,samp10,0.0,1,0.074046,0.020866
BA(k=4),12,3,3,0.870328,iid,0.05,1,0.198595,0.036849
BA(k=4),12,3,3,0.870328,iid,0.05,2,0.173945,0.021216
BA(k=4),12,3,3,0.870328,iid,0.05,3,0.207672,0.039282
BA(k=4),12,3,3,0.870328,iid,0.05,4,0.207672,0.065641
BA(k=4),12,3,3,0.870328,iid,0.05,5,0.195848,0.020866
BA(k=4),12,3,3,0.870328,iid,0.1,1,0.179993,0.038962
BA(k=4),12,3,3,0.870328,iid,0.1,2,0.194222,0.018584
BA(k=4),12,3,3,0.870328,iid,0.1,3,0.178931,0.018584
BA(k=4),12,3,3,0.870328,iid,0.1,4,0.179993,0.028251
BA(k=4),12,3,3,0.870328,iid,0.1,5,0.220273,0.028251
BA(k=4),12,3,3,0.870328,iid,0.2,1,0.207672,0.030982
BA(k=4),12,3,3,0.870328,iid,0.2,2,0.207672,0.057948
BA(k=4),12,3,3,0.870328,iid,0.2,3,0.207672,0.022733
BA(k=4),12,3,3,0.870328,iid,0.2,4,0.200312,0.030982
BA(k=4),12,3,3,0.870328,iid,0.2,5,0.257869,0.041622
BA(k=4),12,3,3,0.870328,iid,0.4,1,0.356324,0.095335
BA(k=4),12,3,3,0.870328,iid,0.4,2,0.195316,0.047198
BA(k=4),12,3,3,0.870328,iid,0.4,3,0.221851,0.045217
BA(k=4),12,3,3,0.870328,iid,0.4,4,0.37339,0.039535
BA(k=4),12,3,3,0.870328,iid,0.4,5,0.207672,0.03857
BA(k=4),12,3,3,0.870328,iid,0.8,1,0.319321,0.30668
BA(k=4),12,3,3,0.870328,iid,0.8,2,0.230384,0.084615
BA(k=4),12,3,3,0.870328,iid,0.8,3,0.224093,0.056942
BA(k=4),12,3,3,0.870328,iid,0.8,4,0.311122,0.104914
BA(k=4),12,3,3,0.870328,iid,0.8,5,0.230384,0.136322
BA(k=4),12,4,1,0.790761,exact,0.0,0,0.030306,0.033209
BA(k=4),12,4,1,0.790761,samp10,0.0,1,0.017682,0.033209
BA(k=4),12,4,1,0.790761,iid,0.05,1,0.138148,0.026725
BA(k=4),12,4,1,0.790761,iid,0.05,2,0.124095,0.0206
BA(k=4),12,4,1,0.790761,iid,0.05,3,0.121148,0.015188
BA(k=4),12,4,1,0.790761,iid,0.05,4,0.124454,0.0206
BA(k=4),12,4,1,0.790761,iid,0.05,5,0.112843,0.015188
BA(k=4),12,4,1,0.790761,iid,0.1,1,0.314909,0.006825
BA(k=4),12,4,1,0.790761,iid,0.1,2,0.124095,0.003922
BA(k=4),12,4,1,0.790761,iid,0.1,3,0.132971,0.011634
BA(k=4),12,4,1,0.790761,iid,0.1,4,0.124095,0.006825
BA(k=4),12,4,1,0.790761,iid,0.1,5,0.124095,0.0206
BA(k=4),12,4,1,0.790761,iid,0.2,1,0.126591,0.003922
BA(k=4),12,4,1,0.790761,iid,0.2,2,0.158904,0.017403
BA(k=4),12,4,1,0.790761,iid,0.2,3,0.136166,0.00113
BA(k=4),12,4,1,0.790761,iid,0.2,4,0.130887,0.003155
BA(k=4),12,4,1,0.790761,iid,0.2,5,0.16356,0.007558
BA(k=4),12,4,1,0.790761,iid,0.4,1,0.13536,0.008425
BA(k=4),12,4,1,0.790761,iid,0.4,2,0.124933,0.022446
BA(k=4),12,4,1,0.790761,iid,0.4,3,0.159454,0.054241
BA(k=4),12,4,1,0.790761,iid,0.4,4,0.172405,0.019287
BA(k=4),12,4,1,0.790761,iid,0.4,5,0.124095,0.017506
BA(k=4),12,4,1,0.790761,iid,0.8,1,0.172405,0.032078
BA(k=4),12,4,1,0.790761,iid,0.8,2,0.204119,0.036214
BA(k=4),12,4,1,0.790761,iid,0.8,3,0.124095,0.044712
BA(k=4),12,4,1,0.790761,iid,0.8,4,0.224709,0.007322
BA(k=4),12,4,1,0.790761,iid,0.8,5,0.124095,0.045462
BA(k=4),12,4,3,0.891425,exact,0.0,0,0.080721,0.054869
BA(k=4),12,4,3,0.891425,samp10,0.0,1,0.079302,0.011406
BA(k=4),12,4,3,0.891425,iid,0.05,1,0.239195,0.054869
BA(k=4),12,4,3,0.891425,iid,0.05,2,0.223963,0.03164
BA(k=4),12,4,3,0.891425,iid,0.05,3,0.219763,0.037069
BA(k=4),12,4,3,0.891425,iid,0.05,4,0.239195,0.037069
BA(k=4),12,4,3,0.891425,iid,0.05,5,0.217172,0.065289
BA(k=4),12,4,3,0.891425,iid,0.1,1,0.217172,0.029399
BA(k=4),12,4,3,0.891425,iid,0.1,2,0.119851,0.037069
BA(k=4),12,4,3,0.891425,iid,0.1,3,0.228458,0.054869
BA(k=4),12,4,3,0.891425,iid,0.1,4,0.217172,0.045731
BA(k=4),12,4,3,0.891425,iid,0.1,5,0.228458,0.039476
BA(k=4),12,4,3,0.891425,iid,0.2,1,0.241067,0.045145
BA(k=4),12,4,3,0.891425,iid,0.2,2,0.240327,0.021316
BA(k=4),12,4,3,0.891425,iid,0.2,3,0.239195,0.021316
BA(k=4),12,4,3,0.891425,iid,0.2,4,0.255778,0.020723
BA(k=4),12,4,3,0.891425,iid,0.2,5,0.253831,0.031341
BA(k=4),12,4,3,0.891425,iid,0.4,1,0.234276,0.021316
BA(k=4),12,4,3,0.891425,iid,0.4,2,0.2529,0.021165
BA(k=4),12,4,3,0.891425,iid,0.4,3,0.298054,0.040576
BA(k=4),12,4,3,0.891425,iid,0.4,4,0.260675,0.085814
BA(k=4),12,4,3,0.891425,iid,0.4,5,0.216301,0.086578
BA(k=4),12,4,3,0.891425,iid,0.8,1,0.281251,0.054401
BA(k=4),12,4,3,0.891425,iid,0.8,2,0.289872,0.097116
BA(k=4),12,4,3,0.891425,iid,0.8,3,0.451568,0.072389
BA(k=4),12,4,3,0.891425,iid,0.8,4,0.273034,0.050252
BA(k=4),12,4,3,0.891425,iid,0.8,5,0.214049,0.177089
BA(k=4),12,5,1,0.797834,exact,0.0,0,0.031616,0.020233
BA(k=4),12,5,1,0.797834,samp10,0.0,1,0.035023,0.022103
BA(k=4),12,5,1,0.797834,iid,0.05,1,0.131168,0.014383
BA(k=4),12,5,1,0.797834,iid,0.05,2,0.13975,0.011105
BA(k=4),12,5,1,0.797834,iid,0.05,3,0.127069,0.020233
BA(k=4),12,5,1,0.797834,iid,0.05,4,0.131168,0.02748
BA(k=4),12,5,1,0.797834,iid,0.05,5,0.031616,0.033609
BA(k=4),12,5,1,0.797834,iid,0.1,1,0.131168,0.020233
BA(k=4),12,5,1,0.797834,iid,0.1,2,0.110931,0.002517
BA(k=4),12,5,1,0.797834,iid,0.1,3,0.13975,0.020233
BA(k=4),12,5,1,0.797834,iid,0.1,4,0.103715,0.009557
BA(k=4),12,5,1,0.797834,iid,0.1,5,0.118783,0.014383
BA(k=4),12,5,1,0.797834,iid,0.2,1,0.216736,0.00203
BA(k=4),12,5,1,0.797834,iid,0.2,2,0.135572,0.007456
BA(k=4),12,5,1,0.797834,iid,0.2,3,0.131168,0.018431
BA(k=4),12,5,1,0.797834,iid,0.2,4,0.131168,0.010168
BA(k=4),12,5,1,0.797834,iid,0.2,5,0.132994,0.012352
BA(k=4),12,5,1,0.797834,iid,0.4,1,0.131168,0.019593
BA(k=4),12,5,1,0.797834,iid,0.4,2,0.155409,0.01985
BA(k=4),12,5,1,0.797834,iid,0.4,3,0.136122,0.010168
BA(k=4),12,5,1,0.797834,iid,0.4,4,0.138801,0.021018
BA(k=4),12,5,1,0.797834,iid,0.4,5,0.144074,0.008484
BA(k=4),12,5,1,0.797834,iid,0.8,1,0.296271,0.063959
BA(k=4),12,5,1,0.797834,iid,0.8,2,0.181938,0.006151
BA(k=4),12,5,1,0.797834,iid,0.8,3,0.131168,0.008484
BA(k=4),12,5,1,0.797834,iid,0.8,4,0.131168,0.035069
BA(k=4),12,5,1,0.797834,iid,0.8,5,0.131168,0.035069
BA(k=4),12,5,3,0.897432,exact,0.0,0,0.082947,0.052855
BA(k=4),12,5,3,0.897432,samp10,0.0,1,0.108749,0.025378
BA(k=4),12,5,3,0.897432,iid,0.05,1,0.222135,0.030966
BA(k=4),12,5,3,0.897432,iid,0.05,2,0.234267,0.030705
BA(k=4),12,5,3,0.897432,iid,0.05,3,0.225009,0.063323
BA(k=4),12,5,3,0.897432,iid,0.05,4,0.202383,0.054388
BA(k=4),12,5,3,0.897432,iid,0.05,5,0.139105,0.064666
BA(k=4),12,5,3,0.897432,iid,0.1,1,0.202383,0.063323
BA(k=4),12,5,3,0.897432,iid,0.1,2,0.238566,0.045072
BA(k=4),12,5,3,0.897432,iid,0.1,3,0.225225,0.030966
BA(k=4),12,5,3,0.897432,iid,0.1,4,0.221237,0.064666
BA(k=4),12,5,3,0.897432,iid,0.1,5,0.221237,0.063323
BA(k=4),12,5,3,0.897432,iid,0.2,1,0.250395,0.019863
BA(k=4),12,5,3,0.897432,iid,0.2,2,0.229732,0.043176
BA(k=4),12,5,3,0.897432,iid,0.2,3,0.251731,0.052868
BA(k=4),12,5,3,0.897432,iid,0.2,4,0.350395,0.032888
BA(k=4),12,5,3,0.897432,iid,0.2,5,0.333805,0.045072
BA(k=4),12,5,3,0.897432,iid,0.4,1,0.253473,0.064775
BA(k=4),12,5,3,0.897432,iid,0.4,2,0.303155,0.051728
BA(k=4),12,5,3,0.897432,iid,0.4,3,0.297388,0.047136
BA(k=4),12,5,3,0.897432,iid,0.4,4,0.311221,0.065016
BA(k=4),12,5,3,0.897432,iid,0.4,5,0.416907,0.061348
BA(k=4),12,5,3,0.897432,iid,0.8,1,0.31732,0.094507
BA(k=4),12,5,3,0.897432,iid,0.8,2,0.308185,0.066011
BA(k=4),12,5,3,0.897432,iid,0.8,3,0.254678,0.101078
BA(k=4),12,5,3,0.897432,iid,0.8,4,0.308185,0.10884
BA(k=4),12,5,3,0.897432,iid,0.8,5,0.29367,0.079991
BA(k=4),12,6,1,0.784602,exact,0.0,0,0.026546,0.025925
BA(k=4),12,6,1,0.784602,samp10,0.0,1,0.026546,0.020626
BA(k=4),12,6,1,0.784602,iid,0.05,1,0.100242,0.020626
BA(k=4),12,6,1,0.784602,iid,0.05,2,0.062231,0.005973
BA(k=4),12,6,1,0.784602,iid,0.05,3,0.117935,0.006618
BA(k=4),12,6,1,0.784602,iid,0.05,4,0.117935,0.006618
BA(k=4),12,6,1,0.784602,iid,0.05,5,0.117935,0.031709
BA(k=4),12,6,1,0.784602,iid,0.1,1,0.122998,0.001085
BA(k=4),12,6,1,0.784602,iid,0.1,2,0.080786,0.005973
BA(k=4),12,6,1,0.784602,iid,0.1,3,0.116529,0.000612
BA(k=4),12,6,1,0.784602,iid,0.1,4,0.117935,0.005973
BA(k=4),12,6,1,0.784602,iid,0.1,5,0.131213,0.00329
BA(k=4),12,6,1,0.784602,iid,0.2,1,0.102595,0.002669
BA(k=4),12,6,1,0.784602,iid,0.2,2,0.111212,0.004962
BA(k=4),12,6,1,0.784602,iid,0.2,3,0.131213,0.000612
BA(k=4),12,6,1,0.784602,iid,0.2,4,0.117935,0.014024
BA(k=4),12,6,1,0.784602,iid,0.2,5,0.117935,0.002669
BA(k=4),12,6,1,0.784602,iid,0.4,1,0.163125,0.027538
BA(k=4),12,6,1,0.784602,iid,0.4,2,0.185961,0.01857
BA(k=4),12,6,1,0.784602,iid,0.4,3,0.117935,0.013853
BA(k=4),12,6,1,0.784602,iid,0.4,4,0.118978,0.015643
BA(k=4),12,6,1,0.784602,iid,0.4,5,0.192821,0.014024
BA(k=4),12,6,1,0.784602,iid,0.8,1,0.2131,0.013853
BA(k=4),12,6,1,0.784602,iid,0.8,2,0.131891,0.005918
BA(k=4),12,6,1,0.784602,iid,0.8,3,0.241603,0.045293
BA(k=4),12,6,1,0.784602,iid,0.8,4,0.117935,0.01034
BA(k=4),12,6,1,0.784602,iid,0.8,5,0.155657,0.034845
BA(k=4),12,6,3,0.869112,exact,0.0,0,0.068599,0.03614
BA(k=4),12,6,3,0.869112,samp10,0.0,1,0.074103,0.020769
BA(k=4),12,6,3,0.869112,iid,0.05,1,0.194547,0.021502
BA(k=4),12,6,3,0.869112,iid,0.05,2,0.175402,0.028373
BA(k=4),12,6,3,0.869112,iid,0.05,3,0.147455,0.021828
BA(k=4),12,6,3,0.869112,iid,0.05,4,0.204637,0.021828
BA(k=4),12,6,3,0.869112,iid,0.05,5,0.201941,0.021502
BA(k=4),12,6,3,0.869112,iid,0.1,1,0.201941,0.038433
BA(k=4),12,6,3,0.869112,iid,0.1,2,0.199821,0.040055
BA(k=4),12,6,3,0.869112,iid,0.1,3,0.192949,0.016522
BA(k=4),12,6,3,0.869112,iid,0.1,4,0.206453,0.046003
BA(k=4),12,6,3,0.869112,iid,0.1,5,0.193926,0.028373
BA(k=4),12,6,3,0.869112,iid,0.2,1,0.270099,0.0334
BA(k=4),12,6,3,0.869112,iid,0.2,2,0.207394,0.032567
BA(k=4),12,6,3,0.869112,iid,0.2,3,0.346606,0.029727
BA(k=4),12,6,3,0.869112,iid,0.2,4,0.219757,0.037505
BA(k=4),12,6,3,0.869112,iid,0.2,5,0.227706,0.038064
BA(k=4),12,6,3,0.869112,iid,0.4,1,0.206453,0.049557
BA(k=4),12,6,3,0.869112,iid,0.4,2,0.206453,0.030166
BA(k=4),12,6,3,0.869112,iid,0.4,3,0.206453,0.065437
BA(k=4),12,6,3,0.869112,iid,0.4,4,0.206453,0.050531
BA(k=4),12,6,3,0.869112,iid,0.4,5,0.354804,0.070184
BA(k=4),12,6,3,0.869112,iid,0.8,1,0.206453,0.168308
BA(k=4),12,6,3,0.869112,iid,0.8,2,0.287568,0.043888
BA(k=4),12,6,3,0.869112,iid,0.8,3,0.284859,0.072723
BA(k=4),12,6,3,0.869112,iid,0.8,4,0.263966,0.074707
BA(k=4),12,6,3,0.869112,iid,0.8,5,0.231508,0.065524
BA(k=4),12,7,1,0.79191,exact,0.0,0,0.031322,0.03714
BA(k=4),12,7,1,0.79191,samp10,0.0,1,0.043732,0.010385
BA(k=4),12,7,1,0.79191,iid,0.05,1,0.125244,0.013908
BA(k=4),12,7,1,0.79191,iid,0.05,2,0.125244,0.019022
BA(k=4),12,7,1,0.79191,iid,0.05,3,0.113985,0.010385
BA(k=4),12,7,1,0.79191,iid,0.05,4,0.125244,0.019022
BA(k=4),12,7,1,0.79191,iid,0.05,5,0.125244,0.031445
BA(k=4),12,7,1,0.79191,iid,0.1,1,0.125244,0.005897
BA(k=4),12,7,1,0.79191,iid,0.1,2,0.147548,0.002547
BA(k=4),12,7,1,0.79191,iid,0.1,3,0.125244,0.009655
BA(k=4),12,7,1,0.79191,iid,0.1,4,0.127876,0.01584
BA(k=4),12,7,1,0.79191,iid,0.1,5,0.125244,0.003417
BA(k=4),12,7,1,0.79191,iid,0.2,1,0.152584,0.003417
BA(k=4),12,7,1,0.79191,iid,0.2,2,0.121324,0.01682
BA(k=4),12,7,1,0.79191,iid,0.2,3,0.125244,0.001511
BA(k=4),12,7,1,0.79191,iid,0.2,4,0.106098,0.006735
BA(k=4),12,7,1,0.79191,iid,0.2,5,0.167361,0.011267
BA(k=4),12,7,1,0.79191,iid,0.4,1,0.125244,0.019115
BA(k=4),12,7,1,0.79191,iid,0.4,2,0.125221,0.018495
BA(k=4),12,7,1,0.79191,iid,0.4,3,0.196444,0.007255
BA(k=4),12,7,1,0.79191,iid,0.4,4,0.125244,0.008865
BA(k=4),12,7,1,0.79191,iid,0.4,5,0.262849,0.008865
BA(k=4),12,7,1,0.79191,iid,0.8,1,0.205182,0.031058
BA(k=4),12,7,1,0.79191,iid,0.8,2,0.152663,0.032275
BA(k=4),12,7,1,0.79191,iid,0.8,3,0.147572,0.017635
BA(k=4),12,7,1,0.79191,iid,0.8,4,0.125244,0.002547
BA(k=4),12,7,1,0.79191,iid,0.8,5,0.125244,0.019396
BA(k=4),12,7,3,0.896344,exact,0.0,0,0.086409,0.065334
BA(k=4),12,7,3,0.896344,samp10,0.0,1,0.078017,0.036351
BA(k=4),12,7,3,0.896344,iid,0.05,1,0.233387,0.065334
BA(k=4),12,7,3,0.896344,iid,0.05,2,0.233387,0.065334
BA(k=4),12,7,3,0.896344,iid,0.05,3,0.218807,0.065334
BA(k=4),12,7,3,0.896344,iid,0.05,4,0.233387,0.06551
BA(k=4),12,7,3,0.896344,iid,0.05,5,0.221194,0.065334
BA(k=4),12,7,3,0.896344,iid,0.1,1,0.233387,0.089937
BA(k=4),12,7,3,0.896344,iid,0.1,2,0.361265,0.019564
BA(k=4),12,7,3,0.896344,iid,0.1,3,0.211265,0.019564
BA(k=4),12,7,3,0.896344,iid,0.1,4,0.233387,0.06551
BA(k=4),12,7,3,0.896344,iid,0.1,5,0.231998,0.033397
BA(k=4),12,7,3,0.896344,iid,0.2,1,0.361265,0.04614
BA(k=4),12,7,3,0.896344,iid,0.2,2,0.419416,0.079966
BA(k=4),12,7,3,0.896344,iid,0.2,3,0.244678,0.029686
BA(k=4),12,7,3,0.896344,iid,0.2,4,0.24292,0.058936
BA(k=4),12,7,3,0.896344,iid,0.2,5,0.254565,0.018792
BA(k=4),12,7,3,0.896344,iid,0.4,1,0.254565,0.055737
BA(k=4),12,7,3,0.896344,iid,0.4,2,0.268272,0.142953
BA(k=4),12,7,3,0.896344,iid,0.4,3,0.240982,0.047048
BA(k=4),12,7,3,0.896344,iid,0.4,4,0.179711,0.068953
BA(k=4),12,7,3,0.896344,iid,0.4,5,0.233387,0.047048
BA(k=4),12,7,3,0.896344,iid,0.8,1,0.240982,0.081205
BA(k=4),12,7,3,0.896344,iid,0.8,2,0.244678,0.082198
BA(k=4),12,7,3,0.896344,iid,0.8,3,0.295219,0.149203
BA(k=4),12,7,3,0.896344,iid,0.8,4,0.233387,0.070807
BA(k=4),12,7,3,0.896344,iid,0.8,5,0.329501,0.082559
BA(k=4),12,8,1,0.817061,exact,0.0,0,0.026774,0.021433
BA(k=4),12,8,1,0.817061,samp10,0.0,1,0.039918,0.016724
BA(k=4),12,8,1,0.817061,iid,0.05,1,0.102725,0.026713
BA(k=4),12,8,1,0.817061,iid,0.05,2,0.121409,0.016724
BA(k=4),12,8,1,0.817061,iid,0.05,3,0.117835,0.021433
BA(k=4),12,8,1,0.817061,iid,0.05,4,0.121409,0.021433
BA(k=4),12,8,1,0.817061,iid,0.05,5,0.121409,0.011437
BA(k=4),12,8,1,0.817061,iid,0.1,1,0.15436,0.016598
BA(k=4),12,8,1,0.817061,iid,0.1,2,0.121409,0.01074
BA(k=4),12,8,1,0.817061,iid,0.1,3,0.122307,0.022413
BA(k=4),12,8,1,0.817061,iid,0.1,4,0.121409,0.006264
BA(k=4),12,8,1,0.817061,iid,0.1,5,0.091139,0.00708
BA(k=4),12,8,1,0.817061,iid,0.2,1,0.121409,0.01074
BA(k=4),12,8,1,0.817061,iid,0.2,2,0.19464,0.005008
BA(k=4),12,8,1,0.817061,iid,0.2,3,0.121409,0.005008
BA(k=4),12,8,1,0.817061,iid,0.2,4,0.121409,0.000697
BA(k=4),12,8,1,0.817061,iid,0.2,5,0.146679,0.000697
BA(k=4),12,8,1,0.817061,iid,0.4,1,0.303732,0.019943
BA(k=4),12,8,1,0.817061,iid,0.4,2,0.121523,0.028036
BA(k=4),12,8,1,0.817061,iid,0.4,3,0.121523,0.005823
BA(k=4),12,8,1,0.817061,iid,0.4,4,0.150104,0.029542
BA(k=4),12,8,1,0.817061,iid,0.4,5,0.121409,0.035767
BA(k=4),12,8,1,0.817061,iid,0.8,1,0.131884,0.056321
BA(k=4),12,8,1,0.817061,iid,0.8,2,0.195866,0.013964
BA(k=4),12,8,1,0.817061,iid,0.8,3,0.122307,0.040168
BA(k=4),12,8,1,0.817061,iid,0.8,4,0.294499,0.075191
BA(k=4),12,8,1,0.817061,iid,0.8,5,0.121409,0.01897
BA(k=4),12,8,3,0.904681,exact,0.0,0,0.067993,0.057172
BA(k=4),12,8,3,0.904681,samp10,0.0,1,0.093303,0.02256
BA(k=4),12,8,3,0.904681,iid,0.05,1,0.188769,0.068401
BA(k=4),12,8,3,0.904681,iid,0.05,2,0.203824,0.021804
BA(k=4),12,8,3,0.904681,iid,0.05,3,0.227275,0.02939
BA(k=4),12,8,3,0.904681,iid,0.05,4,0.227275,0.05727
BA(k=4),12,8,3,0.904681,iid,0.05,5,0.213281,0.034852
BA(k=4),12,8,3,0.904681,iid,0.1,1,0.203824,0.026194
BA(k=4),12,8,3,0.904681,iid,0.1,2,0.213281,0.037675
BA(k=4),12,8,3,0.904681,iid,0.1,3,0.240579,0.026194
BA(k=4),12,8,3,0.904681,iid,0.1,4,0.200384,0.045578
BA(k=4),12,8,3,0.904681,iid,0.1,5,0.212728,0.025355
BA(k=4),12,8,3,0.904681,iid,0.2,1,0.213281,0.028917
BA(k=4),12,8,3,0.904681,iid,0.2,2,0.213281,0.028917
BA(k=4),12,8,3,0.904681,iid,0.2,3,0.240579,0.037675
BA(k=4),12,8,3,0.904681,iid,0.2,4,0.241907,0.028917
BA(k=4),12,8,3,0.904681,iid,0.2,5,0.227275,0.037675
BA(k=4),12,8,3,0.904681,iid,0.4,1,0.299853,0.117794
BA(k=4),12,8,3,0.904681,iid,0.4,2,0.240131,0.069265
BA(k=4),12,8,3,0.904681,iid,0.4,3,0.213281,0.049223
BA(k=4),12,8,3,0.904681,iid,0.4,4,0.208584,0.031992
BA(k=4),12,8,3,0.904681,iid,0.4,5,0.213281,0.094588
BA(k=4),12,8,3,0.904681,iid,0.8,1,0.241907,0.145127
BA(k=4),12,8,3,0.904681,iid,0.8,2,0.235908,0.067993
BA(k=4),12,8,3,0.904681,iid,0.8,3,0.213281,0.059407
BA(k=4),12,8,3,0.904681,iid,0.8,4,0.245874,0.109856
BA(k=4),12,8,3,0.904681,iid,0.8,5,0.376613,0.092845
BA(k=4),12,9,1,0.783083,exact,0.0,0,0.025669,0.021268
BA(k=4),12,9,1,0.783083,samp10,0.0,1,0.013755,0.011334
BA(k=4),12,9,1,0.783083,iid,0.05,1,0.099088,0.026465
BA(k=4),12,9,1,0.783083,iid,0.05,2,0.116416,0.007074
BA(k=4),12,9,1,0.783083,iid,0.05,3,0.116416,0.007074
BA(k=4),12,9,1,0.783083,iid,0.05,4,0.116416,0.007074
BA(k=4),12,9,1,0.783083,iid,0.05,5,0.051859,0.011334
BA(k=4),12,9,1,0.783083,iid,0.1,1,0.134588,0.004717
BA(k=4),12,9,1,0.783083,iid,0.1,2,0.116416,0.002791
BA(k=4),12,9,1,0.783083,iid,0.1,3,0.09853,0.002791
BA(k=4),12,9,1,0.783083,iid,0.1,4,0.116416,0.006109
BA(k=4),12,9,1,0.783083,iid,0.1,5,0.116416,0.011334
BA(k=4),12,9,1,0.783083,iid,0.2,1,0.140644,0.000691
BA(k=4),12,9,1,0.783083,iid,0.2,2,0.116416,0.038168
BA(k=4),12,9,1,0.783083,iid,0.2,3,0.129233,0.009796
BA(k=4),12,9,1,0.783083,iid,0.2,4,0.12894,0.007074
BA(k=4),12,9,1,0.783083,iid,0.2,5,0.143369,0.015686
BA(k=4),12,9,1,0.783083,iid,0.4,1,0.116416,0.013475
BA(k=4),12,9,1,0.783083,iid,0.4,2,0.116416,0.004278
BA(k=4),12,9,1,0.783083,iid,0.4,3,0.116416,0.004278
BA(k=4),12,9,1,0.783083,iid,0.4,4,0.17639,0.006621
BA(k=4),12,9,1,0.783083,iid,0.4,5,0.136348,0.015136
BA(k=4),12,9,1,0.783083,iid,0.8,1,0.272067,0.015136
BA(k=4),12,9,1,0.783083,iid,0.8,2,0.116416,0.014161
BA(k=4),12,9,1,0.783083,iid,0.8,3,0.244229,0.013475
BA(k=4),12,9,1,0.783083,iid,0.8,4,0.231762,0.03837
BA(k=4),12,9,1,0.783083,iid,0.8,5,0.128308,0.116416
BA(k=4),12,9,3,0.863869,exact,0.0,0,0.062764,0.038325
BA(k=4),12,9,3,0.863869,samp10,0.0,1,0.059534,0.037454
BA(k=4),12,9,3,0.863869,iid,0.05,1,0.189349,0.050852
BA(k=4),12,9,3,0.863869,iid,0.05,2,0.201283,0.020607
BA(k=4),12,9,3,0.863869,iid,0.05,3,0.201283,0.020207
BA(k=4),12,9,3,0.863869,iid,0.05,4,0.189349,0.01432
BA(k=4),12,9,3,0.863869,iid,0.05,5,0.143871,0.020207
BA(k=4),12,9,3,0.863869,iid,0.1,1,0.188905,0.02692
BA(k=4),12,9,3,0.863869,iid,0.1,2,0.173739,0.035693
BA(k=4),12,9,3,0.863869,iid,0.1,3,0.17711,0.020607
BA(k=4),12,9,3,0.863869,iid,0.1,4,0.16012,0.035693
BA(k=4),12,9,3,0.863869,iid,0.1,5,0.192208,0.024717
BA(k=4),12,9,3,0.863869,iid,0.2,1,0.228416,0.030176
BA(k=4),12,9,3,0.863869,iid,0.2,2,0.276117,0.064417
BA(k=4),12,9,3,0.863869,iid,0.2,3,0.249158,0.017149
BA(k=4),12,9,3,0.863869,iid,0.2,4,0.22921,0.010538
BA(k=4),12,9,3,0.863869,iid,0.2,5,0.26126,0.018392
BA(k=4),12,9,3,0.863869,iid,0.4,1,0.212218,0.015783
BA(k=4),12,9,3,0.863869,iid,0.4,2,0.249762,0.052323
BA(k=4),12,9,3,0.863869,iid,0.4,3,0.201283,0.121583
BA(k=4),12,9,3,0.863869,iid,0.4,4,0.253094,0.041579
BA(k=4),12,9,3,0.863869,iid,0.4,5,0.192208,0.041579
BA(k=4),12,9,3,0.863869,iid,0.8,1,0.201283,0.05242
BA(k=4),12,9,3,0.863869,iid,0.8,2,0.293696,0.115479
BA(k=4),12,9,3,0.863869,iid,0.8,3,0.220692,0.018392
BA(k=4),12,9,3,0.863869,iid,0.8,4,0.250835,0.126933
BA(k=4),12,9,3,0.863869,iid,0.8,5,0.229659,0.064702
BA(k=4),12,10,1,0.79517,exact,0.0,0,0.030012,0.037551
BA(k=4),12,10,1,0.79517,samp10,0.0,1,0.013844,0.013815
BA(k=4),12,10,1,0.79517,iid,0.05,1,0.101408,0.025137
BA(k=4),12,10,1,0.79517,iid,0.05,2,0.137131,0.019101
BA(k=4),12,10,1,0.79517,iid,0.05,3,0.045467,0.025137
BA(k=4),12,10,1,0.79517,iid,0.05,4,0.105174,0.025137
BA(k=4),12,10,1,0.79517,iid,0.05,5,0.105174,0.019101
BA(k=4),12,10,1,0.79517,iid,0.1,1,0.128504,0.01051
BA(k=4),12,10,1,0.79517,iid,0.1,2,0.250266,0.002501
BA(k=4),12,10,1,0.79517,iid,0.1,3,0.090768,0.01051
BA(k=4),12,10,1,0.79517,iid,0.1,4,0.090768,0.007068
BA(k=4),12,10,1,0.79517,iid,0.1,5,0.128504,0.01051
BA(k=4),12,10,1,0.79517,iid,0.2,1,0.116956,0.007068
BA(k=4),12,10,1,0.79517,iid,0.2,2,0.128504,0.007068
BA(k=4),12,10,1,0.79517,iid,0.2,3,0.141791,0.003724
BA(k=4),12,10,1,0.79517,iid,0.2,4,0.128504,0.005916
BA(k=4),12,10,1,0.79517,iid,0.2,5,0.185159,0.011669
BA(k=4),12,10,1,0.79517,iid,0.4,1,0.129286,0.018791
BA(k=4),12,10,1,0.79517,iid,0.4,2,0.128504,0.009687
BA(k=4),12,10,1,0.79517,iid,0.4,3,0.147317,0.007068
BA(k=4),12,10,1,0.79517,iid,0.4,4,0.134657,0.017263
BA(k=4),12,10,1,0.79517,iid,0.4,5,0.15453,0.00801
BA(k=4),12,10,1,0.79517,iid,0.8,1,0.181302,0.030618
BA(k=4),12,10,1,0.79517,iid,0.8,2,0.228578,0.020235
BA(k=4),12,10,1,0.79517,iid,0.8,3,0.128504,0.018791
BA(k=4),12,10,1,0.79517,iid,0.8,4,0.149707,0.128504
BA(k=4),12,10,1,0.79517,iid,0.8,5,0.258805,0.1299
BA(k=4),12,10,3,0.884731,exact,0.0,0,0.073341,0.046765
BA(k=4),12,10,3,0.884731,samp10,0.0,1,0.068936,0.012976
BA(k=4),12,10,3,0.884731,iid,0.05,1,0.241978,0.044069
BA(k=4),12,10,3,0.884731,iid,0.05,2,0.24353,0.046765
BA(k=4),12,10,3,0.884731,iid,0.05,3,0.174299,0.074914
BA(k=4),12,10,3,0.884731,iid,0.05,4,0.209137,0.027
BA(k=4),12,10,3,0.884731,iid,0.05,5,0.209562,0.027
BA(k=4),12,10,3,0.884731,iid,0.1,1,0.209466,0.028892
BA(k=4),12,10,3,0.884731,iid,0.1,2,0.258337,0.011194
BA(k=4),12,10,3,0.884731,iid,0.1,3,0.167073,0.039363
BA(k=4),12,10,3,0.884731,iid,0.1,4,0.146294,0.035601
BA(k=4),12,10,3,0.884731,iid,0.1,5,0.210523,0.026005
BA(k=4),12,10,3,0.884731,iid,0.2,1,0.405919,0.03403
BA(k=4),12,10,3,0.884731,iid,0.2,2,0.31964,0.071152
BA(k=4),12,10,3,0.884731,iid,0.2,3,0.276186,0.059446
BA(k=4),12,10,3,0.884731,iid,0.2,4,0.159973,0.047355
BA(k=4),12,10,3,0.884731,iid,0.2,5,0.244617,0.047355
BA(k=4),12,10,3,0.884731,iid,0.4,1,0.207906,0.056562
BA(k=4),12,10,3,0.884731,iid,0.4,2,0.221637,0.039039
BA(k=4),12,10,3,0.884731,iid,0.4,3,0.24353,0.083575
BA(k=4),12,10,3,0.884731,iid,0.4,4,0.263171,0.050533
BA(k=4),12,10,3,0.884731,iid,0.4,5,0.244617,0.056318
BA(k=4),12,10,3,0.884731,iid,0.8,1,0.245844,0.069633
BA(k=4),12,10,3,0.884731,iid,0.8,2,0.30574,0.056255
BA(k=4),12,10,3,0.884731,iid,0.8,3,0.293194,0.068418
BA(k=4),12,10,3,0.884731,iid,0.8,4,0.244617,0.105622
BA(k=4),12,10,3,0.884731,iid,0.8,5,0.192295,0.182688
WS(k=4;b=0.1),12,1,1,0.833172,exact,0.0,0,0.028676,0.038759
WS(k=4;b=0.1),12,1,1,0.833172,samp10,0.0,1,0.023376,0.031123
WS(k=4;b=0.1),12,1,1,0.833172,iid,0.05,1,0.166506,0.013719
WS(k=4;b=0.1),12,1,1,0.833172,iid,0.05,2,0.166506,0.038759
WS(k=4;b=0.1),12,1,1,0.833172,iid,0.05,3,0.195006,0.031357
WS(k=4;b=0.1),12,1,1,0.833172,iid,0.05,4,0.166506,0.016312
WS(k=4;b=0.1),12,1,1,0.833172,iid,0.05,5,0.166506,0.010407
WS(k=4;b=0.1),12,1,1,0.833172,iid,0.1,1,0.166506,0.003577
WS(k=4;b=0.1),12,1,1,0.833172,iid,0.1,2,0.1161,0.007031
WS(k=4;b=0.1),12,1,1,0.833172,iid,0.1,3,0.167544,0.013719
WS(k=4;b=0.1),12,1,1,0.833172,iid,0.1,4,0.166506,0.007925
WS(k=4;b=0.1),12,1,1,0.833172,iid,0.1,5,0.166506,0.007925
WS(k=4;b=0.1),12,1,1,0.833172,iid,0.2,1,0.135938,0.003577
WS(k=4;b=0.1),12,1,1,0.833172,iid,0.2,2,0.196867,0.016579
WS(k=4;b=0.1),12,1,1,0.833172,iid,0.2,3,0.219819,0.0
WS(k=4;b=0.1),12,1,1,0.833172,iid,0.2,4,0.167086,0.014113
WS(k=4;b=0.1),12,1,1,0.833172,iid,0.2,5,0.166506,0.007031
WS(k=4;b=0.1),12,1,1,0.833172,iid,0.4,1,0.166506,0.03373
WS(k=4;b=0.1),12,1,1,0.833172,iid,0.4,2,0.315701,0.009278
WS(k=4;b=0.1),12,1,1,0.833172,iid,0.4,3,0.166506,0.087363
WS(k=4;b=0.1),12,1,1,0.833172,iid,0.4,4,0.166506,0.016114
WS(k=4;b=0.1),12,1,1,0.833172,iid,0.4,5,0.260372,0.004154
WS(k=4;b=0.1),12,1,1,0.833172,iid,0.8,1,0.197759,0.170599
WS(k=4;b=0.1),12,1,1,0.833172,iid,0.8,2,0.146971,0.093671
WS(k=4;b=0.1),12,1,1,0.833172,iid,0.8,3,0.166506,0.048821
WS(k=4;b=0.1),12,1,1,0.833172,iid,0.8,4,0.196725,0.05645
WS(k=4;b=0.1),12,1,1,0.833172,iid,0.8,5,0.255826,0.05645
WS(k=4;b=0.1),12,1,3,0.907038,exact,0.0,0,0.055503,0.020827
WS(k=4;b=0.1),12,1,3,0.907038,samp10,0.0,1,0.064759,0.028801
WS(k=4;b=0.1),12,1,3,0.907038,iid,0.05,1,0.243291,0.020827
WS(k=4;b=0.1),12,1,3,0.907038,iid,0.05,2,0.243291,0.020827
WS(k=4;b=0.1),12,1,3,0.907038,iid,0.05,3,0.243291,0.010397
WS(k=4;b=0.1),12,1,3,0.907038,iid,0.05,4,0.243291,0.021386
WS(k=4;b=0.1),12,1,3,0.907038,iid,0.05,5,0.243291,0.010397
WS(k=4;b=0.1),12,1,3,0.907038,iid,0.1,1,0.233161,0.020967
WS(k=4;b=0.1),12,1,3,0.907038,iid,0.1,2,0.238748,0.044396
WS(k=4;b=0.1),12,1,3,0.907038,iid,0.1,3,0.243291,0.017653
WS(k=4;b=0.1),12,1,3,0.907038,iid,0.1,4,0.256985,0.005137
WS(k=4;b=0.1),12,1,3,0.907038,iid,0.1,5,0.199344,0.017653
WS(k=4;b=0.1),12,1,3,0.907038,iid,0.2,1,0.28738,0.054305
WS(k=4;b=0.1),12,1,3,0.907038,iid,0.2,2,0.31636,0.067642
WS(k=4;b=0.1),12,1,3,0.907038,iid,0.2,3,0.351782,0.053716
WS(k=4;b=0.1),12,1,3,0.907038,iid,0.2,4,0.28158,0.045773
WS(k=4;b=0.1),12,1,3,0.907038,iid,0.2,5,0.243291,0.028121
WS(k=4;b=0.1),12,1,3,0.907038,iid,0.4,1,0.277154,0.05885
WS(k=4;b=0.1),12,1,3,0.907038,iid,0.4,2,0.282035,0.060057
WS(k=4;b=0.1),12,1,3,0.907038,iid,0.4,3,0.287191,0.107295
WS(k=4;b=0.1),12,1,3,0.907038,iid,0.4,4,0.299492,0.076576
WS(k=4;b=0.1),12,1,3,0.907038,iid,0.4,5,0.238635,0.04811
WS(k=4;b=0.1),12,1,3,0.907038,iid,0.8,1,0.267411,0.095764
WS(k=4;b=0.1),12,1,3,0.907038,iid,0.8,2,0.234465,0.106716
WS(k=4;b=0.1),12,1,3,0.907038,iid,0.8,3,0.238635,0.047948
WS(k=4;b=0.1),12,1,3,0.907038,iid,0.8,4,0.249542,0.110443
WS(k=4;b=0.1),12,1,3,0.907038,iid,0.8,5,0.340114,0.097818
WS(k=4;b=0.1),12,2,1,0.827806,exact,0.0,0,0.025795,0.041019
WS(k=4;b=0.1),12,2,1,0.827806,samp10,0.0,1,0.037181,0.008822
WS(k=4;b=0.1),12,2,1,0.827806,iid,0.05,1,0.145943,0.012034
WS(k=4;b=0.1),12,2,1,0.827806,iid,0.05,2,0.156191,0.032979
WS(k=4;b=0.1),12,2,1,0.827806,iid,0.05,3,0.142263,0.032979
WS(k=4;b=0.1),12,2,1,0.827806,iid,0.05,4,0.120346,0.014716
WS(k=4;b=0.1),12,2,1,0.827806,iid,0.05,5,0.131067,0.018036
WS(k=4;b=0.1),12,2,1,0.827806,iid,0.1,1,0.171249,0.014716
WS(k=4;b=0.1),12,2,1,0.827806,iid,0.1,2,0.126817,0.004298
WS(k=4;b=0.1),12,2,1,0.827806,iid,0.1,3,0.142734,0.029741
WS(k=4;b=0.1),12,2,1,0.827806,iid,0.1,4,0.161139,0.014716
WS(k=4;b=0.1),12,2,1,0.827806,iid,0.1,5,0.161139,0.008822
WS(k=4;b=0.1),12,2,1,0.827806,iid,0.2,1,0.161139,0.015207
WS(k=4;b=0.1),12,2,1,0.827806,iid,0.2,2,0.224152,0.011169
WS(k=4;b=0.1),12,2,1,0.827806,iid,0.2,3,0.284065,0.015207
WS(k=4;b=0.1),12,2,1,0.827806,iid,0.2,4,0.233181,0.001267
WS(k=4;b=0.1),12,2,1,0.827806,iid,0.2,5,0.161139,0.014716
WS(k=4;b=0.1),12,2,1,0.827806,iid,0.4,1,0.333082,0.028156
WS(k=4;b=0.1),12,2,1,0.827806,iid,0.4,2,0.201564,0.072824
WS(k=4;b=0.1),12,2,1,0.827806,iid,0.4,3,0.164427,0.031406
WS(k=4;b=0.1),12,2,1,0.827806,iid,0.4,4,0.161139,0.017018
WS(k=4;b=0.1),12,2,1,0.827806,iid,0.4,5,0.173563,0.028852
WS(k=4;b=0.1),12,2,1,0.827806,iid,0.8,1,0.176937,0.071007
WS(k=4;b=0.1),12,2,1,0.827806,iid,0.8,2,0.218898,0.047524
WS(k=4;b=0.1),12,2,1,0.827806,iid,0.8,3,0.185915,0.037181
WS(k=4;b=0.1),12,2,1,0.827806,iid,0.8,4,0.176937,0.043074
WS(k=4;b=0.1),12,2,1,0.827806,iid,0.8,5,0.161139,0.146237
WS(k=4;b=0.1),12,2,3,0.904593,exact,0.0,0,0.056546,0.019401
WS(k=4;b=0.1),12,2,3,0.904593,samp10,0.0,1,0.085912,0.004142
WS(k=4;b=0.1),12,2,3,0.904593,iid,0.05,1,0.228848,0.03297
WS(k=4;b=0.1),12,2,3,0.904593,iid,0.05,2,0.228848,0.050739
WS(k=4;b=0.1),12,2,3,0.904593,iid,0.05,3,0.222566,0.019401
WS(k=4;b=0.1),12,2,3,0.904593,iid,0.05,4,0.205659,0.019401
WS(k=4;b=0.1),12,2,3,0.904593,iid,0.05,5,0.220679,0.009153
WS(k=4;b=0.1),12,2,3,0.904593,iid,0.1,1,0.255377,0.03297
WS(k=4;b=0.1),12,2,3,0.904593,iid,0.1,2,0.220037,0.016029
WS(k=4;b=0.1),12,2,3,0.904593,iid,0.1,3,0.232531,0.03297
WS(k=4;b=0.1),12,2,3,0.904593,iid,0.1,4,0.236295,0.018232
WS(k=4;b=0.1),12,2,3,0.904593,iid,0.1,5,0.341923,0.034577
WS(k=4;b=0.1),12,2,3,0.904593,iid,0.2,1,0.262932,0.034848
WS(k=4;b=0.1),12,2,3,0.904593,iid,0.2,2,0.427589,0.057912
WS(k=4;b=0.1),12,2,3,0.904593,iid,0.2,3,0.401665,0.034848
WS(k=4;b=0.1),12,2,3,0.904593,iid,0.2,4,0.419205,0.018661
WS(k=4;b=0.1),12,2,3,0.904593,iid,0.2,5,0.427814,0.018661
WS(k=4;b=0.1),12,2,3,0.904593,iid,0.4,1,0.388791,0.045152
WS(k=4;b=0.1),12,2,3,0.904593,iid,0.4,2,0.267546,0.089363
WS(k=4;b=0.1),12,2,3,0.904593,iid,0.4,3,0.427814,0.067899
WS(k=4;b=0.1),12,2,3,0.904593,iid,0.4,4,0.240942,0.036231
WS(k=4;b=0.1),12,2,3,0.904593,iid,0.4,5,0.208754,0.060891
WS(k=4;b=0.1),12,2,3,0.904593,iid,0.8,1,0.32238,0.158106
WS(k=4;b=0.1),12,2,3,0.904593,iid,0.8,2,0.248291,0.136432
WS(k=4;b=0.1),12,2,3,0.904593,iid,0.8,3,0.311732,0.288919
WS(k=4;b=0.1),12,2,3,0.904593,iid,0.8,4,0.241667,0.204717
WS(k=4;b=0.1),12,2,3,0.904593,iid,0.8,5,0.427814,0.269144
WS(k=4;b=0.1),12,3,1,0.832641,exact,0.0,0,0.028427,0.03806
WS(k=4;b=0.1),12,3,1,0.832641,samp10,0.0,1,0.033712,0.023673
WS(k=4;b=0.1),12,3,1,0.832641,iid,0.05,1,0.165974,0.013593
WS(k=4;b=0.1),12,3,1,0.832641,iid,0.05,2,0.058299,0.015965
WS(k=4;b=0.1),12,3,1,0.832641,iid,0.05,3,0.146436,0.03806
WS(k=4;b=0.1),12,3,1,0.832641,iid,0.05,4,0.115581,0.003548
WS(k=4;b=0.1),12,3,1,0.832641,iid,0.05,5,0.102968,0.030454
WS(k=4;b=0.1),12,3,1,0.832641,iid,0.1,1,0.165974,0.020566
WS(k=4;b=0.1),12,3,1,0.832641,iid,0.1,2,0.106755,0.007855
WS(k=4;b=0.1),12,3,1,0.832641,iid,0.1,3,0.058118,0.011152
WS(k=4;b=0.1),12,3,1,0.832641,iid,0.1,4,0.165974,0.030898
WS(k=4;b=0.1),12,3,1,0.832641,iid,0.1,5,0.14903,0.005612
WS(k=4;b=0.1),12,3,1,0.832641,iid,0.2,1,0.165974,0.000867
WS(k=4;b=0.1),12,3,1,0.832641,iid,0.2,2,0.165077,0.023354
WS(k=4;b=0.1),12,3,1,0.832641,iid,0.2,3,0.175554,0.011152
WS(k=4;b=0.1),12,3,1,0.832641,iid,0.2,4,0.165974,0.004791
WS(k=4;b=0.1),12,3,1,0.832641,iid,0.2,5,0.282144,0.004259
WS(k=4;b=0.1),12,3,1,0.832641,iid,0.4,1,0.165974,0.014054
WS(k=4;b=0.1),12,3,1,0.832641,iid,0.4,2,0.201891,0.030834
WS(k=4;b=0.1),12,3,1,0.832641,iid,0.4,3,0.26169,0.024964
WS(k=4;b=0.1),12,3,1,0.832641,iid,0.4,4,0.165974,0.025117
WS(k=4;b=0.1),12,3,1,0.832641,iid,0.4,5,0.165974,0.004259
WS(k=4;b=0.1),12,3,1,0.832641,iid,0.8,1,0.194397,0.030834
WS(k=4;b=0.1),12,3,1,0.832641,iid,0.8,2,0.165974,0.046767
WS(k=4;b=0.1),12,3,1,0.832641,iid,0.8,3,0.165974,0.173708
WS(k=4;b=0.1),12,3,1,0.832641,iid,0.8,4,0.16605,0.056615
WS(k=4;b=0.1),12,3,1,0.832641,iid,0.8,5,0.272211,0.067027
WS(k=4;b=0.1),12,3,3,0.924028,exact,0.0,0,0.069955,0.025681
WS(k=4;b=0.1),12,3,3,0.924028,samp10,0.0,1,0.091249,0.011625
WS(k=4;b=0.1),12,3,3,0.924028,iid,0.05,1,0.260277,0.034963
WS(k=4;b=0.1),12,3,3,0.924028,iid,0.05,2,0.16794,0.025681
WS(k=4;b=0.1),12,3,3,0.924028,iid,0.05,3,0.234976,0.016965
WS(k=4;b=0.1),12,3,3,0.924028,iid,0.05,4,0.25563,0.016965
WS(k=4;b=0.1),12,3,3,0.924028,iid,0.05,5,0.255098,0.016965
WS(k=4;b=0.1),12,3,3,0.924028,iid,0.1,1,0.260277,0.016965
WS(k=4;b=0.1),12,3,3,0.924028,iid,0.1,2,0.26026,0.04149
WS(k=4;b=0.1),12,3,3,0.924028,iid,0.1,3,0.289921,0.024463
WS(k=4;b=0.1),12,3,3,0.924028,iid,0.1,4,0.264672,0.033216
WS(k=4;b=0.1),12,3,3,0.924028,iid,0.1,5,0.25501,0.041357
WS(k=4;b=0.1),12,3,3,0.924028,iid,0.2,1,0.319254,0.034591
WS(k=4;b=0.1),12,3,3,0.924028,iid,0.2,2,0.312658,0.06982
WS(k=4;b=0.1),12,3,3,0.924028,iid,0.2,3,0.24139,0.06982
WS(k=4;b=0.1),12,3,3,0.924028,iid,0.2,4,0.312394,0.07655
WS(k=4;b=0.1),12,3,3,0.924028,iid,0.2,5,0.335741,0.033216
WS(k=4;b=0.1),12,3,3,0.924028,iid,0.4,1,0.251151,0.085099
WS(k=4;b=0.1),12,3,3,0.924028,iid,0.4,2,0.312394,0.043607
WS(k=4;b=0.1),12,3,3,0.924028,iid,0.4,3,0.386776,0.103285
WS(k=4;b=0.1),12,3,3,0.924028,iid,0.4,4,0.349089,0.024167
WS(k=4;b=0.1),12,3,3,0.924028,iid,0.4,5,0.260277,0.080351
WS(k=4;b=0.1),12,3,3,0.924028,iid,0.8,1,0.286257,0.069541
WS(k=4;b=0.1),12,3,3,0.924028,iid,0.8,2,0.308248,0.094537
WS(k=4;b=0.1),12,3,3,0.924028,iid,0.8,3,0.27495,0.09285
WS(k=4;b=0.1),12,3,3,0.924028,iid,0.8,4,0.337267,0.064623
WS(k=4;b=0.1),12,3,3,0.924028,iid,0.8,5,0.34988,0.06355
WS(k=4;b=0.1),12,4,1,0.877542,exact,0.0,0,0.027782,0.020136
WS(k=4;b=0.1),12,4,1,0.877542,samp10,0.0,1,0.013802,0.013606
WS(k=4;b=0.1),12,4,1,0.877542,iid,0.05,1,0.17166,0.004608
WS(k=4;b=0.1),12,4,1,0.877542,iid,0.05,2,0.040026,0.030155
WS(k=4;b=0.1),12,4,1,0.877542,iid,0.05,3,0.17166,0.009519
WS(k=4;b=0.1),12,4,1,0.877542,iid,0.05,4,0.17166,0.02776
WS(k=4;b=0.1),12,4,1,0.877542,iid,0.05,5,0.095175,0.015879
WS(k=4;b=0.1),12,4,1,0.877542,iid,0.1,1,0.17166,0.004608
WS(k=4;b=0.1),12,4,1,0.877542,iid,0.1,2,0.248038,0.011479
WS(k=4;b=0.1),12,4,1,0.877542,iid,0.1,3,0.17166,0.013606
WS(k=4;b=0.1),12,4,1,0.877542,iid,0.1,4,0.179991,0.009519
WS(k=4;b=0.1),12,4,1,0.877542,iid,0.1,5,0.234774,0.003306
WS(k=4;b=0.1),12,4,1,0.877542,iid,0.2,1,0.26057,0.017496
WS(k=4;b=0.1),12,4,1,0.877542,iid,0.2,2,0.203517,0.015424
WS(k=4;b=0.1),12,4,1,0.877542,iid,0.2,3,0.281329,0.013802
WS(k=4;b=0.1),12,4,1,0.877542,iid,0.2,4,0.17166,0.019435
WS(k=4;b=0.1),12,4,1,0.877542,iid,0.2,5,0.17166,0.052401
WS(k=4;b=0.1),12,4,1,0.877542,iid,0.4,1,0.17166,0.03308
WS(k=4;b=0.1),12,4,1,0.877542,iid,0.4,2,0.255954,0.033181
WS(k=4;b=0.1),12,4,1,0.877542,iid,0.4,3,0.307614,0.03308
WS(k=4;b=0.1),12,4,1,0.877542,iid,0.4,4,0.280887,0.048136
WS(k=4;b=0.1),12,4,1,0.877542,iid,0.4,5,0.221258,0.07367
WS(k=4;b=0.1),12,4,1,0.877542,iid,0.8,1,0.208471,0.03308
WS(k=4;b=0.1),12,4,1,0.877542,iid,0.8,2,0.17166,0.029741
WS(k=4;b=0.1),12,4,1,0.877542,iid,0.8,3,0.17166,0.093998
WS(k=4;b=0.1),12,4,1,0.877542,iid,0.8,4,0.17166,0.048458
WS(k=4;b=0.1),12,4,1,0.877542,iid,0.8,5,0.17166,0.049917
WS(k=4;b=0.1),12,4,3,0.956469,exact,0.0,0,0.059451,0.01672
WS(k=4;b=0.1),12,4,3,0.956469,samp10,0.0,1,0.049773,0.005486
WS(k=4;b=0.1),12,4,3,0.956469,iid,0.05,1,0.088762,0.019497
WS(k=4;b=0.1),12,4,3,0.956469,iid,0.05,2,0.118504,0.02194
WS(k=4;b=0.1),12,4,3,0.956469,iid,0.05,3,0.135779,0.039809
WS(k=4;b=0.1),12,4,3,0.956469,iid,0.05,4,0.242878,0.01672
WS(k=4;b=0.1),12,4,3,0.956469,iid,0.05,5,0.20661,0.019195
WS(k=4;b=0.1),12,4,3,0.956469,iid,0.1,1,0.242878,0.01672
WS(k=4;b=0.1),12,4,3,0.956469,iid,0.1,2,0.294516,0.025524
WS(k=4;b=0.1),12,4,3,0.956469,iid,0.1,3,0.288342,0.039809
WS(k=4;b=0.1),12,4,3,0.956469,iid,0.1,4,0.248854,0.019497
WS(k=4;b=0.1),12,4,3,0.956469,iid,0.1,5,0.301994,0.019497
WS(k=4;b=0.1),12,4,3,0.956469,iid,0.2,1,0.339665,0.094097
WS(k=4;b=0.1),12,4,3,0.956469,iid,0.2,2,0.418809,0.039012
WS(k=4;b=0.1),12,4,3,0.956469,iid,0.2,3,0.201106,0.037075
WS(k=4;b=0.1),12,4,3,0.956469,iid,0.2,4,0.281857,0.035772
WS(k=4;b=0.1),12,4,3,0.956469,iid,0.2,5,0.244095,0.022993
WS(k=4;b=0.1),12,4,3,0.956469,iid,0.4,1,0.317336,0.051102
WS(k=4;b=0.1),12,4,3,0.956469,iid,0.4,2,0.371968,0.056521
WS(k=4;b=0.1),12,4,3,0.956469,iid,0.4,3,0.357442,0.078477
WS(k=4;b=0.1),12,4,3,0.956469,iid,0.4,4,0.333003,0.074857
WS(k=4;b=0.1),12,4,3,0.956469,iid,0.4,5,0.240956,0.04651
WS(k=4;b=0.1),12,4,3,0.956469,iid,0.8,1,0.451755,0.182736
WS(k=4;b=0.1),12,4,3,0.956469,iid,0.8,2,0.347485,0.092259
WS(k=4;b=0.1),12,4,3,0.956469,iid,0.8,3,0.412919,0.121661
WS(k=4;b=0.1),12,4,3,0.956469,iid,0.8,4,0.373703,0.01108
WS(k=4;b=0.1),12,4,3,0.956469,iid,0.8,5,0.373276,0.044157
WS(k=4;b=0.1),12,5,1,0.786067,exact,0.0,0,0.025693,0.022752
WS(k=4;b=0.1),12,5,1,0.786067,samp10,0.0,1,0.036666,0.022752
WS(k=4;b=0.1),12,5,1,0.786067,iid,0.05,1,0.154488,0.007641
WS(k=4;b=0.1),12,5,1,0.786067,iid,0.05,2,0.096318,0.022752
WS(k=4;b=0.1),12,5,1,0.786067,iid,0.05,3,0.154488,0.007641
WS(k=4;b=0.1),12,5,1,0.786067,iid,0.05,4,0.088509,0.022752
WS(k=4;b=0.1),12,5,1,0.786067,iid,0.05,5,0.136591,0.037824
WS(k=4;b=0.1),12,5,1,0.786067,iid,0.1,1,0.120375,0.007641
WS(k=4;b=0.1),12,5,1,0.786067,iid,0.1,2,0.154488,0.010733
WS(k=4;b=0.1),12,5,1,0.786067,iid,0.1,3,0.154488,0.007641
WS(k=4;b=0.1),12,5,1,0.786067,iid,0.1,4,0.190952,0.013049
WS(k=4;b=0.1),12,5,1,0.786067,iid,0.1,5,0.198568,0.009908
WS(k=4;b=0.1),12,5,1,0.786067,iid,0.2,1,0.208373,0.013358
WS(k=4;b=0.1),12,5,1,0.786067,iid,0.2,2,0.209694,0.013049
WS(k=4;b=0.1),12,5,1,0.786067,iid,0.2,3,0.154488,0.003545
WS(k=4;b=0.1),12,5,1,0.786067,iid,0.2,4,0.243749,0.036942
WS(k=4;b=0.1),12,5,1,0.786067,iid,0.2,5,0.154488,0.015069
WS(k=4;b=0.1),12,5,1,0.786067,iid,0.4,1,0.154488,0.017474
WS(k=4;b=0.1),12,5,1,0.786067,iid,0.4,2,0.172737,0.025576
WS(k=4;b=0.1),12,5,1,0.786067,iid,0.4,3,0.154488,0.022237
WS(k=4;b=0.1),12,5,1,0.786067,iid,0.4,4,0.22887,0.007767
WS(k=4;b=0.1),12,5,1,0.786067,iid,0.4,5,0.153847,0.044059
WS(k=4;b=0.1),12,5,1,0.786067,iid,0.8,1,0.181675,0.069354
WS(k=4;b=0.1),12,5,1,0.786067,iid,0.8,2,0.154488,0.074363
WS(k=4;b=0.1),12,5,1,0.786067,iid,0.8,3,0.154488,0.0206
WS(k=4;b=0.1),12,5,1,0.786067,iid,0.8,4,0.168459,0.053029
WS(k=4;b=0.1),12,5,1,0.786067,iid,0.8,5,0.193204,0.15651
WS(k=4;b=0.1),12,5,3,0.865869,exact,0.0,0,0.061368,0.020049
WS(k=4;b=0.1),12,5,3,0.865869,samp10,0.0,1,0.065278,0.010332
WS(k=4;b=0.1),12,5,3,0.865869,iid,0.05,1,0.232084,0.036426
WS(k=4;b=0.1),12,5,3,0.865869,iid,0.05,2,0.214677,0.015917
WS(k=4;b=0.1),12,5,3,0.865869,iid,0.05,3,0.232666,0.022176
WS(k=4;b=0.1),12,5,3,0.865869,iid,0.05,4,0.190673,0.015917
WS(k=4;b=0.1),12,5,3,0.865869,iid,0.05,5,0.230618,0.035212
WS(k=4;b=0.1),12,5,3,0.865869,iid,0.1,1,0.191372,0.020215
WS(k=4;b=0.1),12,5,3,0.865869,iid,0.1,2,0.22385,0.01457
WS(k=4;b=0.1),12,5,3,0.865869,iid,0.1,3,0.198354,0.025028
WS(k=4;b=0.1),12,5,3,0.865869,iid,0.1,4,0.275456,0.052878
WS(k=4;b=0.1),12,5,3,0.865869,iid,0.1,5,0.27228,0.025028
WS(k=4;b=0.1),12,5,3,0.865869,iid,0.2,1,0.304939,0.040267
WS(k=4;b=0.1),12,5,3,0.865869,iid,0.2,2,0.325586,0.020215
WS(k=4;b=0.1),12,5,3,0.865869,iid,0.2,3,0.22506,0.033509
WS(k=4;b=0.1),12,5,3,0.865869,iid,0.2,4,0.32848,0.042512
WS(k=4;b=0.1),12,5,3,0.865869,iid,0.2,5,0.232741,0.022918
WS(k=4;b=0.1),12,5,3,0.865869,iid,0.4,1,0.226316,0.054823
WS(k=4;b=0.1),12,5,3,0.865869,iid,0.4,2,0.31324,0.058241
WS(k=4;b=0.1),12,5,3,0.865869,iid,0.4,3,0.22506,0.060145
WS(k=4;b=0.1),12,5,3,0.865869,iid,0.4,4,0.313687,0.05631
WS(k=4;b=0.1),12,5,3,0.865869,iid,0.4,5,0.415421,0.051527
WS(k=4;b=0.1),12,5,3,0.865869,iid,0.8,1,0.296916,0.080559
WS(k=4;b=0.1),12,5,3,0.865869,iid,0.8,2,0.237151,0.079995
WS(k=4;b=0.1),12,5,3,0.865869,iid,0.8,3,0.336903,0.046149
WS(k=4;b=0.1),12,5,3,0.865869,iid,0.8,4,0.335952,0.077298
WS(k=4;b=0.1),12,5,3,0.865869,iid,0.8,5,0.292464,0.05631
WS(k=4;b=0.1),12,6,1,0.825346,exact,0.0,0,0.024581,0.020367
WS(k=4;b=0.1),12,6,1,0.825346,samp10,0.0,1,0.024581,0.001471
WS(k=4;b=0.1),12,6,1,0.825346,iid,0.05,1,0.05038,0.014217
WS(k=4;b=0.1),12,6,1,0.825346,iid,0.05,2,0.158679,0.009342
WS(k=4;b=0.1),12,6,1,0.825346,iid,0.05,3,0.144913,0.004653
WS(k=4;b=0.1),12,6,1,0.825346,iid,0.05,4,0.106339,0.009342
WS(k=4;b=0.1),12,6,1,0.825346,iid,0.05,5,0.158679,0.015919
WS(k=4;b=0.1),12,6,1,0.825346,iid,0.1,1,0.184579,0.015919
WS(k=4;b=0.1),12,6,1,0.825346,iid,0.1,2,0.213713,0.011678
WS(k=4;b=0.1),12,6,1,0.825346,iid,0.1,3,0.158679,0.022772
WS(k=4;b=0.1),12,6,1,0.825346,iid,0.1,4,0.158679,0.046637
WS(k=4;b=0.1),12,6,1,0.825346,iid,0.1,5,0.158679,0.004653
WS(k=4;b=0.1),12,6,1,0.825346,iid,0.2,1,0.158679,0.02414
WS(k=4;b=0.1),12,6,1,0.825346,iid,0.2,2,0.163089,0.014998
WS(k=4;b=0.1),12,6,1,0.825346,iid,0.2,3,0.158679,0.005963
WS(k=4;b=0.1),12,6,1,0.825346,iid,0.2,4,0.32669,0.006295
WS(k=4;b=0.1),12,6,1,0.825346,iid,0.2,5,0.158679,0.013115
WS(k=4;b=0.1),12,6,1,0.825346,iid,0.4,1,0.205646,0.158679
WS(k=4;b=0.1),12,6,1,0.825346,iid,0.4,2,0.283879,0.158679
WS(k=4;b=0.1),12,6,1,0.825346,iid,0.4,3,0.158679,0.033751
WS(k=4;b=0.1),12,6,1,0.825346,iid,0.4,4,0.158679,0.050534
WS(k=4;b=0.1),12,6,1,0.825346,iid,0.4,5,0.244008,0.025926
WS(k=4;b=0.1),12,6,1,0.825346,iid,0.8,1,0.225226,0.158679
WS(k=4;b=0.1),12,6,1,0.825346,iid,0.8,2,0.163089,0.129834
WS(k=4;b=0.1),12,6,1,0.825346,iid,0.8,3,0.199956,0.050261
WS(k=4;b=0.1),12,6,1,0.825346,iid,0.8,4,0.159105,0.075858
WS(k=4;b=0.1),12,6,1,0.825346,iid,0.8,5,0.352917,0.087469
WS(k=4;b=0.1),12,6,3,0.893033,exact,0.0,0,0.050389,0.005074
WS(k=4;b=0.1),12,6,3,0.893033,samp10,0.0,1,0.073078,0.016533
WS(k=4;b=0.1),12,6,3,0.893033,iid,0.05,1,0.185789,0.030009
WS(k=4;b=0.1),12,6,3,0.893033,iid,0.05,2,0.224829,0.017707
WS(k=4;b=0.1),12,6,3,0.893033,iid,0.05,3,0.258607,0.005278
WS(k=4;b=0.1),12,6,3,0.893033,iid,0.05,4,0.129499,0.018996
WS(k=4;b=0.1),12,6,3,0.893033,iid,0.05,5,0.203656,0.018996
WS(k=4;b=0.1),12,6,3,0.893033,iid,0.1,1,0.404414,0.064232
WS(k=4;b=0.1),12,6,3,0.893033,iid,0.1,2,0.192327,0.064331
WS(k=4;b=0.1),12,6,3,0.893033,iid,0.1,3,0.217314,0.102329
WS(k=4;b=0.1),12,6,3,0.893033,iid,0.1,4,0.29476,0.042305
WS(k=4;b=0.1),12,6,3,0.893033,iid,0.1,5,0.189641,0.009808
WS(k=4;b=0.1),12,6,3,0.893033,iid,0.2,1,0.217314,0.079972
WS(k=4;b=0.1),12,6,3,0.893033,iid,0.2,2,0.216801,0.017707
WS(k=4;b=0.1),12,6,3,0.893033,iid,0.2,3,0.321954,0.033229
WS(k=4;b=0.1),12,6,3,0.893033,iid,0.2,4,0.259315,0.034743
WS(k=4;b=0.1),12,6,3,0.893033,iid,0.2,5,0.22032,0.038629
WS(k=4;b=0.1),12,6,3,0.893033,iid,0.4,1,0.267026,0.043587
WS(k=4;b=0.1),12,6,3,0.893033,iid,0.4,2,0.331838,0.061979
WS(k=4;b=0.1),12,6,3,0.893033,iid,0.4,3,0.255353,0.051059
WS(k=4;b=0.1),12,6,3,0.893033,iid,0.4,4,0.343318,0.048039
WS(k=4;b=0.1),12,6,3,0.893033,iid,0.4,5,0.343318,0.133228
WS(k=4;b=0.1),12,6,3,0.893033,iid,0.8,1,0.308566,0.0851
WS(k=4;b=0.1),12,6,3,0.893033,iid,0.8,2,0.267827,0.15956
WS(k=4;b=0.1),12,6,3,0.893033,iid,0.8,3,0.331838,0.067336
WS(k=4;b=0.1),12,6,3,0.893033,iid,0.8,4,0.365496,0.046568
WS(k=4;b=0.1),12,6,3,0.893033,iid,0.8,5,0.358108,0.027311
WS(k=4;b=0.1),12,7,1,0.873247,exact,0.0,0,0.025817,0.020249
WS(k=4;b=0.1),12,7,1,0.873247,samp10,0.0,1,0.012284,0.027418
WS(k=4;b=0.1),12,7,1,0.873247,iid,0.05,1,0.135989,0.009399
WS(k=4;b=0.1),12,7,1,0.873247,iid,0.05,2,0.117784,0.004656
WS(k=4;b=0.1),12,7,1,0.873247,iid,0.05,3,0.169589,0.014062
WS(k=4;b=0.1),12,7,1,0.873247,iid,0.05,4,0.167364,0.02267
WS(k=4;b=0.1),12,7,1,0.873247,iid,0.05,5,0.092525,0.001452
WS(k=4;b=0.1),12,7,1,0.873247,iid,0.1,1,0.052029,0.009399
WS(k=4;b=0.1),12,7,1,0.873247,iid,0.1,2,0.125247,0.01076
WS(k=4;b=0.1),12,7,1,0.873247,iid,0.1,3,0.167364,0.005446
WS(k=4;b=0.1),12,7,1,0.873247,iid,0.1,4,0.125247,0.004656
WS(k=4;b=0.1),12,7,1,0.873247,iid,0.1,5,0.066181,0.014062
WS(k=4;b=0.1),12,7,1,0.873247,iid,0.2,1,0.171354,0.01076
WS(k=4;b=0.1),12,7,1,0.873247,iid,0.2,2,0.183097,0.016543
WS(k=4;b=0.1),12,7,1,0.873247,iid,0.2,3,0.167364,0.012664
WS(k=4;b=0.1),12,7,1,0.873247,iid,0.2,4,0.176318,0.004656
WS(k=4;b=0.1),12,7,1,0.873247,iid,0.2,5,0.16558,0.018108
WS(k=4;b=0.1),12,7,1,0.873247,iid,0.4,1,0.283246,0.029531
WS(k=4;b=0.1),12,7,1,0.873247,iid,0.4,2,0.168433,0.058833
WS(k=4;b=0.1),12,7,1,0.873247,iid,0.4,3,0.167364,0.012664
WS(k=4;b=0.1),12,7,1,0.873247,iid,0.4,4,0.220258,0.047084
WS(k=4;b=0.1),12,7,1,0.873247,iid,0.4,5,0.167364,0.027874
WS(k=4;b=0.1),12,7,1,0.873247,iid,0.8,1,0.167364,0.047084
WS(k=4;b=0.1),12,7,1,0.873247,iid,0.8,2,0.167364,0.070196
WS(k=4;b=0.1),12,7,1,0.873247,iid,0.8,3,0.328494,0.070297
WS(k=4;b=0.1),12,7,1,0.873247,iid,0.8,4,0.29444,0.0308
WS(k=4;b=0.1),12,7,1,0.873247,iid,0.8,5,0.195379,0.058833
WS(k=4;b=0.1),12,7,3,0.945042,exact,0.0,0,0.053069,0.008588
WS(k=4;b=0.1),12,7,3,0.945042,samp10,0.0,1,0.057735,0.003549
WS(k=4;b=0.1),12,7,3,0.945042,iid,0.05,1,0.238629,0.003549
WS(k=4;b=0.1),12,7,3,0.945042,iid,0.05,2,0.195675,0.016661
WS(k=4;b=0.1),12,7,3,0.945042,iid,0.05,3,0.242466,0.016661
WS(k=4;b=0.1),12,7,3,0.945042,iid,0.05,4,0.242466,0.034388
WS(k=4;b=0.1),12,7,3,0.945042,iid,0.05,5,0.174845,0.01535
WS(k=4;b=0.1),12,7,3,0.945042,iid,0.1,1,0.242466,0.01535
WS(k=4;b=0.1),12,7,3,0.945042,iid,0.1,2,0.230067,0.01535
WS(k=4;b=0.1),12,7,3,0.945042,iid,0.1,3,0.247547,0.01535
WS(k=4;b=0.1),12,7,3,0.945042,iid,0.1,4,0.20975,0.02112
WS(k=4;b=0.1),12,7,3,0.945042,iid,0.1,5,0.217912,0.01434
WS(k=4;b=0.1),12,7,3,0.945042,iid,0.2,1,0.258803,0.043203
WS(k=4;b=0.1),12,7,3,0.945042,iid,0.2,2,0.403495,0.039061
WS(k=4;b=0.1),12,7,3,0.945042,iid,0.2,3,0.235437,0.018363
WS(k=4;b=0.1),12,7,3,0.945042,iid,0.2,4,0.325948,0.041849
WS(k=4;b=0.1),12,7,3,0.945042,iid,0.2,5,0.331023,0.031671
WS(k=4;b=0.1),12,7,3,0.945042,iid,0.4,1,0.451956,0.046714
WS(k=4;b=0.1),12,7,3,0.945042,iid,0.4,2,0.200341,0.10547
WS(k=4;b=0.1),12,7,3,0.945042,iid,0.4,3,0.242466,0.034277
WS(k=4;b=0.1),12,7,3,0.945042,iid,0.4,4,0.403495,0.046714
WS(k=4;b=0.1),12,7,3,0.945042,iid,0.4,5,0.312431,0.069648
WS(k=4;b=0.1),12,7,3,0.945042,iid,0.8,1,0.23667,0.014889
WS(k=4;b=0.1),12,7,3,0.945042,iid,0.8,2,0.337307,0.051038
WS(k=4;b=0.1),12,7,3,0.945042,iid,0.8,3,0.29685,0.064805
WS(k=4;b=0.1),12,7,3,0.945042,iid,0.8,4,0.354773,0.127992
WS(k=4;b=0.1),12,7,3,0.945042,iid,0.8,5,0.334501,0.068639
WS(k=4;b=0.1),12,8,1,0.83655,exact,0.0,0,0.030178,0.038245
WS(k=4;b=0.1),12,8,1,0.83655,samp10,0.0,1,0.041929,0.009666
WS(k=4;b=0.1),12,8,1,0.83655,iid,0.05,1,0.031643,0.031445
WS(k=4;b=0.1),12,8,1,0.83655,iid,0.05,2,0.150131,0.01577
WS(k=4;b=0.1),12,8,1,0.83655,iid,0.05,3,0.1633,0.023033
WS(k=4;b=0.1),12,8,1,0.83655,iid,0.05,4,0.145918,0.009666
WS(k=4;b=0.1),12,8,1,0.83655,iid,0.05,5,0.13183,0.023099
WS(k=4;b=0.1),12,8,1,0.83655,iid,0.1,1,0.11765,0.005304
WS(k=4;b=0.1),12,8,1,0.83655,iid,0.1,2,0.170392,0.023099
WS(k=4;b=0.1),12,8,1,0.83655,iid,0.1,3,0.110916,0.000784
WS(k=4;b=0.1),12,8,1,0.83655,iid,0.1,4,0.169884,0.003489
WS(k=4;b=0.1),12,8,1,0.83655,iid,0.1,5,0.169884,0.003489
WS(k=4;b=0.1),12,8,1,0.83655,iid,0.2,1,0.298295,0.000784
WS(k=4;b=0.1),12,8,1,0.83655,iid,0.2,2,0.169884,0.021095
WS(k=4;b=0.1),12,8,1,0.83655,iid,0.2,3,0.169884,0.032757
WS(k=4;b=0.1),12,8,1,0.83655,iid,0.2,4,0.169884,0.000801
WS(k=4;b=0.1),12,8,1,0.83655,iid,0.2,5,0.169884,0.013879
WS(k=4;b=0.1),12,8,1,0.83655,iid,0.4,1,0.169884,0.015417
WS(k=4;b=0.1),12,8,1,0.83655,iid,0.4,2,0.169884,0.035198
WS(k=4;b=0.1),12,8,1,0.83655,iid,0.4,3,0.169884,0.015417
WS(k=4;b=0.1),12,8,1,0.83655,iid,0.4,4,0.169884,0.032493
WS(k=4;b=0.1),12,8,1,0.83655,iid,0.4,5,0.17196,0.035669
WS(k=4;b=0.1),12,8,1,0.83655,iid,0.8,1,0.226535,0.058934
WS(k=4;b=0.1),12,8,1,0.83655,iid,0.8,2,0.169884,0.03275
WS(k=4;b=0.1),12,8,1,0.83655,iid,0.8,3,0.210261,0.051427
WS(k=4;b=0.1),12,8,1,0.83655,iid,0.8,4,0.169933,0.31906
WS(k=4;b=0.1),12,8,1,0.83655,iid,0.8,5,0.169884,0.076361
WS(k=4;b=0.1),12,8,3,0.923861,exact,0.0,0,0.066668,0.017912
WS(k=4;b=0.1),12,8,3,0.923861,samp10,0.0,1,0.0773,0.017912
WS(k=4;b=0.1),12,8,3,0.923861,iid,0.05,1,0.120665,0.039672
WS(k=4;b=0.1),12,8,3,0.923861,iid,0.05,2,0.250061,0.017912
WS(k=4;b=0.1),12,8,3,0.923861,iid,0.05,3,0.233122,0.016666
WS(k=4;b=0.1),12,8,3,0.923861,iid,0.05,4,0.250061,0.013231
WS(k=4;b=0.1),12,8,3,0.923861,iid,0.05,5,0.243302,0.017912
WS(k=4;b=0.1),12,8,3,0.923861,iid,0.1,1,0.255663,0.026211
WS(k=4;b=0.1),12,8,3,0.923861,iid,0.1,2,0.260011,0.039672
WS(k=4;b=0.1),12,8,3,0.923861,iid,0.1,3,0.243302,0.013231
WS(k=4;b=0.1),12,8,3,0.923861,iid,0.1,4,0.250895,0.03707
WS(k=4;b=0.1),12,8,3,0.923861,iid,0.1,5,0.260011,0.02214
WS(k=4;b=0.1),12,8,3,0.923861,iid,0.2,1,0.31575,0.020993
WS(k=4;b=0.1),12,8,3,0.923861,iid,0.2,2,0.272005,0.068758
WS(k=4;b=0.1),12,8,3,0.923861,iid,0.2,3,0.448487,0.062778
WS(k=4;b=0.1),12,8,3,0.923861,iid,0.2,4,0.255363,0.044038
WS(k=4;b=0.1),12,8,3,0.923861,iid,0.2,5,0.240567,0.020652
WS(k=4;b=0.1),12,8,3,0.923861,iid,0.4,1,0.448487,0.039668
WS(k=4;b=0.1),12,8,3,0.923861,iid,0.4,2,0.350879,0.046017
WS(k=4;b=0.1),12,8,3,0.923861,iid,0.4,3,0.425711,0.092378
WS(k=4;b=0.1),12,8,3,0.923861,iid,0.4,4,0.262859,0.068497
WS(k=4;b=0.1),12,8,3,0.923861,iid,0.4,5,0.31575,0.085771
WS(k=4;b=0.1),12,8,3,0.923861,iid,0.8,1,0.31206,0.052453
WS(k=4;b=0.1),12,8,3,0.923861,iid,0.8,2,0.243302,0.419823
WS(k=4;b=0.1),12,8,3,0.923861,iid,0.8,3,0.31575,0.254947
WS(k=4;b=0.1),12,8,3,0.923861,iid,0.8,4,0.31206,0.080552
WS(k=4;b=0.1),12,8,3,0.923861,iid,0.8,5,0.289988,0.04621
WS(k=4;b=0.1),12,9,1,0.789259,exact,0.0,0,0.02702,0.023068
WS(k=4;b=0.1),12,9,1,0.789259,samp10,0.0,1,0.021963,0.016219
WS(k=4;b=0.1),12,9,1,0.789259,iid,0.05,1,0.137991,0.007838
WS(k=4;b=0.1),12,9,1,0.789259,iid,0.05,2,0.10104,0.030812
WS(k=4;b=0.1),12,9,1,0.789259,iid,0.05,3,0.15768,0.013466
WS(k=4;b=0.1),12,9,1,0.789259,iid,0.05,4,0.15768,0.023068
WS(k=4;b=0.1),12,9,1,0.789259,iid,0.05,5,0.153346,0.010453
WS(k=4;b=0.1),12,9,1,0.789259,iid,0.1,1,0.15768,0.013466
WS(k=4;b=0.1),12,9,1,0.789259,iid,0.1,2,0.15768,0.013466
WS(k=4;b=0.1),12,9,1,0.789259,iid,0.1,3,0.15768,0.016219
WS(k=4;b=0.1),12,9,1,0.789259,iid,0.1,4,0.15768,0.013466
WS(k=4;b=0.1),12,9,1,0.789259,iid,0.1,5,0.152866,0.013466
WS(k=4;b=0.1),12,9,1,0.789259,iid,0.2,1,0.15768,0.003811
WS(k=4;b=0.1),12,9,1,0.789259,iid,0.2,2,0.2302,0.015125
WS(k=4;b=0.1),12,9,1,0.789259,iid,0.2,3,0.15768,0.004357
WS(k=4;b=0.1),12,9,1,0.789259,iid,0.2,4,0.15768,0.010586
WS(k=4;b=0.1),12,9,1,0.789259,iid,0.2,5,0.15768,0.013182
WS(k=4;b=0.1),12,9,1,0.789259,iid,0.4,1,0.15768,0.057851
WS(k=4;b=0.1),12,9,1,0.789259,iid,0.4,2,0.186465,0.031234
WS(k=4;b=0.1),12,9,1,0.789259,iid,0.4,3,0.218974,0.013182
WS(k=4;b=0.1),12,9,1,0.789259,iid,0.4,4,0.176051,0.014541
WS(k=4;b=0.1),12,9,1,0.789259,iid,0.4,5,0.189596,0.028842
WS(k=4;b=0.1),12,9,1,0.789259,iid,0.8,1,0.203601,0.036061
WS(k=4;b=0.1),12,9,1,0.789259,iid,0.8,2,0.15768,0.010368
WS(k=4;b=0.1),12,9,1,0.789259,iid,0.8,3,0.244491,0.09041
WS(k=4;b=0.1),12,9,1,0.789259,iid,0.8,4,0.15768,0.082549
WS(k=4;b=0.1),12,9,1,0.789259,iid,0.8,5,0.166491,0.15768
WS(k=4;b=0.1),12,9,3,0.871514,exact,0.0,0,0.063908,0.018319
WS(k=4;b=0.1),12,9,3,0.871514,samp10,0.0,1,0.063908,0.016273
WS(k=4;b=0.1),12,9,3,0.871514,iid,0.05,1,0.231992,0.027778
WS(k=4;b=0.1),12,9,3,0.871514,iid,0.05,2,0.194173,0.039778
WS(k=4;b=0.1),12,9,3,0.871514,iid,0.05,3,0.217495,0.039778
WS(k=4;b=0.1),12,9,3,0.871514,iid,0.05,4,0.242701,0.033969
WS(k=4;b=0.1),12,9,3,0.871514,iid,0.05,5,0.217674,0.016273
WS(k=4;b=0.1),12,9,3,0.871514,iid,0.1,1,0.242701,0.033969
WS(k=4;b=0.1),12,9,3,0.871514,iid,0.1,2,0.242701,0.018319
WS(k=4;b=0.1),12,9,3,0.871514,iid,0.1,3,0.238291,0.022566
WS(k=4;b=0.1),12,9,3,0.871514,iid,0.1,4,0.233105,0.038187
WS(k=4;b=0.1),12,9,3,0.871514,iid,0.1,5,0.262692,0.038187
WS(k=4;b=0.1),12,9,3,0.871514,iid,0.2,1,0.287072,0.027443
WS(k=4;b=0.1),12,9,3,0.871514,iid,0.2,2,0.255352,0.047061
WS(k=4;b=0.1),12,9,3,0.871514,iid,0.2,3,0.349019,0.054831
WS(k=4;b=0.1),12,9,3,0.871514,iid,0.2,4,0.22297,0.038125
WS(k=4;b=0.1),12,9,3,0.871514,iid,0.2,5,0.304267,0.056795
WS(k=4;b=0.1),12,9,3,0.871514,iid,0.4,1,0.208333,0.086842
WS(k=4;b=0.1),12,9,3,0.871514,iid,0.4,2,0.180409,0.067744
WS(k=4;b=0.1),12,9,3,0.871514,iid,0.4,3,0.291939,0.042982
WS(k=4;b=0.1),12,9,3,0.871514,iid,0.4,4,0.295468,0.047565
WS(k=4;b=0.1),12,9,3,0.871514,iid,0.4,5,0.242701,0.073117
WS(k=4;b=0.1),12,9,3,0.871514,iid,0.8,1,0.351014,0.044748
WS(k=4;b=0.1),12,9,3,0.871514,iid,0.8,2,0.2519,0.123503
WS(k=4;b=0.1),12,9,3,0.871514,iid,0.8,3,0.319031,0.211942
WS(k=4;b=0.1),12,9,3,0.871514,iid,0.8,4,0.31411,0.090146
WS(k=4;b=0.1),12,9,3,0.871514,iid,0.8,5,0.275091,0.106385
WS(k=4;b=0.1),12,10,1,0.873604,exact,0.0,0,0.025987,0.028184
WS(k=4;b=0.1),12,10,1,0.873604,samp10,0.0,1,0.003632,0.014401
WS(k=4;b=0.1),12,10,1,0.873604,iid,0.05,1,0.167722,0.036436
WS(k=4;b=0.1),12,10,1,0.873604,iid,0.05,2,0.167722,0.020777
WS(k=4;b=0.1),12,10,1,0.873604,iid,0.05,3,0.167722,0.015865
WS(k=4;b=0.1),12,10,1,0.873604,iid,0.05,4,0.133361,0.009629
WS(k=4;b=0.1),12,10,1,0.873604,iid,0.05,5,0.038092,0.009629
WS(k=4;b=0.1),12,10,1,0.873604,iid,0.1,1,0.149825,0.015865
WS(k=4;b=0.1),12,10,1,0.873604,iid,0.1,2,0.167722,0.015865
WS(k=4;b=0.1),12,10,1,0.873604,iid,0.1,3,0.167722,0.009629
WS(k=4;b=0.1),12,10,1,0.873604,iid,0.1,4,0.165984,0.001489
WS(k=4;b=0.1),12,10,1,0.873604,iid,0.1,5,0.167722,0.004768
WS(k=4;b=0.1),12,10,1,0.873604,iid,0.2,1,0.263452,0.030329
WS(k=4;b=0.1),12,10,1,0.873604,iid,0.2,2,0.171711,0.012648
WS(k=4;b=0.1),12,10,1,0.873604,iid,0.2,3,0.387533,0.002611
WS(k=4;b=0.1),12,10,1,0.873604,iid,0.2,4,0.2779,0.015865
WS(k=4;b=0.1),12,10,1,0.873604,iid,0.2,5,0.167086,0.032206
WS(k=4;b=0.1),12,10,1,0.873604,iid,0.4,1,0.264727,0.012343
WS(k=4;b=0.1),12,10,1,0.873604,iid,0.4,2,0.17023,0.036117
WS(k=4;b=0.1),12,10,1,0.873604,iid,0.4,3,0.323114,0.023635
WS(k=4;b=0.1),12,10,1,0.873604,iid,0.4,4,0.225965,0.053948
WS(k=4;b=0.1),12,10,1,0.873604,iid,0.4,5,0.167722,0.012648
WS(k=4;b=0.1),12,10,1,0.873604,iid,0.8,1,0.167722,0.036243
WS(k=4;b=0.1),12,10,1,0.873604,iid,0.8,2,0.167722,0.167722
WS(k=4;b=0.1),12,10,1,0.873604,iid,0.8,3,0.167722,0.003632
WS(k=4;b=0.1),12,10,1,0.873604,iid,0.8,4,0.167722,0.06506
WS(k=4;b=0.1),12,10,1,0.873604,iid,0.8,5,0.263452,0.036117
WS(k=4;b=0.1),12,10,3,0.943366,exact,0.0,0,0.050788,0.013915
WS(k=4;b=0.1),12,10,3,0.943366,samp10,0.0,1,0.032248,0.015918
WS(k=4;b=0.1),12,10,3,0.943366,iid,0.05,1,0.240791,0.01179
WS(k=4;b=0.1),12,10,3,0.943366,iid,0.05,2,0.235856,0.013915
WS(k=4;b=0.1),12,10,3,0.943366,iid,0.05,3,0.240791,0.013915
WS(k=4;b=0.1),12,10,3,0.943366,iid,0.05,4,0.192096,0.013915
WS(k=4;b=0.1),12,10,3,0.943366,iid,0.05,5,0.162982,0.020727
WS(k=4;b=0.1),12,10,3,0.943366,iid,0.1,1,0.256774,0.013915
WS(k=4;b=0.1),12,10,3,0.943366,iid,0.1,2,0.227227,0.013183
WS(k=4;b=0.1),12,10,3,0.943366,iid,0.1,3,0.240791,0.013915
WS(k=4;b=0.1),12,10,3,0.943366,iid,0.1,4,0.216082,0.051052
WS(k=4;b=0.1),12,10,3,0.943366,iid,0.1,5,0.227901,0.013915
WS(k=4;b=0.1),12,10,3,0.943366,iid,0.2,1,0.33632,0.032248
WS(k=4;b=0.1),12,10,3,0.943366,iid,0.2,2,0.257124,0.027574
WS(k=4;b=0.1),12,10,3,0.943366,iid,0.2,3,0.331133,0.01179
WS(k=4;b=0.1),12,10,3,0.943366,iid,0.2,4,0.331133,0.039302
WS(k=4;b=0.1),12,10,3,0.943366,iid,0.2,5,0.240791,0.029205
WS(k=4;b=0.1),12,10,3,0.943366,iid,0.4,1,0.289692,0.001052
WS(k=4;b=0.1),12,10,3,0.943366,iid,0.4,2,0.235856,0.082809
WS(k=4;b=0.1),12,10,3,0.943366,iid,0.4,3,0.343625,0.031618
WS(k=4;b=0.1),12,10,3,0.943366,iid,0.4,4,0.285653,0.06776
WS(k=4;b=0.1),12,10,3,0.943366,iid,0.4,5,0.424724,0.031324
WS(k=4;b=0.1),12,10,3,0.943366,iid,0.8,1,0.240791,0.020727
WS(k=4;b=0.1),12,10,3,0.943366,iid,0.8,2,0.434983,0.254386
WS(k=4;b=0.1),12,10,3,0.943366,iid,0.8,3,0.240791,0.033302
WS(k=4;b=0.1),12,10,3,0.943366,iid,0.8,4,0.370632,0.083284
WS(k=4;b=0.1),12,10,3,0.943366,iid,0.8,5,0.240791,0.0547
WS(k=4;b=0.5),12,1,1,0.845243,exact,0.0,0,0.035189,0.079965
WS(k=4;b=0.5),12,1,1,0.845243,samp10,0.0,1,0.030164,0.025087
WS(k=4;b=0.5),12,1,1,0.845243,iid,0.05,1,0.086224,0.042408
WS(k=4;b=0.5),12,1,1,0.845243,iid,0.05,2,0.178576,0.01796
WS(k=4;b=0.5),12,1,1,0.845243,iid,0.05,3,0.124441,0.042408
WS(k=4;b=0.5),12,1,1,0.845243,iid,0.05,4,0.144167,0.033304
WS(k=4;b=0.5),12,1,1,0.845243,iid,0.05,5,0.127758,0.01796
WS(k=4;b=0.5),12,1,1,0.845243,iid,0.1,1,0.155663,0.029266
WS(k=4;b=0.5),12,1,1,0.845243,iid,0.1,2,0.178576,0.007801
WS(k=4;b=0.5),12,1,1,0.845243,iid,0.1,3,0.178576,0.001383
WS(k=4;b=0.5),12,1,1,0.845243,iid,0.1,4,0.169535,0.007244
WS(k=4;b=0.5),12,1,1,0.845243,iid,0.1,5,0.178576,0.003665
WS(k=4;b=0.5),12,1,1,0.845243,iid,0.2,1,0.178559,0.003665
WS(k=4;b=0.5),12,1,1,0.845243,iid,0.2,2,0.209824,0.013783
WS(k=4;b=0.5),12,1,1,0.845243,iid,0.2,3,0.149561,0.009905
WS(k=4;b=0.5),12,1,1,0.845243,iid,0.2,4,0.178576,0.001383
WS(k=4;b=0.5),12,1,1,0.845243,iid,0.2,5,0.216829,0.001383
WS(k=4;b=0.5),12,1,1,0.845243,iid,0.4,1,0.178576,0.041268
WS(k=4;b=0.5),12,1,1,0.845243,iid,0.4,2,0.238667,0.036904
WS(k=4;b=0.5),12,1,1,0.845243,iid,0.4,3,0.233401,0.030118
WS(k=4;b=0.5),12,1,1,0.845243,iid,0.4,4,0.178576,0.019836
WS(k=4;b=0.5),12,1,1,0.845243,iid,0.4,5,0.178576,0.038188
WS(k=4;b=0.5),12,1,1,0.845243,iid,0.8,1,0.229306,0.038188
WS(k=4;b=0.5),12,1,1,0.845243,iid,0.8,2,0.236407,0.178748
WS(k=4;b=0.5),12,1,1,0.845243,iid,0.8,3,0.178576,0.058113
WS(k=4;b=0.5),12,1,1,0.845243,iid,0.8,4,0.178625,0.036565
WS(k=4;b=0.5),12,1,1,0.845243,iid,0.8,5,0.178865,0.178576
WS(k=4;b=0.5),12,1,3,0.935996,exact,0.0,0,0.071062,0.040321
WS(k=4;b=0.5),12,1,3,0.935996,samp10,0.0,1,0.081956,0.025199
WS(k=4;b=0.5),12,1,3,0.935996,iid,0.05,1,0.196476,0.060995
WS(k=4;b=0.5),12,1,3,0.935996,iid,0.05,2,0.262857,0.025199
WS(k=4;b=0.5),12,1,3,0.935996,iid,0.05,3,0.262337,0.024052
WS(k=4;b=0.5),12,1,3,0.935996,iid,0.05,4,0.251387,0.024052
WS(k=4;b=0.5),12,1,3,0.935996,iid,0.05,5,0.272358,0.033474
WS(k=4;b=0.5),12,1,3,0.935996,iid,0.1,1,0.255488,0.03757
WS(k=4;b=0.5),12,1,3,0.935996,iid,0.1,2,0.271941,0.071548
WS(k=4;b=0.5),12,1,3,0.935996,iid,0.1,3,0.216755,0.025199
WS(k=4;b=0.5),12,1,3,0.935996,iid,0.1,4,0.249698,0.049338
WS(k=4;b=0.5),12,1,3,0.935996,iid,0.1,5,0.211878,0.045743
WS(k=4;b=0.5),12,1,3,0.935996,iid,0.2,1,0.456552,0.03757
WS(k=4;b=0.5),12,1,3,0.935996,iid,0.2,2,0.312482,0.038518
WS(k=4;b=0.5),12,1,3,0.935996,iid,0.2,3,0.260599,0.043987
WS(k=4;b=0.5),12,1,3,0.935996,iid,0.2,4,0.260062,0.073033
WS(k=4;b=0.5),12,1,3,0.935996,iid,0.2,5,0.453412,0.035185
WS(k=4;b=0.5),12,1,3,0.935996,iid,0.4,1,0.312482,0.080424
WS(k=4;b=0.5),12,1,3,0.935996,iid,0.4,2,0.278877,0.09433
WS(k=4;b=0.5),12,1,3,0.935996,iid,0.4,3,0.451624,0.164126
WS(k=4;b=0.5),12,1,3,0.935996,iid,0.4,4,0.267298,0.06321
WS(k=4;b=0.5),12,1,3,0.935996,iid,0.4,5,0.286727,0.094339
WS(k=4;b=0.5),12,1,3,0.935996,iid,0.8,1,0.255488,0.310327
WS(k=4;b=0.5),12,1,3,0.935996,iid,0.8,2,0.275726,0.232324
WS(k=4;b=0.5),12,1,3,0.935996,iid,0.8,3,0.271941,0.15465
WS(k=4;b=0.5),12,1,3,0.935996,iid,0.8,4,0.330537,0.236944
WS(k=4;b=0.5),12,1,3,0.935996,iid,0.8,5,0.284557,0.023321
WS(k=4;b=0.5),12,2,1,0.832221,exact,0.0,0,0.028295,0.035157
WS(k=4;b=0.5),12,2,1,0.832221,samp10,0.0,1,0.033595,0.021285
WS(k=4;b=0.5),12,2,1,0.832221,iid,0.05,1,0.165555,0.021285
WS(k=4;b=0.5),12,2,1,0.832221,iid,0.05,2,0.165555,0.028777
WS(k=4;b=0.5),12,2,1,0.832221,iid,0.05,3,0.07719,0.042875
WS(k=4;b=0.5),12,2,1,0.832221,iid,0.05,4,0.14562,0.014703
WS(k=4;b=0.5),12,2,1,0.832221,iid,0.05,5,0.165555,0.009209
WS(k=4;b=0.5),12,2,1,0.832221,iid,0.1,1,0.165555,0.000774
WS(k=4;b=0.5),12,2,1,0.832221,iid,0.1,2,0.165442,0.012871
WS(k=4;b=0.5),12,2,1,0.832221,iid,0.1,3,0.123734,0.007402
WS(k=4;b=0.5),12,2,1,0.832221,iid,0.1,4,0.165555,0.009209
WS(k=4;b=0.5),12,2,1,0.832221,iid,0.1,5,0.165442,0.003305
WS(k=4;b=0.5),12,2,1,0.832221,iid,0.2,1,0.166586,0.038222
WS(k=4;b=0.5),12,2,1,0.832221,iid,0.2,2,0.165555,0.01107
WS(k=4;b=0.5),12,2,1,0.832221,iid,0.2,3,0.165662,0.01107
WS(k=4;b=0.5),12,2,1,0.832221,iid,0.2,4,0.165555,0.014342
WS(k=4;b=0.5),12,2,1,0.832221,iid,0.2,5,0.165555,0.007204
WS(k=4;b=0.5),12,2,1,0.832221,iid,0.4,1,0.191893,0.016586
WS(k=4;b=0.5),12,2,1,0.832221,iid,0.4,2,0.165555,0.025196
WS(k=4;b=0.5),12,2,1,0.832221,iid,0.4,3,0.165555,0.016342
WS(k=4;b=0.5),12,2,1,0.832221,iid,0.4,4,0.165555,0.031095
WS(k=4;b=0.5),12,2,1,0.832221,iid,0.4,5,0.165555,0.034535
WS(k=4;b=0.5),12,2,1,0.832221,iid,0.8,1,0.248905,0.01594
WS(k=4;b=0.5),12,2,1,0.832221,iid,0.8,2,0.246262,0.044195
WS(k=4;b=0.5),12,2,1,0.832221,iid,0.8,3,0.165555,0.054046
WS(k=4;b=0.5),12,2,1,0.832221,iid,0.8,4,0.319471,0.165555
WS(k=4;b=0.5),12,2,1,0.832221,iid,0.8,5,0.207541,0.047099
WS(k=4;b=0.5),12,2,3,0.914179,exact,0.0,0,0.061682,0.020849
WS(k=4;b=0.5),12,2,3,0.914179,samp10,0.0,1,0.082358,0.040038
WS(k=4;b=0.5),12,2,3,0.914179,iid,0.05,1,0.250427,0.020849
WS(k=4;b=0.5),12,2,3,0.914179,iid,0.05,2,0.238382,0.040038
WS(k=4;b=0.5),12,2,3,0.914179,iid,0.05,3,0.254107,0.020849
WS(k=4;b=0.5),12,2,3,0.914179,iid,0.05,4,0.252083,0.00462
WS(k=4;b=0.5),12,2,3,0.914179,iid,0.05,5,0.250427,0.010008
WS(k=4;b=0.5),12,2,3,0.914179,iid,0.1,1,0.250427,0.020469
WS(k=4;b=0.5),12,2,3,0.914179,iid,0.1,2,0.234455,0.016231
WS(k=4;b=0.5),12,2,3,0.914179,iid,0.1,3,0.214942,0.020849
WS(k=4;b=0.5),12,2,3,0.914179,iid,0.1,4,0.243203,0.016231
WS(k=4;b=0.5),12,2,3,0.914179,iid,0.1,5,0.242541,0.028998
WS(k=4;b=0.5),12,2,3,0.914179,iid,0.2,1,0.245779,0.03972
WS(k=4;b=0.5),12,2,3,0.914179,iid,0.2,2,0.259814,0.018812
WS(k=4;b=0.5),12,2,3,0.914179,iid,0.2,3,0.231389,0.016694
WS(k=4;b=0.5),12,2,3,0.914179,iid,0.2,4,0.405544,0.040135
WS(k=4;b=0.5),12,2,3,0.914179,iid,0.2,5,0.250427,0.045207
WS(k=4;b=0.5),12,2,3,0.914179,iid,0.4,1,0.237783,0.075767
WS(k=4;b=0.5),12,2,3,0.914179,iid,0.4,2,0.31085,0.038526
WS(k=4;b=0.5),12,2,3,0.914179,iid,0.4,3,0.250427,0.055475
WS(k=4;b=0.5),12,2,3,0.914179,iid,0.4,4,0.250427,0.03972
WS(k=4;b=0.5),12,2,3,0.914179,iid,0.4,5,0.390661,0.056046
WS(k=4;b=0.5),12,2,3,0.914179,iid,0.8,1,0.227413,0.060273
WS(k=4;b=0.5),12,2,3,0.914179,iid,0.8,2,0.390661,0.047796
WS(k=4;b=0.5),12,2,3,0.914179,iid,0.8,3,0.31085,0.06574
WS(k=4;b=0.5),12,2,3,0.914179,iid,0.8,4,0.371816,0.038502
WS(k=4;b=0.5),12,2,3,0.914179,iid,0.8,5,0.306559,0.045106
WS(k=4;b=0.5),12,3,1,0.764643,exact,0.0,0,0.03398,0.063349
WS(k=4;b=0.5),12,3,1,0.764643,samp10,0.0,1,0.014348,0.014987
WS(k=4;b=0.5),12,3,1,0.764643,iid,0.05,1,0.081647,0.021595
WS(k=4;b=0.5),12,3,1,0.764643,iid,0.05,2,0.18292,0.018242
WS(k=4;b=0.5),12,3,1,0.764643,iid,0.05,3,0.164643,0.011528
WS(k=4;b=0.5),12,3,1,0.764643,iid,0.05,4,0.148668,0.029373
WS(k=4;b=0.5),12,3,1,0.764643,iid,0.05,5,0.164643,0.029288
WS(k=4;b=0.5),12,3,1,0.764643,iid,0.1,1,0.164643,0.011528
WS(k=4;b=0.5),12,3,1,0.764643,iid,0.1,2,0.164643,0.006159
WS(k=4;b=0.5),12,3,1,0.764643,iid,0.1,3,0.032866,0.006159
WS(k=4;b=0.5),12,3,1,0.764643,iid,0.1,4,0.164643,0.02718
WS(k=4;b=0.5),12,3,1,0.764643,iid,0.1,5,0.153802,0.021595
WS(k=4;b=0.5),12,3,1,0.764643,iid,0.2,1,0.164643,0.00182
WS(k=4;b=0.5),12,3,1,0.764643,iid,0.2,2,0.18292,0.001873
WS(k=4;b=0.5),12,3,1,0.764643,iid,0.2,3,0.125331,0.001873
WS(k=4;b=0.5),12,3,1,0.764643,iid,0.2,4,0.164643,0.018709
WS(k=4;b=0.5),12,3,1,0.764643,iid,0.2,5,0.164643,0.008479
WS(k=4;b=0.5),12,3,1,0.764643,iid,0.4,1,0.189336,0.021421
WS(k=4;b=0.5),12,3,1,0.764643,iid,0.4,2,0.164643,0.062192
WS(k=4;b=0.5),12,3,1,0.764643,iid,0.4,3,0.164643,0.010628
WS(k=4;b=0.5),12,3,1,0.764643,iid,0.4,4,0.164643,0.022093
WS(k=4;b=0.5),12,3,1,0.764643,iid,0.4,5,0.226206,0.009655
WS(k=4;b=0.5),12,3,1,0.764643,iid,0.8,1,0.164643,0.121911
WS(k=4;b=0.5),12,3,1,0.764643,iid,0.8,2,0.164643,0.060836
WS(k=4;b=0.5),12,3,1,0.764643,iid,0.8,3,0.198623,0.037058
WS(k=4;b=0.5),12,3,1,0.764643,iid,0.8,4,0.210701,0.056754
WS(k=4;b=0.5),12,3,1,0.764643,iid,0.8,5,0.164643,0.104075
WS(k=4;b=0.5),12,3,3,0.875523,exact,0.0,0,0.089118,0.078579
WS(k=4;b=0.5),12,3,3,0.875523,samp10,0.0,1,0.054991,0.060667
WS(k=4;b=0.5),12,3,3,0.875523,iid,0.05,1,0.221608,0.039331
WS(k=4;b=0.5),12,3,3,0.875523,iid,0.05,2,0.278253,0.070774
WS(k=4;b=0.5),12,3,3,0.875523,iid,0.05,3,0.274396,0.062735
WS(k=4;b=0.5),12,3,3,0.875523,iid,0.05,4,0.259802,0.060193
WS(k=4;b=0.5),12,3,3,0.875523,iid,0.05,5,0.282247,0.048108
WS(k=4;b=0.5),12,3,3,0.875523,iid,0.1,1,0.277775,0.065969
WS(k=4;b=0.5),12,3,3,0.875523,iid,0.1,2,0.277775,0.041196
WS(k=4;b=0.5),12,3,3,0.875523,iid,0.1,3,0.282247,0.034191
WS(k=4;b=0.5),12,3,3,0.875523,iid,0.1,4,0.218604,0.065528
WS(k=4;b=0.5),12,3,3,0.875523,iid,0.1,5,0.268912,0.060193
WS(k=4;b=0.5),12,3,3,0.875523,iid,0.2,1,0.251365,0.053716
WS(k=4;b=0.5),12,3,3,0.875523,iid,0.2,2,0.298016,0.063088
WS(k=4;b=0.5),12,3,3,0.875523,iid,0.2,3,0.27882,0.07929
WS(k=4;b=0.5),12,3,3,0.875523,iid,0.2,4,0.277775,0.043941
WS(k=4;b=0.5),12,3,3,0.875523,iid,0.2,5,0.277775,0.051397
WS(k=4;b=0.5),12,3,3,0.875523,iid,0.4,1,0.304772,0.076843
WS(k=4;b=0.5),12,3,3,0.875523,iid,0.4,2,0.335524,0.082241
WS(k=4;b=0.5),12,3,3,0.875523,iid,0.4,3,0.273618,0.030931
WS(k=4;b=0.5),12,3,3,0.875523,iid,0.4,4,0.277775,0.084381
WS(k=4;b=0.5),12,3,3,0.875523,iid,0.4,5,0.289863,0.09796
WS(k=4;b=0.5),12,3,3,0.875523,iid,0.8,1,0.277775,0.053563
WS(k=4;b=0.5),12,3,3,0.875523,iid,0.8,2,0.289395,0.044661
WS(k=4;b=0.5),12,3,3,0.875523,iid,0.8,3,0.285669,0.102688
WS(k=4;b=0.5),12,3,3,0.875523,iid,0.8,4,0.315483,0.135016
WS(k=4;b=0.5),12,3,3,0.875523,iid,0.8,5,0.269985,0.129131
WS(k=4;b=0.5),12,4,1,0.787335,exact,0.0,0,0.026155,0.056736
WS(k=4;b=0.5),12,4,1,0.787335,samp10,0.0,1,0.053996,0.007291
WS(k=4;b=0.5),12,4,1,0.787335,iid,0.05,1,0.155756,0.020244
WS(k=4;b=0.5),12,4,1,0.787335,iid,0.05,2,0.102352,0.048303
WS(k=4;b=0.5),12,4,1,0.787335,iid,0.05,3,0.155756,0.048303
WS(k=4;b=0.5),12,4,1,0.787335,iid,0.05,4,0.03912,0.013956
WS(k=4;b=0.5),12,4,1,0.787335,iid,0.05,5,0.155756,0.040438
WS(k=4;b=0.5),12,4,1,0.787335,iid,0.1,1,0.053996,0.026136
WS(k=4;b=0.5),12,4,1,0.787335,iid,0.1,2,0.155756,0.000839
WS(k=4;b=0.5),12,4,1,0.787335,iid,0.1,3,0.155756,0.026271
WS(k=4;b=0.5),12,4,1,0.787335,iid,0.1,4,0.155756,0.007291
WS(k=4;b=0.5),12,4,1,0.787335,iid,0.1,5,0.155756,0.020244
WS(k=4;b=0.5),12,4,1,0.787335,iid,0.2,1,0.119384,0.000839
WS(k=4;b=0.5),12,4,1,0.787335,iid,0.2,2,0.21755,0.000988
WS(k=4;b=0.5),12,4,1,0.787335,iid,0.2,3,0.189819,0.005556
WS(k=4;b=0.5),12,4,1,0.787335,iid,0.2,4,0.205459,0.016034
WS(k=4;b=0.5),12,4,1,0.787335,iid,0.2,5,0.172752,0.018881
WS(k=4;b=0.5),12,4,1,0.787335,iid,0.4,1,0.155756,0.000988
WS(k=4;b=0.5),12,4,1,0.787335,iid,0.4,2,0.221153,0.042523
WS(k=4;b=0.5),12,4,1,0.787335,iid,0.4,3,0.162868,0.014026
WS(k=4;b=0.5),12,4,1,0.787335,iid,0.4,4,0.155756,0.037289
WS(k=4;b=0.5),12,4,1,0.787335,iid,0.4,5,0.151247,0.02808
WS(k=4;b=0.5),12,4,1,0.787335,iid,0.8,1,0.155756,0.069958
WS(k=4;b=0.5),12,4,1,0.787335,iid,0.8,2,0.174063,0.14969
WS(k=4;b=0.5),12,4,1,0.787335,iid,0.8,3,0.234588,0.046873
WS(k=4;b=0.5),12,4,1,0.787335,iid,0.8,4,0.158804,0.155756
WS(k=4;b=0.5),12,4,1,0.787335,iid,0.8,5,0.278192,0.029455
WS(k=4;b=0.5),12,4,3,0.875172,exact,0.0,0,0.066132,0.038183
WS(k=4;b=0.5),12,4,3,0.875172,samp10,0.0,1,0.095155,0.055913
WS(k=4;b=0.5),12,4,3,0.875172,iid,0.05,1,0.12128,0.038183
WS(k=4;b=0.5),12,4,3,0.875172,iid,0.05,2,0.191272,0.038183
WS(k=4;b=0.5),12,4,3,0.875172,iid,0.05,3,0.246349,0.016609
WS(k=4;b=0.5),12,4,3,0.875172,iid,0.05,4,0.232453,0.038183
WS(k=4;b=0.5),12,4,3,0.875172,iid,0.05,5,0.240829,0.055913
WS(k=4;b=0.5),12,4,3,0.875172,iid,0.1,1,0.161936,0.034031
WS(k=4;b=0.5),12,4,3,0.875172,iid,0.1,2,0.234395,0.019021
WS(k=4;b=0.5),12,4,3,0.875172,iid,0.1,3,0.204761,0.032649
WS(k=4;b=0.5),12,4,3,0.875172,iid,0.1,4,0.239525,0.024804
WS(k=4;b=0.5),12,4,3,0.875172,iid,0.1,5,0.233282,0.024804
WS(k=4;b=0.5),12,4,3,0.875172,iid,0.2,1,0.277411,0.07008
WS(k=4;b=0.5),12,4,3,0.875172,iid,0.2,2,0.415182,0.067334
WS(k=4;b=0.5),12,4,3,0.875172,iid,0.2,3,0.233638,0.046939
WS(k=4;b=0.5),12,4,3,0.875172,iid,0.2,4,0.241955,0.062266
WS(k=4;b=0.5),12,4,3,0.875172,iid,0.2,5,0.307444,0.042225
WS(k=4;b=0.5),12,4,3,0.875172,iid,0.4,1,0.277618,0.039797
WS(k=4;b=0.5),12,4,3,0.875172,iid,0.4,2,0.374171,0.062423
WS(k=4;b=0.5),12,4,3,0.875172,iid,0.4,3,0.277411,0.039797
WS(k=4;b=0.5),12,4,3,0.875172,iid,0.4,4,0.31979,0.062677
WS(k=4;b=0.5),12,4,3,0.875172,iid,0.4,5,0.205205,0.019021
WS(k=4;b=0.5),12,4,3,0.875172,iid,0.8,1,0.227486,0.089
WS(k=4;b=0.5),12,4,3,0.875172,iid,0.8,2,0.277411,0.100828
WS(k=4;b=0.5),12,4,3,0.875172,iid,0.8,3,0.307444,0.083858
WS(k=4;b=0.5),12,4,3,0.875172,iid,0.8,4,0.266455,0.067235
WS(k=4;b=0.5),12,4,3,0.875172,iid,0.8,5,0.234959,0.054252
WS(k=4;b=0.5),12,5,1,0.795132,exact,0.0,0,0.02984,0.059059
WS(k=4;b=0.5),12,5,1,0.795132,samp10,0.0,1,0.028074,0.01369
WS(k=4;b=0.5),12,5,1,0.795132,iid,0.05,1,0.154502,0.020618
WS(k=4;b=0.5),12,5,1,0.795132,iid,0.05,2,0.068495,0.02601
WS(k=4;b=0.5),12,5,1,0.795132,iid,0.05,3,0.061418,0.033666
WS(k=4;b=0.5),12,5,1,0.795132,iid,0.05,4,0.163553,0.028536
WS(k=4;b=0.5),12,5,1,0.795132,iid,0.05,5,0.090676,0.01369
WS(k=4;b=0.5),12,5,1,0.795132,iid,0.1,1,0.170629,0.020618
WS(k=4;b=0.5),12,5,1,0.795132,iid,0.1,2,0.20122,0.007959
WS(k=4;b=0.5),12,5,1,0.795132,iid,0.1,3,0.163553,0.003333
WS(k=4;b=0.5),12,5,1,0.795132,iid,0.1,4,0.122,0.003333
WS(k=4;b=0.5),12,5,1,0.795132,iid,0.1,5,0.139266,0.007487
WS(k=4;b=0.5),12,5,1,0.795132,iid,0.2,1,0.163553,0.008283
WS(k=4;b=0.5),12,5,1,0.795132,iid,0.2,2,0.163466,0.01369
WS(k=4;b=0.5),12,5,1,0.795132,iid,0.2,3,0.163553,0.000846
WS(k=4;b=0.5),12,5,1,0.795132,iid,0.2,4,0.154502,0.006063
WS(k=4;b=0.5),12,5,1,0.795132,iid,0.2,5,0.184051,0.008283
WS(k=4;b=0.5),12,5,1,0.795132,iid,0.4,1,0.163553,0.018355
WS(k=4;b=0.5),12,5,1,0.795132,iid,0.4,2,0.163553,0.035245
WS(k=4;b=0.5),12,5,1,0.795132,iid,0.4,3,0.194598,0.033286
WS(k=4;b=0.5),12,5,1,0.795132,iid,0.4,4,0.163553,0.053064
WS(k=4;b=0.5),12,5,1,0.795132,iid,0.4,5,0.178811,0.008283
WS(k=4;b=0.5),12,5,1,0.795132,iid,0.8,1,0.232542,0.033286
WS(k=4;b=0.5),12,5,1,0.795132,iid,0.8,2,0.163553,0.051414
WS(k=4;b=0.5),12,5,1,0.795132,iid,0.8,3,0.163553,0.07802
WS(k=4;b=0.5),12,5,1,0.795132,iid,0.8,4,0.163407,0.06751
WS(k=4;b=0.5),12,5,1,0.795132,iid,0.8,5,0.259496,0.052692
WS(k=4;b=0.5),12,5,3,0.906733,exact,0.0,0,0.088384,0.076903
WS(k=4;b=0.5),12,5,3,0.906733,samp10,0.0,1,0.076131,0.037676
WS(k=4;b=0.5),12,5,3,0.906733,iid,0.05,1,0.269389,0.023265
WS(k=4;b=0.5),12,5,3,0.906733,iid,0.05,2,0.273795,0.046184
WS(k=4;b=0.5),12,5,3,0.906733,iid,0.05,3,0.176666,0.046184
WS(k=4;b=0.5),12,5,3,0.906733,iid,0.05,4,0.273336,0.062292
WS(k=4;b=0.5),12,5,3,0.906733,iid,0.05,5,0.208915,0.076903
WS(k=4;b=0.5),12,5,3,0.906733,iid,0.1,1,0.277716,0.037469
WS(k=4;b=0.5),12,5,3,0.906733,iid,0.1,2,0.272586,0.046184
WS(k=4;b=0.5),12,5,3,0.906733,iid,0.1,3,0.266451,0.038401
WS(k=4;b=0.5),12,5,3,0.906733,iid,0.1,4,0.227124,0.034259
WS(k=4;b=0.5),12,5,3,0.906733,iid,0.1,5,0.247824,0.084918
WS(k=4;b=0.5),12,5,3,0.906733,iid,0.2,1,0.277716,0.03608
WS(k=4;b=0.5),12,5,3,0.906733,iid,0.2,2,0.44286,0.048853
WS(k=4;b=0.5),12,5,3,0.906733,iid,0.2,3,0.277716,0.035552
WS(k=4;b=0.5),12,5,3,0.906733,iid,0.2,4,0.288844,0.073874
WS(k=4;b=0.5),12,5,3,0.906733,iid,0.2,5,0.250558,0.033814
WS(k=4;b=0.5),12,5,3,0.906733,iid,0.4,1,0.337232,0.058254
WS(k=4;b=0.5),12,5,3,0.906733,iid,0.4,2,0.383643,0.083449
WS(k=4;b=0.5),12,5,3,0.906733,iid,0.4,3,0.35555,0.092108
WS(k=4;b=0.5),12,5,3,0.906733,iid,0.4,4,0.277716,0.081839
WS(k=4;b=0.5),12,5,3,0.906733,iid,0.4,5,0.36578,0.078133
WS(k=4;b=0.5),12,5,3,0.906733,iid,0.8,1,0.347281,0.123348
WS(k=4;b=0.5),12,5,3,0.906733,iid,0.8,2,0.266451,0.081766
WS(k=4;b=0.5),12,5,3,0.906733,iid,0.8,3,0.290787,0.110065
WS(k=4;b=0.5),12,5,3,0.906733,iid,0.8,4,0.259725,0.121936
WS(k=4;b=0.5),12,5,3,0.906733,iid,0.8,5,0.278699,0.110065
WS(k=4;b=0.5),12,6,1,0.836743,exact,0.0,0,0.030547,0.034638
WS(k=4;b=0.5),12,6,1,0.836743,samp10,0.0,1,0.057967,0.003992
WS(k=4;b=0.5),12,6,1,0.836743,iid,0.05,1,0.170076,0.034638
WS(k=4;b=0.5),12,6,1,0.836743,iid,0.05,2,0.170076,0.013927
WS(k=4;b=0.5),12,6,1,0.836743,iid,0.05,3,0.169131,0.013927
WS(k=4;b=0.5),12,6,1,0.836743,iid,0.05,4,0.162083,0.034638
WS(k=4;b=0.5),12,6,1,0.836743,iid,0.05,5,0.170076,0.020809
WS(k=4;b=0.5),12,6,1,0.836743,iid,0.1,1,0.170076,0.019606
WS(k=4;b=0.5),12,6,1,0.836743,iid,0.1,2,0.139049,0.0
WS(k=4;b=0.5),12,6,1,0.836743,iid,0.1,3,0.170076,0.012712
WS(k=4;b=0.5),12,6,1,0.836743,iid,0.1,4,0.162083,0.013927
WS(k=4;b=0.5),12,6,1,0.836743,iid,0.1,5,0.170076,0.007108
WS(k=4;b=0.5),12,6,1,0.836743,iid,0.2,1,0.17995,0.023512
WS(k=4;b=0.5),12,6,1,0.836743,iid,0.2,2,0.170076,0.015822
WS(k=4;b=0.5),12,6,1,0.836743,iid,0.2,3,0.283684,0.015739
WS(k=4;b=0.5),12,6,1,0.836743,iid,0.2,4,0.170076,0.012712
WS(k=4;b=0.5),12,6,1,0.836743,iid,0.2,5,0.160744,0.026179
WS(k=4;b=0.5),12,6,1,0.836743,iid,0.4,1,0.272892,0.021479
WS(k=4;b=0.5),12,6,1,0.836743,iid,0.4,2,0.296626,0.055727
WS(k=4;b=0.5),12,6,1,0.836743,iid,0.4,3,0.170076,0.015739
WS(k=4;b=0.5),12,6,1,0.836743,iid,0.4,4,0.160744,0.051933
WS(k=4;b=0.5),12,6,1,0.836743,iid,0.4,5,0.170159,0.032425
WS(k=4;b=0.5),12,6,1,0.836743,iid,0.8,1,0.170076,0.033021
WS(k=4;b=0.5),12,6,1,0.836743,iid,0.8,2,0.300589,0.07695
WS(k=4;b=0.5),12,6,1,0.836743,iid,0.8,3,0.317183,0.046116
WS(k=4;b=0.5),12,6,1,0.836743,iid,0.8,4,0.196808,0.037067
WS(k=4;b=0.5),12,6,1,0.836743,iid,0.8,5,0.170076,0.393845
WS(k=4;b=0.5),12,6,3,0.915807,exact,0.0,0,0.059828,0.033935
WS(k=4;b=0.5),12,6,3,0.915807,samp10,0.0,1,0.093742,0.008048
WS(k=4;b=0.5),12,6,3,0.915807,iid,0.05,1,0.246949,0.021886
WS(k=4;b=0.5),12,6,3,0.915807,iid,0.05,2,0.251958,0.037107
WS(k=4;b=0.5),12,6,3,0.915807,iid,0.05,3,0.251958,0.037107
WS(k=4;b=0.5),12,6,3,0.915807,iid,0.05,4,0.236663,0.04678
WS(k=4;b=0.5),12,6,3,0.915807,iid,0.05,5,0.251958,0.033935
WS(k=4;b=0.5),12,6,3,0.915807,iid,0.1,1,0.239951,0.033001
WS(k=4;b=0.5),12,6,3,0.915807,iid,0.1,2,0.241999,0.031603
WS(k=4;b=0.5),12,6,3,0.915807,iid,0.1,3,0.251958,0.015679
WS(k=4;b=0.5),12,6,3,0.915807,iid,0.1,4,0.23719,0.05988
WS(k=4;b=0.5),12,6,3,0.915807,iid,0.1,5,0.208082,0.033001
WS(k=4;b=0.5),12,6,3,0.915807,iid,0.2,1,0.251958,0.031603
WS(k=4;b=0.5),12,6,3,0.915807,iid,0.2,2,0.293797,0.039347
WS(k=4;b=0.5),12,6,3,0.915807,iid,0.2,3,0.240663,0.039347
WS(k=4;b=0.5),12,6,3,0.915807,iid,0.2,4,0.247303,0.043433
WS(k=4;b=0.5),12,6,3,0.915807,iid,0.2,5,0.244093,0.063012
WS(k=4;b=0.5),12,6,3,0.915807,iid,0.4,1,0.251958,0.034472
WS(k=4;b=0.5),12,6,3,0.915807,iid,0.4,2,0.235293,0.054018
WS(k=4;b=0.5),12,6,3,0.915807,iid,0.4,3,0.416503,0.033001
WS(k=4;b=0.5),12,6,3,0.915807,iid,0.4,4,0.235293,0.079881
WS(k=4;b=0.5),12,6,3,0.915807,iid,0.4,5,0.247303,0.097037
WS(k=4;b=0.5),12,6,3,0.915807,iid,0.8,1,0.239402,0.147859
WS(k=4;b=0.5),12,6,3,0.915807,iid,0.8,2,0.344821,0.078112
WS(k=4;b=0.5),12,6,3,0.915807,iid,0.8,3,0.325801,0.039347
WS(k=4;b=0.5),12,6,3,0.915807,iid,0.8,4,0.251958,0.084699
WS(k=4;b=0.5),12,6,3,0.915807,iid,0.8,5,0.260726,0.057487
WS(k=4;b=0.5),12,7,1,0.765067,exact,0.0,0,0.034457,0.041638
WS(k=4;b=0.5),12,7,1,0.765067,samp10,0.0,1,0.030066,0.033887
WS(k=4;b=0.5),12,7,1,0.765067,iid,0.05,1,0.165067,0.017122
WS(k=4;b=0.5),12,7,1,0.765067,iid,0.05,2,0.175209,0.017122
WS(k=4;b=0.5),12,7,1,0.765067,iid,0.05,3,0.149091,0.010664
WS(k=4;b=0.5),12,7,1,0.765067,iid,0.05,4,0.139274,0.019858
WS(k=4;b=0.5),12,7,1,0.765067,iid,0.05,5,0.149091,0.017122
WS(k=4;b=0.5),12,7,1,0.765067,iid,0.1,1,0.165067,0.017122
WS(k=4;b=0.5),12,7,1,0.765067,iid,0.1,2,0.156456,0.017122
WS(k=4;b=0.5),12,7,1,0.765067,iid,0.1,3,0.165067,0.027232
WS(k=4;b=0.5),12,7,1,0.765067,iid,0.1,4,0.165067,0.010664
WS(k=4;b=0.5),12,7,1,0.765067,iid,0.1,5,0.165067,0.00733
WS(k=4;b=0.5),12,7,1,0.765067,iid,0.2,1,0.170164,0.008833
WS(k=4;b=0.5),12,7,1,0.765067,iid,0.2,2,0.165067,0.018759
WS(k=4;b=0.5),12,7,1,0.765067,iid,0.2,3,0.2246,0.013884
WS(k=4;b=0.5),12,7,1,0.765067,iid,0.2,4,0.198403,0.049449
WS(k=4;b=0.5),12,7,1,0.765067,iid,0.2,5,0.125723,0.001982
WS(k=4;b=0.5),12,7,1,0.765067,iid,0.4,1,0.172684,0.011095
WS(k=4;b=0.5),12,7,1,0.765067,iid,0.4,2,0.211916,0.038356
WS(k=4;b=0.5),12,7,1,0.765067,iid,0.4,3,0.165902,0.025031
WS(k=4;b=0.5),12,7,1,0.765067,iid,0.4,4,0.165067,0.037739
WS(k=4;b=0.5),12,7,1,0.765067,iid,0.4,5,0.165067,0.02062
WS(k=4;b=0.5),12,7,1,0.765067,iid,0.8,1,0.172286,0.044514
WS(k=4;b=0.5),12,7,1,0.765067,iid,0.8,2,0.165067,0.056692
WS(k=4;b=0.5),12,7,1,0.765067,iid,0.8,3,0.153633,0.059842
WS(k=4;b=0.5),12,7,1,0.765067,iid,0.8,4,0.165067,0.035322
WS(k=4;b=0.5),12,7,1,0.765067,iid,0.8,5,0.18007,0.063699
WS(k=4;b=0.5),12,7,3,0.882203,exact,0.0,0,0.095317,0.070439
WS(k=4;b=0.5),12,7,3,0.882203,samp10,0.0,1,0.080969,0.026784
WS(k=4;b=0.5),12,7,3,0.882203,iid,0.05,1,0.145085,0.070897
WS(k=4;b=0.5),12,7,3,0.882203,iid,0.05,2,0.284456,0.045993
WS(k=4;b=0.5),12,7,3,0.882203,iid,0.05,3,0.275991,0.066739
WS(k=4;b=0.5),12,7,3,0.882203,iid,0.05,4,0.241605,0.070897
WS(k=4;b=0.5),12,7,3,0.882203,iid,0.05,5,0.254014,0.081168
WS(k=4;b=0.5),12,7,3,0.882203,iid,0.1,1,0.284456,0.070897
WS(k=4;b=0.5),12,7,3,0.882203,iid,0.1,2,0.280297,0.064878
WS(k=4;b=0.5),12,7,3,0.882203,iid,0.1,3,0.308024,0.055864
WS(k=4;b=0.5),12,7,3,0.882203,iid,0.1,4,0.265132,0.055864
WS(k=4;b=0.5),12,7,3,0.882203,iid,0.1,5,0.284936,0.047704
WS(k=4;b=0.5),12,7,3,0.882203,iid,0.2,1,0.321017,0.072912
WS(k=4;b=0.5),12,7,3,0.882203,iid,0.2,2,0.284456,0.070473
WS(k=4;b=0.5),12,7,3,0.882203,iid,0.2,3,0.43358,0.095657
WS(k=4;b=0.5),12,7,3,0.882203,iid,0.2,4,0.238307,0.145912
WS(k=4;b=0.5),12,7,3,0.882203,iid,0.2,5,0.177304,0.093559
WS(k=4;b=0.5),12,7,3,0.882203,iid,0.4,1,0.265156,0.042386
WS(k=4;b=0.5),12,7,3,0.882203,iid,0.4,2,0.326893,0.088395
WS(k=4;b=0.5),12,7,3,0.882203,iid,0.4,3,0.337072,0.064531
WS(k=4;b=0.5),12,7,3,0.882203,iid,0.4,4,0.284456,0.069677
WS(k=4;b=0.5),12,7,3,0.882203,iid,0.4,5,0.332985,0.093559
WS(k=4;b=0.5),12,7,3,0.882203,iid,0.8,1,0.271427,0.122082
WS(k=4;b=0.5),12,7,3,0.882203,iid,0.8,2,0.242553,0.088696
WS(k=4;b=0.5),12,7,3,0.882203,iid,0.8,3,0.280297,0.080448
WS(k=4;b=0.5),12,7,3,0.882203,iid,0.8,4,0.325474,0.13586
WS(k=4;b=0.5),12,7,3,0.882203,iid,0.8,5,0.27169,0.061668
WS(k=4;b=0.5),12,8,1,0.792171,exact,0.0,0,0.028681,0.031784
WS(k=4;b=0.5),12,8,1,0.792171,samp10,0.0,1,0.055712,0.01917
WS(k=4;b=0.5),12,8,1,0.792171,iid,0.05,1,0.160593,0.031784
WS(k=4;b=0.5),12,8,1,0.792171,iid,0.05,2,0.160593,0.012749
WS(k=4;b=0.5),12,8,1,0.792171,iid,0.05,3,0.060155,0.012749
WS(k=4;b=0.5),12,8,1,0.792171,iid,0.05,4,0.160593,0.031784
WS(k=4;b=0.5),12,8,1,0.792171,iid,0.05,5,0.176732,0.031784
WS(k=4;b=0.5),12,8,1,0.792171,iid,0.1,1,0.160593,0.01917
WS(k=4;b=0.5),12,8,1,0.792171,iid,0.1,2,0.176514,0.007469
WS(k=4;b=0.5),12,8,1,0.792171,iid,0.1,3,0.160593,0.025816
WS(k=4;b=0.5),12,8,1,0.792171,iid,0.1,4,0.160593,0.001051
WS(k=4;b=0.5),12,8,1,0.792171,iid,0.1,5,0.195762,0.005291
WS(k=4;b=0.5),12,8,1,0.792171,iid,0.2,1,0.169159,0.025816
WS(k=4;b=0.5),12,8,1,0.792171,iid,0.2,2,0.119613,0.007348
WS(k=4;b=0.5),12,8,1,0.792171,iid,0.2,3,0.140506,0.010986
WS(k=4;b=0.5),12,8,1,0.792171,iid,0.2,4,0.154241,0.01603
WS(k=4;b=0.5),12,8,1,0.792171,iid,0.2,5,0.124499,0.0
WS(k=4;b=0.5),12,8,1,0.792171,iid,0.4,1,0.229958,0.030056
WS(k=4;b=0.5),12,8,1,0.792171,iid,0.4,2,0.162246,0.020352
WS(k=4;b=0.5),12,8,1,0.792171,iid,0.4,3,0.160593,0.038689
WS(k=4;b=0.5),12,8,1,0.792171,iid,0.4,4,0.164686,0.043962
WS(k=4;b=0.5),12,8,1,0.792171,iid,0.4,5,0.160593,0.010192
WS(k=4;b=0.5),12,8,1,0.792171,iid,0.8,1,0.265545,0.030056
WS(k=4;b=0.5),12,8,1,0.792171,iid,0.8,2,0.160593,0.035138
WS(k=4;b=0.5),12,8,1,0.792171,iid,0.8,3,0.16455,0.081394
WS(k=4;b=0.5),12,8,1,0.792171,iid,0.8,4,0.160593,0.160593
WS(k=4;b=0.5),12,8,1,0.792171,iid,0.8,5,0.160593,0.050642
WS(k=4;b=0.5),12,8,3,0.883416,exact,0.0,0,0.069988,0.048506
WS(k=4;b=0.5),12,8,3,0.883416,samp10,0.0,1,0.102243,0.01324
WS(k=4;b=0.5),12,8,3,0.883416,iid,0.05,1,0.254502,0.030536
WS(k=4;b=0.5),12,8,3,0.883416,iid,0.05,2,0.262574,0.030536
WS(k=4;b=0.5),12,8,3,0.883416,iid,0.05,3,0.198053,0.048506
WS(k=4;b=0.5),12,8,3,0.883416,iid,0.05,4,0.254502,0.02064
WS(k=4;b=0.5),12,8,3,0.883416,iid,0.05,5,0.271997,0.030536
WS(k=4;b=0.5),12,8,3,0.883416,iid,0.1,1,0.201576,0.02064
WS(k=4;b=0.5),12,8,3,0.883416,iid,0.1,2,0.271108,0.029858
WS(k=4;b=0.5),12,8,3,0.883416,iid,0.1,3,0.250104,0.038169
WS(k=4;b=0.5),12,8,3,0.883416,iid,0.1,4,0.254502,0.02064
WS(k=4;b=0.5),12,8,3,0.883416,iid,0.1,5,0.283052,0.035089
WS(k=4;b=0.5),12,8,3,0.883416,iid,0.2,1,0.250936,0.048642
WS(k=4;b=0.5),12,8,3,0.883416,iid,0.2,2,0.235269,0.056853
WS(k=4;b=0.5),12,8,3,0.883416,iid,0.2,3,0.372232,0.04919
WS(k=4;b=0.5),12,8,3,0.883416,iid,0.2,4,0.331604,0.065793
WS(k=4;b=0.5),12,8,3,0.883416,iid,0.2,5,0.222,0.042436
WS(k=4;b=0.5),12,8,3,0.883416,iid,0.4,1,0.30556,0.041276
WS(k=4;b=0.5),12,8,3,0.883416,iid,0.4,2,0.30556,0.066191
WS(k=4;b=0.5),12,8,3,0.883416,iid,0.4,3,0.254502,0.095754
WS(k=4;b=0.5),12,8,3,0.883416,iid,0.4,4,0.349671,0.044146
WS(k=4;b=0.5),12,8,3,0.883416,iid,0.4,5,0.369089,0.048642
WS(k=4;b=0.5),12,8,3,0.883416,iid,0.8,1,0.414894,0.241411
WS(k=4;b=0.5),12,8,3,0.883416,iid,0.8,2,0.39786,0.20973
WS(k=4;b=0.5),12,8,3,0.883416,iid,0.8,3,0.23798,0.078351
WS(k=4;b=0.5),12,8,3,0.883416,iid,0.8,4,0.271614,0.049963
WS(k=4;b=0.5),12,8,3,0.883416,iid,0.8,5,0.300656,0.101592
WS(k=4;b=0.5),12,9,1,0.826582,exact,0.0,0,0.031067,0.032292
WS(k=4;b=0.5),12,9,1,0.826582,samp10,0.0,1,0.031067,0.008629
WS(k=4;b=0.5),12,9,1,0.826582,iid,0.05,1,0.159916,0.026128
WS(k=4;b=0.5),12,9,1,0.826582,iid,0.05,2,0.031067,0.019158
WS(k=4;b=0.5),12,9,1,0.826582,iid,0.05,3,0.159916,0.013379
WS(k=4;b=0.5),12,9,1,0.826582,iid,0.05,4,0.112928,0.019158
WS(k=4;b=0.5),12,9,1,0.826582,iid,0.05,5,0.126231,0.019158
WS(k=4;b=0.5),12,9,1,0.826582,iid,0.1,1,0.196642,0.011184
WS(k=4;b=0.5),12,9,1,0.826582,iid,0.1,2,0.159916,0.006329
WS(k=4;b=0.5),12,9,1,0.826582,iid,0.1,3,0.159916,0.013379
WS(k=4;b=0.5),12,9,1,0.826582,iid,0.1,4,0.159916,0.024081
WS(k=4;b=0.5),12,9,1,0.826582,iid,0.1,5,0.159916,0.009452
WS(k=4;b=0.5),12,9,1,0.826582,iid,0.2,1,0.159916,0.024081
WS(k=4;b=0.5),12,9,1,0.826582,iid,0.2,2,0.189266,0.003972
WS(k=4;b=0.5),12,9,1,0.826582,iid,0.2,3,0.150972,0.005978
WS(k=4;b=0.5),12,9,1,0.826582,iid,0.2,4,0.159916,0.000579
WS(k=4;b=0.5),12,9,1,0.826582,iid,0.2,5,0.178476,0.009452
WS(k=4;b=0.5),12,9,1,0.826582,iid,0.4,1,0.219942,0.079748
WS(k=4;b=0.5),12,9,1,0.826582,iid,0.4,2,0.159916,0.017916
WS(k=4;b=0.5),12,9,1,0.826582,iid,0.4,3,0.149764,0.057863
WS(k=4;b=0.5),12,9,1,0.826582,iid,0.4,4,0.249685,0.022913
WS(k=4;b=0.5),12,9,1,0.826582,iid,0.4,5,0.171963,0.003972
WS(k=4;b=0.5),12,9,1,0.826582,iid,0.8,1,0.159916,0.026954
WS(k=4;b=0.5),12,9,1,0.826582,iid,0.8,2,0.287555,0.078904
WS(k=4;b=0.5),12,9,1,0.826582,iid,0.8,3,0.159916,0.012865
WS(k=4;b=0.5),12,9,1,0.826582,iid,0.8,4,0.159916,0.031503
WS(k=4;b=0.5),12,9,1,0.826582,iid,0.8,5,0.167519,0.017916
WS(k=4;b=0.5),12,9,3,0.911972,exact,0.0,0,0.063968,0.026559
WS(k=4;b=0.5),12,9,3,0.911972,samp10,0.0,1,0.051731,0.01031
WS(k=4;b=0.5),12,9,3,0.911972,iid,0.05,1,0.248415,0.021689
WS(k=4;b=0.5),12,9,3,0.911972,iid,0.05,2,0.080355,0.017661
WS(k=4;b=0.5),12,9,3,0.911972,iid,0.05,3,0.248415,0.039209
WS(k=4;b=0.5),12,9,3,0.911972,iid,0.05,4,0.213699,0.026559
WS(k=4;b=0.5),12,9,3,0.911972,iid,0.05,5,0.268404,0.014011
WS(k=4;b=0.5),12,9,3,0.911972,iid,0.1,1,0.270331,0.033423
WS(k=4;b=0.5),12,9,3,0.911972,iid,0.1,2,0.23928,0.039209
WS(k=4;b=0.5),12,9,3,0.911972,iid,0.1,3,0.218364,0.0221
WS(k=4;b=0.5),12,9,3,0.911972,iid,0.1,4,0.243509,0.043231
WS(k=4;b=0.5),12,9,3,0.911972,iid,0.1,5,0.270331,0.026559
WS(k=4;b=0.5),12,9,3,0.911972,iid,0.2,1,0.248415,0.033483
WS(k=4;b=0.5),12,9,3,0.911972,iid,0.2,2,0.277446,0.029481
WS(k=4;b=0.5),12,9,3,0.911972,iid,0.2,3,0.236293,0.072009
WS(k=4;b=0.5),12,9,3,0.911972,iid,0.2,4,0.363879,0.047762
WS(k=4;b=0.5),12,9,3,0.911972,iid,0.2,5,0.415423,0.058502
WS(k=4;b=0.5),12,9,3,0.911972,iid,0.4,1,0.314876,0.043231
WS(k=4;b=0.5),12,9,3,0.911972,iid,0.4,2,0.305255,0.109878
WS(k=4;b=0.5),12,9,3,0.911972,iid,0.4,3,0.299759,0.118166
WS(k=4;b=0.5),12,9,3,0.911972,iid,0.4,4,0.239576,0.046669
WS(k=4;b=0.5),12,9,3,0.911972,iid,0.4,5,0.397419,0.038349
WS(k=4;b=0.5),12,9,3,0.911972,iid,0.8,1,0.339553,0.055193
WS(k=4;b=0.5),12,9,3,0.911972,iid,0.8,2,0.423388,0.079892
WS(k=4;b=0.5),12,9,3,0.911972,iid,0.8,3,0.361317,0.069451
WS(k=4;b=0.5),12,9,3,0.911972,iid,0.8,4,0.235553,0.097378
WS(k=4;b=0.5),12,9,3,0.911972,iid,0.8,5,0.23928,0.074555
WS(k=4;b=0.5),12,10,1,0.835704,exact,0.0,0,0.029984,0.058496
WS(k=4;b=0.5),12,10,1,0.835704,samp10,0.0,1,0.035692,0.025959
WS(k=4;b=0.5),12,10,1,0.835704,iid,0.05,1,0.178078,0.041347
WS(k=4;b=0.5),12,10,1,0.835704,iid,0.05,2,0.176638,0.013414
WS(k=4;b=0.5),12,10,1,0.835704,iid,0.05,3,0.169038,0.020118
WS(k=4;b=0.5),12,10,1,0.835704,iid,0.05,4,0.169038,0.020118
WS(k=4;b=0.5),12,10,1,0.835704,iid,0.05,5,0.180694,0.027809
WS(k=4;b=0.5),12,10,1,0.835704,iid,0.1,1,0.254726,0.002997
WS(k=4;b=0.5),12,10,1,0.835704,iid,0.1,2,0.116897,0.019272
WS(k=4;b=0.5),12,10,1,0.835704,iid,0.1,3,0.185836,0.019272
WS(k=4;b=0.5),12,10,1,0.835704,iid,0.1,4,0.155846,0.013414
WS(k=4;b=0.5),12,10,1,0.835704,iid,0.1,5,0.169038,0.007046
WS(k=4;b=0.5),12,10,1,0.835704,iid,0.2,1,0.169038,0.011619
WS(k=4;b=0.5),12,10,1,0.835704,iid,0.2,2,0.170887,0.007792
WS(k=4;b=0.5),12,10,1,0.835704,iid,0.2,3,0.169038,0.048624
WS(k=4;b=0.5),12,10,1,0.835704,iid,0.2,4,0.240475,0.007792
WS(k=4;b=0.5),12,10,1,0.835704,iid,0.2,5,0.169038,0.005257
WS(k=4;b=0.5),12,10,1,0.835704,iid,0.4,1,0.179576,0.046276
WS(k=4;b=0.5),12,10,1,0.835704,iid,0.4,2,0.169038,0.010653
WS(k=4;b=0.5),12,10,1,0.835704,iid,0.4,3,0.170733,0.033309
WS(k=4;b=0.5),12,10,1,0.835704,iid,0.4,4,0.169038,0.016901
WS(k=4;b=0.5),12,10,1,0.835704,iid,0.4,5,0.178078,0.026393
WS(k=4;b=0.5),12,10,1,0.835704,iid,0.8,1,0.169038,0.052066
WS(k=4;b=0.5),12,10,1,0.835704,iid,0.8,2,0.165973,0.083255
WS(k=4;b=0.5),12,10,1,0.835704,iid,0.8,3,0.169038,0.059652
WS(k=4;b=0.5),12,10,1,0.835704,iid,0.8,4,0.199189,0.076813
WS(k=4;b=0.5),12,10,1,0.835704,iid,0.8,5,0.162917,0.09792
WS(k=4;b=0.5),12,10,3,0.927756,exact,0.0,0,0.06941,0.015278
WS(k=4;b=0.5),12,10,3,0.927756,samp10,0.0,1,0.091383,0.004853
WS(k=4;b=0.5),12,10,3,0.927756,iid,0.05,1,0.287941,0.020388
WS(k=4;b=0.5),12,10,3,0.927756,iid,0.05,2,0.272303,0.039007
WS(k=4;b=0.5),12,10,3,0.927756,iid,0.05,3,0.266014,0.020388
WS(k=4;b=0.5),12,10,3,0.927756,iid,0.05,4,0.253967,0.020388
WS(k=4;b=0.5),12,10,3,0.927756,iid,0.05,5,0.2639,0.020388
WS(k=4;b=0.5),12,10,3,0.927756,iid,0.1,1,0.264022,0.033096
WS(k=4;b=0.5),12,10,3,0.927756,iid,0.1,2,0.258268,0.039007
WS(k=4;b=0.5),12,10,3,0.927756,iid,0.1,3,0.255701,0.043452
WS(k=4;b=0.5),12,10,3,0.927756,iid,0.1,4,0.250228,0.048213
WS(k=4;b=0.5),12,10,3,0.927756,iid,0.1,5,0.281905,0.020388
WS(k=4;b=0.5),12,10,3,0.927756,iid,0.2,1,0.436807,0.028284
WS(k=4;b=0.5),12,10,3,0.927756,iid,0.2,2,0.253628,0.02012
WS(k=4;b=0.5),12,10,3,0.927756,iid,0.2,3,0.330045,0.066619
WS(k=4;b=0.5),12,10,3,0.927756,iid,0.2,4,0.332544,0.028284
WS(k=4;b=0.5),12,10,3,0.927756,iid,0.2,5,0.375485,0.042207
WS(k=4;b=0.5),12,10,3,0.927756,iid,0.4,1,0.272303,0.090797
WS(k=4;b=0.5),12,10,3,0.927756,iid,0.4,2,0.2639,0.049232
WS(k=4;b=0.5),12,10,3,0.927756,iid,0.4,3,0.362411,0.083054
WS(k=4;b=0.5),12,10,3,0.927756,iid,0.4,4,0.357518,0.089277
WS(k=4;b=0.5),12,10,3,0.927756,iid,0.4,5,0.259261,0.07054
WS(k=4;b=0.5),12,10,3,0.927756,iid,0.8,1,0.259261,0.077579
WS(k=4;b=0.5),12,10,3,0.927756,iid,0.8,2,0.339507,0.09398
WS(k=4;b=0.5),12,10,3,0.927756,iid,0.8,3,0.31343,0.099736
WS(k=4;b=0.5),12,10,3,0.927756,iid,0.8,4,0.308561,0.043813
WS(k=4;b=0.5),12,10,3,0.927756,iid,0.8,5,0.443185,0.042889
3-regular,12,1,1,0.778747,exact,0.0,0,0.048749,0.053292
3-regular,12,1,1,0.778747,samp10,0.0,1,0.043135,0.017669
3-regular,12,1,1,0.778747,iid,0.05,1,0.195209,0.021734
3-regular,12,1,1,0.778747,iid,0.05,2,0.153429,0.007433
3-regular,12,1,1,0.778747,iid,0.05,3,0.203351,0.017669
3-regular,12,1,1,0.778747,iid,0.05,4,0.216247,0.020844
3-regular,12,1,1,0.778747,iid,0.05,5,0.104407,0.008787
3-regular,12,1,1,0.778747,iid,0.1,1,0.143104,0.033142
3-regular,12,1,1,0.778747,iid,0.1,2,0.216247,0.023401
3-regular,12,1,1,0.778747,iid,0.1,3,0.216247,0.013738
3-regular,12,1,1,0.778747,iid,0.1,4,0.221624,0.015051
3-regular,12,1,1,0.778747,iid,0.1,5,0.203351,0.033142
3-regular,12,1,1,0.778747,iid,0.2,1,0.169263,0.094493
3-regular,12,1,1,0.778747,iid,0.2,2,0.216247,0.04945
3-regular,12,1,1,0.778747,iid,0.2,3,0.214306,0.042649
3-regular,12,1,1,0.778747,iid,0.2,4,0.216247,0.023401
3-regular,12,1,1,0.778747,iid,0.2,5,0.13258,0.216247
3-regular,12,1,1,0.778747,iid,0.4,1,0.216247,0.233528
3-regular,12,1,1,0.778747,iid,0.4,2,0.216247,0.062303
3-regular,12,1,1,0.778747,iid,0.4,3,0.216247,0.090538
3-regular,12,1,1,0.778747,iid,0.4,4,0.216247,0.093124
3-regular,12,1,1,0.778747,iid,0.4,5,0.232739,0.12206
3-regular,12,1,1,0.778747,iid,0.8,1,0.216247,0.216247
3-regular,12,1,1,0.778747,iid,0.8,2,0.216247,0.111806
3-regular,12,1,1,0.778747,iid,0.8,3,0.216247,0.115883
3-regular,12,1,1,0.778747,iid,0.8,4,0.202224,0.11822
3-regular,12,1,1,0.778747,iid,0.8,5,0.214306,0.424125
3-regular,12,1,3,0.923538,exact,0.0,0,0.097507,0.035531
3-regular,12,1,3,0.923538,samp10,0.0,1,0.142202,0.022185
3-regular,12,1,3,0.923538,iid,0.05,1,0.401812,0.047818
3-regular,12,1,3,0.923538,iid,0.05,2,0.342612,0.077945
3-regular,12,1,3,0.923538,iid,0.05,3,0.388583,0.094105
3-regular,12,1,3,0.923538,iid,0.05,4,0.358731,0.01798
3-regular,12,1,3,0.923538,iid,0.05,5,0.296266,0.094105
3-regular,12,1,3,0.923538,iid,0.1,1,0.388583,0.146921
3-regular,12,1,3,0.923538,iid,0.1,2,0.362654,0.168489
3-regular,12,1,3,0.923538,iid,0.1,3,0.362654,0.073656
3-regular,12,1,3,0.923538,iid,0.1,4,0.375473,0.120809
3-regular,12,1,3,0.923538,iid,0.1,5,0.360162,0.165423
3-regular,12,1,3,0.923538,iid,0.2,1,0.355527,0.104081
3-regular,12,1,3,0.923538,iid,0.2,2,0.398803,0.091387
3-regular,12,1,3,0.923538,iid,0.2,3,0.350721,0.091387
3-regular,12,1,3,0.923538,iid,0.2,4,0.358731,0.107823
3-regular,12,1,3,0.923538,iid,0.2,5,0.366915,0.181657
3-regular,12,1,3,0.923538,iid,0.4,1,0.393916,0.283434
3-regular,12,1,3,0.923538,iid,0.4,2,0.314358,0.200052
3-regular,12,1,3,0.923538,iid,0.4,3,0.355431,0.200052
3-regular,12,1,3,0.923538,iid,0.4,4,0.340193,0.132956
3-regular,12,1,3,0.923538,iid,0.4,5,0.373973,0.182395
3-regular,12,1,3,0.923538,iid,0.8,1,0.395616,0.12539
3-regular,12,1,3,0.923538,iid,0.8,2,0.407035,0.335434
3-regular,12,1,3,0.923538,iid,0.8,3,0.376262,0.228321
3-regular,12,1,3,0.923538,iid,0.8,4,0.360162,0.253545
3-regular,12,1,3,0.923538,iid,0.8,5,0.394937,0.335434
3-regular,12,2,1,0.759324,exact,0.0,0,0.036765,0.034168
3-regular,12,2,1,0.759324,samp10,0.0,1,0.011423,0.006948
3-regular,12,2,1,0.759324,iid,0.05,1,0.047734,0.019042
3-regular,12,2,1,0.759324,iid,0.05,2,0.215609,0.004992
3-regular,12,2,1,0.759324,iid,0.05,3,0.196824,0.0
3-regular,12,2,1,0.759324,iid,0.05,4,0.196824,0.006948
3-regular,12,2,1,0.759324,iid,0.05,5,0.196824,0.024152
3-regular,12,2,1,0.759324,iid,0.1,1,0.196824,0.014063
3-regular,12,2,1,0.759324,iid,0.1,2,0.196824,0.014063
3-regular,12,2,1,0.759324,iid,0.1,3,0.196824,0.007328
3-regular,12,2,1,0.759324,iid,0.1,4,0.217143,0.004713
3-regular,12,2,1,0.759324,iid,0.1,5,0.196824,0.012763
3-regular,12,2,1,0.759324,iid,0.2,1,0.196824,0.030819
3-regular,12,2,1,0.759324,iid,0.2,2,0.259212,0.027562
3-regular,12,2,1,0.759324,iid,0.2,3,0.196824,0.028344
3-regular,12,2,1,0.759324,iid,0.2,4,0.196356,0.008037
3-regular,12,2,1,0.759324,iid,0.2,5,0.196824,0.028344
3-regular,12,2,1,0.759324,iid,0.4,1,0.196824,0.057846
3-regular,12,2,1,0.759324,iid,0.4,2,0.196824,0.040134
3-regular,12,2,1,0.759324,iid,0.4,3,0.196824,0.028344
3-regular,12,2,1,0.759324,iid,0.4,4,0.196824,0.196824
3-regular,12,2,1,0.759324,iid,0.4,5,0.224095,0.035009
3-regular,12,2,1,0.759324,iid,0.8,1,0.196824,0.101297
3-regular,12,2,1,0.759324,iid,0.8,2,0.196824,0.208591
3-regular,12,2,1,0.759324,iid,0.8,3,0.208591,0.079763
3-regular,12,2,1,0.759324,iid,0.8,4,0.198947,0.196824
3-regular,12,2,1,0.759324,iid,0.8,5,0.147086,0.142415
3-regular,12,2,3,0.857677,exact,0.0,0,0.08196,0.048647
3-regular,12,2,3,0.857677,samp10,0.0,1,0.107252,0.016924
3-regular,12,2,3,0.857677,iid,0.05,1,0.169172,0.048647
3-regular,12,2,3,0.857677,iid,0.05,2,0.297028,0.063376
3-regular,12,2,3,0.857677,iid,0.05,3,0.26718,0.028265
3-regular,12,2,3,0.857677,iid,0.05,4,0.293082,0.03668
3-regular,12,2,3,0.857677,iid,0.05,5,0.252603,0.048647
3-regular,12,2,3,0.857677,iid,0.1,1,0.297028,0.077942
3-regular,12,2,3,0.857677,iid,0.1,2,0.27699,0.067904
3-regular,12,2,3,0.857677,iid,0.1,3,0.223352,0.100658
3-regular,12,2,3,0.857677,iid,0.1,4,0.314539,0.085683
3-regular,12,2,3,0.857677,iid,0.1,5,0.26718,0.087189
3-regular,12,2,3,0.857677,iid,0.2,1,0.297028,0.063114
3-regular,12,2,3,0.857677,iid,0.2,2,0.349745,0.068129
3-regular,12,2,3,0.857677,iid,0.2,3,0.357754,0.063469
3-regular,12,2,3,0.857677,iid,0.2,4,0.322647,0.065946
3-regular,12,2,3,0.857677,iid,0.2,5,0.30096,0.063469
3-regular,12,2,3,0.857677,iid,0.4,1,0.357754,0.123012
3-regular,12,2,3,0.857677,iid,0.4,2,0.362638,0.130491
3-regular,12,2,3,0.857677,iid,0.4,3,0.311444,0.093779
3-regular,12,2,3,0.857677,iid,0.4,4,0.293082,0.078103
3-regular,12,2,3,0.857677,iid,0.4,5,0.305404,0.087597
3-regular,12,2,3,0.857677,iid,0.8,1,0.322647,0.126152
3-regular,12,2,3,0.857677,iid,0.8,2,0.337967,0.142414
3-regular,12,2,3,0.857677,iid,0.8,3,0.368994,0.093238
3-regular,12,2,3,0.857677,iid,0.8,4,0.323087,0.43958
3-regular,12,2,3,0.857677,iid,0.8,5,0.341254,0.102691
3-regular,12,3,1,0.768335,exact,0.0,0,0.042055,0.058119
3-regular,12,3,1,0.768335,samp10,0.0,1,0.050459,0.009034
3-regular,12,3,1,0.768335,iid,0.05,1,0.251629,0.015496
3-regular,12,3,1,0.768335,iid,0.05,2,0.205835,0.019608
3-regular,12,3,1,0.768335,iid,0.05,3,0.075368,0.008531
3-regular,12,3,1,0.768335,iid,0.05,4,0.160951,0.008531
3-regular,12,3,1,0.768335,iid,0.05,5,0.191167,0.021297
3-regular,12,3,1,0.768335,iid,0.1,1,0.202092,0.019608
3-regular,12,3,1,0.768335,iid,0.1,2,0.205835,0.01616
3-regular,12,3,1,0.768335,iid,0.1,3,0.155668,0.019416
3-regular,12,3,1,0.768335,iid,0.1,4,0.205835,0.019608
3-regular,12,3,1,0.768335,iid,0.1,5,0.252524,0.017275
3-regular,12,3,1,0.768335,iid,0.2,1,0.205835,0.036033
3-regular,12,3,1,0.768335,iid,0.2,2,0.289179,0.032768
3-regular,12,3,1,0.768335,iid,0.2,3,0.240358,0.016897
3-regular,12,3,1,0.768335,iid,0.2,4,0.205835,0.032031
3-regular,12,3,1,0.768335,iid,0.2,5,0.205835,0.038833
3-regular,12,3,1,0.768335,iid,0.4,1,0.209154,0.079859
3-regular,12,3,1,0.768335,iid,0.4,2,0.205835,0.205835
3-regular,12,3,1,0.768335,iid,0.4,3,0.205835,0.063261
3-regular,12,3,1,0.768335,iid,0.4,4,0.212551,0.110038
3-regular,12,3,1,0.768335,iid,0.4,5,0.205835,0.020284
3-regular,12,3,1,0.768335,iid,0.8,1,0.205835,0.205835
3-regular,12,3,1,0.768335,iid,0.8,2,0.205835,0.205835
3-regular,12,3,1,0.768335,iid,0.8,3,0.17546,0.205835
3-regular,12,3,1,0.768335,iid,0.8,4,0.227175,0.205835
3-regular,12,3,1,0.768335,iid,0.8,5,0.205835,0.406169
3-regular,12,3,3,0.890753,exact,0.0,0,0.101681,0.094636
3-regular,12,3,3,0.890753,samp10,0.0,1,0.118777,0.039282
3-regular,12,3,3,0.890753,iid,0.05,1,0.329986,0.127945
3-regular,12,3,3,0.890753,iid,0.05,2,0.281623,0.041978
3-regular,12,3,3,0.890753,iid,0.05,3,0.329986,0.044149
3-regular,12,3,3,0.890753,iid,0.05,4,0.312022,0.057859
3-regular,12,3,3,0.890753,iid,0.05,5,0.29962,0.05369
3-regular,12,3,3,0.890753,iid,0.1,1,0.300401,0.08753
3-regular,12,3,3,0.890753,iid,0.1,2,0.322655,0.057859
3-regular,12,3,3,0.890753,iid,0.1,3,0.318184,0.095951
3-regular,12,3,3,0.890753,iid,0.1,4,0.329986,0.105965
3-regular,12,3,3,0.890753,iid,0.1,5,0.327548,0.107592
3-regular,12,3,3,0.890753,iid,0.2,1,0.329986,0.084486
3-regular,12,3,3,0.890753,iid,0.2,2,0.351916,0.102544
3-regular,12,3,3,0.890753,iid,0.2,3,0.370136,0.060125
3-regular,12,3,3,0.890753,iid,0.2,4,0.265461,0.075408
3-regular,12,3,3,0.890753,iid,0.2,5,0.329986,0.121743
3-regular,12,3,3,0.890753,iid,0.4,1,0.290642,0.096752
3-regular,12,3,3,0.890753,iid,0.4,2,0.329986,0.166713
3-regular,12,3,3,0.890753,iid,0.4,3,0.358018,0.099428
3-regular,12,3,3,0.890753,iid,0.4,4,0.335506,0.099428
3-regular,12,3,3,0.890753,iid,0.4,5,0.370136,0.049227
3-regular,12,3,3,0.890753,iid,0.8,1,0.267124,0.27347
3-regular,12,3,3,0.890753,iid,0.8,2,0.371776,0.360881
3-regular,12,3,3,0.890753,iid,0.8,3,0.300401,0.133607
3-regular,12,3,3,0.890753,iid,0.8,4,0.328228,0.329986
3-regular,12,3,3,0.890753,iid,0.8,5,0.304983,0.221188
3-regular,12,4,1,0.809946,exact,0.0,0,0.039216,0.046015
3-regular,12,4,1,0.809946,samp10,0.0,1,0.05328,0.0199
3-regular,12,4,1,0.809946,iid,0.05,1,0.209946,0.010322
3-regular,12,4,1,0.809946,iid,0.05,2,0.030525,0.017288
3-regular,12,4,1,0.809946,iid,0.05,3,0.21854,0.010322
3-regular,12,4,1,0.809946,iid,0.05,4,0.209946,0.02843
3-regular,12,4,1,0.809946,iid,0.05,5,0.209946,0.007411
3-regular,12,4,1,0.809946,iid,0.1,1,0.192379,0.014645
3-regular,12,4,1,0.809946,iid,0.1,2,0.209946,0.028511
3-regular,12,4,1,0.809946,iid,0.1,3,0.184759,0.007817
3-regular,12,4,1,0.809946,iid,0.1,4,0.158143,0.0
3-regular,12,4,1,0.809946,iid,0.1,5,0.199734,0.017955
3-regular,12,4,1,0.809946,iid,0.2,1,0.208345,0.049835
3-regular,12,4,1,0.809946,iid,0.2,2,0.209946,0.01387
3-regular,12,4,1,0.809946,iid,0.2,3,0.209946,0.015001
3-regular,12,4,1,0.809946,iid,0.2,4,0.209946,0.030323
3-regular,12,4,1,0.809946,iid,0.2,5,0.214206,0.004642
3-regular,12,4,1,0.809946,iid,0.4,1,0.352515,0.053437
3-regular,12,4,1,0.809946,iid,0.4,2,0.209446,0.075647
3-regular,12,4,1,0.809946,iid,0.4,3,0.209946,0.076183
3-regular,12,4,1,0.809946,iid,0.4,4,0.25587,0.075647
3-regular,12,4,1,0.809946,iid,0.4,5,0.236932,0.037343
3-regular,12,4,1,0.809946,iid,0.8,1,0.209946,0.174507
3-regular,12,4,1,0.809946,iid,0.8,2,0.189452,0.236598
3-regular,12,4,1,0.809946,iid,0.8,3,0.209946,0.209946
3-regular,12,4,1,0.809946,iid,0.8,4,0.209946,0.114098
3-regular,12,4,1,0.809946,iid,0.8,5,0.163291,0.167417
3-regular,12,4,3,0.902902,exact,0.0,0,0.07311,0.036473
3-regular,12,4,3,0.902902,samp10,0.0,1,0.091184,0.011841
3-regular,12,4,3,0.902902,iid,0.05,1,0.304875,0.006074
3-regular,12,4,3,0.902902,iid,0.05,2,0.304875,0.036473
3-regular,12,4,3,0.902902,iid,0.05,3,0.304875,0.006074
3-regular,12,4,3,0.902902,iid,0.05,4,0.116891,0.022195
3-regular,12,4,3,0.902902,iid,0.05,5,0.28005,0.011841
3-regular,12,4,3,0.902902,iid,0.1,1,0.305721,0.050779
3-regular,12,4,3,0.902902,iid,0.1,2,0.30067,0.083343
3-regular,12,4,3,0.902902,iid,0.1,3,0.285118,0.124662
3-regular,12,4,3,0.902902,iid,0.1,4,0.330011,0.072247
3-regular,12,4,3,0.902902,iid,0.1,5,0.273829,0.038332
3-regular,12,4,3,0.902902,iid,0.2,1,0.304875,0.099636
3-regular,12,4,3,0.902902,iid,0.2,2,0.358899,0.068077
3-regular,12,4,3,0.902902,iid,0.2,3,0.295071,0.029184
3-regular,12,4,3,0.902902,iid,0.2,4,0.304875,0.05862
3-regular,12,4,3,0.902902,iid,0.2,5,0.3946,0.074522
3-regular,12,4,3,0.902902,iid,0.4,1,0.354502,0.05104
3-regular,12,4,3,0.902902,iid,0.4,2,0.359907,0.053919
3-regular,12,4,3,0.902902,iid,0.4,3,0.353007,0.074522
3-regular,12,4,3,0.902902,iid,0.4,4,0.30067,0.055946
3-regular,12,4,3,0.902902,iid,0.4,5,0.294123,0.437086
3-regular,12,4,3,0.902902,iid,0.8,1,0.358899,0.181013
3-regular,12,4,3,0.902902,iid,0.8,2,0.177137,0.29321
3-regular,12,4,3,0.902902,iid,0.8,3,0.350787,0.096661
3-regular,12,4,3,0.902902,iid,0.8,4,0.235045,0.129612
3-regular,12,4,3,0.902902,iid,0.8,5,0.264043,0.062863
3-regular,12,5,1,0.800487,exact,0.0,0,0.033724,0.051339
3-regular,12,5,1,0.800487,samp10,0.0,1,0.083179,0.023424
3-regular,12,5,1,0.800487,iid,0.05,1,0.184054,0.018804
3-regular,12,5,1,0.800487,iid,0.05,2,0.200487,0.007775
3-regular,12,5,1,0.800487,iid,0.05,3,0.124884,0.011697
3-regular,12,5,1,0.800487,iid,0.05,4,0.110791,0.011697
3-regular,12,5,1,0.800487,iid,0.05,5,0.200487,0.027279
3-regular,12,5,1,0.800487,iid,0.1,1,0.200487,0.015352
3-regular,12,5,1,0.800487,iid,0.1,2,0.191499,0.043181
3-regular,12,5,1,0.800487,iid,0.1,3,0.200487,0.026564
3-regular,12,5,1,0.800487,iid,0.1,4,0.258457,0.013046
3-regular,12,5,1,0.800487,iid,0.1,5,0.200487,0.012131
3-regular,12,5,1,0.800487,iid,0.2,1,0.258386,0.015071
3-regular,12,5,1,0.800487,iid,0.2,2,0.191295,0.047342
3-regular,12,5,1,0.800487,iid,0.2,3,0.221262,0.032993
3-regular,12,5,1,0.800487,iid,0.2,4,0.187664,0.028655
3-regular,12,5,1,0.800487,iid,0.2,5,0.20045,0.056078
3-regular,12,5,1,0.800487,iid,0.4,1,0.200487,0.047342
3-regular,12,5,1,0.800487,iid,0.4,2,0.200487,0.018804
3-regular,12,5,1,0.800487,iid,0.4,3,0.200487,0.069415
3-regular,12,5,1,0.800487,iid,0.4,4,0.200487,0.069037
3-regular,12,5,1,0.800487,iid,0.4,5,0.205993,0.200487
3-regular,12,5,1,0.800487,iid,0.8,1,0.200487,0.363177
3-regular,12,5,1,0.800487,iid,0.8,2,0.334765,0.129319
3-regular,12,5,1,0.800487,iid,0.8,3,0.268071,0.336726
3-regular,12,5,1,0.800487,iid,0.8,4,0.200487,0.200487
3-regular,12,5,1,0.800487,iid,0.8,5,0.200487,0.070961
3-regular,12,5,3,0.889274,exact,0.0,0,0.067326,0.021592
3-regular,12,5,3,0.889274,samp10,0.0,1,0.0965,0.003677
3-regular,12,5,3,0.889274,iid,0.05,1,0.258277,0.043369
3-regular,12,5,3,0.889274,iid,0.05,2,0.280755,0.03638
3-regular,12,5,3,0.889274,iid,0.05,3,0.248084,0.033586
3-regular,12,5,3,0.889274,iid,0.05,4,0.214996,0.076959
3-regular,12,5,3,0.889274,iid,0.05,5,0.279552,0.05354
3-regular,12,5,3,0.889274,iid,0.1,1,0.289948,0.053567
3-regular,12,5,3,0.889274,iid,0.1,2,0.269037,0.049284
3-regular,12,5,3,0.889274,iid,0.1,3,0.291369,0.045902
3-regular,12,5,3,0.889274,iid,0.1,4,0.259241,0.101364
3-regular,12,5,3,0.889274,iid,0.1,5,0.291369,0.072153
3-regular,12,5,3,0.889274,iid,0.2,1,0.304101,0.092941
3-regular,12,5,3,0.889274,iid,0.2,2,0.296838,0.13069
3-regular,12,5,3,0.889274,iid,0.2,3,0.276365,0.081763
3-regular,12,5,3,0.889274,iid,0.2,4,0.252838,0.130645
3-regular,12,5,3,0.889274,iid,0.2,5,0.372828,0.086123
3-regular,12,5,3,0.889274,iid,0.4,1,0.372828,0.132662
3-regular,12,5,3,0.889274,iid,0.4,2,0.329441,0.014607
3-regular,12,5,3,0.889274,iid,0.4,3,0.334744,0.186895
3-regular,12,5,3,0.889274,iid,0.4,4,0.271194,0.106025
3-regular,12,5,3,0.889274,iid,0.4,5,0.260504,0.256105
3-regular,12,5,3,0.889274,iid,0.8,1,0.296419,0.088128
3-regular,12,5,3,0.889274,iid,0.8,2,0.334744,0.127165
3-regular,12,5,3,0.889274,iid,0.8,3,0.288746,0.164741
3-regular,12,5,3,0.889274,iid,0.8,4,0.33553,0.382018
3-regular,12,5,3,0.889274,iid,0.8,5,0.288784,0.124196
3-regular,12,6,1,0.809946,exact,0.0,0,0.028143,0.046015
3-regular,12,6,1,0.809946,samp10,0.0,1,0.024587,0.02843
3-regular,12,6,1,0.809946,iid,0.05,1,0.209946,0.017288
3-regular,12,6,1,0.809946,iid,0.05,2,0.157076,0.005325
3-regular,12,6,1,0.809946,iid,0.05,3,0.209946,0.005028
3-regular,12,6,1,0.809946,iid,0.05,4,0.075618,0.046509
3-regular,12,6,1,0.809946,iid,0.05,5,0.209946,0.017288
3-regular,12,6,1,0.809946,iid,0.1,1,0.26641,0.003985
3-regular,12,6,1,0.809946,iid,0.1,2,0.187164,0.020311
3-regular,12,6,1,0.809946,iid,0.1,3,0.209946,0.000486
3-regular,12,6,1,0.809946,iid,0.1,4,0.209946,0.028893
3-regular,12,6,1,0.809946,iid,0.1,5,0.322082,0.003076
3-regular,12,6,1,0.809946,iid,0.2,1,0.28321,0.0294
3-regular,12,6,1,0.809946,iid,0.2,2,0.209946,0.017955
3-regular,12,6,1,0.809946,iid,0.2,3,0.093528,0.037343
3-regular,12,6,1,0.809946,iid,0.2,4,0.209946,0.024587
3-regular,12,6,1,0.809946,iid,0.2,5,0.209946,0.050172
3-regular,12,6,1,0.809946,iid,0.4,1,0.256792,0.209946
3-regular,12,6,1,0.809946,iid,0.4,2,0.209946,0.073156
3-regular,12,6,1,0.809946,iid,0.4,3,0.209834,0.19761
3-regular,12,6,1,0.809946,iid,0.4,4,0.241202,0.349833
3-regular,12,6,1,0.809946,iid,0.4,5,0.209946,0.008573
3-regular,12,6,1,0.809946,iid,0.8,1,0.209946,0.151724
3-regular,12,6,1,0.809946,iid,0.8,2,0.189268,0.209946
3-regular,12,6,1,0.809946,iid,0.8,3,0.272826,0.078539
3-regular,12,6,1,0.809946,iid,0.8,4,0.209946,0.120991
3-regular,12,6,1,0.809946,iid,0.8,5,0.226165,0.209946
3-regular,12,6,3,0.898206,exact,0.0,0,0.069704,0.033493
3-regular,12,6,3,0.898206,samp10,0.0,1,0.036759,0.019907
3-regular,12,6,3,0.898206,iid,0.05,1,0.30018,0.057904
3-regular,12,6,3,0.898206,iid,0.05,2,0.296634,0.026094
3-regular,12,6,3,0.898206,iid,0.05,3,0.30018,0.026094
3-regular,12,6,3,0.898206,iid,0.05,4,0.30018,0.046848
3-regular,12,6,3,0.898206,iid,0.05,5,0.30018,0.046848
3-regular,12,6,3,0.898206,iid,0.1,1,0.333602,0.104292
3-regular,12,6,3,0.898206,iid,0.1,2,0.263311,0.049221
3-regular,12,6,3,0.898206,iid,0.1,3,0.297342,0.124826
3-regular,12,6,3,0.898206,iid,0.1,4,0.292139,0.036526
3-regular,12,6,3,0.898206,iid,0.1,5,0.371777,0.043388
3-regular,12,6,3,0.898206,iid,0.2,1,0.349333,0.059592
3-regular,12,6,3,0.898206,iid,0.2,2,0.28942,0.134718
3-regular,12,6,3,0.898206,iid,0.2,3,0.303321,0.072871
3-regular,12,6,3,0.898206,iid,0.2,4,0.30018,0.049197
3-regular,12,6,3,0.898206,iid,0.2,5,0.362509,0.066748
3-regular,12,6,3,0.898206,iid,0.4,1,0.336945,0.067544
3-regular,12,6,3,0.898206,iid,0.4,2,0.307177,0.00906
3-regular,12,6,3,0.898206,iid,0.4,3,0.319102,0.072871
3-regular,12,6,3,0.898206,iid,0.4,4,0.288863,0.102202
3-regular,12,6,3,0.898206,iid,0.4,5,0.289623,0.076209
3-regular,12,6,3,0.898206,iid,0.8,1,0.30018,0.094851
3-regular,12,6,3,0.898206,iid,0.8,2,0.30006,0.370835
3-regular,12,6,3,0.898206,iid,0.8,3,0.359024,0.08258
3-regular,12,6,3,0.898206,iid,0.8,4,0.295971,0.081935
3-regular,12,6,3,0.898206,iid,0.8,5,0.302845,0.076917
3-regular,12,7,1,0.800487,exact,0.0,0,0.033724,0.051339
3-regular,12,7,1,0.800487,samp10,0.0,1,0.023377,0.051339
3-regular,12,7,1,0.800487,iid,0.05,1,0.14954,0.018804
3-regular,12,7,1,0.800487,iid,0.05,2,0.227904,0.011697
3-regular,12,7,1,0.800487,iid,0.05,3,0.209484,0.023424
3-regular,12,7,1,0.800487,iid,0.05,4,0.200487,0.018804
3-regular,12,7,1,0.800487,iid,0.05,5,0.200487,0.023424
3-regular,12,7,1,0.800487,iid,0.1,1,0.200487,0.002414
3-regular,12,7,1,0.800487,iid,0.1,2,0.25564,0.012131
3-regular,12,7,1,0.800487,iid,0.1,3,0.199031,0.026564
3-regular,12,7,1,0.800487,iid,0.1,4,0.206738,0.018804
3-regular,12,7,1,0.800487,iid,0.1,5,0.034664,0.015352
3-regular,12,7,1,0.800487,iid,0.2,1,0.257848,0.044979
3-regular,12,7,1,0.800487,iid,0.2,2,0.129796,0.200487
3-regular,12,7,1,0.800487,iid,0.2,3,0.200487,0.026564
3-regular,12,7,1,0.800487,iid,0.2,4,0.20272,0.045767
3-regular,12,7,1,0.800487,iid,0.2,5,0.287328,0.025182
3-regular,12,7,1,0.800487,iid,0.4,1,0.239415,0.118219
3-regular,12,7,1,0.800487,iid,0.4,2,0.200487,0.044979
3-regular,12,7,1,0.800487,iid,0.4,3,0.388603,0.044682
3-regular,12,7,1,0.800487,iid,0.4,4,0.200487,0.200487
3-regular,12,7,1,0.800487,iid,0.4,5,0.200487,0.08351
3-regular,12,7,1,0.800487,iid,0.8,1,0.200487,0.06838
3-regular,12,7,1,0.800487,iid,0.8,2,0.200487,0.200487
3-regular,12,7,1,0.800487,iid,0.8,3,0.200487,0.200487
3-regular,12,7,1,0.800487,iid,0.8,4,0.213503,0.200487
3-regular,12,7,1,0.800487,iid,0.8,5,0.205766,0.158102
3-regular,12,7,3,0.884404,exact,0.0,0,0.063706,0.035141
3-regular,12,7,3,0.884404,samp10,0.0,1,0.063706,0.004506
3-regular,12,7,3,0.884404,iid,0.05,1,0.263567,0.06128
3-regular,12,7,3,0.884404,iid,0.05,2,0.2865,0.021095
3-regular,12,7,3,0.884404,iid,0.05,3,0.309948,0.033724
3-regular,12,7,3,0.884404,iid,0.05,4,0.310536,0.023907
3-regular,12,7,3,0.884404,iid,0.05,5,0.278256,0.076448
3-regular,12,7,3,0.884404,iid,0.1,1,0.275614,0.06464
3-regular,12,7,3,0.884404,iid,0.1,2,0.351033,0.04764
3-regular,12,7,3,0.884404,iid,0.1,3,0.278311,0.080875
3-regular,12,7,3,0.884404,iid,0.1,4,0.325714,0.077287
3-regular,12,7,3,0.884404,iid,0.1,5,0.2865,0.064487
3-regular,12,7,3,0.884404,iid,0.2,1,0.295968,0.069318
3-regular,12,7,3,0.884404,iid,0.2,2,0.294283,0.111884
3-regular,12,7,3,0.884404,iid,0.2,3,0.275879,0.077061
3-regular,12,7,3,0.884404,iid,0.2,4,0.275035,0.129119
3-regular,12,7,3,0.884404,iid,0.2,5,0.292399,0.042289
3-regular,12,7,3,0.884404,iid,0.4,1,0.359573,0.082669
3-regular,12,7,3,0.884404,iid,0.4,2,0.291727,0.070764
3-regular,12,7,3,0.884404,iid,0.4,3,0.346945,0.086235
3-regular,12,7,3,0.884404,iid,0.4,4,0.293568,0.044832
3-regular,12,7,3,0.884404,iid,0.4,5,0.32282,0.104712
3-regular,12,7,3,0.884404,iid,0.8,1,0.346945,0.071807
3-regular,12,7,3,0.884404,iid,0.8,2,0.346945,0.2865
3-regular,12,7,3,0.884404,iid,0.8,3,0.28229,0.046617
3-regular,12,7,3,0.884404,iid,0.8,4,0.334388,0.109539
3-regular,12,7,3,0.884404,iid,0.8,5,0.292399,0.267366
3-regular,12,8,1,0.800487,exact,0.0,0,0.033724,0.051339
3-regular,12,8,1,0.800487,samp10,0.0,1,0.042688,0.052188
3-regular,12,8,1,0.800487,iid,0.05,1,0.200487,0.00419
3-regular,12,8,1,0.800487,iid,0.05,2,0.200487,0.023424
3-regular,12,8,1,0.800487,iid,0.05,3,0.200487,0.00223
3-regular,12,8,1,0.800487,iid,0.05,4,0.058981,0.018804
3-regular,12,8,1,0.800487,iid,0.05,5,0.200487,0.000152
3-regular,12,8,1,0.800487,iid,0.1,1,0.200487,0.011697
3-regular,12,8,1,0.800487,iid,0.1,2,0.200487,0.00223
3-regular,12,8,1,0.800487,iid,0.1,3,0.200487,0.020206
3-regular,12,8,1,0.800487,iid,0.1,4,0.221262,0.006122
3-regular,12,8,1,0.800487,iid,0.1,5,0.108853,0.00419
3-regular,12,8,1,0.800487,iid,0.2,1,0.290691,0.044979
3-regular,12,8,1,0.800487,iid,0.2,2,0.200487,0.032993
3-regular,12,8,1,0.800487,iid,0.2,3,0.200487,0.028655
3-regular,12,8,1,0.800487,iid,0.2,4,0.184054,0.038741
3-regular,12,8,1,0.800487,iid,0.2,5,0.233611,0.044979
3-regular,12,8,1,0.800487,iid,0.4,1,0.200487,0.166294
3-regular,12,8,1,0.800487,iid,0.4,2,0.172947,0.06901
3-regular,12,8,1,0.800487,iid,0.4,3,0.194591,0.200487
3-regular,12,8,1,0.800487,iid,0.4,4,0.200487,0.200487
3-regular,12,8,1,0.800487,iid,0.4,5,0.200487,0.047342
3-regular,12,8,1,0.800487,iid,0.8,1,0.238539,0.149553
3-regular,12,8,1,0.800487,iid,0.8,2,0.191295,0.200487
3-regular,12,8,1,0.800487,iid,0.8,3,0.295077,0.200487
3-regular,12,8,1,0.800487,iid,0.8,4,0.202913,0.131799
3-regular,12,8,1,0.800487,iid,0.8,5,0.200572,0.200487
3-regular,12,8,3,0.884404,exact,0.0,0,0.063706,0.035141
3-regular,12,8,3,0.884404,samp10,0.0,1,0.061842,0.06128
3-regular,12,8,3,0.884404,iid,0.05,1,0.254537,0.033724
3-regular,12,8,3,0.884404,iid,0.05,2,0.289247,0.023907
3-regular,12,8,3,0.884404,iid,0.05,3,0.2865,0.042796
3-regular,12,8,3,0.884404,iid,0.05,4,0.2865,0.033724
3-regular,12,8,3,0.884404,iid,0.05,5,0.271713,0.023907
3-regular,12,8,3,0.884404,iid,0.1,1,0.310182,0.046384
3-regular,12,8,3,0.884404,iid,0.1,2,0.28229,0.052722
3-regular,12,8,3,0.884404,iid,0.1,3,0.273401,0.04764
3-regular,12,8,3,0.884404,iid,0.1,4,0.336996,0.101139
3-regular,12,8,3,0.884404,iid,0.1,5,0.243699,0.077287
3-regular,12,8,3,0.884404,iid,0.2,1,0.250411,0.041272
3-regular,12,8,3,0.884404,iid,0.2,2,0.325003,0.075421
3-regular,12,8,3,0.884404,iid,0.2,3,0.291628,0.075162
3-regular,12,8,3,0.884404,iid,0.2,4,0.26401,0.101216
3-regular,12,8,3,0.884404,iid,0.2,5,0.308808,0.059234
3-regular,12,8,3,0.884404,iid,0.4,1,0.270754,0.089823
3-regular,12,8,3,0.884404,iid,0.4,2,0.302337,0.096734
3-regular,12,8,3,0.884404,iid,0.4,3,0.33302,0.117063
3-regular,12,8,3,0.884404,iid,0.4,4,0.307499,0.097827
3-regular,12,8,3,0.884404,iid,0.4,5,0.357279,0.110864
3-regular,12,8,3,0.884404,iid,0.8,1,0.2865,0.277806
3-regular,12,8,3,0.884404,iid,0.8,2,0.214699,0.307443
3-regular,12,8,3,0.884404,iid,0.8,3,0.347358,0.180446
3-regular,12,8,3,0.884404,iid,0.8,4,0.2865,0.151297
3-regular,12,8,3,0.884404,iid,0.8,5,0.260635,0.147518
3-regular,12,9,1,0.791514,exact,0.0,0,0.028718,0.027433
3-regular,12,9,1,0.791514,samp10,0.0,1,0.019097,0.035963
3-regular,12,9,1,0.791514,iid,0.05,1,0.251423,0.013558
3-regular,12,9,1,0.791514,iid,0.05,2,0.140982,0.003541
3-regular,12,9,1,0.791514,iid,0.05,3,0.191514,0.029281
3-regular,12,9,1,0.791514,iid,0.05,4,0.191514,0.029281
3-regular,12,9,1,0.791514,iid,0.05,5,0.207641,0.020807
3-regular,12,9,1,0.791514,iid,0.1,1,0.194101,0.007464
3-regular,12,9,1,0.791514,iid,0.1,2,0.191514,0.003541
3-regular,12,9,1,0.791514,iid,0.1,3,0.191514,0.001329
3-regular,12,9,1,0.791514,iid,0.1,4,0.220448,0.009746
3-regular,12,9,1,0.791514,iid,0.1,5,0.191514,0.009746
3-regular,12,9,1,0.791514,iid,0.2,1,0.241006,0.020409
3-regular,12,9,1,0.791514,iid,0.2,2,0.227303,0.020409
3-regular,12,9,1,0.791514,iid,0.2,3,0.191514,0.009662
3-regular,12,9,1,0.791514,iid,0.2,4,0.191514,0.009746
3-regular,12,9,1,0.791514,iid,0.2,5,0.274481,0.020409
3-regular,12,9,1,0.791514,iid,0.4,1,0.216124,0.191514
3-regular,12,9,1,0.791514,iid,0.4,2,0.191514,0.044254
3-regular,12,9,1,0.791514,iid,0.4,3,0.191514,0.071654
3-regular,12,9,1,0.791514,iid,0.4,4,0.31927,0.018979
3-regular,12,9,1,0.791514,iid,0.4,5,0.191514,0.061599
3-regular,12,9,1,0.791514,iid,0.8,1,0.179082,0.191514
3-regular,12,9,1,0.791514,iid,0.8,2,0.191514,0.029341
3-regular,12,9,1,0.791514,iid,0.8,3,0.191514,0.116508
3-regular,12,9,1,0.791514,iid,0.8,4,0.191514,0.191514
3-regular,12,9,1,0.791514,iid,0.8,5,0.305678,0.155612
3-regular,12,9,3,0.877543,exact,0.0,0,0.065562,0.050783
3-regular,12,9,3,0.877543,samp10,0.0,1,0.057272,0.038363
3-regular,12,9,3,0.877543,iid,0.05,1,0.301178,0.050783
3-regular,12,9,3,0.877543,iid,0.05,2,0.227153,0.038363
3-regular,12,9,3,0.877543,iid,0.05,3,0.247604,0.064203
3-regular,12,9,3,0.877543,iid,0.05,4,0.279762,0.038363
3-regular,12,9,3,0.877543,iid,0.05,5,0.279762,0.050783
3-regular,12,9,3,0.877543,iid,0.1,1,0.279762,0.06457
3-regular,12,9,3,0.877543,iid,0.1,2,0.279762,0.01604
3-regular,12,9,3,0.877543,iid,0.1,3,0.195906,0.036817
3-regular,12,9,3,0.877543,iid,0.1,4,0.339342,0.010234
3-regular,12,9,3,0.877543,iid,0.1,5,0.279762,0.029097
3-regular,12,9,3,0.877543,iid,0.2,1,0.291161,0.066079
3-regular,12,9,3,0.877543,iid,0.2,2,0.328525,0.029097
3-regular,12,9,3,0.877543,iid,0.2,3,0.339342,0.073584
3-regular,12,9,3,0.877543,iid,0.2,4,0.279762,0.032602
3-regular,12,9,3,0.877543,iid,0.2,5,0.347296,0.066079
3-regular,12,9,3,0.877543,iid,0.4,1,0.277984,0.093062
3-regular,12,9,3,0.877543,iid,0.4,2,0.310801,0.11661
3-regular,12,9,3,0.877543,iid,0.4,3,0.329133,0.087505
3-regular,12,9,3,0.877543,iid,0.4,4,0.372748,0.08212
3-regular,12,9,3,0.877543,iid,0.4,5,0.361105,0.077141
3-regular,12,9,3,0.877543,iid,0.8,1,0.269549,0.147552
3-regular,12,9,3,0.877543,iid,0.8,2,0.302568,0.070431
3-regular,12,9,3,0.877543,iid,0.8,3,0.361105,0.081182
3-regular,12,9,3,0.877543,iid,0.8,4,0.338623,0.059874
3-regular,12,9,3,0.877543,iid,0.8,5,0.318659,0.138951
3-regular,12,10,1,0.783211,exact,0.0,0,0.024383,0.040642
3-regular,12,10,1,0.783211,samp10,0.0,1,0.01496,0.032112
3-regular,12,10,1,0.783211,iid,0.05,1,0.218019,0.007822
3-regular,12,10,1,0.783211,iid,0.05,2,0.196849,0.031953
3-regular,12,10,1,0.783211,iid,0.05,3,0.086228,0.016088
3-regular,12,10,1,0.783211,iid,0.05,4,0.183211,0.007822
3-regular,12,10,1,0.783211,iid,0.05,5,0.184623,0.016088
3-regular,12,10,1,0.783211,iid,0.1,1,0.183211,0.007389
3-regular,12,10,1,0.783211,iid,0.1,2,0.183211,0.0
3-regular,12,10,1,0.783211,iid,0.1,3,0.109562,0.005865
3-regular,12,10,1,0.783211,iid,0.1,4,0.183211,0.008031
3-regular,12,10,1,0.783211,iid,0.1,5,0.135769,0.008031
3-regular,12,10,1,0.783211,iid,0.2,1,0.232412,0.016826
3-regular,12,10,1,0.783211,iid,0.2,2,0.183211,0.005865
3-regular,12,10,1,0.783211,iid,0.2,3,0.183211,0.041369
3-regular,12,10,1,0.783211,iid,0.2,4,0.384216,0.016826
3-regular,12,10,1,0.783211,iid,0.2,5,0.287262,0.008031
3-regular,12,10,1,0.783211,iid,0.4,1,0.182078,0.03744
3-regular,12,10,1,0.783211,iid,0.4,2,0.183211,0.03744
3-regular,12,10,1,0.783211,iid,0.4,3,0.329039,0.183211
3-regular,12,10,1,0.783211,iid,0.4,4,0.29041,0.041369
3-regular,12,10,1,0.783211,iid,0.4,5,0.193114,0.070982
3-regular,12,10,1,0.783211,iid,0.8,1,0.27374,0.183211
3-regular,12,10,1,0.783211,iid,0.8,2,0.183211,0.018286
3-regular,12,10,1,0.783211,iid,0.8,3,0.183211,0.095479
3-regular,12,10,1,0.783211,iid,0.8,4,0.183211,0.228935
3-regular,12,10,1,0.783211,iid,0.8,5,0.183211,0.057445
3-regular,12,10,3,0.874309,exact,0.0,0,0.068806,0.049978
3-regular,12,10,3,0.874309,samp10,0.0,1,0.077623,0.015916
3-regular,12,10,3,0.874309,iid,0.05,1,0.300584,0.038145
3-regular,12,10,3,0.874309,iid,0.05,2,0.273118,0.049978
3-regular,12,10,3,0.874309,iid,0.05,3,0.187582,0.026776
3-regular,12,10,3,0.874309,iid,0.05,4,0.272436,0.049978
3-regular,12,10,3,0.874309,iid,0.05,5,0.286754,0.03659
3-regular,12,10,3,0.874309,iid,0.1,1,0.264522,0.143232
3-regular,12,10,3,0.874309,iid,0.1,2,0.333691,0.04629
3-regular,12,10,3,0.874309,iid,0.1,3,0.273118,0.084037
3-regular,12,10,3,0.874309,iid,0.1,4,0.276648,0.03659
3-regular,12,10,3,0.874309,iid,0.1,5,0.225209,0.090263
3-regular,12,10,3,0.874309,iid,0.2,1,0.304152,0.060294
3-regular,12,10,3,0.874309,iid,0.2,2,0.343486,0.052267
3-regular,12,10,3,0.874309,iid,0.2,3,0.266669,0.083043
3-regular,12,10,3,0.874309,iid,0.2,4,0.352588,0.043806
3-regular,12,10,3,0.874309,iid,0.2,5,0.304152,0.053388
3-regular,12,10,3,0.874309,iid,0.4,1,0.302885,0.079334
3-regular,12,10,3,0.874309,iid,0.4,2,0.386093,0.102369
3-regular,12,10,3,0.874309,iid,0.4,3,0.281429,0.082496
3-regular,12,10,3,0.874309,iid,0.4,4,0.279637,0.090814
3-regular,12,10,3,0.874309,iid,0.4,5,0.300931,0.10332
3-regular,12,10,3,0.874309,iid,0.8,1,0.386093,0.277991
3-regular,12,10,3,0.874309,iid,0.8,2,0.315185,0.364263
3-regular,12,10,3,0.874309,iid,0.8,3,0.229101,0.129644
3-regular,12,10,3,0.874309,iid,0.8,4,0.321582,0.410921
3-regular,12,10,3,0.874309,iid,0.8,5,0.219849,0.065504
