family,n,instance,seed,source_rep,p,ar_transfer,ar_ceiling,regret_transfer
ER(0.5),12,1,20271812,1,1,0.8470567770800816,0.8477289924229867,0.0006722153429050692
ER(0.5),12,1,20271812,1,3,0.9217770376658639,0.9247747897814202,0.002997752115556307
ER(0.5),12,1,20271812,2,1,0.8451303590979092,0.8477289924229867,0.002598633325077482
ER(0.5),12,1,20271812,2,3,0.9013573724891544,0.9247747897814202,0.023417417292265874
ER(0.5),12,1,20271812,3,1,0.8470567770800816,0.8477289924229867,0.0006722153429050692
ER(0.5),12,1,20271812,3,3,0.9219222634535497,0.9247747897814202,0.002852526327870586
ER(0.5),12,2,20271813,1,1,0.8362882839422121,0.8368529726753533,0.0005646887331411943
ER(0.5),12,2,20271813,1,3,0.9301198494445949,0.9322194925298259,0.002099643085231029
ER(0.5),12,2,20271813,2,1,0.836684429334418,0.8368529726753533,0.000168543340935301
ER(0.5),12,2,20271813,2,3,0.9178529579633113,0.9322194925298259,0.0143665345665146
ER(0.5),12,2,20271813,3,1,0.8362882839422121,0.8368529726753533,0.0005646887331411943
ER(0.5),12,2,20271813,3,3,0.9263755345749303,0.9322194925298259,0.005843957954895673
ER(0.5),12,3,20271814,1,1,0.8241462610631026,0.8242754436579601,0.00012918259485750205
ER(0.5),12,3,20271814,1,3,0.9213235760049736,0.9258549961144368,0.004531420109463169
ER(0.5),12,3,20271814,2,1,0.8242754436579601,0.8242754436579601,0.0
ER(0.5),12,3,20271814,2,3,0.9206404405494304,0.9258549961144368,0.005214555565006385
ER(0.5),12,3,20271814,3,1,0.8241462610631026,0.8242754436579601,0.00012918259485750205
ER(0.5),12,3,20271814,3,3,0.9175480770089299,0.9258549961144368,0.00830691910550685
ER(0.5),12,4,20271815,1,1,0.8517698566588288,0.852769413054839,0.0009995563960102372
ER(0.5),12,4,20271815,1,3,0.910857300827214,0.9162119658638054,0.005354665036591433
ER(0.5),12,4,20271815,2,1,0.8483438695320362,0.852769413054839,0.004425543522802777
ER(0.5),12,4,20271815,2,3,0.8831172216653179,0.9162119658638054,0.03309474419848746
ER(0.5),12,4,20271815,3,1,0.8517698566588288,0.852769413054839,0.0009995563960102372
ER(0.5),12,4,20271815,3,3,0.9152976728389105,0.9162119658638054,0.0009142930248948744
ER(0.5),12,5,20271816,1,1,0.8628679446258501,0.8671247452810639,0.004256800655213722
ER(0.5),12,5,20271816,1,3,0.9247107944053348,0.9313422058849091,0.006631411479574356
ER(0.5),12,5,20271816,2,1,0.8563283187367793,0.8671247452810639,0.010796426544284587
ER(0.5),12,5,20271816,2,3,0.8872158221837222,0.9313422058849091,0.04412638370118693
ER(0.5),12,5,20271816,3,1,0.8628679446258501,0.8671247452810639,0.004256800655213722
ER(0.5),12,5,20271816,3,3,0.9281551030136008,0.9313422058849091,0.0031871028713083005
ER(0.5),12,6,20271817,1,1,0.8168844503502887,0.8174717361236622,0.0005872857733735248
ER(0.5),12,6,20271817,1,3,0.9075114522323086,0.912566152383117,0.005054700150808444
ER(0.5),12,6,20271817,2,1,0.8153909506844194,0.8174717361236622,0.002080785439242838
ER(0.5),12,6,20271817,2,3,0.8991751237763573,0.912566152383117,0.01339102860675967
ER(0.5),12,6,20271817,3,1,0.8168844503502887,0.8174717361236622,0.0005872857733735248
ER(0.5),12,6,20271817,3,3,0.9039013814267671,0.912566152383117,0.008664770956349876
ER(0.5),12,7,20271818,1,1,0.7836131894764244,0.7847435940265335,0.0011304045501090432
ER(0.5),12,7,20271818,1,3,0.873130142921925,0.8772262950414403,0.004096152119515306
ER(0.5),12,7,20271818,2,1,0.7847435940265335,0.7847435940265335,0.0
ER(0.5),12,7,20271818,2,3,0.8762081097605611,0.8772262950414403,0.001018185280879269
ER(0.5),12,7,20271818,3,1,0.7836131894764244,0.7847435940265335,0.0011304045501090432
ER(0.5),12,7,20271818,3,3,0.8686687083291409,0.8772262950414403,0.008557586712299448
ER(0.5),12,8,20271819,1,1,0.8145790700341277,0.8184342735726784,0.0038552035385507333
ER(0.5),12,8,20271819,1,3,0.8924436785205945,0.8972310340786219,0.004787355558027451
ER(0.5),12,8,20271819,2,1,0.8172172518172924,0.8184342735726784,0.0012170217553859608
ER(0.5),12,8,20271819,2,3,0.8685358039996608,0.8972310340786219,0.02869523007896113
ER(0.5),12,8,20271819,3,1,0.8145790700341277,0.8184342735726784,0.0038552035385507333
ER(0.5),12,8,20271819,3,3,0.8972310340786219,0.8972310340786219,0.0
ER(0.5),12,9,20271820,1,1,0.7948684906037855,0.823532073741406,0.02866358313762052
ER(0.5),12,9,20271820,1,3,0.9174257044394194,0.922810663097481,0.005384958658061656
ER(0.5),12,9,20271820,2,1,0.8038184300988688,0.823532073741406,0.01971364364253725
ER(0.5),12,9,20271820,2,3,0.905120189132777,0.922810663097481,0.017690473964704023
ER(0.5),12,9,20271820,3,1,0.7948684906037855,0.823532073741406,0.02866358313762052
ER(0.5),12,9,20271820,3,3,0.9183917120660228,0.922810663097481,0.004418951031458285
ER(0.5),12,10,20271821,1,1,0.8650615660659973,0.8670515840008822,0.001990017934884958
ER(0.5),12,10,20271821,1,3,0.932154165913713,0.9371304822012282,0.004976316287515159
ER(0.5),12,10,20271821,2,1,0.8605869546234481,0.8670515840008822,0.0064646293774340835
ER(0.5),12,10,20271821,2,3,0.9001390198526172,0.9371304822012282,0.03699146234861095
ER(0.5),12,10,20271821,3,1,0.8650615660659973,0.8670515840008822,0.001990017934884958
ER(0.5),12,10,20271821,3,3,0.9355640022268713,0.9371304822012282,0.0015664799743568825
ER(0.5),12,11,20271822,1,1,0.7619334411882458,0.7659195615998123,0.0039861204115665405
ER(0.5),12,11,20271822,1,3,0.861108624512184,0.8675138190995717,0.0064051945873877525
ER(0.5),12,11,20271822,2,1,0.7652123282079614,0.7659195615998123,0.0007072333918509699
ER(0.5),12,11,20271822,2,3,0.8675138190995717,0.8675138190995717,0.0
ER(0.5),12,11,20271822,3,1,0.7619334411882458,0.7659195615998123,0.0039861204115665405
ER(0.5),12,11,20271822,3,3,0.85614338995931,0.8675138190995717,0.01137042914026165
ER(0.5),12,12,20271823,1,1,0.7958481551255189,0.7970735260153092,0.001225370889790356
ER(0.5),12,12,20271823,1,3,0.9009548326106974,0.9104397973273154,0.009484964716617972
ER(0.5),12,12,20271823,2,1,0.7970735260153092,0.7970735260153092,0.0
ER(0.5),12,12,20271823,2,3,0.903964556801966,0.9104397973273154,0.006475240525349424
ER(0.5),12,12,20271823,3,1,0.7958481551255189,0.7970735260153092,0.001225370889790356
ER(0.5),12,12,20271823,3,3,0.893668776806866,0.9104397973273154,0.01677102052044943
ER(0.5),12,13,20271824,1,1,0.8315656616840758,0.831708180219495,0.00014251853541924486
ER(0.5),12,13,20271824,1,3,0.9139680140800758,0.9160809489136265,0.0021129348335506837
ER(0.5),12,13,20271824,2,1,0.8309439150281432,0.831708180219495,0.000764265191351754
ER(0.5),12,13,20271824,2,3,0.9005131692538948,0.9160809489136265,0.015567779659731662
ER(0.5),12,13,20271824,3,1,0.8315656616840758,0.831708180219495,0.00014251853541924486
ER(0.5),12,13,20271824,3,3,0.9112183814258935,0.9160809489136265,0.0048625674877329494
ER(0.5),12,14,20271825,1,1,0.7872865330764613,0.8026514266511103,0.015364893574648986
ER(0.5),12,14,20271825,1,3,0.9115075514722343,0.9229712068478261,0.011463655375591797
ER(0.5),12,14,20271825,2,1,0.794139268340974,0.8026514266511103,0.008512158310136297
ER(0.5),12,14,20271825,2,3,0.9170858164609885,0.9229712068478261,0.005885390386837552
ER(0.5),12,14,20271825,3,1,0.7872865330764613,0.8026514266511103,0.015364893574648986
ER(0.5),12,14,20271825,3,3,0.9063016774464069,0.9229712068478261,0.016669529401419192
ER(0.5),12,15,20271826,1,1,0.7963952149165868,0.7963952149165868,0.0
ER(0.5),12,15,20271826,1,3,0.8850366605625433,0.887842168791486,0.0028055082289427657
ER(0.5),12,15,20271826,2,1,0.7957933054735469,0.7963952149165868,0.0006019094430399496
ER(0.5),12,15,20271826,2,3,0.8842312350725393,0.887842168791486,0.0036109337189467183
ER(0.5),12,15,20271826,3,1,0.7963952149165868,0.7963952149165868,0.0
ER(0.5),12,15,20271826,3,3,0.881354307521629,0.887842168791486,0.006487861269857009
ER(0.5),12,16,20271827,1,1,0.8243618241563844,0.8250840237221323,0.0007221995657479274
ER(0.5),12,16,20271827,1,3,0.9129688379343402,0.9129688379343402,0.0
ER(0.5),12,16,20271827,2,1,0.8250840237221323,0.8250840237221323,0.0
ER(0.5),12,16,20271827,2,3,0.8991998277583823,0.9129688379343402,0.013769010175957996
ER(0.5),12,16,20271827,3,1,0.8243618241563844,0.8250840237221323,0.0007221995657479274
ER(0.5),12,16,20271827,3,3,0.912488097938459,0.9129688379343402,0.00048073999588127414
ER(0.5),12,17,20271828,1,1,0.758971354361976,0.7765560088548945,0.01758465449291846
ER(0.5),12,17,20271828,1,3,0.8843474562816727,0.8951165353526761,0.01076907907100344
ER(0.5),12,17,20271828,2,1,0.7663982269999731,0.7765560088548945,0.010157781854921444
ER(0.5),12,17,20271828,2,3,0.8889800524914666,0.8951165353526761,0.006136482861209491
ER(0.5),12,17,20271828,3,1,0.758971354361976,0.7765560088548945,0.01758465449291846
ER(0.5),12,17,20271828,3,3,0.8802405278096469,0.8951165353526761,0.014876007543029202
ER(0.5),12,18,20271829,1,1,0.8124843042116329,0.8135763091887231,0.0010920049770902773
ER(0.5),12,18,20271829,1,3,0.898374174016335,0.900162838337084,0.0017886643207489783
ER(0.5),12,18,20271829,2,1,0.8135763091887231,0.8135763091887231,0.0
ER(0.5),12,18,20271829,2,3,0.8794161282818742,0.900162838337084,0.020746710055209783
ER(0.5),12,18,20271829,3,1,0.8124843042116329,0.8135763091887231,0.0010920049770902773
ER(0.5),12,18,20271829,3,3,0.900162838337084,0.900162838337084,0.0
ER(0.5),12,19,20271830,1,1,0.7704350305351364,0.7788714863498212,0.008436455814684773
ER(0.5),12,19,20271830,1,3,0.8691000205583013,0.8731609143722003,0.004060893813899069
ER(0.5),12,19,20271830,2,1,0.775366036221899,0.7788714863498212,0.0035054501279221384
ER(0.5),12,19,20271830,2,3,0.8718355466648283,0.8731609143722003,0.001325367707372016
ER(0.5),12,19,20271830,3,1,0.7704350305351364,0.7788714863498212,0.008436455814684773
ER(0.5),12,19,20271830,3,3,0.8657496224356734,0.8731609143722003,0.007411291936526898
ER(0.5),12,20,20271831,1,1,0.8114108753561797,0.8138558890686385,0.0024450137124587545
ER(0.5),12,20,20271831,1,3,0.9079783049843353,0.9089574339882925,0.0009791290039572464
ER(0.5),12,20,20271831,2,1,0.8138558890686385,0.8138558890686385,0.0
ER(0.5),12,20,20271831,2,3,0.9012838895669256,0.9089574339882925,0.007673544421366918
ER(0.5),12,20,20271831,3,1,0.8114108753561797,0.8138558890686385,0.0024450137124587545
ER(0.5),12,20,20271831,3,3,0.9039146012669387,0.9089574339882925,0.005042832721353863
ER(0.5),12,21,20271832,1,1,0.8421492504319752,0.8438434542733733,0.0016942038413980676
ER(0.5),12,21,20271832,1,3,0.938035503106145,0.938035503106145,0.0
ER(0.5),12,21,20271832,2,1,0.8438434542733733,0.8438434542733733,0.0
ER(0.5),12,21,20271832,2,3,0.9306967474904261,0.938035503106145,0.00733875561571895
ER(0.5),12,21,20271832,3,1,0.8421492504319752,0.8438434542733733,0.0016942038413980676
ER(0.5),12,21,20271832,3,3,0.9346522005083662,0.938035503106145,0.003383302597778859
ER(0.5),12,22,20271833,1,1,0.8260739449115908,0.8272470952617033,0.0011731503501124507
ER(0.5),12,22,20271833,1,3,0.9098498956510472,0.9100196889790071,0.00016979332795985513
ER(0.5),12,22,20271833,2,1,0.8272470952617033,0.8272470952617033,0.0
ER(0.5),12,22,20271833,2,3,0.8977785149393296,0.9100196889790071,0.012241174039677505
ER(0.5),12,22,20271833,3,1,0.8260739449115908,0.8272470952617033,0.0011731503501124507
ER(0.5),12,22,20271833,3,3,0.9090752915265233,0.9100196889790071,0.0009443974524837584
ER(0.5),12,23,20271834,1,1,0.8249052473214337,0.8251931758394995,0.00028792851806580533
ER(0.5),12,23,20271834,1,3,0.91297455677095,0.91297455677095,0.0
ER(0.5),12,23,20271834,2,1,0.8251931758394995,0.8251931758394995,0.0
ER(0.5),12,23,20271834,2,3,0.9020815430450898,0.91297455677095,0.010893013725860157
ER(0.5),12,23,20271834,3,1,0.8249052473214337,0.8251931758394995,0.00028792851806580533
ER(0.5),12,23,20271834,3,3,0.9114161201676161,0.91297455677095,0.0015584366033338792
ER(0.5),12,24,20271835,1,1,0.8328922144713375,0.8339434035478438,0.0010511890765062537
ER(0.5),12,24,20271835,1,3,0.905037653405712,0.9090244073542654,0.003986753948553412
ER(0.5),12,24,20271835,2,1,0.8303433907474961,0.8339434035478438,0.0036000128003477183
ER(0.5),12,24,20271835,2,3,0.8797638432463055,0.9090244073542654,0.029260564107959852
ER(0.5),12,24,20271835,3,1,0.8328922144713375,0.8339434035478438,0.0010511890765062537
ER(0.5),12,24,20271835,3,3,0.9057804060181572,0.9090244073542654,0.0032440013361081377
ER(0.5),12,25,20271836,1,1,0.7692869693268627,0.7735666880312357,0.004279718704373048
ER(0.5),12,25,20271836,1,3,0.8702842353627317,0.8740596554588987,0.003775420096167048
ER(0.5),12,25,20271836,2,1,0.7724862771462306,0.7735666880312357,0.0010804108850051009
ER(0.5),12,25,20271836,2,3,0.8726015504463356,0.8740596554588987,0.00145810501256316
ER(0.5),12,25,20271836,3,1,0.7692869693268627,0.7735666880312357,0.004279718704373048
ER(0.5),12,25,20271836,3,3,0.8666159698811132,0.8740596554588987,0.007443685577785519
ER(0.5),12,26,20271837,1,1,0.8097318232544978,0.8097318232544978,0.0
ER(0.5),12,26,20271837,1,3,0.9038537115702712,0.9079532027272431,0.004099491156971946
ER(0.5),12,26,20271837,2,1,0.8092670462137045,0.8097318232544978,0.00046477704079328497
ER(0.5),12,26,20271837,2,3,0.8984544700985194,0.9079532027272431,0.009498732628723694
ER(0.5),12,26,20271837,3,1,0.8097318232544978,0.8097318232544978,0.0
ER(0.5),12,26,20271837,3,3,0.8992960681300788,0.9079532027272431,0.008657134597164329
ER(0.5),12,27,20271838,1,1,0.8434276857884183,0.8451098368951856,0.0016821511067672823
ER(0.5),12,27,20271838,1,3,0.9241780635298474,0.9267914331062319,0.002613369576384472
ER(0.5),12,27,20271838,2,1,0.8391041929375772,0.8451098368951856,0.006005643957608386
ER(0.5),12,27,20271838,2,3,0.9036495711632363,0.9267914331062319,0.023141861942995612
ER(0.5),12,27,20271838,3,1,0.8434276857884183,0.8451098368951856,0.0016821511067672823
ER(0.5),12,27,20271838,3,3,0.9237122967412451,0.9267914331062319,0.003079136364986801
ER(0.5),12,28,20271839,1,1,0.7999621497675097,0.8026886417530738,0.0027264919855640724
ER(0.5),12,28,20271839,1,3,0.8879758373553452,0.8895754550797096,0.001599617724364344
ER(0.5),12,28,20271839,2,1,0.8020357677381837,0.8026886417530738,0.0006528740148900036
ER(0.5),12,28,20271839,2,3,0.8708243837263723,0.8895754550797096,0.018751071353337312
ER(0.5),12,28,20271839,3,1,0.7999621497675097,0.8026886417530738,0.0027264919855640724
ER(0.5),12,28,20271839,3,3,0.8895754550797096,0.8895754550797096,0.0
ER(0.5),12,29,20271840,1,1,0.7691636106610023,0.7694442554808677,0.00028064481986544987
ER(0.5),12,29,20271840,1,3,0.8631519079343535,0.8766455200383864,0.013493612104032882
ER(0.5),12,29,20271840,2,1,0.7680672761125901,0.7694442554808677,0.001376979368277631
ER(0.5),12,29,20271840,2,3,0.8677512177197463,0.8766455200383864,0.00889430231864008
ER(0.5),12,29,20271840,3,1,0.7691636106610023,0.7694442554808677,0.00028064481986544987
ER(0.5),12,29,20271840,3,3,0.8560294230062283,0.8766455200383864,0.020616097032158054
ER(0.5),12,30,20271841,1,1,0.826690333610584,0.8277216232723161,0.0010312896617321599
ER(0.5),12,30,20271841,1,3,0.9062188938167647,0.9077395546280533,0.0015206608112886544
ER(0.5),12,30,20271841,2,1,0.823017718818493,0.8277216232723161,0.004703904453823182
ER(0.5),12,30,20271841,2,3,0.8848635113613059,0.9077395546280533,0.022876043266747415
ER(0.5),12,30,20271841,3,1,0.826690333610584,0.8277216232723161,0.0010312896617321599
ER(0.5),12,30,20271841,3,3,0.906694038403995,0.9077395546280533,0.0010455162240583515
ER(0.5),14,1,20272012,1,1,0.8354970048005393,0.835539936227498,4.2931426958658925e-5
ER(0.5),14,1,20272012,1,3,0.9096989164633342,0.912856104603816,0.003157188140481826
ER(0.5),14,1,20272012,2,1,0.834952855703662,0.835539936227498,0.0005870805238360477
ER(0.5),14,1,20272012,2,3,0.8869704811838316,0.912856104603816,0.02588562341998446
ER(0.5),14,1,20272012,3,1,0.8354970048005393,0.835539936227498,4.2931426958658925e-5
ER(0.5),14,1,20272012,3,3,0.9102553085820084,0.912856104603816,0.0026007960218076276
ER(0.5),14,2,20272013,1,1,0.8298849082416899,0.8332244475045842,0.00333953926289432
ER(0.5),14,2,20272013,1,3,0.8944446235059709,0.9008575628620924,0.0064129393561215275
ER(0.5),14,2,20272013,2,1,0.8250031063612697,0.8332244475045842,0.00822134114331452
ER(0.5),14,2,20272013,2,3,0.8618411950051401,0.9008575628620924,0.03901636785695228
ER(0.5),14,2,20272013,3,1,0.8298849082416899,0.8332244475045842,0.00333953926289432
ER(0.5),14,2,20272013,3,3,0.8946685428546971,0.9008575628620924,0.006189020007395296
ER(0.5),14,3,20272014,1,1,0.7996124548334341,0.8004775169660114,0.00086506213257731
ER(0.5),14,3,20272014,1,3,0.8789769850568834,0.8834524243886568,0.004475439331773412
ER(0.5),14,3,20272014,2,1,0.798591538067698,0.8004775169660114,0.001885978898313434
ER(0.5),14,3,20272014,2,3,0.8614684934500447,0.8834524243886568,0.021983930938612062
ER(0.5),14,3,20272014,3,1,0.7996124548334341,0.8004775169660114,0.00086506213257731
ER(0.5),14,3,20272014,3,3,0.8763525330010985,0.8834524243886568,0.007099891387558288
ER(0.5),14,4,20272015,1,1,0.8238638870074114,0.8245293656269178,0.0006654786195063878
ER(0.5),14,4,20272015,1,3,0.9073754812923248,0.9084022887862953,0.0010268074939704386
ER(0.5),14,4,20272015,2,1,0.8245293656269178,0.8245293656269178,0.0
ER(0.5),14,4,20272015,2,3,0.8981788401194885,0.9084022887862953,0.0102234486668068
ER(0.5),14,4,20272015,3,1,0.8238638870074114,0.8245293656269178,0.0006654786195063878
ER(0.5),14,4,20272015,3,3,0.9055290389637621,0.9084022887862953,0.0028732498225331193
ER(0.5),14,5,20272016,1,1,0.7490216105263344,0.7521891273631569,0.0031675168368224815
ER(0.5),14,5,20272016,1,3,0.8480460900582595,0.8694375958291976,0.02139150577093807
ER(0.5),14,5,20272016,2,1,0.7521891273631569,0.7521891273631569,0.0
ER(0.5),14,5,20272016,2,3,0.8565085723483264,0.8694375958291976,0.012929023480871105
ER(0.5),14,5,20272016,3,1,0.7490216105263344,0.7521891273631569,0.0031675168368224815
ER(0.5),14,5,20272016,3,3,0.8400655387681903,0.8694375958291976,0.029372057061007206
ER(0.5),14,6,20272017,1,1,0.868119284134061,0.871041803678108,0.0029225195440469864
ER(0.5),14,6,20272017,1,3,0.925348322764474,0.9348804496093718,0.009532126844897792
ER(0.5),14,6,20272017,2,1,0.8642796660073311,0.871041803678108,0.006762137670776935
ER(0.5),14,6,20272017,2,3,0.8851805820704878,0.9348804496093718,0.049699867538884
ER(0.5),14,6,20272017,3,1,0.868119284134061,0.871041803678108,0.0029225195440469864
ER(0.5),14,6,20272017,3,3,0.9280860721250329,0.9348804496093718,0.006794377484338865
ER(0.5),14,7,20272018,1,1,0.8402116944316327,0.8419315159739391,0.0017198215423064322
ER(0.5),14,7,20272018,1,3,0.9061694272136603,0.9132775713018914,0.0071081440882310165
ER(0.5),14,7,20272018,2,1,0.8373942137990187,0.8419315159739391,0.004537302174920432
ER(0.5),14,7,20272018,2,3,0.8719378120028491,0.9132775713018914,0.04133975929904221
ER(0.5),14,7,20272018,3,1,0.8402116944316327,0.8419315159739391,0.0017198215423064322
ER(0.5),14,7,20272018,3,3,0.9070525318943817,0.9132775713018914,0.006225039407509625
ER(0.5),14,8,20272019,1,1,0.8069138251331403,0.8082921037570993,0.0013782786239590061
ER(0.5),14,8,20272019,1,3,0.8857033303873028,0.8927882282129495,0.007084897825646697
ER(0.5),14,8,20272019,2,1,0.8054902865101483,0.8082921037570993,0.002801817246950944
ER(0.5),14,8,20272019,2,3,0.8662905613868196,0.8927882282129495,0.026497666826129862
ER(0.5),14,8,20272019,3,1,0.8069138251331403,0.8082921037570993,0.0013782786239590061
ER(0.5),14,8,20272019,3,3,0.8818569141446508,0.8927882282129495,0.010931314068298614
ER(0.5),14,9,20272020,1,1,0.8388188930539693,0.8414147658518704,0.0025958727979010776
ER(0.5),14,9,20272020,1,3,0.9290866395516368,0.9290866395516368,0.0
ER(0.5),14,9,20272020,2,1,0.8412866060467843,0.8414147658518704,0.00012815980508606994
ER(0.5),14,9,20272020,2,3,0.9144667505982502,0.9290866395516368,0.014619888953386617
ER(0.5),14,9,20272020,3,1,0.8388188930539693,0.8414147658518704,0.0025958727979010776
ER(0.5),14,9,20272020,3,3,0.9285223837779,0.9290866395516368,0.0005642557737368659
ER(0.5),14,10,20272021,1,1,0.8595519971805428,0.8609657491262915,0.0014137519457487757
ER(0.5),14,10,20272021,1,3,0.9249659128613078,0.9307555018812391,0.005789589019931318
ER(0.5),14,10,20272021,2,1,0.8563695082815858,0.8609657491262915,0.004596240844705779
ER(0.5),14,10,20272021,2,3,0.895683463913541,0.9307555018812391,0.03507203796769809
ER(0.5),14,10,20272021,3,1,0.8595519971805428,0.8609657491262915,0.0014137519457487757
ER(0.5),14,10,20272021,3,3,0.9284339517817415,0.9307555018812391,0.002321550099497638
ER(0.5),14,11,20272022,1,1,0.8315482783670383,0.8328785328471061,0.0013302544800678495
ER(0.5),14,11,20272022,1,3,0.9062144260210755,0.9126221341533626,0.006407708132287082
ER(0.5),14,11,20272022,2,1,0.8303728619312077,0.8328785328471061,0.0025056709158983725
ER(0.5),14,11,20272022,2,3,0.8758104527056072,0.9126221341533626,0.03681168144775537
ER(0.5),14,11,20272022,3,1,0.8315482783670383,0.8328785328471061,0.0013302544800678495
ER(0.5),14,11,20272022,3,3,0.9046117602750056,0.9126221341533626,0.008010373878357013
ER(0.5),14,12,20272023,1,1,0.8230859624443803,0.8239742354301771,0.0008882729857968563
ER(0.5),14,12,20272023,1,3,0.8971156133927061,0.9021955307520492,0.0050799173593431
ER(0.5),14,12,20272023,2,1,0.8218149953468877,0.8239742354301771,0.002159240083289382
ER(0.5),14,12,20272023,2,3,0.8694260046498525,0.9021955307520492,0.03276952610219663
ER(0.5),14,12,20272023,3,1,0.8230859624443803,0.8239742354301771,0.0008882729857968563
ER(0.5),14,12,20272023,3,3,0.8961731582054278,0.9021955307520492,0.006022372546621413
ER(0.5),14,13,20272024,1,1,0.8318203706967953,0.832515057368888,0.0006946866720927147
ER(0.5),14,13,20272024,1,3,0.9105054637840051,0.9135133838959494,0.0030079201119442844
ER(0.5),14,13,20272024,2,1,0.8322313153300483,0.832515057368888,0.00028374203883962945
ER(0.5),14,13,20272024,2,3,0.889483460127129,0.9135133838959494,0.024029923768820405
ER(0.5),14,13,20272024,3,1,0.8318203706967953,0.832515057368888,0.0006946866720927147
ER(0.5),14,13,20272024,3,3,0.9097633232395597,0.9135133838959494,0.00375006065638972
ER(0.5),14,14,20272025,1,1,0.8238608674117778,0.828633670270751,0.004772802858973191
ER(0.5),14,14,20272025,1,3,0.8838387373828055,0.8948233720726211,0.010984634689815587
ER(0.5),14,14,20272025,2,1,0.818396471955879,0.828633670270751,0.01023719831487202
ER(0.5),14,14,20272025,2,3,0.8404413787204157,0.8948233720726211,0.05438199335220539
ER(0.5),14,14,20272025,3,1,0.8238608674117778,0.828633670270751,0.004772802858973191
ER(0.5),14,14,20272025,3,3,0.8838516641610822,0.8948233720726211,0.010971707911538897
ER(0.5),14,15,20272026,1,1,0.8755196242122241,0.8760985949458712,0.0005789707336470995
ER(0.5),14,15,20272026,1,3,0.9497664314638821,0.9539873937243694,0.004220962260487293
ER(0.5),14,15,20272026,2,1,0.8753209109833141,0.8760985949458712,0.0007776839625570631
ER(0.5),14,15,20272026,2,3,0.925466284369076,0.9539873937243694,0.028521109355293395
ER(0.5),14,15,20272026,3,1,0.8755196242122241,0.8760985949458712,0.0005789707336470995
ER(0.5),14,15,20272026,3,3,0.9501650133190093,0.9539873937243694,0.003822380405360093
ER(0.5),14,16,20272027,1,1,0.8393768697838062,0.8405072871356277,0.001130417351821511
ER(0.5),14,16,20272027,1,3,0.9170703878554964,0.9219577939833509,0.004887406127854432
ER(0.5),14,16,20272027,2,1,0.8379660530556047,0.8405072871356277,0.002541234080023047
ER(0.5),14,16,20272027,2,3,0.8934590446917796,0.9219577939833509,0.028498749291571257
ER(0.5),14,16,20272027,3,1,0.8393768697838062,0.8405072871356277,0.001130417351821511
ER(0.5),14,16,20272027,3,3,0.9153742292794989,0.9219577939833509,0.006583564703852018
ER(0.5),14,17,20272028,1,1,0.8277542219863494,0.8292552615645715,0.0015010395782221186
ER(0.5),14,17,20272028,1,3,0.899955626331784,0.9054967848961708,0.00554115856438675
ER(0.5),14,17,20272028,2,1,0.825552403409174,0.8292552615645715,0.0037028581553975037
ER(0.5),14,17,20272028,2,3,0.872165779293297,0.9054967848961708,0.03333100560287383
ER(0.5),14,17,20272028,3,1,0.8277542219863494,0.8292552615645715,0.0015010395782221186
ER(0.5),14,17,20272028,3,3,0.8986362756515223,0.9054967848961708,0.006860509244648538
ER(0.5),14,18,20272029,1,1,0.7970691789754455,0.7979080656531403,0.0008388866776948278
ER(0.5),14,18,20272029,1,3,0.8860910823211112,0.8962567914053617,0.010165709084250518
ER(0.5),14,18,20272029,2,1,0.7973557323619986,0.7979080656531403,0.0005523332911416823
ER(0.5),14,18,20272029,2,3,0.8776577716451511,0.8962567914053617,0.01859901976021061
ER(0.5),14,18,20272029,3,1,0.7970691789754455,0.7979080656531403,0.0008388866776948278
ER(0.5),14,18,20272029,3,3,0.8802196087722605,0.8962567914053617,0.016037182633101277
ER(0.5),14,19,20272030,1,1,0.8497481040509544,0.850188607484086,0.00044050343313162266
ER(0.5),14,19,20272030,1,3,0.9280371896713848,0.9313756944808171,0.003338504809432319
ER(0.5),14,19,20272030,2,1,0.8483769006440885,0.850188607484086,0.001811706839997429
ER(0.5),14,19,20272030,2,3,0.9060759512849271,0.9313756944808171,0.025299743195890012
ER(0.5),14,19,20272030,3,1,0.8497481040509544,0.850188607484086,0.00044050343313162266
ER(0.5),14,19,20272030,3,3,0.9276419869126429,0.9313756944808171,0.0037337075681742604
ER(0.5),14,20,20272031,1,1,0.7980086911587189,0.7980086911587189,0.0
ER(0.5),14,20,20272031,1,3,0.8783637158202472,0.8795447875522806,0.0011810717320334119
ER(0.5),14,20,20272031,2,1,0.7973977768584329,0.7980086911587189,0.0006109143002859252
ER(0.5),14,20,20272031,2,3,0.8648768580224373,0.8795447875522806,0.014667929529843304
ER(0.5),14,20,20272031,3,1,0.7980086911587189,0.7980086911587189,0.0
ER(0.5),14,20,20272031,3,3,0.8771886656774316,0.8795447875522806,0.0023561218748490154
ER(0.5),14,21,20272032,1,1,0.8255821536284887,0.8262748586494073,0.0006927050209185603
ER(0.5),14,21,20272032,1,3,0.9064405974738374,0.9109694834374015,0.004528885963564044
ER(0.5),14,21,20272032,2,1,0.8248844340128432,0.8262748586494073,0.001390424636564136
ER(0.5),14,21,20272032,2,3,0.8833146328471776,0.9109694834374015,0.02765485059022388
ER(0.5),14,21,20272032,3,1,0.8255821536284887,0.8262748586494073,0.0006927050209185603
ER(0.5),14,21,20272032,3,3,0.9046615580785603,0.9109694834374015,0.006307925358841171
ER(0.5),14,22,20272033,1,1,0.787133592776422,0.7895140336522807,0.002380440875858647
ER(0.5),14,22,20272033,1,3,0.8802110107039878,0.8862191082638153,0.006008097559827563
ER(0.5),14,22,20272033,2,1,0.7895140336522807,0.7895140336522807,0.0
ER(0.5),14,22,20272033,2,3,0.8816828636766584,0.8862191082638153,0.004536244587156957
ER(0.5),14,22,20272033,3,1,0.787133592776422,0.7895140336522807,0.002380440875858647
ER(0.5),14,22,20272033,3,3,0.8755188270075662,0.8862191082638153,0.010700281256249111
ER(0.5),14,23,20272034,1,1,0.8151621241519136,0.8162730339576314,0.001110909805717819
ER(0.5),14,23,20272034,1,3,0.8995410759704151,0.9069232603144206,0.007382184344005505
ER(0.5),14,23,20272034,2,1,0.8139534395143393,0.8162730339576314,0.0023195944432921056
ER(0.5),14,23,20272034,2,3,0.8805466507708856,0.9069232603144206,0.026376609543535046
ER(0.5),14,23,20272034,3,1,0.8151621241519136,0.8162730339576314,0.001110909805717819
ER(0.5),14,23,20272034,3,3,0.895128928966756,0.9069232603144206,0.01179433134766461
ER(0.5),14,24,20272035,1,1,0.8268491425115834,0.8284122540042135,0.0015631114926301093
ER(0.5),14,24,20272035,1,3,0.9103410673527066,0.9122524941788765,0.0019114268261699596
ER(0.5),14,24,20272035,2,1,0.8284122540042135,0.8284122540042135,0.0
ER(0.5),14,24,20272035,2,3,0.8958216227935554,0.9122524941788765,0.016430871385321177
ER(0.5),14,24,20272035,3,1,0.8268491425115834,0.8284122540042135,0.0015631114926301093
ER(0.5),14,24,20272035,3,3,0.9082667958795267,0.9122524941788765,0.003985698299349805
ER(0.5),14,25,20272036,1,1,0.8411251075459278,0.8417834912924869,0.0006583837465590214
ER(0.5),14,25,20272036,1,3,0.9243443531819657,0.9271477541120703,0.0028034009301045604
ER(0.5),14,25,20272036,2,1,0.839830280017386,0.8417834912924869,0.0019532112751008412
ER(0.5),14,25,20272036,2,3,0.9045367090533953,0.9271477541120703,0.02261104505867495
ER(0.5),14,25,20272036,3,1,0.8411251075459278,0.8417834912924869,0.0006583837465590214
ER(0.5),14,25,20272036,3,3,0.9229057462275109,0.9271477541120703,0.004242007884559418
ER(0.5),14,26,20272037,1,1,0.8098818909321526,0.810277448792847,0.000395557860694451
ER(0.5),14,26,20272037,1,3,0.9024572527085923,0.9141518275733791,0.011694574864786755
ER(0.5),14,26,20272037,2,1,0.8096310886662859,0.810277448792847,0.0006463601265611629
ER(0.5),14,26,20272037,2,3,0.8897087829516496,0.9141518275733791,0.024443044621729526
ER(0.5),14,26,20272037,3,1,0.8098818909321526,0.810277448792847,0.000395557860694451
ER(0.5),14,26,20272037,3,3,0.896786370486732,0.9141518275733791,0.01736545708664705
ER(0.5),14,27,20272038,1,1,0.7843901865882272,0.7857945162212768,0.0014043296330495947
ER(0.5),14,27,20272038,1,3,0.8758015124271424,0.8895482654661883,0.013746753039045823
ER(0.5),14,27,20272038,2,1,0.7855616887403745,0.7857945162212768,0.0002328274809023645
ER(0.5),14,27,20272038,2,3,0.8727027839392452,0.8895482654661883,0.016845481526943096
ER(0.5),14,27,20272038,3,1,0.7843901865882272,0.7857945162212768,0.0014043296330495947
ER(0.5),14,27,20272038,3,3,0.8701535827563619,0.8895482654661883,0.01939468270982636
ER(0.5),14,28,20272039,1,1,0.8014771347409185,0.80176980297399,0.00029266823307150247
ER(0.5),14,28,20272039,1,3,0.8872646693290034,0.88975044903826,0.0024857797092565637
ER(0.5),14,28,20272039,2,1,0.80176980297399,0.80176980297399,0.0
ER(0.5),14,28,20272039,2,3,0.8809788808327502,0.88975044903826,0.008771568205509728
ER(0.5),14,28,20272039,3,1,0.8014771347409185,0.80176980297399,0.00029266823307150247
ER(0.5),14,28,20272039,3,3,0.8846563184193127,0.88975044903826,0.005094130618947257
ER(0.5),14,29,20272040,1,1,0.8282335526431717,0.8290720717518933,0.0008385191087216803
ER(0.5),14,29,20272040,1,3,0.9067776762218676,0.9106594815972855,0.003881805375417935
ER(0.5),14,29,20272040,2,1,0.8263861237912471,0.8290720717518933,0.002685947960646251
ER(0.5),14,29,20272040,2,3,0.88402244747005,0.9106594815972855,0.026637034127235504
ER(0.5),14,29,20272040,3,1,0.8282335526431717,0.8290720717518933,0.0008385191087216803
ER(0.5),14,29,20272040,3,3,0.9056029799722363,0.9106594815972855,0.005056501625049226
ER(0.5),14,30,20272041,1,1,0.8168839924806587,0.8178869755998799,0.0010029831192212013
ER(0.5),14,30,20272041,1,3,0.9023444274190906,0.9096380342723623,0.007293606853271739
ER(0.5),14,30,20272041,2,1,0.8160757198215135,0.8178869755998799,0.001811255778366383
ER(0.5),14,30,20272041,2,3,0.8812519630292371,0.9096380342723623,0.0283860712431252
ER(0.5),14,30,20272041,3,1,0.8168839924806587,0.8178869755998799,0.0010029831192212013
ER(0.5),14,30,20272041,3,3,0.8977119006877166,0.9096380342723623,0.011926133584645782
ER(0.25),12,1,20281812,1,1,0.7630087761708088,0.7633254617586126,0.00031668558780384437
ER(0.25),12,1,20281812,1,3,0.8600241532685711,0.8671899552473761,0.007165801978805009
ER(0.25),12,1,20281812,2,1,0.7592274083479565,0.7633254617586126,0.004098053410656055
ER(0.25),12,1,20281812,2,3,0.8505107434785437,0.8671899552473761,0.016679211768832358
ER(0.25),12,1,20281812,3,1,0.7561210617306465,0.7633254617586126,0.007204400027966074
ER(0.25),12,1,20281812,3,3,0.8600241532685711,0.8671899552473761,0.007165801978805009
ER(0.25),12,2,20281813,1,1,0.7985546944749456,0.8008168503983236,0.002262155923377973
ER(0.25),12,2,20281813,1,3,0.8906579520076031,0.9029464111173743,0.012288459109771166
ER(0.25),12,2,20281813,2,1,0.790312675737206,0.8008168503983236,0.010504174661117638
ER(0.25),12,2,20281813,2,3,0.8739690620816065,0.9029464111173743,0.028977349035767763
ER(0.25),12,2,20281813,3,1,0.7882323195728428,0.8008168503983236,0.012584530825480833
ER(0.25),12,2,20281813,3,3,0.8906579520076031,0.9029464111173743,0.012288459109771166
ER(0.25),12,3,20281814,1,1,0.7418845830892896,0.7432304047517361,0.0013458216624464558
ER(0.25),12,3,20281814,1,3,0.8849681392426935,0.8886379860760607,0.0036698468333672407
ER(0.25),12,3,20281814,2,1,0.7387741217309886,0.7432304047517361,0.00445628302074752
ER(0.25),12,3,20281814,2,3,0.828486153455866,0.8886379860760607,0.060151832620194745
ER(0.25),12,3,20281814,3,1,0.7400996391773111,0.7432304047517361,0.003130765574424932
ER(0.25),12,3,20281814,3,3,0.8849681392426935,0.8886379860760607,0.0036698468333672407
ER(0.25),12,4,20281815,1,1,0.7470223881454628,0.7692668404573071,0.022244452311844243
ER(0.25),12,4,20281815,1,3,0.8278973352739762,0.8563054509262671,0.028408115652290844
ER(0.25),12,4,20281815,2,1,0.7590346286553675,0.7692668404573071,0.010232211801939561
ER(0.25),12,4,20281815,2,3,0.8453470107189565,0.8563054509262671,0.010958440207310627
ER(0.25),12,4,20281815,3,1,0.7607255337906212,0.7692668404573071,0.008541306666685844
ER(0.25),12,4,20281815,3,3,0.8278973352739762,0.8563054509262671,0.028408115652290844
ER(0.25),12,5,20281816,1,1,0.7895116765246595,0.7936872184431911,0.0041755419185316445
ER(0.25),12,5,20281816,1,3,0.8639109934589264,0.8795969622924542,0.015685968833527797
ER(0.25),12,5,20281816,2,1,0.7921068133211057,0.7936872184431911,0.0015804051220854598
ER(0.25),12,5,20281816,2,3,0.8583393235458168,0.8795969622924542,0.02125763874663744
ER(0.25),12,5,20281816,3,1,0.7936872184431911,0.7936872184431911,0.0
ER(0.25),12,5,20281816,3,3,0.8639109934589264,0.8795969622924542,0.015685968833527797
ER(0.25),12,6,20281817,1,1,0.7713180124013763,0.776228141283609,0.004910128882232634
ER(0.25),12,6,20281817,1,3,0.8925695670925905,0.8961425571965664,0.003572990103975937
ER(0.25),12,6,20281817,2,1,0.7608095611434768,0.776228141283609,0.015418580140132199
ER(0.25),12,6,20281817,2,3,0.8482965099317374,0.8961425571965664,0.047846047264828995
ER(0.25),12,6,20281817,3,1,0.7584346447278361,0.776228141283609,0.017793496555772892
ER(0.25),12,6,20281817,3,3,0.8925695670925905,0.8961425571965664,0.003572990103975937
ER(0.25),12,7,20281818,1,1,0.7521791332178385,0.7538614468407902,0.001682313622951681
ER(0.25),12,7,20281818,1,3,0.8665766607348276,0.8685370680378588,0.001960407303031153
ER(0.25),12,7,20281818,2,1,0.7467620429715746,0.7538614468407902,0.0070994038692155925
ER(0.25),12,7,20281818,2,3,0.8422111395420234,0.8685370680378588,0.02632592849583537
ER(0.25),12,7,20281818,3,1,0.7409202251400053,0.7538614468407902,0.012941221700784822
ER(0.25),12,7,20281818,3,3,0.8665766607348276,0.8685370680378588,0.001960407303031153
ER(0.25),12,8,20281819,1,1,0.8116365482417454,0.8162075572350613,0.0045710089933159725
ER(0.25),12,8,20281819,1,3,0.9234979264485377,0.9256229181716064,0.002124991723068681
ER(0.25),12,8,20281819,2,1,0.8009938316887719,0.8162075572350613,0.015213725546289414
ER(0.25),12,8,20281819,2,3,0.8825313418471619,0.9256229181716064,0.04309157632444449
ER(0.25),12,8,20281819,3,1,0.7980164830878118,0.8162075572350613,0.01819107414724952
ER(0.25),12,8,20281819,3,3,0.9234979264485377,0.9256229181716064,0.002124991723068681
ER(0.25),12,9,20281820,1,1,0.745496863620259,0.7474859994280021,0.00198913580774307
ER(0.25),12,9,20281820,1,3,0.8670189271765308,0.8731202172922676,0.0061012901157367905
ER(0.25),12,9,20281820,2,1,0.7379047986054131,0.7474859994280021,0.009581200822588953
ER(0.25),12,9,20281820,2,3,0.8163901421873727,0.8731202172922676,0.05673007510489492
ER(0.25),12,9,20281820,3,1,0.7366653141143467,0.7474859994280021,0.010820685313655432
ER(0.25),12,9,20281820,3,3,0.8670189271765308,0.8731202172922676,0.0061012901157367905
ER(0.25),12,10,20281821,1,1,0.7539602516041647,0.7539602516041647,0.0
ER(0.25),12,10,20281821,1,3,0.8949380053323199,0.8961641035813337,0.0012260982490137629
ER(0.25),12,10,20281821,2,1,0.75090305806821,0.7539602516041647,0.003057193535954683
ER(0.25),12,10,20281821,2,3,0.8453721429300725,0.8961641035813337,0.050791960651261236
ER(0.25),12,10,20281821,3,1,0.7487075605700418,0.7539602516041647,0.005252691034122847
ER(0.25),12,10,20281821,3,3,0.8949380053323199,0.8961641035813337,0.0012260982490137629
ER(0.25),12,11,20281822,1,1,0.8096007199250961,0.8185528290435699,0.008952109118473772
ER(0.25),12,11,20281822,1,3,0.9051146376405889,0.9143462590694833,0.009231621428894443
ER(0.25),12,11,20281822,2,1,0.7977393234724311,0.8185528290435699,0.020813505571138702
ER(0.25),12,11,20281822,2,3,0.8795201519562716,0.9143462590694833,0.03482610711321166
ER(0.25),12,11,20281822,3,1,0.7934672409983989,0.8185528290435699,0.025085588045170915
ER(0.25),12,11,20281822,3,3,0.9051146376405889,0.9143462590694833,0.009231621428894443
ER(0.25),12,12,20281823,1,1,0.768687348431623,0.7708736684780063,0.0021863200463833055
ER(0.25),12,12,20281823,1,3,0.8810752355042836,0.8810752355042836,0.0
ER(0.25),12,12,20281823,2,1,0.7685728304178222,0.7708736684780063,0.002300838060184107
ER(0.25),12,12,20281823,2,3,0.8375860875994964,0.8810752355042836,0.043489147904787195
ER(0.25),12,12,20281823,3,1,0.7700292837722319,0.7708736684780063,0.0008443847057744147
ER(0.25),12,12,20281823,3,3,0.8810752355042836,0.8810752355042836,0.0
ER(0.25),12,13,20281824,1,1,0.8067091632148269,0.8228041997259071,0.01609503651108024
ER(0.25),12,13,20281824,1,3,0.8800547402775175,0.8998942742882475,0.01983953401073002
ER(0.25),12,13,20281824,2,1,0.7934489410585255,0.8228041997259071,0.029355258667381645
ER(0.25),12,13,20281824,2,3,0.8800470177021803,0.8998942742882475,0.01984725658606723
ER(0.25),12,13,20281824,3,1,0.786938193092415,0.8228041997259071,0.03586600663349215
ER(0.25),12,13,20281824,3,3,0.8800547402775175,0.8998942742882475,0.01983953401073002
ER(0.25),12,14,20281825,1,1,0.8167788521309388,0.832162639711816,0.015383787580877217
ER(0.25),12,14,20281825,1,3,0.9145367191695808,0.9208963183381884,0.006359599168607621
ER(0.25),12,14,20281825,2,1,0.8017557358003403,0.832162639711816,0.030406903911475713
ER(0.25),12,14,20281825,2,3,0.892686114134964,0.9208963183381884,0.028210204203224398
ER(0.25),12,14,20281825,3,1,0.7948784490400258,0.832162639711816,0.03728419067179023
ER(0.25),12,14,20281825,3,3,0.9145367191695808,0.9208963183381884,0.006359599168607621
ER(0.25),12,15,20281826,1,1,0.7771765974662329,0.7776218771329912,0.00044527966675833586
ER(0.25),12,15,20281826,1,3,0.8954687689071843,0.8961649905167157,0.0006962216095314222
ER(0.25),12,15,20281826,2,1,0.7717484842657575,0.7776218771329912,0.005873392867233762
ER(0.25),12,15,20281826,2,3,0.849324392726593,0.8961649905167157,0.04684059779012273
ER(0.25),12,15,20281826,3,1,0.7695193833814069,0.7776218771329912,0.008102493751584339
ER(0.25),12,15,20281826,3,3,0.8954687689071843,0.8961649905167157,0.0006962216095314222
ER(0.25),12,16,20281827,1,1,0.7998441143611056,0.8028092525595103,0.0029651381984047154
ER(0.25),12,16,20281827,1,3,0.8977732109669616,0.9017351628551682,0.003961951888206583
ER(0.25),12,16,20281827,2,1,0.791386367087179,0.8028092525595103,0.011422885472331279
ER(0.25),12,16,20281827,2,3,0.8623861255960497,0.9017351628551682,0.039349037259118536
ER(0.25),12,16,20281827,3,1,0.786381603912801,0.8028092525595103,0.016427648646709314
ER(0.25),12,16,20281827,3,3,0.8977732109669616,0.9017351628551682,0.003961951888206583
ER(0.25),12,17,20281828,1,1,0.8220985485011442,0.8437765147266431,0.02167796622549889
ER(0.25),12,17,20281828,1,3,0.8490139814691822,0.9199758393251243,0.07096185785594211
ER(0.25),12,17,20281828,2,1,0.8340838570210526,0.8437765147266431,0.009692657705590468
ER(0.25),12,17,20281828,2,3,0.9199758393251243,0.9199758393251243,0.0
ER(0.25),12,17,20281828,3,1,0.8305360302863609,0.8437765147266431,0.013240484440282141
ER(0.25),12,17,20281828,3,3,0.8490139814691822,0.9199758393251243,0.07096185785594211
ER(0.25),12,18,20281829,1,1,0.7948045262862224,0.7964163535051649,0.0016118272189424854
ER(0.25),12,18,20281829,1,3,0.895828997652358,0.9035334672561522,0.007704469603794228
ER(0.25),12,18,20281829,2,1,0.7889634541736661,0.7964163535051649,0.007452899331498841
ER(0.25),12,18,20281829,2,3,0.8662581392571241,0.9035334672561522,0.03727532799902811
ER(0.25),12,18,20281829,3,1,0.7903475940650593,0.7964163535051649,0.006068759440105653
ER(0.25),12,18,20281829,3,3,0.895828997652358,0.9035334672561522,0.007704469603794228
ER(0.25),12,19,20281830,1,1,0.7865061268258084,0.7941637505913122,0.007657623765503718
ER(0.25),12,19,20281830,1,3,0.8937584134292694,0.8999051820061693,0.006146768576899886
ER(0.25),12,19,20281830,2,1,0.7744619844094457,0.7941637505913122,0.019701766181866476
ER(0.25),12,19,20281830,2,3,0.8627575445598791,0.8999051820061693,0.03714763744629024
ER(0.25),12,19,20281830,3,1,0.7710375564505616,0.7941637505913122,0.023126194140750567
ER(0.25),12,19,20281830,3,3,0.8937584134292694,0.8999051820061693,0.006146768576899886
ER(0.25),12,20,20281831,1,1,0.7578731863420947,0.7620293513208537,0.004156164978759036
ER(0.25),12,20,20281831,1,3,0.872141565039874,0.8748538370358913,0.0027122719960173125
ER(0.25),12,20,20281831,2,1,0.7485061430626387,0.7620293513208537,0.013523208258214958
ER(0.25),12,20,20281831,2,3,0.8277288939456598,0.8748538370358913,0.04712494309023141
ER(0.25),12,20,20281831,3,1,0.7449889789022334,0.7620293513208537,0.01704037241862033
ER(0.25),12,20,20281831,3,3,0.872141565039874,0.8748538370358913,0.0027122719960173125
ER(0.25),12,21,20281832,1,1,0.7474910972519159,0.7488098678180312,0.0013187705661152904
ER(0.25),12,21,20281832,1,3,0.8764117155316508,0.8764117155316508,0.0
ER(0.25),12,21,20281832,2,1,0.7411321424525764,0.7488098678180312,0.007677725365454746
ER(0.25),12,21,20281832,2,3,0.8356235182806643,0.8764117155316508,0.04078819725098648
ER(0.25),12,21,20281832,3,1,0.7384551836702689,0.7488098678180312,0.010354684147762305
ER(0.25),12,21,20281832,3,3,0.8764117155316508,0.8764117155316508,0.0
ER(0.25),12,22,20281833,1,1,0.7775104923540821,0.7817064626409234,0.004195970286841266
ER(0.25),12,22,20281833,1,3,0.9017058101595772,0.9018729090344532,0.00016709887487598163
ER(0.25),12,22,20281833,2,1,0.7676077254204865,0.7817064626409234,0.014098737220436863
ER(0.25),12,22,20281833,2,3,0.8647247941230437,0.9018729090344532,0.03714811491140946
ER(0.25),12,22,20281833,3,1,0.7646041545753444,0.7817064626409234,0.017102308065578997
ER(0.25),12,22,20281833,3,3,0.9017058101595772,0.9018729090344532,0.00016709887487598163
ER(0.25),12,23,20281834,1,1,0.7453209519221996,0.7480313362351463,0.0027103843129466787
ER(0.25),12,23,20281834,1,3,0.8816562236080256,0.8827616863394723,0.001105462731446627
ER(0.25),12,23,20281834,2,1,0.7365877241109506,0.7480313362351463,0.011443612124195646
ER(0.25),12,23,20281834,2,3,0.8326304080220224,0.8827616863394723,0.0501312783174499
ER(0.25),12,23,20281834,3,1,0.7352020772811687,0.7480313362351463,0.012829258953977574
ER(0.25),12,23,20281834,3,3,0.8816562236080256,0.8827616863394723,0.001105462731446627
ER(0.25),12,24,20281835,1,1,0.8206732045712777,0.8271249492690294,0.006451744697751671
ER(0.25),12,24,20281835,1,3,0.9230184647720933,0.9276540393163542,0.00463557454426089
ER(0.25),12,24,20281835,2,1,0.8092536221570029,0.8271249492690294,0.017871327112026436
ER(0.25),12,24,20281835,2,3,0.9029614187815145,0.9276540393163542,0.02469262053483967
ER(0.25),12,24,20281835,3,1,0.8044452589740942,0.8271249492690294,0.022679690294935106
ER(0.25),12,24,20281835,3,3,0.9230184647720933,0.9276540393163542,0.00463557454426089
ER(0.25),12,25,20281836,1,1,0.7626769224742624,0.7637789791488191,0.0011020566745566507
ER(0.25),12,25,20281836,1,3,0.8500171819077624,0.8640838983200954,0.014066716412332925
ER(0.25),12,25,20281836,2,1,0.763480214074957,0.7637789791488191,0.00029876507386206175
ER(0.25),12,25,20281836,2,3,0.8512018011251534,0.8640838983200954,0.012882097194941933
ER(0.25),12,25,20281836,3,1,0.7627354303901774,0.7637789791488191,0.0010435487586416548
ER(0.25),12,25,20281836,3,3,0.8500171819077624,0.8640838983200954,0.014066716412332925
ER(0.25),12,26,20281837,1,1,0.7800837255835953,0.7834922808767725,0.0034085552931771845
ER(0.25),12,26,20281837,1,3,0.8647707546258204,0.870821038954976,0.006050284329155553
ER(0.25),12,26,20281837,2,1,0.7704783975376466,0.7834922808767725,0.013013883339125898
ER(0.25),12,26,20281837,2,3,0.8417520381570334,0.870821038954976,0.029069000797942612
ER(0.25),12,26,20281837,3,1,0.7683409215768195,0.7834922808767725,0.015151359299952927
ER(0.25),12,26,20281837,3,3,0.8647707546258204,0.870821038954976,0.006050284329155553
ER(0.25),12,27,20281838,1,1,0.7645704712638017,0.7745373615475093,0.009966890283707563
ER(0.25),12,27,20281838,1,3,0.8885846875914758,0.8979263010979704,0.00934161350649465
ER(0.25),12,27,20281838,2,1,0.752742676522246,0.7745373615475093,0.021794685025263272
ER(0.25),12,27,20281838,2,3,0.8337474047031873,0.8979263010979704,0.06417889639478314
ER(0.25),12,27,20281838,3,1,0.7481439274739602,0.7745373615475093,0.026393434073549105
ER(0.25),12,27,20281838,3,3,0.8885846875914758,0.8979263010979704,0.00934161350649465
ER(0.25),12,28,20281839,1,1,0.8178592162696365,0.8184952224302152,0.0006360061605786838
ER(0.25),12,28,20281839,1,3,0.8952684080361168,0.9095120429392718,0.014243634903154945
ER(0.25),12,28,20281839,2,1,0.812527393196305,0.8184952224302152,0.00596782923391026
ER(0.25),12,28,20281839,2,3,0.8951608366028732,0.9095120429392718,0.014351206336398636
ER(0.25),12,28,20281839,3,1,0.8088465557628055,0.8184952224302152,0.009648666667409711
ER(0.25),12,28,20281839,3,3,0.8952684080361168,0.9095120429392718,0.014243634903154945
ER(0.25),12,29,20281840,1,1,0.801346431875112,0.8069427630130568,0.005596331137944777
ER(0.25),12,29,20281840,1,3,0.8968259612083904,0.9022017975919872,0.005375836383596733
ER(0.25),12,29,20281840,2,1,0.7906289365210185,0.8069427630130568,0.016313826492038275
ER(0.25),12,29,20281840,2,3,0.8739690389331183,0.9022017975919872,0.028232758658868873
ER(0.25),12,29,20281840,3,1,0.7868536072134111,0.8069427630130568,0.020089155799645653
ER(0.25),12,29,20281840,3,3,0.8968259612083904,0.9022017975919872,0.005375836383596733
ER(0.25),12,30,20281841,1,1,0.7503276228493263,0.7508699068621816,0.0005422840128552764
ER(0.25),12,30,20281841,1,3,0.8425784990957624,0.848821763321378,0.006243264225615608
ER(0.25),12,30,20281841,2,1,0.7499781481590431,0.7508699068621816,0.0008917587031385121
ER(0.25),12,30,20281841,2,3,0.8263720020626959,0.848821763321378,0.022449761258682144
ER(0.25),12,30,20281841,3,1,0.749847464988994,0.7508699068621816,0.0010224418731875629
ER(0.25),12,30,20281841,3,3,0.8425784990957624,0.848821763321378,0.006243264225615608
ER(0.25),14,1,20282012,1,1,0.7903723463048828,0.7957785854954411,0.005406239190558271
ER(0.25),14,1,20282012,1,3,0.8861215352840885,0.8890052149788955,0.002883679694806962
ER(0.25),14,1,20282012,2,1,0.778853383603663,0.7957785854954411,0.016925201891778152
ER(0.25),14,1,20282012,2,3,0.8550093662223479,0.8890052149788955,0.0339958487565476
ER(0.25),14,1,20282012,3,1,0.7729768111283423,0.7957785854954411,0.022801774367098848
ER(0.25),14,1,20282012,3,3,0.8861215352840885,0.8890052149788955,0.002883679694806962
ER(0.25),14,2,20282013,1,1,0.7527564469148269,0.7638638083489783,0.011107361434151364
ER(0.25),14,2,20282013,1,3,0.8693382228972976,0.87504640352872,0.0057081806314224215
ER(0.25),14,2,20282013,2,1,0.7388146648332043,0.7638638083489783,0.02504914351577392
ER(0.25),14,2,20282013,2,3,0.8171287044539653,0.87504640352872,0.057917699074754636
ER(0.25),14,2,20282013,3,1,0.7360969887071398,0.7638638083489783,0.02776681964183847
ER(0.25),14,2,20282013,3,3,0.8693382228972976,0.87504640352872,0.0057081806314224215
ER(0.25),14,3,20282014,1,1,0.7483622374152022,0.7525421791405413,0.004179941725339087
ER(0.25),14,3,20282014,1,3,0.8684080828770242,0.87544248068385,0.007034397806825798
ER(0.25),14,3,20282014,2,1,0.7390202945021981,0.7525421791405413,0.013521884638343251
ER(0.25),14,3,20282014,2,3,0.8191312687517982,0.87544248068385,0.0563112119320518
ER(0.25),14,3,20282014,3,1,0.738109356880505,0.7525421791405413,0.014432822260036282
ER(0.25),14,3,20282014,3,3,0.8684080828770242,0.87544248068385,0.007034397806825798
ER(0.25),14,4,20282015,1,1,0.7592587543703375,0.7633226081124465,0.004063853742108936
ER(0.25),14,4,20282015,1,3,0.866936361352861,0.8716409334939794,0.004704572141118413
ER(0.25),14,4,20282015,2,1,0.7487001407077429,0.7633226081124465,0.01462246740470352
ER(0.25),14,4,20282015,2,3,0.8240928297462424,0.8716409334939794,0.04754810374773699
ER(0.25),14,4,20282015,3,1,0.7481835316119676,0.7633226081124465,0.015139076500478854
ER(0.25),14,4,20282015,3,3,0.866936361352861,0.8716409334939794,0.004704572141118413
ER(0.25),14,5,20282016,1,1,0.7971294504980497,0.8101563370657182,0.013026886567668483
ER(0.25),14,5,20282016,1,3,0.9005212315856574,0.9143320373505255,0.01381080576486804
ER(0.25),14,5,20282016,2,1,0.7836285144901374,0.8101563370657182,0.02652782257558084
ER(0.25),14,5,20282016,2,3,0.8813137933151136,0.9143320373505255,0.03301824403541187
ER(0.25),14,5,20282016,3,1,0.7800371269222641,0.8101563370657182,0.03011921014345409
ER(0.25),14,5,20282016,3,3,0.9005212315856574,0.9143320373505255,0.01381080576486804
ER(0.25),14,6,20282017,1,1,0.7917950853787524,0.7982546435558324,0.006459558177079994
ER(0.25),14,6,20282017,1,3,0.8838033657238595,0.89398655628628,0.010183190562420452
ER(0.25),14,6,20282017,2,1,0.7824480104331653,0.7982546435558324,0.01580663312266717
ER(0.25),14,6,20282017,2,3,0.8614195647285099,0.89398655628628,0.0325669915577701
ER(0.25),14,6,20282017,3,1,0.7791017436303667,0.7982546435558324,0.01915289992546576
ER(0.25),14,6,20282017,3,3,0.8838033657238595,0.89398655628628,0.010183190562420452
ER(0.25),14,7,20282018,1,1,0.7770313932291095,0.7773433937794283,0.0003120005503187695
ER(0.25),14,7,20282018,1,3,0.8577587026787981,0.8826676273548789,0.024908924676080857
ER(0.25),14,7,20282018,2,1,0.773905554301401,0.7773433937794283,0.003437839478027338
ER(0.25),14,7,20282018,2,3,0.8763622984645143,0.8826676273548789,0.006305328890364614
ER(0.25),14,7,20282018,3,1,0.7701195197581346,0.7773433937794283,0.0072238740212936525
ER(0.25),14,7,20282018,3,3,0.8577587026787981,0.8826676273548789,0.024908924676080857
ER(0.25),14,8,20282019,1,1,0.7241105362104486,0.7320142400143693,0.007903703803920692
ER(0.25),14,8,20282019,1,3,0.8303152056558519,0.8421639814824831,0.01184877582663113
ER(0.25),14,8,20282019,2,1,0.7133024925897387,0.7320142400143693,0.018711747424630665
ER(0.25),14,8,20282019,2,3,0.7962724334705539,0.8421639814824831,0.045891548011929184
ER(0.25),14,8,20282019,3,1,0.7105404516129836,0.7320142400143693,0.021473788401385696
ER(0.25),14,8,20282019,3,3,0.8303152056558519,0.8421639814824831,0.01184877582663113
ER(0.25),14,9,20282020,1,1,0.810583805280491,0.8109788995180817,0.0003950942375906541
ER(0.25),14,9,20282020,1,3,0.891455286417789,0.9059638540329176,0.014508567615128531
ER(0.25),14,9,20282020,2,1,0.8049678779099774,0.8109788995180817,0.006011021608104294
ER(0.25),14,9,20282020,2,3,0.8835761482564093,0.9059638540329176,0.022387705776508282
ER(0.25),14,9,20282020,3,1,0.8041052175617911,0.8109788995180817,0.006873681956290567
ER(0.25),14,9,20282020,3,3,0.891455286417789,0.9059638540329176,0.014508567615128531
ER(0.25),14,10,20282021,1,1,0.7544119598122802,0.7587223744972146,0.004310414684934427
ER(0.25),14,10,20282021,1,3,0.869658522151525,0.8711163397266019,0.001457817575076903
ER(0.25),14,10,20282021,2,1,0.7447362235189293,0.7587223744972146,0.013986150978285261
ER(0.25),14,10,20282021,2,3,0.8363188490245743,0.8711163397266019,0.034797490702027534
ER(0.25),14,10,20282021,3,1,0.7435626241853402,0.7587223744972146,0.015159750311874332
ER(0.25),14,10,20282021,3,3,0.869658522151525,0.8711163397266019,0.001457817575076903
ER(0.25),14,11,20282022,1,1,0.7953934553429627,0.8114138846767143,0.016020429333751585
ER(0.25),14,11,20282022,1,3,0.8666163066789812,0.8948110957158958,0.028194789036914636
ER(0.25),14,11,20282022,2,1,0.7841082390434767,0.8114138846767143,0.027305645633237563
ER(0.25),14,11,20282022,2,3,0.879674146241869,0.8948110957158958,0.015136949474026773
ER(0.25),14,11,20282022,3,1,0.7775326357492927,0.8114138846767143,0.033881248927421614
ER(0.25),14,11,20282022,3,3,0.8666163066789812,0.8948110957158958,0.028194789036914636
ER(0.25),14,12,20282023,1,1,0.7877516138541713,0.7910383490973726,0.003286735243201333
ER(0.25),14,12,20282023,1,3,0.8757019423916157,0.8864787116138544,0.010776769222238691
ER(0.25),14,12,20282023,2,1,0.780733180585197,0.7910383490973726,0.010305168512175555
ER(0.25),14,12,20282023,2,3,0.8687901045128995,0.8864787116138544,0.01768860710095488
ER(0.25),14,12,20282023,3,1,0.7746364648122634,0.7910383490973726,0.016401884285109136
ER(0.25),14,12,20282023,3,3,0.8757019423916157,0.8864787116138544,0.010776769222238691
ER(0.25),14,13,20282024,1,1,0.8147810608938852,0.8148035476800288,2.2486786143582904e-5
ER(0.25),14,13,20282024,1,3,0.8989242160689128,0.9092009785444956,0.010276762475582735
ER(0.25),14,13,20282024,2,1,0.8099216898843246,0.8148035476800288,0.00488185779570427
ER(0.25),14,13,20282024,2,3,0.8899769614608248,0.9092009785444956,0.01922401708367072
ER(0.25),14,13,20282024,3,1,0.8074179794756556,0.8148035476800288,0.007385568204373194
ER(0.25),14,13,20282024,3,3,0.8989242160689128,0.9092009785444956,0.010276762475582735
ER(0.25),14,14,20282025,1,1,0.774372759166645,0.775506052818805,0.0011332936521599724
ER(0.25),14,14,20282025,1,3,0.8662352278386981,0.8738813223527024,0.007646094514004331
ER(0.25),14,14,20282025,2,1,0.76840575987752,0.775506052818805,0.0071002929412850024
ER(0.25),14,14,20282025,2,3,0.8531012638487243,0.8738813223527024,0.020780058503978127
ER(0.25),14,14,20282025,3,1,0.7662754170001641,0.775506052818805,0.00923063581864092
ER(0.25),14,14,20282025,3,3,0.8662352278386981,0.8738813223527024,0.007646094514004331
ER(0.25),14,15,20282026,1,1,0.781726181448121,0.7911158467839705,0.009389665335849506
ER(0.25),14,15,20282026,1,3,0.8776737904479179,0.8869691101620887,0.009295319714170747
ER(0.25),14,15,20282026,2,1,0.7678762897502996,0.7911158467839705,0.023239557033670866
ER(0.25),14,15,20282026,2,3,0.8455265717017375,0.8869691101620887,0.041442538460351175
ER(0.25),14,15,20282026,3,1,0.7662377158534436,0.7911158467839705,0.02487813093052693
ER(0.25),14,15,20282026,3,3,0.8776737904479179,0.8869691101620887,0.009295319714170747
ER(0.25),14,16,20282027,1,1,0.7662810322363525,0.7662810322363525,0.0
ER(0.25),14,16,20282027,1,3,0.8775029262282559,0.8775029262282559,0.0
ER(0.25),14,16,20282027,2,1,0.7623362922824976,0.7662810322363525,0.003944739953854914
ER(0.25),14,16,20282027,2,3,0.8482242443951149,0.8775029262282559,0.029278681833140974
ER(0.25),14,16,20282027,3,1,0.7609222557607522,0.7662810322363525,0.005358776475600235
ER(0.25),14,16,20282027,3,3,0.8775029262282559,0.8775029262282559,0.0
ER(0.25),14,17,20282028,1,1,0.7971946784375167,0.8054879545020768,0.008293276064560096
ER(0.25),14,17,20282028,1,3,0.9081052549058434,0.9164506420791984,0.008345387173354979
ER(0.25),14,17,20282028,2,1,0.7844377830775511,0.8054879545020768,0.0210501714245257
ER(0.25),14,17,20282028,2,3,0.8686739774967315,0.9164506420791984,0.04777666458246688
ER(0.25),14,17,20282028,3,1,0.7822099277167093,0.8054879545020768,0.0232780267853675
ER(0.25),14,17,20282028,3,3,0.9081052549058434,0.9164506420791984,0.008345387173354979
ER(0.25),14,18,20282029,1,1,0.7714573460213825,0.7714573460213825,0.0
ER(0.25),14,18,20282029,1,3,0.8776874629711668,0.8812073944935332,0.003519931522366404
ER(0.25),14,18,20282029,2,1,0.7671624259256031,0.7714573460213825,0.004294920095779364
ER(0.25),14,18,20282029,2,3,0.8393608788572153,0.8812073944935332,0.041846515636317916
ER(0.25),14,18,20282029,3,1,0.7669701561995443,0.7714573460213825,0.004487189821838156
ER(0.25),14,18,20282029,3,3,0.8776874629711668,0.8812073944935332,0.003519931522366404
ER(0.25),14,19,20282030,1,1,0.7734619376280649,0.7801398830574959,0.006677945429431009
ER(0.25),14,19,20282030,1,3,0.8790879770083155,0.8830530017939646,0.003965024785649085
ER(0.25),14,19,20282030,2,1,0.7615625245553737,0.7801398830574959,0.018577358502122276
ER(0.25),14,19,20282030,2,3,0.8454192427208124,0.8830530017939646,0.03763375907315225
ER(0.25),14,19,20282030,3,1,0.75986585512521,0.7801398830574959,0.020274027932285943
ER(0.25),14,19,20282030,3,3,0.8790879770083155,0.8830530017939646,0.003965024785649085
ER(0.25),14,20,20282031,1,1,0.8090205831566241,0.8172061613224939,0.008185578165869845
ER(0.25),14,20,20282031,1,3,0.8777239458368895,0.8959769271934203,0.01825298135653075
ER(0.25),14,20,20282031,2,1,0.7980805931169122,0.8172061613224939,0.019125568205581756
ER(0.25),14,20,20282031,2,3,0.872513141562534,0.8959769271934203,0.023463785630886247
ER(0.25),14,20,20282031,3,1,0.7928158844307548,0.8172061613224939,0.024390276891739116
ER(0.25),14,20,20282031,3,3,0.8777239458368895,0.8959769271934203,0.01825298135653075
ER(0.25),14,21,20282032,1,1,0.7069511957876952,0.7089759179614354,0.0020247221737402787
ER(0.25),14,21,20282032,1,3,0.8325171458130916,0.8437982370771806,0.01128109126408905
ER(0.25),14,21,20282032,2,1,0.6988984729828291,0.7089759179614354,0.010077444978606298
ER(0.25),14,21,20282032,2,3,0.768194552337118,0.8437982370771806,0.07560368474006263
ER(0.25),14,21,20282032,3,1,0.6991563732539456,0.7089759179614354,0.009819544707489802
ER(0.25),14,21,20282032,3,3,0.8325171458130916,0.8437982370771806,0.01128109126408905
ER(0.25),14,22,20282033,1,1,0.7978041144273323,0.8094831974265501,0.011679082999217716
ER(0.25),14,22,20282033,1,3,0.91945943085938,0.9250816267459105,0.005622195886530568
ER(0.25),14,22,20282033,2,1,0.7824808652937338,0.8094831974265501,0.02700233213281622
ER(0.25),14,22,20282033,2,3,0.8763741829935225,0.9250816267459105,0.048707443752388
ER(0.25),14,22,20282033,3,1,0.7793275622630825,0.8094831974265501,0.03015563516346753
ER(0.25),14,22,20282033,3,3,0.91945943085938,0.9250816267459105,0.005622195886530568
ER(0.25),14,23,20282034,1,1,0.756941771824434,0.7574565161751551,0.0005147443507210747
ER(0.25),14,23,20282034,1,3,0.8831265102323542,0.8845299512580533,0.0014034410256991148
ER(0.25),14,23,20282034,2,1,0.7516565401423698,0.7574565161751551,0.005799976032785259
ER(0.25),14,23,20282034,2,3,0.8347725502695195,0.8845299512580533,0.04975740098853387
ER(0.25),14,23,20282034,3,1,0.750828207391951,0.7574565161751551,0.006628308783204084
ER(0.25),14,23,20282034,3,3,0.8831265102323542,0.8845299512580533,0.0014034410256991148
ER(0.25),14,24,20282035,1,1,0.7928896458908028,0.8015942332826318,0.008704587391829
ER(0.25),14,24,20282035,1,3,0.8947861585167052,0.898937583710478,0.004151425193772873
ER(0.25),14,24,20282035,2,1,0.7789742084035579,0.8015942332826318,0.022620024879073886
ER(0.25),14,24,20282035,2,3,0.8520734346131588,0.898937583710478,0.046864149097319285
ER(0.25),14,24,20282035,3,1,0.7764093740339805,0.8015942332826318,0.025184859248651326
ER(0.25),14,24,20282035,3,3,0.8947861585167052,0.898937583710478,0.004151425193772873
ER(0.25),14,25,20282036,1,1,0.7561953048070482,0.7665099199042766,0.010314615097228419
ER(0.25),14,25,20282036,1,3,0.8697089341437219,0.8748357419260941,0.005126807782372289
ER(0.25),14,25,20282036,2,1,0.7443947112101035,0.7665099199042766,0.02211520869417316
ER(0.25),14,25,20282036,2,3,0.8432147499062028,0.8748357419260941,0.031620992019891325
ER(0.25),14,25,20282036,3,1,0.7407973151464459,0.7665099199042766,0.02571260475783077
ER(0.25),14,25,20282036,3,3,0.8697089341437219,0.8748357419260941,0.005126807782372289
ER(0.25),14,26,20282037,1,1,0.7770209601919833,0.779125230565207,0.0021042703732236934
ER(0.25),14,26,20282037,1,3,0.8863667375061566,0.8926398272434564,0.006273089737299786
ER(0.25),14,26,20282037,2,1,0.7685646641097497,0.779125230565207,0.010560566455457332
ER(0.25),14,26,20282037,2,3,0.8403691215756814,0.8926398272434564,0.05227070566777492
ER(0.25),14,26,20282037,3,1,0.767453595754414,0.779125230565207,0.01167163481079303
ER(0.25),14,26,20282037,3,3,0.8863667375061566,0.8926398272434564,0.006273089737299786
ER(0.25),14,27,20282038,1,1,0.7674116871281164,0.7703402909227876,0.002928603794671192
ER(0.25),14,27,20282038,1,3,0.8603884229317197,0.8681251249669613,0.007736702035241572
ER(0.25),14,27,20282038,2,1,0.7582216949168038,0.7703402909227876,0.01211859600598375
ER(0.25),14,27,20282038,2,3,0.8292908976809726,0.8681251249669613,0.03883422728598862
ER(0.25),14,27,20282038,3,1,0.7577466531012351,0.7703402909227876,0.012593637821552428
ER(0.25),14,27,20282038,3,3,0.8603884229317197,0.8681251249669613,0.007736702035241572
ER(0.25),14,28,20282039,1,1,0.7797459727268192,0.7960529957943668,0.01630702306754761
ER(0.25),14,28,20282039,1,3,0.8777365649774506,0.889268313272887,0.011531748295436461
ER(0.25),14,28,20282039,2,1,0.765490058925628,0.7960529957943668,0.030562936868738788
ER(0.25),14,28,20282039,2,3,0.8524726585639497,0.889268313272887,0.03679565470893731
ER(0.25),14,28,20282039,3,1,0.7613057187772378,0.7960529957943668,0.034747277017128986
ER(0.25),14,28,20282039,3,3,0.8777365649774506,0.889268313272887,0.011531748295436461
ER(0.25),14,29,20282040,1,1,0.7721620771994158,0.7746392021282071,0.0024771249287913744
ER(0.25),14,29,20282040,1,3,0.8659332799661175,0.8723113019703492,0.006378022004231765
ER(0.25),14,29,20282040,2,1,0.7640842084966818,0.7746392021282071,0.010554993631525345
ER(0.25),14,29,20282040,2,3,0.8581991771611847,0.8723113019703492,0.014112124809164572
ER(0.25),14,29,20282040,3,1,0.7600793705379127,0.7746392021282071,0.014559831590294392
ER(0.25),14,29,20282040,3,3,0.8659332799661175,0.8723113019703492,0.006378022004231765
ER(0.25),14,30,20282041,1,1,0.7492782807081191,0.7503931185978867,0.001114837889767628
ER(0.25),14,30,20282041,1,3,0.8563054747471132,0.8598524165991387,0.0035469418520255314
ER(0.25),14,30,20282041,2,1,0.7425297079716242,0.7503931185978867,0.007863410626262501
ER(0.25),14,30,20282041,2,3,0.8155380404611762,0.8598524165991387,0.04431437613796252
ER(0.25),14,30,20282041,3,1,0.7413949853137293,0.7503931185978867,0.008998133284157439
ER(0.25),14,30,20282041,3,3,0.8563054747471132,0.8598524165991387,0.0035469418520255314
BA(k=2),12,1,20291812,1,1,0.7553764702979572,0.7554036783908936,2.720809293643711e-5
BA(k=2),12,1,20291812,1,3,0.8637789394078405,0.8681106729087494,0.004331733500908985
BA(k=2),12,1,20291812,2,1,0.7554036783908936,0.7554036783908936,0.0
BA(k=2),12,1,20291812,2,3,0.8625488408459796,0.8681106729087494,0.005561832062769834
BA(k=2),12,1,20291812,3,1,0.7531155562235938,0.7554036783908936,0.0022881221672997887
BA(k=2),12,1,20291812,3,3,0.8625488408459796,0.8681106729087494,0.005561832062769834
BA(k=2),12,2,20291813,1,1,0.8512226738582986,0.8520181839456353,0.0007955100873366927
BA(k=2),12,2,20291813,1,3,0.9209906293663498,0.9270552008057835,0.00606457143943373
BA(k=2),12,2,20291813,2,1,0.8520181839456353,0.8520181839456353,0.0
BA(k=2),12,2,20291813,2,3,0.9270552008057835,0.9270552008057835,0.0
BA(k=2),12,2,20291813,3,1,0.851393524617761,0.8520181839456353,0.0006246593278743662
BA(k=2),12,2,20291813,3,3,0.9270552008057835,0.9270552008057835,0.0
BA(k=2),12,3,20291814,1,1,0.8452970004153122,0.8458511257869368,0.0005541253716245809
BA(k=2),12,3,20291814,1,3,0.9287096954222224,0.9360655515788486,0.0073558561566262615
BA(k=2),12,3,20291814,2,1,0.8458511257869368,0.8458511257869368,0.0
BA(k=2),12,3,20291814,2,3,0.9358796694379079,0.9360655515788486,0.00018588214094072963
BA(k=2),12,3,20291814,3,1,0.8445415547716204,0.8458511257869368,0.0013095710153163687
BA(k=2),12,3,20291814,3,3,0.9358796694379079,0.9360655515788486,0.00018588214094072963
BA(k=2),12,4,20291815,1,1,0.8452117861939167,0.8452117861939167,0.0
BA(k=2),12,4,20291815,1,3,0.9237435236175949,0.9323231337101671,0.008579610092572132
BA(k=2),12,4,20291815,2,1,0.845085282719653,0.8452117861939167,0.0001265034742636839
BA(k=2),12,4,20291815,2,3,0.9323231337101671,0.9323231337101671,0.0
BA(k=2),12,4,20291815,3,1,0.8440124405399391,0.8452117861939167,0.0011993456539776126
BA(k=2),12,4,20291815,3,3,0.9323231337101671,0.9323231337101671,0.0
BA(k=2),12,5,20291816,1,1,0.7539177787010624,0.7540215045091953,0.0001037258081328929
BA(k=2),12,5,20291816,1,3,0.8538661610402576,0.8651650298693871,0.01129886882912956
BA(k=2),12,5,20291816,2,1,0.7540215045091953,0.7540215045091953,0.0
BA(k=2),12,5,20291816,2,3,0.8578230316943247,0.8651650298693871,0.007341998175062425
BA(k=2),12,5,20291816,3,1,0.7509961073642363,0.7540215045091953,0.0030253971449589745
BA(k=2),12,5,20291816,3,3,0.8578230316943247,0.8651650298693871,0.007341998175062425
BA(k=2),12,6,20291817,1,1,0.7652751917618952,0.7654770406945841,0.00020184893268893056
BA(k=2),12,6,20291817,1,3,0.8694737015549121,0.8779138449058124,0.008440143350900264
BA(k=2),12,6,20291817,2,1,0.7654770406945841,0.7654770406945841,0.0
BA(k=2),12,6,20291817,2,3,0.8629596845341122,0.8779138449058124,0.014954160371700165
BA(k=2),12,6,20291817,3,1,0.7633031087336128,0.7654770406945841,0.002173931960971265
BA(k=2),12,6,20291817,3,3,0.8629596845341122,0.8779138449058124,0.014954160371700165
BA(k=2),12,7,20291818,1,1,0.83691791298346,0.8372160244161473,0.0002981114326873202
BA(k=2),12,7,20291818,1,3,0.9102189666619938,0.9203710788109223,0.010152112148928527
BA(k=2),12,7,20291818,2,1,0.8372160244161473,0.8372160244161473,0.0
BA(k=2),12,7,20291818,2,3,0.9203710788109223,0.9203710788109223,0.0
BA(k=2),12,7,20291818,3,1,0.8369251865507235,0.8372160244161473,0.00029083786542383194
BA(k=2),12,7,20291818,3,3,0.9203710788109223,0.9203710788109223,0.0
BA(k=2),12,8,20291819,1,1,0.7413666677394659,0.7413666677394659,0.0
BA(k=2),12,8,20291819,1,3,0.8421151069176396,0.8532631519952822,0.011148045077642665
BA(k=2),12,8,20291819,2,1,0.7409988287445275,0.7413666677394659,0.00036783899493841865
BA(k=2),12,8,20291819,2,3,0.8427261465776562,0.8532631519952822,0.010537005417626033
BA(k=2),12,8,20291819,3,1,0.740724060571174,0.7413666677394659,0.0006426071682918977
BA(k=2),12,8,20291819,3,3,0.8427261465776562,0.8532631519952822,0.010537005417626033
BA(k=2),12,9,20291820,1,1,0.7850446307755423,0.7850873426187575,4.2711843215137435e-5
BA(k=2),12,9,20291820,1,3,0.862878984093218,0.8712113467897167,0.00833236269649873
BA(k=2),12,9,20291820,2,1,0.7850873426187575,0.7850873426187575,0.0
BA(k=2),12,9,20291820,2,3,0.8712113467897167,0.8712113467897167,0.0
BA(k=2),12,9,20291820,3,1,0.7848867947047627,0.7850873426187575,0.00020054791399470862
BA(k=2),12,9,20291820,3,3,0.8712113467897167,0.8712113467897167,0.0
BA(k=2),12,10,20291821,1,1,0.7601335290854132,0.7601335290854132,0.0
BA(k=2),12,10,20291821,1,3,0.8589710506954881,0.8631346818240334,0.004163631128545342
BA(k=2),12,10,20291821,2,1,0.7600439960178175,0.7601335290854132,8.953306759573731e-5
BA(k=2),12,10,20291821,2,3,0.8571821202947707,0.8631346818240334,0.005952561529262712
BA(k=2),12,10,20291821,3,1,0.7580818142173134,0.7601335290854132,0.002051714868099852
BA(k=2),12,10,20291821,3,3,0.8571821202947707,0.8631346818240334,0.005952561529262712
BA(k=2),12,11,20291822,1,1,0.7911910006057902,0.7912297825848025,3.87819790123034e-5
BA(k=2),12,11,20291822,1,3,0.8824748954165185,0.8892868470243307,0.006811951607812228
BA(k=2),12,11,20291822,2,1,0.7912297825848025,0.7912297825848025,0.0
BA(k=2),12,11,20291822,2,3,0.8892868470243307,0.8892868470243307,0.0
BA(k=2),12,11,20291822,3,1,0.790166173852048,0.7912297825848025,0.0010636087327544619
BA(k=2),12,11,20291822,3,3,0.8892868470243307,0.8892868470243307,0.0
BA(k=2),12,12,20291823,1,1,0.7544198975117424,0.7544198975117424,0.0
BA(k=2),12,12,20291823,1,3,0.8513860082691705,0.8564560212667272,0.0050700129975566055
BA(k=2),12,12,20291823,2,1,0.7541378065711101,0.7544198975117424,0.0002820909406323624
BA(k=2),12,12,20291823,2,3,0.8498971572560046,0.8564560212667272,0.006558864010722587
BA(k=2),12,12,20291823,3,1,0.7526315491237296,0.7544198975117424,0.0017883483880127837
BA(k=2),12,12,20291823,3,3,0.8498971572560046,0.8564560212667272,0.006558864010722587
BA(k=2),12,13,20291824,1,1,0.8481911897251606,0.8488607960290409,0.0006696063038802436
BA(k=2),12,13,20291824,1,3,0.9426581003652932,0.9458212164312645,0.0031631160659713053
BA(k=2),12,13,20291824,2,1,0.8488607960290409,0.8488607960290409,0.0
BA(k=2),12,13,20291824,2,3,0.9458212164312645,0.9458212164312645,0.0
BA(k=2),12,13,20291824,3,1,0.8479923598361786,0.8488607960290409,0.0008684361928622542
BA(k=2),12,13,20291824,3,3,0.9458212164312645,0.9458212164312645,0.0
BA(k=2),12,14,20291825,1,1,0.8018002353029288,0.8018002353029288,0.0
BA(k=2),12,14,20291825,1,3,0.8854794688889441,0.8943313573268938,0.008851888437949706
BA(k=2),12,14,20291825,2,1,0.8012813658392499,0.8018002353029288,0.0005188694636788505
BA(k=2),12,14,20291825,2,3,0.8943313573268938,0.8943313573268938,0.0
BA(k=2),12,14,20291825,3,1,0.7994773937024457,0.8018002353029288,0.0023228416004830166
BA(k=2),12,14,20291825,3,3,0.8943313573268938,0.8943313573268938,0.0
BA(k=2),12,15,20291826,1,1,0.8146324333973225,0.8146324333973225,0.0
BA(k=2),12,15,20291826,1,3,0.8972864235524665,0.8994016161408588,0.002115192588392323
BA(k=2),12,15,20291826,2,1,0.8143227989803726,0.8146324333973225,0.0003096344169498666
BA(k=2),12,15,20291826,2,3,0.8994016161408588,0.8994016161408588,0.0
BA(k=2),12,15,20291826,3,1,0.81156229666815,0.8146324333973225,0.0030701367291724457
BA(k=2),12,15,20291826,3,3,0.8994016161408588,0.8994016161408588,0.0
BA(k=2),12,16,20291827,1,1,0.8050808713447742,0.8050808713447742,0.0
BA(k=2),12,16,20291827,1,3,0.9124421230607273,0.9141659210964801,0.0017237980357528437
BA(k=2),12,16,20291827,2,1,0.8048721240873864,0.8050808713447742,0.0002087472573878424
BA(k=2),12,16,20291827,2,3,0.9123391353523653,0.9141659210964801,0.0018267857441147672
BA(k=2),12,16,20291827,3,1,0.80244060166283,0.8050808713447742,0.002640269681944196
BA(k=2),12,16,20291827,3,3,0.9123391353523653,0.9141659210964801,0.0018267857441147672
BA(k=2),12,17,20291828,1,1,0.8019203059450347,0.8019519908855199,3.1684940485221524e-5
BA(k=2),12,17,20291828,1,3,0.8985920093198979,0.9062946643967271,0.007702655076829212
BA(k=2),12,17,20291828,2,1,0.8019519908855199,0.8019519908855199,0.0
BA(k=2),12,17,20291828,2,3,0.9062946643967271,0.9062946643967271,0.0
BA(k=2),12,17,20291828,3,1,0.7993358817190658,0.8019519908855199,0.0026161091664541614
BA(k=2),12,17,20291828,3,3,0.9062946643967271,0.9062946643967271,0.0
BA(k=2),12,18,20291829,1,1,0.7153977693635301,0.7153977693635301,0.0
BA(k=2),12,18,20291829,1,3,0.8375488807820625,0.8512317704827235,0.013682889700661005
BA(k=2),12,18,20291829,2,1,0.7152046422026073,0.7153977693635301,0.00019312716092279025
BA(k=2),12,18,20291829,2,3,0.8307810390255447,0.8512317704827235,0.020450731457178795
BA(k=2),12,18,20291829,3,1,0.712778518308351,0.7153977693635301,0.002619251055179017
BA(k=2),12,18,20291829,3,3,0.8307810390255447,0.8512317704827235,0.020450731457178795
BA(k=2),12,19,20291830,1,1,0.7770631534974233,0.7770631534974233,0.0
BA(k=2),12,19,20291830,1,3,0.89065033005777,0.8940349389212898,0.003384608863519878
BA(k=2),12,19,20291830,2,1,0.7762646935290427,0.7770631534974233,0.0007984599683805715
BA(k=2),12,19,20291830,2,3,0.8852409935411929,0.8940349389212898,0.008793945380096924
BA(k=2),12,19,20291830,3,1,0.7714647920157409,0.7770631534974233,0.005598361481682357
BA(k=2),12,19,20291830,3,3,0.8852409935411929,0.8940349389212898,0.008793945380096924
BA(k=2),12,20,20291831,1,1,0.8050455466257241,0.8051611337375453,0.00011558711182113601
BA(k=2),12,20,20291831,1,3,0.8876293925082961,0.892898076987255,0.005268684478958896
BA(k=2),12,20,20291831,2,1,0.8051611337375453,0.8051611337375453,0.0
BA(k=2),12,20,20291831,2,3,0.892898076987255,0.892898076987255,0.0
BA(k=2),12,20,20291831,3,1,0.803233246646755,0.8051611337375453,0.0019278870907902812
BA(k=2),12,20,20291831,3,3,0.892898076987255,0.892898076987255,0.0
BA(k=2),12,21,20291832,1,1,0.7622267628283369,0.7622267628283369,0.0
BA(k=2),12,21,20291832,1,3,0.858254093924109,0.8598905634617011,0.0016364695375921112
BA(k=2),12,21,20291832,2,1,0.7620393043076141,0.7622267628283369,0.00018745852072277192
BA(k=2),12,21,20291832,2,3,0.8591091760536013,0.8598905634617011,0.000781387408099854
BA(k=2),12,21,20291832,3,1,0.7590850168371555,0.7622267628283369,0.003141745991181444
BA(k=2),12,21,20291832,3,3,0.8591091760536013,0.8598905634617011,0.000781387408099854
BA(k=2),12,22,20291833,1,1,0.7519484817209043,0.7519484817209043,0.0
BA(k=2),12,22,20291833,1,3,0.8514263554425566,0.857969608470094,0.006543253027537332
BA(k=2),12,22,20291833,2,1,0.7516144622464411,0.7519484817209043,0.0003340194744632097
BA(k=2),12,22,20291833,2,3,0.8504953867752745,0.857969608470094,0.007474221694819483
BA(k=2),12,22,20291833,3,1,0.7499650866150088,0.7519484817209043,0.0019833951058955135
BA(k=2),12,22,20291833,3,3,0.8504953867752745,0.857969608470094,0.007474221694819483
BA(k=2),12,23,20291834,1,1,0.811596297226683,0.811596297226683,0.0
BA(k=2),12,23,20291834,1,3,0.9053894683485508,0.9068605498086333,0.0014710814600824573
BA(k=2),12,23,20291834,2,1,0.8115810731499555,0.811596297226683,1.5224076727493596e-5
BA(k=2),12,23,20291834,2,3,0.9067804739083524,0.9068605498086333,8.007590028091816e-5
BA(k=2),12,23,20291834,3,1,0.8087729321504766,0.811596297226683,0.0028233650762063967
BA(k=2),12,23,20291834,3,3,0.9067804739083524,0.9068605498086333,8.007590028091816e-5
BA(k=2),12,24,20291835,1,1,0.7553654872108355,0.7553654872108355,0.0
BA(k=2),12,24,20291835,1,3,0.8612100745158138,0.8680697672471341,0.006859692731320366
BA(k=2),12,24,20291835,2,1,0.755323301873936,0.7553654872108355,4.2185336899480674e-5
BA(k=2),12,24,20291835,2,3,0.8602912681976224,0.8680697672471341,0.007778499049511778
BA(k=2),12,24,20291835,3,1,0.7539779828583035,0.7553654872108355,0.0013875043525319875
BA(k=2),12,24,20291835,3,3,0.8602912681976224,0.8680697672471341,0.007778499049511778
BA(k=2),12,25,20291836,1,1,0.7721593617245346,0.7721593617245346,0.0
BA(k=2),12,25,20291836,1,3,0.8797263597557743,0.8798390544219682,0.00011269466619390212
BA(k=2),12,25,20291836,2,1,0.7715548305676869,0.7721593617245346,0.0006045311568476652
BA(k=2),12,25,20291836,2,3,0.8766259063005767,0.8798390544219682,0.003213148121391507
BA(k=2),12,25,20291836,3,1,0.7677109540103332,0.7721593617245346,0.004448407714201408
BA(k=2),12,25,20291836,3,3,0.8766259063005767,0.8798390544219682,0.003213148121391507
BA(k=2),12,26,20291837,1,1,0.7778557856166612,0.7793930874198348,0.0015373018031735741
BA(k=2),12,26,20291837,1,3,0.8548366899781845,0.8629393471241849,0.008102657146000336
BA(k=2),12,26,20291837,2,1,0.7785244515719444,0.7793930874198348,0.000868635847890431
BA(k=2),12,26,20291837,2,3,0.8629393471241849,0.8629393471241849,0.0
BA(k=2),12,26,20291837,3,1,0.7793930874198348,0.7793930874198348,0.0
BA(k=2),12,26,20291837,3,3,0.8629393471241849,0.8629393471241849,0.0
BA(k=2),12,27,20291838,1,1,0.7352037999679837,0.7352037999679837,0.0
BA(k=2),12,27,20291838,1,3,0.8514840878366778,0.8654134471005803,0.013929359263902485
BA(k=2),12,27,20291838,2,1,0.734412437347613,0.7352037999679837,0.0007913626203707169
BA(k=2),12,27,20291838,2,3,0.8418437338421648,0.8654134471005803,0.023569713258415503
BA(k=2),12,27,20291838,3,1,0.7298915602252735,0.7352037999679837,0.005312239742710223
BA(k=2),12,27,20291838,3,3,0.8418437338421648,0.8654134471005803,0.023569713258415503
BA(k=2),12,28,20291839,1,1,0.7541291038020622,0.7542825929686673,0.00015348916660506973
BA(k=2),12,28,20291839,1,3,0.8833541693989394,0.8971605352103164,0.013806365811376953
BA(k=2),12,28,20291839,2,1,0.7542825929686673,0.7542825929686673,0.0
BA(k=2),12,28,20291839,2,3,0.8775259804724239,0.8971605352103164,0.01963455473789244
BA(k=2),12,28,20291839,3,1,0.7517271504665478,0.7542825929686673,0.002555442502119476
BA(k=2),12,28,20291839,3,3,0.8775259804724239,0.8971605352103164,0.01963455473789244
BA(k=2),12,29,20291840,1,1,0.8361884179633362,0.8367603462373261,0.0005719282739898857
BA(k=2),12,29,20291840,1,3,0.9287466332412895,0.9353445963803632,0.0065979631390736815
BA(k=2),12,29,20291840,2,1,0.8367603462373261,0.8367603462373261,0.0
BA(k=2),12,29,20291840,2,3,0.9353445963803632,0.9353445963803632,0.0
BA(k=2),12,29,20291840,3,1,0.8366484603460381,0.8367603462373261,0.00011188589128796611
BA(k=2),12,29,20291840,3,3,0.9353445963803632,0.9353445963803632,0.0
BA(k=2),12,30,20291841,1,1,0.8075721285593345,0.8078381247560663,0.0002659961967318436
BA(k=2),12,30,20291841,1,3,0.9056108793716684,0.9098199758142005,0.00420909644253209
BA(k=2),12,30,20291841,2,1,0.8078381247560663,0.8078381247560663,0.0
BA(k=2),12,30,20291841,2,3,0.9062152844657674,0.9098199758142005,0.003604691348433109
BA(k=2),12,30,20291841,3,1,0.8063175751554663,0.8078381247560663,0.0015205496005999963
BA(k=2),12,30,20291841,3,3,0.9062152844657674,0.9098199758142005,0.003604691348433109
BA(k=2),14,1,20292012,1,1,0.7743585753202086,0.7747305186379442,0.0003719433177356013
BA(k=2),14,1,20292012,1,3,0.8772822224295058,0.8785644109031022,0.0012821884735964018
BA(k=2),14,1,20292012,2,1,0.7747305186379442,0.7747305186379442,0.0
BA(k=2),14,1,20292012,2,3,0.8764325207020178,0.8785644109031022,0.0021318902010843965
BA(k=2),14,1,20292012,3,1,0.7718832313671504,0.7747305186379442,0.0028472872707937524
BA(k=2),14,1,20292012,3,3,0.8764325207020178,0.8785644109031022,0.0021318902010843965
BA(k=2),14,2,20292013,1,1,0.7607009009240343,0.7608006473475826,9.974642354826369e-5
BA(k=2),14,2,20292013,1,3,0.8523901200311048,0.8682620925069404,0.015871972475835605
BA(k=2),14,2,20292013,2,1,0.7608006473475826,0.7608006473475826,0.0
BA(k=2),14,2,20292013,2,3,0.8583932513374293,0.8682620925069404,0.009868841169511144
BA(k=2),14,2,20292013,3,1,0.7580987470098224,0.7608006473475826,0.002701900337760188
BA(k=2),14,2,20292013,3,3,0.8583932513374293,0.8682620925069404,0.009868841169511144
BA(k=2),14,3,20292014,1,1,0.8035087710574235,0.8037161609632646,0.0002073899058411266
BA(k=2),14,3,20292014,1,3,0.8852272737017952,0.8908102778347229,0.005583004132927671
BA(k=2),14,3,20292014,2,1,0.8037161609632646,0.8037161609632646,0.0
BA(k=2),14,3,20292014,2,3,0.8908102778347229,0.8908102778347229,0.0
BA(k=2),14,3,20292014,3,1,0.8027473429598428,0.8037161609632646,0.0009688180034217453
BA(k=2),14,3,20292014,3,3,0.8908102778347229,0.8908102778347229,0.0
BA(k=2),14,4,20292015,1,1,0.803120001248266,0.803382790245896,0.0002627889976299924
BA(k=2),14,4,20292015,1,3,0.8891715905954729,0.8952901164280254,0.006118525832552457
BA(k=2),14,4,20292015,2,1,0.803382790245896,0.803382790245896,0.0
BA(k=2),14,4,20292015,2,3,0.8952901164280254,0.8952901164280254,0.0
BA(k=2),14,4,20292015,3,1,0.8025521932248073,0.803382790245896,0.0008305970210886748
BA(k=2),14,4,20292015,3,3,0.8952901164280254,0.8952901164280254,0.0
BA(k=2),14,5,20292016,1,1,0.8170909017001029,0.8171842408704838,9.333917038090167e-5
BA(k=2),14,5,20292016,1,3,0.9139148063082798,0.9167197022997023,0.002804895991422529
BA(k=2),14,5,20292016,2,1,0.8171842408704838,0.8171842408704838,0.0
BA(k=2),14,5,20292016,2,3,0.9153361190365283,0.9167197022997023,0.0013835832631740042
BA(k=2),14,5,20292016,3,1,0.8140006832085912,0.8171842408704838,0.0031835576618926
BA(k=2),14,5,20292016,3,3,0.9153361190365283,0.9167197022997023,0.0013835832631740042
BA(k=2),14,6,20292017,1,1,0.7344250555511134,0.7346726044632894,0.00024754891217604325
BA(k=2),14,6,20292017,1,3,0.8318662045989381,0.8395050611495798,0.007638856550641671
BA(k=2),14,6,20292017,2,1,0.7346726044632894,0.7346726044632894,0.0
BA(k=2),14,6,20292017,2,3,0.8308361696661202,0.8395050611495798,0.008668891483459618
BA(k=2),14,6,20292017,3,1,0.7324847287322624,0.7346726044632894,0.002187875731026967
BA(k=2),14,6,20292017,3,3,0.8308361696661202,0.8395050611495798,0.008668891483459618
BA(k=2),14,7,20292018,1,1,0.7736946140125314,0.7736946140125314,0.0
BA(k=2),14,7,20292018,1,3,0.8777534877397762,0.8803026778236427,0.0025491900838664483
BA(k=2),14,7,20292018,2,1,0.7733707888825254,0.7736946140125314,0.00032382513000595026
BA(k=2),14,7,20292018,2,3,0.8797200855410274,0.8803026778236427,0.0005825922826152574
BA(k=2),14,7,20292018,3,1,0.7706530951809123,0.7736946140125314,0.003041518831619072
BA(k=2),14,7,20292018,3,3,0.8797200855410274,0.8803026778236427,0.0005825922826152574
BA(k=2),14,8,20292019,1,1,0.8023188814389155,0.8029072184448939,0.0005883370059783788
BA(k=2),14,8,20292019,1,3,0.8881642368854741,0.8933694382408652,0.005205201355391154
BA(k=2),14,8,20292019,2,1,0.8029072184448939,0.8029072184448939,0.0
BA(k=2),14,8,20292019,2,3,0.8933694382408652,0.8933694382408652,0.0
BA(k=2),14,8,20292019,3,1,0.8022550601375217,0.8029072184448939,0.000652158307372197
BA(k=2),14,8,20292019,3,3,0.8933694382408652,0.8933694382408652,0.0
BA(k=2),14,9,20292020,1,1,0.7761514958852171,0.7761514958852171,0.0
BA(k=2),14,9,20292020,1,3,0.8637410884429382,0.8669933378604263,0.00325224941748814
BA(k=2),14,9,20292020,2,1,0.7760188024116641,0.7761514958852171,0.00013269347355304717
BA(k=2),14,9,20292020,2,3,0.8669933378604263,0.8669933378604263,0.0
BA(k=2),14,9,20292020,3,1,0.7728815408567596,0.7761514958852171,0.003269955028457505
BA(k=2),14,9,20292020,3,3,0.8669933378604263,0.8669933378604263,0.0
BA(k=2),14,10,20292021,1,1,0.7994397313785686,0.7998865891148171,0.0004468577362485293
BA(k=2),14,10,20292021,1,3,0.8848958173928579,0.8916383925551862,0.006742575162328235
BA(k=2),14,10,20292021,2,1,0.7998865891148171,0.7998865891148171,0.0
BA(k=2),14,10,20292021,2,3,0.8916383925551862,0.8916383925551862,0.0
BA(k=2),14,10,20292021,3,1,0.7986825632822123,0.7998865891148171,0.0012040258326048159
BA(k=2),14,10,20292021,3,3,0.8916383925551862,0.8916383925551862,0.0
BA(k=2),14,11,20292022,1,1,0.8254435594648216,0.8264984607682229,0.0010549013034012455
BA(k=2),14,11,20292022,1,3,0.889965805425023,0.9039716912551581,0.014005885830135067
BA(k=2),14,11,20292022,2,1,0.8261181375676496,0.8264984607682229,0.00038032320057324043
BA(k=2),14,11,20292022,2,3,0.9029430177300782,0.9039716912551581,0.0010286735250798484
BA(k=2),14,11,20292022,3,1,0.8264984607682229,0.8264984607682229,0.0
BA(k=2),14,11,20292022,3,3,0.9029430177300782,0.9039716912551581,0.0010286735250798484
BA(k=2),14,12,20292023,1,1,0.804459694810998,0.804459694810998,0.0
BA(k=2),14,12,20292023,1,3,0.8988803504730519,0.9065919191113139,0.007711568638261945
BA(k=2),14,12,20292023,2,1,0.8041117197813656,0.804459694810998,0.0003479750296323525
BA(k=2),14,12,20292023,2,3,0.9044448812021528,0.9065919191113139,0.0021470379091610425
BA(k=2),14,12,20292023,3,1,0.8017265418065606,0.804459694810998,0.0027331530044374386
BA(k=2),14,12,20292023,3,3,0.9044448812021528,0.9065919191113139,0.0021470379091610425
BA(k=2),14,13,20292024,1,1,0.7732832779961247,0.7732959154497683,1.2637453643549179e-5
BA(k=2),14,13,20292024,1,3,0.8648062470256168,0.867453022745672,0.0026467757200552278
BA(k=2),14,13,20292024,2,1,0.7732959154497683,0.7732959154497683,0.0
BA(k=2),14,13,20292024,2,3,0.8672917471554078,0.867453022745672,0.00016127559026424265
BA(k=2),14,13,20292024,3,1,0.7709694220613684,0.7732959154497683,0.002326493388399853
BA(k=2),14,13,20292024,3,3,0.8672917471554078,0.867453022745672,0.00016127559026424265
BA(k=2),14,14,20292025,1,1,0.753754279071717,0.7538717951127663,0.00011751604104925928
BA(k=2),14,14,20292025,1,3,0.839752514973917,0.8462425282461901,0.006490013272273054
BA(k=2),14,14,20292025,2,1,0.7538717951127663,0.7538717951127663,0.0
BA(k=2),14,14,20292025,2,3,0.8462425282461901,0.8462425282461901,0.0
BA(k=2),14,14,20292025,3,1,0.75277849440906,0.7538717951127663,0.0010933007037062792
BA(k=2),14,14,20292025,3,3,0.8462425282461901,0.8462425282461901,0.0
BA(k=2),14,15,20292026,1,1,0.8148721652468714,0.8152672176576377,0.0003950524107662057
BA(k=2),14,15,20292026,1,3,0.9151709124262851,0.9173164959907222,0.002145583564437059
BA(k=2),14,15,20292026,2,1,0.8152672176576377,0.8152672176576377,0.0
BA(k=2),14,15,20292026,2,3,0.9171344435979075,0.9173164959907222,0.0001820523928146578
BA(k=2),14,15,20292026,3,1,0.8123128507101344,0.8152672176576377,0.002954366947503284
BA(k=2),14,15,20292026,3,3,0.9171344435979075,0.9173164959907222,0.0001820523928146578
BA(k=2),14,16,20292027,1,1,0.7675666758051973,0.7675666758051973,0.0
BA(k=2),14,16,20292027,1,3,0.8665680855196939,0.8699091039888817,0.003341018469187773
BA(k=2),14,16,20292027,2,1,0.7672761851745141,0.7675666758051973,0.00029049063068320446
BA(k=2),14,16,20292027,2,3,0.8695553602536357,0.8699091039888817,0.0003537437352459927
BA(k=2),14,16,20292027,3,1,0.764988953232032,0.7675666758051973,0.002577722573165353
BA(k=2),14,16,20292027,3,3,0.8695553602536357,0.8699091039888817,0.0003537437352459927
BA(k=2),14,17,20292028,1,1,0.8121279129448563,0.8122401701319927,0.00011225718713636645
BA(k=2),14,17,20292028,1,3,0.905692710743938,0.9099436970017245,0.0042509862577865265
BA(k=2),14,17,20292028,2,1,0.8122401701319927,0.8122401701319927,0.0
BA(k=2),14,17,20292028,2,3,0.9099436970017245,0.9099436970017245,0.0
BA(k=2),14,17,20292028,3,1,0.8099710988865554,0.8122401701319927,0.002269071245437293
BA(k=2),14,17,20292028,3,3,0.9099436970017245,0.9099436970017245,0.0
BA(k=2),14,18,20292029,1,1,0.7637744494571201,0.7637744494571201,0.0
BA(k=2),14,18,20292029,1,3,0.8432875410370932,0.8482252235756331,0.004937682538539878
BA(k=2),14,18,20292029,2,1,0.7636931334441333,0.7637744494571201,8.131601298688729e-5
BA(k=2),14,18,20292029,2,3,0.8482252235756331,0.8482252235756331,0.0
BA(k=2),14,18,20292029,3,1,0.7624796808714063,0.7637744494571201,0.001294768585713868
BA(k=2),14,18,20292029,3,3,0.8482252235756331,0.8482252235756331,0.0
BA(k=2),14,19,20292030,1,1,0.7374919632499362,0.7377497770660274,0.00025781381609124576
BA(k=2),14,19,20292030,1,3,0.8431323039608067,0.848222483367736,0.0050901794069292405
BA(k=2),14,19,20292030,2,1,0.7377497770660274,0.7377497770660274,0.0
BA(k=2),14,19,20292030,2,3,0.8391169054856642,0.848222483367736,0.00910557788207178
BA(k=2),14,19,20292030,3,1,0.7351110878007049,0.7377497770660274,0.0026386892653225136
BA(k=2),14,19,20292030,3,3,0.8391169054856642,0.848222483367736,0.00910557788207178
BA(k=2),14,20,20292031,1,1,0.8031282005932214,0.8031633343775224,3.513378430097802e-5
BA(k=2),14,20,20292031,1,3,0.8875164316041152,0.8948571502859783,0.007340718681863145
BA(k=2),14,20,20292031,2,1,0.8031633343775224,0.8031633343775224,0.0
BA(k=2),14,20,20292031,2,3,0.8948571502859783,0.8948571502859783,0.0
BA(k=2),14,20,20292031,3,1,0.8021156928932626,0.8031633343775224,0.0010476414842598425
BA(k=2),14,20,20292031,3,3,0.8948571502859783,0.8948571502859783,0.0
BA(k=2),14,21,20292032,1,1,0.7674867618727571,0.7674867618727571,0.0
BA(k=2),14,21,20292032,1,3,0.8681908665885011,0.875384380134982,0.007193513546480901
BA(k=2),14,21,20292032,2,1,0.7673313322804416,0.7674867618727571,0.00015542959231551468
BA(k=2),14,21,20292032,2,3,0.8680530907324613,0.875384380134982,0.007331289402520702
BA(k=2),14,21,20292032,3,1,0.7652838497009924,0.7674867618727571,0.002202912171764715
BA(k=2),14,21,20292032,3,3,0.8680530907324613,0.875384380134982,0.007331289402520702
BA(k=2),14,22,20292033,1,1,0.8268003892860533,0.8268003892860533,0.0
BA(k=2),14,22,20292033,1,3,0.9273266395586676,0.9293893042854061,0.00206266472673855
BA(k=2),14,22,20292033,2,1,0.826798220018818,0.8268003892860533,2.1692672352857656e-6
BA(k=2),14,22,20292033,2,3,0.927724489807899,0.9293893042854061,0.0016648144775071039
BA(k=2),14,22,20292033,3,1,0.822295602727117,0.8268003892860533,0.004504786558936269
BA(k=2),14,22,20292033,3,3,0.927724489807899,0.9293893042854061,0.0016648144775071039
BA(k=2),14,23,20292034,1,1,0.7691034977433286,0.7693310198885974,0.000227522145268777
BA(k=2),14,23,20292034,1,3,0.8607600238677879,0.8646710684793295,0.00391104461154157
BA(k=2),14,23,20292034,2,1,0.7693310198885974,0.7693310198885974,0.0
BA(k=2),14,23,20292034,2,3,0.8646710684793295,0.8646710684793295,0.0
BA(k=2),14,23,20292034,3,1,0.7672028435594036,0.7693310198885974,0.0021281763291938205
BA(k=2),14,23,20292034,3,3,0.8646710684793295,0.8646710684793295,0.0
BA(k=2),14,24,20292035,1,1,0.7766836914957025,0.7771184143023839,0.00043472280668144236
BA(k=2),14,24,20292035,1,3,0.8801142338827734,0.8831411777056315,0.0030269438228580636
BA(k=2),14,24,20292035,2,1,0.7771184143023839,0.7771184143023839,0.0
BA(k=2),14,24,20292035,2,3,0.8801372594937806,0.8831411777056315,0.0030039182118508645
BA(k=2),14,24,20292035,3,1,0.7738300010140924,0.7771184143023839,0.0032884132882915473
BA(k=2),14,24,20292035,3,3,0.8801372594937806,0.8831411777056315,0.0030039182118508645
BA(k=2),14,25,20292036,1,1,0.8089239090549881,0.80947260932223,0.0005487002672418528
BA(k=2),14,25,20292036,1,3,0.9023331073504287,0.9063247857816459,0.003991678431217172
BA(k=2),14,25,20292036,2,1,0.80947260932223,0.80947260932223,0.0
BA(k=2),14,25,20292036,2,3,0.9028601850921034,0.9063247857816459,0.003464600689542463
BA(k=2),14,25,20292036,3,1,0.8075999014557621,0.80947260932223,0.001872707866467871
BA(k=2),14,25,20292036,3,3,0.9028601850921034,0.9063247857816459,0.003464600689542463
BA(k=2),14,26,20292037,1,1,0.7407838033305845,0.7408670558833345,8.325255274999055e-5
BA(k=2),14,26,20292037,1,3,0.8600826604724364,0.8662146521881983,0.006131991715761842
BA(k=2),14,26,20292037,2,1,0.7408670558833345,0.7408670558833345,0.0
BA(k=2),14,26,20292037,2,3,0.8574581892166512,0.8662146521881983,0.008756462971547085
BA(k=2),14,26,20292037,3,1,0.7370604593890111,0.7408670558833345,0.0038065964943233555
BA(k=2),14,26,20292037,3,3,0.8574581892166512,0.8662146521881983,0.008756462971547085
BA(k=2),14,27,20292038,1,1,0.8153525918696446,0.8153525918696446,0.0
BA(k=2),14,27,20292038,1,3,0.9048244165842491,0.9090279928270996,0.004203576242850504
BA(k=2),14,27,20292038,2,1,0.8152611142913663,0.8153525918696446,9.147757827832059e-5
BA(k=2),14,27,20292038,2,3,0.9090279928270996,0.9090279928270996,0.0
BA(k=2),14,27,20292038,3,1,0.8127619118088673,0.8153525918696446,0.0025906800607773395
BA(k=2),14,27,20292038,3,3,0.9090279928270996,0.9090279928270996,0.0
BA(k=2),14,28,20292039,1,1,0.7994924169331936,0.7998573452291534,0.0003649282959597988
BA(k=2),14,28,20292039,1,3,0.887651395661764,0.8935035882911374,0.0058521926293734206
BA(k=2),14,28,20292039,2,1,0.7998573452291534,0.7998573452291534,0.0
BA(k=2),14,28,20292039,2,3,0.8935035882911374,0.8935035882911374,0.0
BA(k=2),14,28,20292039,3,1,0.7985587243139076,0.7998573452291534,0.0012986209152457961
BA(k=2),14,28,20292039,3,3,0.8935035882911374,0.8935035882911374,0.0
BA(k=2),14,29,20292040,1,1,0.7991556526530509,0.7991613943767994,5.741723748564631e-6
BA(k=2),14,29,20292040,1,3,0.8842084508073774,0.8939187741781134,0.009710323370735963
BA(k=2),14,29,20292040,2,1,0.7991613943767994,0.7991613943767994,0.0
BA(k=2),14,29,20292040,2,3,0.8939187741781134,0.8939187741781134,0.0
BA(k=2),14,29,20292040,3,1,0.7973438939513964,0.7991613943767994,0.0018175004254030735
BA(k=2),14,29,20292040,3,3,0.8939187741781134,0.8939187741781134,0.0
BA(k=2),14,30,20292041,1,1,0.7897040770100798,0.7903683359183203,0.0006642589082405115
BA(k=2),14,30,20292041,1,3,0.8646948521890779,0.8722398861236281,0.007545033934550194
BA(k=2),14,30,20292041,2,1,0.7902279028829974,0.7903683359183203,0.00014043303532296214
BA(k=2),14,30,20292041,2,3,0.8722398861236281,0.8722398861236281,0.0
BA(k=2),14,30,20292041,3,1,0.7903683359183203,0.7903683359183203,0.0
BA(k=2),14,30,20292041,3,3,0.8722398861236281,0.8722398861236281,0.0
BA(k=4),12,1,20301812,1,1,0.7578265391289472,0.7588818141540582,0.0010552750251110465
BA(k=4),12,1,20301812,1,3,0.8516917694766203,0.8545147765384286,0.002823007061808269
BA(k=4),12,1,20301812,2,1,0.7578265391289472,0.7588818141540582,0.0010552750251110465
BA(k=4),12,1,20301812,2,3,0.8404527612010891,0.8545147765384286,0.014062015337339417
BA(k=4),12,1,20301812,3,1,0.7583189075611318,0.7588818141540582,0.0005629065929263488
BA(k=4),12,1,20301812,3,3,0.8545147765384286,0.8545147765384286,0.0
BA(k=4),12,2,20301813,1,1,0.7793222612400857,0.7802359456218012,0.0009136843817154627
BA(k=4),12,2,20301813,1,3,0.8773474476415123,0.8773474476415123,0.0
BA(k=4),12,2,20301813,2,1,0.7793222612400857,0.7802359456218012,0.0009136843817154627
BA(k=4),12,2,20301813,2,3,0.8697699565115204,0.8773474476415123,0.007577491129991842
BA(k=4),12,2,20301813,3,1,0.7784995031206082,0.7802359456218012,0.0017364425011929807
BA(k=4),12,2,20301813,3,3,0.87332487456918,0.8773474476415123,0.004022573072332336
BA(k=4),12,3,20301814,1,1,0.7842917045733383,0.7847954704926309,0.0005037659192925759
BA(k=4),12,3,20301814,1,3,0.867437536033246,0.8703278910867646,0.002890355053518534
BA(k=4),12,3,20301814,2,1,0.7842917045733383,0.7847954704926309,0.0005037659192925759
BA(k=4),12,3,20301814,2,3,0.8689118039432463,0.8703278910867646,0.0014160871435182631
BA(k=4),12,3,20301814,3,1,0.7839244263415436,0.7847954704926309,0.0008710441510872968
BA(k=4),12,3,20301814,3,3,0.8597373922527742,0.8703278910867646,0.010590498833990325
BA(k=4),12,4,20301815,1,1,0.7890525050925552,0.790761494214342,0.0017089891217868525
BA(k=4),12,4,20301815,1,3,0.8911082936350495,0.8914248948242672,0.0003166011892177245
BA(k=4),12,4,20301815,2,1,0.7890525050925552,0.790761494214342,0.0017089891217868525
BA(k=4),12,4,20301815,2,3,0.8861575561444051,0.8914248948242672,0.005267338679862177
BA(k=4),12,4,20301815,3,1,0.7899487396347534,0.790761494214342,0.000812754579588626
BA(k=4),12,4,20301815,3,3,0.8879277404240136,0.8914248948242672,0.003497154400253666
BA(k=4),12,5,20301816,1,1,0.7958042798799596,0.7978343215294698,0.0020300416495101503
BA(k=4),12,5,20301816,1,3,0.89595408992735,0.897432346184834,0.0014782562574839897
BA(k=4),12,5,20301816,2,1,0.7958042798799596,0.7978343215294698,0.0020300416495101503
BA(k=4),12,5,20301816,2,3,0.8852797646594922,0.897432346184834,0.012152581525341821
BA(k=4),12,5,20301816,3,1,0.7974365563974528,0.7978343215294698,0.0003977651320169473
BA(k=4),12,5,20301816,3,3,0.897432346184834,0.897432346184834,0.0
BA(k=4),12,6,20301817,1,1,0.7839895547243524,0.7846015330589692,0.0006119783346167917
BA(k=4),12,6,20301817,1,3,0.8671598871352578,0.8691116521306506,0.0019517649953927352
BA(k=4),12,6,20301817,2,1,0.7839895547243524,0.7846015330589692,0.0006119783346167917
BA(k=4),12,6,20301817,2,3,0.8677918715012832,0.8691116521306506,0.0013197806293673287
BA(k=4),12,6,20301817,3,1,0.7835163668898254,0.7846015330589692,0.0010851661691437808
BA(k=4),12,6,20301817,3,3,0.8620005186432703,0.8691116521306506,0.007111133487380239
BA(k=4),12,7,20301818,1,1,0.7903992491006315,0.7919103693167523,0.0015111202161207649
BA(k=4),12,7,20301818,1,3,0.8963436911678319,0.8963436911678319,0.0
BA(k=4),12,7,20301818,2,1,0.7903992491006315,0.7919103693167523,0.0015111202161207649
BA(k=4),12,7,20301818,2,3,0.8862718554871888,0.8963436911678319,0.010071835680643071
BA(k=4),12,7,20301818,3,1,0.7913941206733354,0.7919103693167523,0.0005162486434169278
BA(k=4),12,7,20301818,3,3,0.8933757151405057,0.8963436911678319,0.0029679760273261246
BA(k=4),12,8,20301819,1,1,0.8163640802941342,0.817060732386073,0.0006966520919388097
BA(k=4),12,8,20301819,1,3,0.8998049252422217,0.9046805075370947,0.00487558229487306
BA(k=4),12,8,20301819,2,1,0.8163640802941342,0.817060732386073,0.0006966520919388097
BA(k=4),12,8,20301819,2,3,0.9039854683462458,0.9046805075370947,0.0006950391908489006
BA(k=4),12,8,20301819,3,1,0.8156646776804454,0.817060732386073,0.0013960547056276473
BA(k=4),12,8,20301819,3,3,0.8934706098217454,0.9046805075370947,0.011209897715349304
BA(k=4),12,9,20301820,1,1,0.7823922343713822,0.7830831049152849,0.0006908705439027107
BA(k=4),12,9,20301820,1,3,0.8601082139137377,0.8638693872603794,0.003761173346641722
BA(k=4),12,9,20301820,2,1,0.7823922343713822,0.7830831049152849,0.0006908705439027107
BA(k=4),12,9,20301820,2,3,0.8635776988106496,0.8638693872603794,0.0002916884497298211
BA(k=4),12,9,20301820,3,1,0.7815828774376538,0.7830831049152849,0.001500227477631122
BA(k=4),12,9,20301820,3,3,0.8548101845557546,0.8638693872603794,0.009059202704624791
BA(k=4),12,10,20301821,1,1,0.7933262658115406,0.7951701850644882,0.001843919252947579
BA(k=4),12,10,20301821,1,3,0.8818629139058766,0.8847307314350695,0.002867817529192962
BA(k=4),12,10,20301821,2,1,0.7933262658115406,0.7951701850644882,0.001843919252947579
BA(k=4),12,10,20301821,2,3,0.8830827250648108,0.8847307314350695,0.0016480063702587477
BA(k=4),12,10,20301821,3,1,0.7947124728392181,0.7951701850644882,0.0004577122252701349
BA(k=4),12,10,20301821,3,3,0.8749933298281775,0.8847307314350695,0.009737401606892071
BA(k=4),12,11,20301822,1,1,0.812014292602653,0.8130093365798857,0.0009950439772327124
BA(k=4),12,11,20301822,1,3,0.8890194550218146,0.8958741355749898,0.006854680553175285
BA(k=4),12,11,20301822,2,1,0.812014292602653,0.8130093365798857,0.0009950439772327124
BA(k=4),12,11,20301822,2,3,0.8957365688464956,0.8958741355749898,0.0001375667284942983
BA(k=4),12,11,20301822,3,1,0.8106307554938922,0.8130093365798857,0.0023785810859935363
BA(k=4),12,11,20301822,3,3,0.8815505239777063,0.8958741355749898,0.01432361159728357
BA(k=4),12,12,20301823,1,1,0.7909473363753691,0.7921893411033544,0.001242004727985302
BA(k=4),12,12,20301823,1,3,0.8746469127083186,0.876708111533885,0.002061198825566324
BA(k=4),12,12,20301823,2,1,0.7909473363753691,0.7921893411033544,0.001242004727985302
BA(k=4),12,12,20301823,2,3,0.8761741259570285,0.876708111533885,0.0005339855768564661
BA(k=4),12,12,20301823,3,1,0.7916440612665884,0.7921893411033544,0.0005452798367659994
BA(k=4),12,12,20301823,3,3,0.8697391128614339,0.876708111533885,0.006968998672451043
BA(k=4),12,13,20301824,1,1,0.8505163939649433,0.8514040541966298,0.0008876602316865156
BA(k=4),12,13,20301824,1,3,0.8900102027109141,0.911271328513163,0.021261125802248815
BA(k=4),12,13,20301824,2,1,0.8505163939649433,0.8514040541966298,0.0008876602316865156
BA(k=4),12,13,20301824,2,3,0.910580594430893,0.911271328513163,0.0006907340822699393
BA(k=4),12,13,20301824,3,1,0.8484606091880018,0.8514040541966298,0.002943445008627976
BA(k=4),12,13,20301824,3,3,0.8838502849029755,0.911271328513163,0.02742104361018749
BA(k=4),12,14,20301825,1,1,0.8503081801071578,0.8515611527532033,0.0012529726460455137
BA(k=4),12,14,20301825,1,3,0.9039562744927658,0.923810563155903,0.01985428866313721
BA(k=4),12,14,20301825,2,1,0.8503081801071578,0.8515611527532033,0.0012529726460455137
BA(k=4),12,14,20301825,2,3,0.923810563155903,0.923810563155903,0.0
BA(k=4),12,14,20301825,3,1,0.8485265479520065,0.8515611527532033,0.003034604801196772
BA(k=4),12,14,20301825,3,3,0.8966756776398167,0.923810563155903,0.027134885516086338
BA(k=4),12,15,20301826,1,1,0.8142198464959409,0.8151212447103448,0.0009013982144038257
BA(k=4),12,15,20301826,1,3,0.9045226523211862,0.9052002474972135,0.0006775951760272791
BA(k=4),12,15,20301826,2,1,0.8142198464959409,0.8151212447103448,0.0009013982144038257
BA(k=4),12,15,20301826,2,3,0.9031157063444872,0.9052002474972135,0.0020845411527262714
BA(k=4),12,15,20301826,3,1,0.8131751157764251,0.8151212447103448,0.0019461289339196552
BA(k=4),12,15,20301826,3,3,0.9004264908664567,0.9052002474972135,0.0047737566307568535
BA(k=4),12,16,20301827,1,1,0.8499882090531122,0.8511128909850038,0.0011246819318915247
BA(k=4),12,16,20301827,1,3,0.9276960422490091,0.9369259919547843,0.009229949705775176
BA(k=4),12,16,20301827,2,1,0.8499882090531122,0.8511128909850038,0.0011246819318915247
BA(k=4),12,16,20301827,2,3,0.9369259919547843,0.9369259919547843,0.0
BA(k=4),12,16,20301827,3,1,0.8487144775704798,0.8511128909850038,0.002398413414523959
BA(k=4),12,16,20301827,3,3,0.920324079834802,0.9369259919547843,0.0166019121199823
BA(k=4),12,17,20301828,1,1,0.8529137971362085,0.853465023563709,0.0005512264275004952
BA(k=4),12,17,20301828,1,3,0.9196805606994722,0.9327993490687728,0.013118788369300582
BA(k=4),12,17,20301828,2,1,0.8529137971362085,0.853465023563709,0.0005512264275004952
BA(k=4),12,17,20301828,2,3,0.9327993490687728,0.9327993490687728,0.0
BA(k=4),12,17,20301828,3,1,0.8517962855208274,0.853465023563709,0.0016687380428815901
BA(k=4),12,17,20301828,3,3,0.9125822005907356,0.9327993490687728,0.02021714847803724
BA(k=4),12,18,20301829,1,1,0.8139145300282713,0.8149149964818,0.0010004664535286922
BA(k=4),12,18,20301829,1,3,0.8989219686778097,0.9047880003518839,0.005866031674074179
BA(k=4),12,18,20301829,2,1,0.8139145300282713,0.8149149964818,0.0010004664535286922
BA(k=4),12,18,20301829,2,3,0.9043767676502353,0.9047880003518839,0.0004112327016485562
BA(k=4),12,18,20301829,3,1,0.8128154199929011,0.8149149964818,0.0020995764888989132
BA(k=4),12,18,20301829,3,3,0.8910969512882375,0.9047880003518839,0.013691049063646377
BA(k=4),12,19,20301830,1,1,0.7937934152498446,0.7959200420459484,0.002126626796103759
BA(k=4),12,19,20301830,1,3,0.9091137528273613,0.9106677723980963,0.0015540195707349769
BA(k=4),12,19,20301830,2,1,0.7937934152498446,0.7959200420459484,0.002126626796103759
BA(k=4),12,19,20301830,2,3,0.8949655624966395,0.9106677723980963,0.015702209901456765
BA(k=4),12,19,20301830,3,1,0.7956283438168669,0.7959200420459484,0.0002916982290814829
BA(k=4),12,19,20301830,3,3,0.9102427357630108,0.9106677723980963,0.00042503663508541845
BA(k=4),12,20,20301831,1,1,0.8183453768212247,0.8188849294332706,0.0005395526120459682
BA(k=4),12,20,20301831,1,3,0.8776383685905635,0.8921701602699749,0.014531791679411321
BA(k=4),12,20,20301831,2,1,0.8183453768212247,0.8188849294332706,0.0005395526120459682
BA(k=4),12,20,20301831,2,3,0.8921701602699749,0.8921701602699749,0.0
BA(k=4),12,20,20301831,3,1,0.8178007371524431,0.8188849294332706,0.0010841922808275672
BA(k=4),12,20,20301831,3,3,0.8726900465733245,0.8921701602699749,0.01948011369665037
BA(k=4),12,21,20301832,1,1,0.845569455606304,0.8467913089531358,0.0012218533468317805
BA(k=4),12,21,20301832,1,3,0.9055976697127067,0.9198775001165148,0.014279830403808091
BA(k=4),12,21,20301832,2,1,0.845569455606304,0.8467913089531358,0.0012218533468317805
BA(k=4),12,21,20301832,2,3,0.9198775001165148,0.9198775001165148,0.0
BA(k=4),12,21,20301832,3,1,0.8432110088949465,0.8467913089531358,0.003580300058189323
BA(k=4),12,21,20301832,3,3,0.8988475739399757,0.9198775001165148,0.021029926176539093
BA(k=4),12,22,20301833,1,1,0.7842193519923994,0.7851979485009544,0.0009785965085549186
BA(k=4),12,22,20301833,1,3,0.8887653282017344,0.8887653282017344,0.0
BA(k=4),12,22,20301833,2,1,0.7842193519923994,0.7851979485009544,0.0009785965085549186
BA(k=4),12,22,20301833,2,3,0.8807744881516845,0.8887653282017344,0.007990840050049908
BA(k=4),12,22,20301833,3,1,0.7841473127274764,0.7851979485009544,0.0010506357734779703
BA(k=4),12,22,20301833,3,3,0.8855002168311796,0.8887653282017344,0.0032651113705547408
BA(k=4),12,23,20301834,1,1,0.8146822481963384,0.8154042129951499,0.0007219647988114808
BA(k=4),12,23,20301834,1,3,0.8767867639859963,0.8920262303131269,0.01523946632713058
BA(k=4),12,23,20301834,2,1,0.8146822481963384,0.8154042129951499,0.0007219647988114808
BA(k=4),12,23,20301834,2,3,0.8920262303131269,0.8920262303131269,0.0
BA(k=4),12,23,20301834,3,1,0.813640038499331,0.8154042129951499,0.0017641744958188932
BA(k=4),12,23,20301834,3,3,0.8683923654523688,0.8920262303131269,0.023633864860758136
BA(k=4),12,24,20301835,1,1,0.8213541939749476,0.8220716977966325,0.000717503821684895
BA(k=4),12,24,20301835,1,3,0.9010502290095748,0.905046033339948,0.003995804330373276
BA(k=4),12,24,20301835,2,1,0.8213541939749476,0.8220716977966325,0.000717503821684895
BA(k=4),12,24,20301835,2,3,0.9043289672264447,0.905046033339948,0.0007170661135033063
BA(k=4),12,24,20301835,3,1,0.8208307636453361,0.8220716977966325,0.0012409341512963357
BA(k=4),12,24,20301835,3,3,0.8946644539111227,0.905046033339948,0.010381579428825338
BA(k=4),12,25,20301836,1,1,0.8207947781414324,0.8215977841271276,0.0008030059856951599
BA(k=4),12,25,20301836,1,3,0.8827853292146262,0.8959133657500336,0.013128036535407395
BA(k=4),12,25,20301836,2,1,0.8207947781414324,0.8215977841271276,0.0008030059856951599
BA(k=4),12,25,20301836,2,3,0.8959133657500336,0.8959133657500336,0.0
BA(k=4),12,25,20301836,3,1,0.8205505446091254,0.8215977841271276,0.0010472395180022298
BA(k=4),12,25,20301836,3,3,0.8753431698179562,0.8959133657500336,0.020570195932077318
BA(k=4),12,26,20301837,1,1,0.8182200579068636,0.8189005091883608,0.0006804512814971853
BA(k=4),12,26,20301837,1,3,0.8831760209567021,0.8953631635287495,0.012187142572047338
BA(k=4),12,26,20301837,2,1,0.8182200579068636,0.8189005091883608,0.0006804512814971853
BA(k=4),12,26,20301837,2,3,0.8953631635287495,0.8953631635287495,0.0
BA(k=4),12,26,20301837,3,1,0.8174056071577351,0.8189005091883608,0.0014949020306256333
BA(k=4),12,26,20301837,3,3,0.8763173749619321,0.8953631635287495,0.01904578856681738
BA(k=4),12,27,20301838,1,1,0.812074927841153,0.8131873059919086,0.0011123781507555996
BA(k=4),12,27,20301838,1,3,0.8860562718909225,0.8942978795782274,0.008241607687304864
BA(k=4),12,27,20301838,2,1,0.812074927841153,0.8131873059919086,0.0011123781507555996
BA(k=4),12,27,20301838,2,3,0.8942978795782274,0.8942978795782274,0.0
BA(k=4),12,27,20301838,3,1,0.8104371718576833,0.8131873059919086,0.0027501341342253127
BA(k=4),12,27,20301838,3,3,0.8783120862058332,0.8942978795782274,0.01598579337239414
BA(k=4),12,28,20301839,1,1,0.8083735269669348,0.8095218671737486,0.0011483402068138693
BA(k=4),12,28,20301839,1,3,0.8830160399134708,0.8903172330338565,0.007301193120385685
BA(k=4),12,28,20301839,2,1,0.8083735269669348,0.8095218671737486,0.0011483402068138693
BA(k=4),12,28,20301839,2,3,0.8903172330338565,0.8903172330338565,0.0
BA(k=4),12,28,20301839,3,1,0.8064274653707556,0.8095218671737486,0.00309440180299303
BA(k=4),12,28,20301839,3,3,0.8763460425643776,0.8903172330338565,0.013971190469478811
BA(k=4),12,29,20301840,1,1,0.8294249728635869,0.8311334738646302,0.001708501001043361
BA(k=4),12,29,20301840,1,3,0.9179349779247674,0.9201775415803498,0.002242563655582397
BA(k=4),12,29,20301840,2,1,0.8294249728635869,0.8311334738646302,0.001708501001043361
BA(k=4),12,29,20301840,2,3,0.9183623726823664,0.9201775415803498,0.001815168897983388
BA(k=4),12,29,20301840,3,1,0.830747709509575,0.8311334738646302,0.0003857643550552181
BA(k=4),12,29,20301840,3,3,0.9144118508164824,0.9201775415803498,0.005765690763867459
BA(k=4),12,30,20301841,1,1,0.7622677954696386,0.7640125544458456,0.0017447589762069615
BA(k=4),12,30,20301841,1,3,0.8598898275863108,0.8598898275863108,0.0
BA(k=4),12,30,20301841,2,1,0.7622677954696386,0.7640125544458456,0.0017447589762069615
BA(k=4),12,30,20301841,2,3,0.8527965237368087,0.8598898275863108,0.0070933038495021306
BA(k=4),12,30,20301841,3,1,0.7635534903437196,0.7640125544458456,0.0004590641021260389
BA(k=4),12,30,20301841,3,3,0.8585863270583951,0.8598898275863108,0.0013035005279157241
BA(k=4),14,1,20302012,1,1,0.8392200633550154,0.8408245738361163,0.0016045104811008848
BA(k=4),14,1,20302012,1,3,0.9239030284297102,0.9296976745738644,0.0057946461441542585
BA(k=4),14,1,20302012,2,1,0.8392200633550154,0.8408245738361163,0.0016045104811008848
BA(k=4),14,1,20302012,2,3,0.9277873046775359,0.9296976745738644,0.0019103698963285343
BA(k=4),14,1,20302012,3,1,0.8396341133512445,0.8408245738361163,0.0011904604848718137
BA(k=4),14,1,20302012,3,3,0.9153785589981378,0.9296976745738644,0.014319115575726626
BA(k=4),14,2,20302013,1,1,0.8096152238091546,0.8114102791842809,0.0017950553751262532
BA(k=4),14,2,20302013,1,3,0.8884032881256152,0.8982918641447273,0.009888576019112083
BA(k=4),14,2,20302013,2,1,0.8096152238091546,0.8114102791842809,0.0017950553751262532
BA(k=4),14,2,20302013,2,3,0.8961897474592996,0.8982918641447273,0.002102116685427702
BA(k=4),14,2,20302013,3,1,0.810237827808137,0.8114102791842809,0.001172451376143857
BA(k=4),14,2,20302013,3,3,0.8797481688679946,0.8982918641447273,0.01854369527673272
BA(k=4),14,3,20302014,1,1,0.8058117484156975,0.8066305944403441,0.0008188460246466578
BA(k=4),14,3,20302014,1,3,0.8824154537667703,0.888980016138774,0.006564562372003646
BA(k=4),14,3,20302014,2,1,0.8058117484156975,0.8066305944403441,0.0008188460246466578
BA(k=4),14,3,20302014,2,3,0.8875798278414158,0.888980016138774,0.001400188297358218
BA(k=4),14,3,20302014,3,1,0.8056981054046781,0.8066305944403441,0.0009324890356660065
BA(k=4),14,3,20302014,3,3,0.8743566003715618,0.888980016138774,0.014623415767212156
BA(k=4),14,4,20302015,1,1,0.8357433208312243,0.8370296059342613,0.001286285103037077
BA(k=4),14,4,20302015,1,3,0.9135948123940196,0.922880896834707,0.009286084440687348
BA(k=4),14,4,20302015,2,1,0.8357433208312243,0.8370296059342613,0.001286285103037077
BA(k=4),14,4,20302015,2,3,0.9200466983021467,0.922880896834707,0.0028341985325602836
BA(k=4),14,4,20302015,3,1,0.8357901929578213,0.8370296059342613,0.0012394129764400352
BA(k=4),14,4,20302015,3,3,0.9039718323846462,0.922880896834707,0.018909064450060797
BA(k=4),14,5,20302016,1,1,0.8360822814818866,0.8372756327720092,0.0011933512901226573
BA(k=4),14,5,20302016,1,3,0.9084807036372845,0.9204886247277783,0.012007921090493756
BA(k=4),14,5,20302016,2,1,0.8360822814818866,0.8372756327720092,0.0011933512901226573
BA(k=4),14,5,20302016,2,3,0.9194042471370604,0.9204886247277783,0.0010843775907178888
BA(k=4),14,5,20302016,3,1,0.8359721809183327,0.8372756327720092,0.0013034518536765294
BA(k=4),14,5,20302016,3,3,0.8984254273441399,0.9204886247277783,0.022063197383638378
BA(k=4),14,6,20302017,1,1,0.7980661927156655,0.801958063263584,0.003891870547918508
BA(k=4),14,6,20302017,1,3,0.8977333525360699,0.901342162886445,0.00360881035037508
BA(k=4),14,6,20302017,2,1,0.7980661927156655,0.801958063263584,0.003891870547918508
BA(k=4),14,6,20302017,2,3,0.8919321227487006,0.901342162886445,0.00941004013774438
BA(k=4),14,6,20302017,3,1,0.8013651713361672,0.801958063263584,0.0005928919274167388
BA(k=4),14,6,20302017,3,3,0.8949811776131362,0.901342162886445,0.00636098527330875
BA(k=4),14,7,20302018,1,1,0.8305605288070674,0.8319349924640519,0.0013744636569844593
BA(k=4),14,7,20302018,1,3,0.9104670547231992,0.9178620394213123,0.007394984698113061
BA(k=4),14,7,20302018,2,1,0.8305605288070674,0.8319349924640519,0.0013744636569844593
BA(k=4),14,7,20302018,2,3,0.9165249514641547,0.9178620394213123,0.00133708795715759
BA(k=4),14,7,20302018,3,1,0.8297114819459956,0.8319349924640519,0.0022235105180562487
BA(k=4),14,7,20302018,3,3,0.9002851519785783,0.9178620394213123,0.017576887442734
BA(k=4),14,8,20302019,1,1,0.8290031387009044,0.830593175600009,0.001590036899104641
BA(k=4),14,8,20302019,1,3,0.8990478327072593,0.9080447566508669,0.008996923943607626
BA(k=4),14,8,20302019,2,1,0.8290031387009044,0.830593175600009,0.001590036899104641
BA(k=4),14,8,20302019,2,3,0.9072035901457772,0.9080447566508669,0.0008411665050896966
BA(k=4),14,8,20302019,3,1,0.8274299874926015,0.830593175600009,0.0031631881074074553
BA(k=4),14,8,20302019,3,3,0.8890177684376636,0.9080447566508669,0.019026988213203366
BA(k=4),14,9,20302020,1,1,0.779267378725046,0.7802197921509247,0.0009524134258787065
BA(k=4),14,9,20302020,1,3,0.8680221331008575,0.8691848292374423,0.0011626961365848176
BA(k=4),14,9,20302020,2,1,0.779267378725046,0.7802197921509247,0.0009524134258787065
BA(k=4),14,9,20302020,2,3,0.8629962784116427,0.8691848292374423,0.00618855082579961
BA(k=4),14,9,20302020,3,1,0.7792151580374553,0.7802197921509247,0.0010046341134694048
BA(k=4),14,9,20302020,3,3,0.860927797330863,0.8691848292374423,0.008257031906579337
BA(k=4),14,10,20302021,1,1,0.786829357616007,0.7891657204400447,0.0023363628240377077
BA(k=4),14,10,20302021,1,3,0.8860239001138723,0.8886648839082347,0.002640983794362395
BA(k=4),14,10,20302021,2,1,0.786829357616007,0.7891657204400447,0.0023363628240377077
BA(k=4),14,10,20302021,2,3,0.8802439238452223,0.8886648839082347,0.008420960063012406
BA(k=4),14,10,20302021,3,1,0.788007132669936,0.7891657204400447,0.0011585877701086877
BA(k=4),14,10,20302021,3,3,0.8802644751372216,0.8886648839082347,0.008400408771013113
BA(k=4),14,11,20302022,1,1,0.8363719067282526,0.8375632411452322,0.0011913344169796058
BA(k=4),14,11,20302022,1,3,0.9105401781031287,0.9200556677787928,0.009515489675664068
BA(k=4),14,11,20302022,2,1,0.8363719067282526,0.8375632411452322,0.0011913344169796058
BA(k=4),14,11,20302022,2,3,0.9176092271954265,0.9200556677787928,0.002446440583366294
BA(k=4),14,11,20302022,3,1,0.8364919805777712,0.8375632411452322,0.0010712605674609854
BA(k=4),14,11,20302022,3,3,0.9025326524731972,0.9200556677787928,0.017523015305595524
BA(k=4),14,12,20302023,1,1,0.8089757359044737,0.8103730529096428,0.0013973170051690964
BA(k=4),14,12,20302023,1,3,0.8935535414858248,0.8973427633839643,0.003789221898139572
BA(k=4),14,12,20302023,2,1,0.8089757359044737,0.8103730529096428,0.0013973170051690964
BA(k=4),14,12,20302023,2,3,0.8942000290758426,0.8973427633839643,0.0031427343081217307
BA(k=4),14,12,20302023,3,1,0.8093755666529867,0.8103730529096428,0.0009974862566560772
BA(k=4),14,12,20302023,3,3,0.8871343902566183,0.8973427633839643,0.010208373127346015
BA(k=4),14,13,20302024,1,1,0.8452203792341683,0.8473468234631805,0.002126444229012203
BA(k=4),14,13,20302024,1,3,0.9109938598934806,0.9251269217717498,0.014133061878269237
BA(k=4),14,13,20302024,2,1,0.8452203792341683,0.8473468234631805,0.002126444229012203
BA(k=4),14,13,20302024,2,3,0.9244791544491903,0.9251269217717498,0.0006477673225595559
BA(k=4),14,13,20302024,3,1,0.846413816411214,0.8473468234631805,0.0009330070519664169
BA(k=4),14,13,20302024,3,3,0.9050381225602128,0.9251269217717498,0.020088799211537056
BA(k=4),14,14,20302025,1,1,0.8141679555539146,0.8161604502067575,0.001992494652842902
BA(k=4),14,14,20302025,1,3,0.9010553911871059,0.9031265360264152,0.002071144839309369
BA(k=4),14,14,20302025,2,1,0.8141679555539146,0.8161604502067575,0.001992494652842902
BA(k=4),14,14,20302025,2,3,0.8993257539274142,0.9031265360264152,0.003800782099001032
BA(k=4),14,14,20302025,3,1,0.8151147940211475,0.8161604502067575,0.0010456561856100333
BA(k=4),14,14,20302025,3,3,0.8957530288263494,0.9031265360264152,0.007373507200065799
BA(k=4),14,15,20302026,1,1,0.8081232542279697,0.8092275493787602,0.0011042951507904686
BA(k=4),14,15,20302026,1,3,0.8919062519701726,0.8953955317366558,0.0034892797664831665
BA(k=4),14,15,20302026,2,1,0.8081232542279697,0.8092275493787602,0.0011042951507904686
BA(k=4),14,15,20302026,2,3,0.8937094115145382,0.8953955317366558,0.0016861202221175597
BA(k=4),14,15,20302026,3,1,0.8082416134731074,0.8092275493787602,0.0009859359056527683
BA(k=4),14,15,20302026,3,3,0.8822708396359482,0.8953955317366558,0.013124692100707547
BA(k=4),14,16,20302027,1,1,0.8353604032190711,0.8364112856817403,0.001050882462669156
BA(k=4),14,16,20302027,1,3,0.9068560725106709,0.9172327434420582,0.010376670931387277
BA(k=4),14,16,20302027,2,1,0.8353604032190711,0.8364112856817403,0.001050882462669156
BA(k=4),14,16,20302027,2,3,0.9152489746545143,0.9172327434420582,0.001983768787543916
BA(k=4),14,16,20302027,3,1,0.8352653046354185,0.8364112856817403,0.0011459810463217979
BA(k=4),14,16,20302027,3,3,0.898531912464661,0.9172327434420582,0.018700830977397165
BA(k=4),14,17,20302028,1,1,0.7844986975944146,0.7868895139554676,0.002390816361052983
BA(k=4),14,17,20302028,1,3,0.880633970358171,0.8840354715296852,0.003401501171514165
BA(k=4),14,17,20302028,2,1,0.7844986975944146,0.7868895139554676,0.002390816361052983
BA(k=4),14,17,20302028,2,3,0.8754835724625425,0.8840354715296852,0.00855189906714271
BA(k=4),14,17,20302028,3,1,0.7855040592692161,0.7868895139554676,0.0013854546862515082
BA(k=4),14,17,20302028,3,3,0.8751284168213502,0.8840354715296852,0.008907054708334972
BA(k=4),14,18,20302029,1,1,0.8109560251996716,0.8129812127061646,0.0020251875064930536
BA(k=4),14,18,20302029,1,3,0.9102346381838812,0.9130642846015758,0.0028296464176946756
BA(k=4),14,18,20302029,2,1,0.8109560251996716,0.8129812127061646,0.0020251875064930536
BA(k=4),14,18,20302029,2,3,0.9045355617203691,0.9130642846015758,0.008528722881206763
BA(k=4),14,18,20302029,3,1,0.8116350142860572,0.8129812127061646,0.001346198420107414
BA(k=4),14,18,20302029,3,3,0.9022904156953008,0.9130642846015758,0.010773868906275075
BA(k=4),14,19,20302030,1,1,0.8366818177846128,0.8377071284887777,0.0010253107041648946
BA(k=4),14,19,20302030,1,3,0.9152414462907098,0.9199647663386635,0.004723320047953727
BA(k=4),14,19,20302030,2,1,0.8366818177846128,0.8377071284887777,0.0010253107041648946
BA(k=4),14,19,20302030,2,3,0.9188111633545643,0.9199647663386635,0.0011536029840992779
BA(k=4),14,19,20302030,3,1,0.8363933827769288,0.8377071284887777,0.001313745711848946
BA(k=4),14,19,20302030,3,3,0.9073266025567447,0.9199647663386635,0.012638163781918843
BA(k=4),14,20,20302031,1,1,0.7889012672995797,0.7913300730146012,0.002428805715021576
BA(k=4),14,20,20302031,1,3,0.8784126669709179,0.8810128318513328,0.0026001648804149236
BA(k=4),14,20,20302031,2,1,0.7889012672995797,0.7913300730146012,0.002428805715021576
BA(k=4),14,20,20302031,2,3,0.8763967603226365,0.8810128318513328,0.004616071528696364
BA(k=4),14,20,20302031,3,1,0.7904205920879335,0.7913300730146012,0.0009094809266677606
BA(k=4),14,20,20302031,3,3,0.8721855570729266,0.8810128318513328,0.00882727477840628
BA(k=4),14,21,20302032,1,1,0.8205166450320411,0.8235934363100157,0.0030767912779745554
BA(k=4),14,21,20302032,1,3,0.9157663089800561,0.918682654478778,0.002916345498721884
BA(k=4),14,21,20302032,2,1,0.8205166450320411,0.8235934363100157,0.0030767912779745554
BA(k=4),14,21,20302032,2,3,0.9124314183152965,0.918682654478778,0.006251236163481444
BA(k=4),14,21,20302032,3,1,0.82284952190143,0.8235934363100157,0.0007439144085856775
BA(k=4),14,21,20302032,3,3,0.9109484345947686,0.918682654478778,0.007734219884009352
BA(k=4),14,22,20302033,1,1,0.7750913331905286,0.7764191281883494,0.0013277949978207637
BA(k=4),14,22,20302033,1,3,0.858894126231267,0.8613543189388466,0.002460192707579578
BA(k=4),14,22,20302033,2,1,0.7750913331905286,0.7764191281883494,0.0013277949978207637
BA(k=4),14,22,20302033,2,3,0.8575136779892993,0.8613543189388466,0.0038406409495472804
BA(k=4),14,22,20302033,3,1,0.7744980625842961,0.7764191281883494,0.0019210656040532514
BA(k=4),14,22,20302033,3,3,0.8494770708539175,0.8613543189388466,0.01187724808492907
BA(k=4),14,23,20302034,1,1,0.8105162859636108,0.8121833297721119,0.001667043808501134
BA(k=4),14,23,20302034,1,3,0.8961776512799714,0.900787166335933,0.004609515055961633
BA(k=4),14,23,20302034,2,1,0.8105162859636108,0.8121833297721119,0.001667043808501134
BA(k=4),14,23,20302034,2,3,0.8971810542190088,0.900787166335933,0.003606112116924187
BA(k=4),14,23,20302034,3,1,0.8112544137427073,0.8121833297721119,0.0009289160294045917
BA(k=4),14,23,20302034,3,3,0.8890888813368353,0.900787166335933,0.011698284999097752
BA(k=4),14,24,20302035,1,1,0.8130565672359371,0.8148116583454231,0.0017550911094860178
BA(k=4),14,24,20302035,1,3,0.9012038412991641,0.9030041177508772,0.001800276451713101
BA(k=4),14,24,20302035,2,1,0.8130565672359371,0.8148116583454231,0.0017550911094860178
BA(k=4),14,24,20302035,2,3,0.8994530257836167,0.9030041177508772,0.0035510919672604446
BA(k=4),14,24,20302035,3,1,0.8137429212844073,0.8148116583454231,0.0010687370610158453
BA(k=4),14,24,20302035,3,3,0.8953850828822838,0.9030041177508772,0.007619034868593388
BA(k=4),14,25,20302036,1,1,0.758195270710146,0.7596960433088001,0.0015007725986541098
BA(k=4),14,25,20302036,1,3,0.8596804018662229,0.863483094831872,0.003802692965649168
BA(k=4),14,25,20302036,2,1,0.758195270710146,0.7596960433088001,0.0015007725986541098
BA(k=4),14,25,20302036,2,3,0.8475005674840318,0.863483094831872,0.015982527347840225
BA(k=4),14,25,20302036,3,1,0.758898876652433,0.7596960433088001,0.0007971666563670876
BA(k=4),14,25,20302036,3,3,0.8572419539617628,0.863483094831872,0.006241140870109185
BA(k=4),14,26,20302037,1,1,0.838165202181215,0.8397536482824935,0.0015884461012785067
BA(k=4),14,26,20302037,1,3,0.9149565436804004,0.9247169707682611,0.009760427087860735
BA(k=4),14,26,20302037,2,1,0.838165202181215,0.8397536482824935,0.0015884461012785067
BA(k=4),14,26,20302037,2,3,0.9228301598430928,0.9247169707682611,0.0018868109251682919
BA(k=4),14,26,20302037,3,1,0.8386032143499923,0.8397536482824935,0.0011504339325012491
BA(k=4),14,26,20302037,3,3,0.9052802625836419,0.9247169707682611,0.019436708184619178
BA(k=4),14,27,20302038,1,1,0.8147595380772653,0.8169626008620497,0.0022030627847844375
BA(k=4),14,27,20302038,1,3,0.8896663617136047,0.8985552549508117,0.008888893237206985
BA(k=4),14,27,20302038,2,1,0.8147595380772653,0.8169626008620497,0.0022030627847844375
BA(k=4),14,27,20302038,2,3,0.8964776677262543,0.8985552549508117,0.00207758722455742
BA(k=4),14,27,20302038,3,1,0.8159142490364307,0.8169626008620497,0.0010483518256190205
BA(k=4),14,27,20302038,3,3,0.8829581500614251,0.8985552549508117,0.015597104889386593
BA(k=4),14,28,20302039,1,1,0.7835106601514673,0.7853670561984845,0.0018563960470171503
BA(k=4),14,28,20302039,1,3,0.8784494912722373,0.8807929737295245,0.002343482457287216
BA(k=4),14,28,20302039,2,1,0.7835106601514673,0.7853670561984845,0.0018563960470171503
BA(k=4),14,28,20302039,2,3,0.8709354916777684,0.8807929737295245,0.009857482051756072
BA(k=4),14,28,20302039,3,1,0.7843910978748191,0.7853670561984845,0.0009759583236653713
BA(k=4),14,28,20302039,3,3,0.8720726750879727,0.8807929737295245,0.008720298641551771
BA(k=4),14,29,20302040,1,1,0.8455340643308339,0.8479061487106987,0.002372084379864803
BA(k=4),14,29,20302040,1,3,0.9092096387548726,0.9236486228063071,0.014438984051434511
BA(k=4),14,29,20302040,2,1,0.8455340643308339,0.8479061487106987,0.002372084379864803
BA(k=4),14,29,20302040,2,3,0.9217810052973879,0.9236486228063071,0.0018676175089191727
BA(k=4),14,29,20302040,3,1,0.8468307623167003,0.8479061487106987,0.001075386393998401
BA(k=4),14,29,20302040,3,3,0.9030494022004569,0.9236486228063071,0.020599220605850177
BA(k=4),14,30,20302041,1,1,0.8312400568618477,0.8325964018784902,0.0013563450166425017
BA(k=4),14,30,20302041,1,3,0.911000094981436,0.9176202031499388,0.006620108168502781
BA(k=4),14,30,20302041,2,1,0.8312400568618477,0.8325964018784902,0.0013563450166425017
BA(k=4),14,30,20302041,2,3,0.9158451404694963,0.9176202031499388,0.001775062680442474
BA(k=4),14,30,20302041,3,1,0.8305202534949646,0.8325964018784902,0.0020761483835255445
BA(k=4),14,30,20302041,3,3,0.9017034441838382,0.9176202031499388,0.015916758966100564
WS(k=4;b=0.1),12,1,20311812,1,1,0.8331721967129133,0.8331721967129133,0.0
WS(k=4;b=0.1),12,1,20311812,1,3,0.907037977168408,0.907037977168408,0.0
WS(k=4;b=0.1),12,1,20311812,2,1,0.8331721967129133,0.8331721967129133,0.0
WS(k=4;b=0.1),12,1,20311812,2,3,0.9062841985541878,0.907037977168408,0.000753778614220102
WS(k=4;b=0.1),12,1,20311812,3,1,0.8331721967129133,0.8331721967129133,0.0
WS(k=4;b=0.1),12,1,20311812,3,3,0.8997174970937836,0.907037977168408,0.00732048007462438
WS(k=4;b=0.1),12,2,20311813,1,1,0.8278056529669657,0.8278056529669657,0.0
WS(k=4;b=0.1),12,2,20311813,1,3,0.9045926494024725,0.9045926494024725,0.0
WS(k=4;b=0.1),12,2,20311813,2,1,0.8278056529669657,0.8278056529669657,0.0
WS(k=4;b=0.1),12,2,20311813,2,3,0.9037354576021609,0.9045926494024725,0.0008571918003116297
WS(k=4;b=0.1),12,2,20311813,3,1,0.8278056529669657,0.8278056529669657,0.0
WS(k=4;b=0.1),12,2,20311813,3,3,0.8968349869190715,0.9045926494024725,0.00775766248340104
WS(k=4;b=0.1),12,3,20311814,1,1,0.8326406581914525,0.8326406581914525,0.0
WS(k=4;b=0.1),12,3,20311814,1,3,0.9240275534493629,0.9240275534493629,0.0
WS(k=4;b=0.1),12,3,20311814,2,1,0.8326406581914525,0.8326406581914525,0.0
WS(k=4;b=0.1),12,3,20311814,2,3,0.9219339816826763,0.9240275534493629,0.002093571766686675
WS(k=4;b=0.1),12,3,20311814,3,1,0.8326406581914525,0.8326406581914525,0.0
WS(k=4;b=0.1),12,3,20311814,3,3,0.9217867223086671,0.9240275534493629,0.0022408311406958425
WS(k=4;b=0.1),12,4,20311815,1,1,0.877542022811397,0.877542022811397,0.0
WS(k=4;b=0.1),12,4,20311815,1,3,0.9564687492147416,0.9564687492147416,0.0
WS(k=4;b=0.1),12,4,20311815,2,1,0.877542022811397,0.877542022811397,0.0
WS(k=4;b=0.1),12,4,20311815,2,3,0.9549987483493676,0.9564687492147416,0.001470000865373966
WS(k=4;b=0.1),12,4,20311815,3,1,0.877542022811397,0.877542022811397,0.0
WS(k=4;b=0.1),12,4,20311815,3,3,0.9524139623292456,0.9564687492147416,0.004054786885495987
WS(k=4;b=0.1),12,5,20311816,1,1,0.7860667889673304,0.7860667889673304,0.0
WS(k=4;b=0.1),12,5,20311816,1,3,0.865869004730382,0.865869004730382,0.0
WS(k=4;b=0.1),12,5,20311816,2,1,0.7860667889673304,0.7860667889673304,0.0
WS(k=4;b=0.1),12,5,20311816,2,3,0.8634241172134409,0.865869004730382,0.0024448875169410522
WS(k=4;b=0.1),12,5,20311816,3,1,0.7860667889673304,0.7860667889673304,0.0
WS(k=4;b=0.1),12,5,20311816,3,3,0.8655448314097083,0.865869004730382,0.000324173320673693
WS(k=4;b=0.1),12,6,20311817,1,1,0.8253460654460295,0.8253460654460295,0.0
WS(k=4;b=0.1),12,6,20311817,1,3,0.8930330764159867,0.8930330764159867,0.0
WS(k=4;b=0.1),12,6,20311817,2,1,0.8253460654460295,0.8253460654460295,0.0
WS(k=4;b=0.1),12,6,20311817,2,3,0.8919289056142882,0.8930330764159867,0.0011041708016985563
WS(k=4;b=0.1),12,6,20311817,3,1,0.8253460654460295,0.8253460654460295,0.0
WS(k=4;b=0.1),12,6,20311817,3,3,0.885932876674744,0.8930330764159867,0.007100199741242763
WS(k=4;b=0.1),12,7,20311818,1,1,0.8732466506507424,0.8732466506507424,0.0
WS(k=4;b=0.1),12,7,20311818,1,3,0.9450415198949609,0.9450415198949609,0.0
WS(k=4;b=0.1),12,7,20311818,2,1,0.8732466506507424,0.8732466506507424,0.0
WS(k=4;b=0.1),12,7,20311818,2,3,0.9444995579690333,0.9450415198949609,0.0005419619259275921
WS(k=4;b=0.1),12,7,20311818,3,1,0.8732466506507424,0.8732466506507424,0.0
WS(k=4;b=0.1),12,7,20311818,3,3,0.93876542049457,0.9450415198949609,0.0062760994003908666
WS(k=4;b=0.1),12,8,20311819,1,1,0.836550476684804,0.836550476684804,0.0
WS(k=4;b=0.1),12,8,20311819,1,3,0.9238609151749372,0.9238609151749372,0.0
WS(k=4;b=0.1),12,8,20311819,2,1,0.836550476684804,0.836550476684804,0.0
WS(k=4;b=0.1),12,8,20311819,2,3,0.9220252880111168,0.9238609151749372,0.0018356271638203525
WS(k=4;b=0.1),12,8,20311819,3,1,0.836550476684804,0.836550476684804,0.0
WS(k=4;b=0.1),12,8,20311819,3,3,0.9200565410371097,0.9238609151749372,0.0038043741378275264
WS(k=4;b=0.1),12,9,20311820,1,1,0.7892591247663815,0.7892591247663815,0.0
WS(k=4;b=0.1),12,9,20311820,1,3,0.8710984709737682,0.8715135147241828,0.00041504375041456765
WS(k=4;b=0.1),12,9,20311820,2,1,0.7892591247663815,0.7892591247663815,0.0
WS(k=4;b=0.1),12,9,20311820,2,3,0.8683592093027902,0.8715135147241828,0.0031543054213926114
WS(k=4;b=0.1),12,9,20311820,3,1,0.7892591247663815,0.7892591247663815,0.0
WS(k=4;b=0.1),12,9,20311820,3,3,0.8715135147241828,0.8715135147241828,0.0
WS(k=4;b=0.1),12,10,20311821,1,1,0.8736044482649606,0.8736044482649606,0.0
WS(k=4;b=0.1),12,10,20311821,1,3,0.9431544623720081,0.9433661283087801,0.00021166593677202084
WS(k=4;b=0.1),12,10,20311821,2,1,0.8736044482649606,0.8736044482649606,0.0
WS(k=4;b=0.1),12,10,20311821,2,3,0.9433661283087801,0.9433661283087801,0.0
WS(k=4;b=0.1),12,10,20311821,3,1,0.8736044482649606,0.8736044482649606,0.0
WS(k=4;b=0.1),12,10,20311821,3,3,0.930097916951301,0.9433661283087801,0.013268211357479132
WS(k=4;b=0.1),12,11,20311822,1,1,0.8257488187061506,0.8257488187061506,0.0
WS(k=4;b=0.1),12,11,20311822,1,3,0.8960245327081441,0.8960245327081441,0.0
WS(k=4;b=0.1),12,11,20311822,2,1,0.8257488187061506,0.8257488187061506,0.0
WS(k=4;b=0.1),12,11,20311822,2,3,0.8955118412246235,0.8960245327081441,0.000512691483520622
WS(k=4;b=0.1),12,11,20311822,3,1,0.8257488187061506,0.8257488187061506,0.0
WS(k=4;b=0.1),12,11,20311822,3,3,0.8875193725841259,0.8960245327081441,0.00850516012401814
WS(k=4;b=0.1),12,12,20311823,1,1,0.8333311913899046,0.8333311913899046,0.0
WS(k=4;b=0.1),12,12,20311823,1,3,0.9185284826029783,0.9191186724523798,0.0005901898494015123
WS(k=4;b=0.1),12,12,20311823,2,1,0.8333311913899046,0.8333311913899046,0.0
WS(k=4;b=0.1),12,12,20311823,2,3,0.9164313074826178,0.9191186724523798,0.002687364969761963
WS(k=4;b=0.1),12,12,20311823,3,1,0.8333311913899046,0.8333311913899046,0.0
WS(k=4;b=0.1),12,12,20311823,3,3,0.9183536184691476,0.9191186724523798,0.0007650539832321224
WS(k=4;b=0.1),12,13,20311824,1,1,0.835457512449292,0.835457512449292,0.0
WS(k=4;b=0.1),12,13,20311824,1,3,0.9336035865597623,0.9388967482368393,0.005293161677077052
WS(k=4;b=0.1),12,13,20311824,2,1,0.835457512449292,0.835457512449292,0.0
WS(k=4;b=0.1),12,13,20311824,2,3,0.9303625608473097,0.9388967482368393,0.008534187389529602
WS(k=4;b=0.1),12,13,20311824,3,1,0.835457512449292,0.835457512449292,0.0
WS(k=4;b=0.1),12,13,20311824,3,3,0.9379557618628414,0.9388967482368393,0.0009409863739979762
WS(k=4;b=0.1),12,14,20311825,1,1,0.8373237543618424,0.8373237543618424,0.0
WS(k=4;b=0.1),12,14,20311825,1,3,0.9291720572326562,0.932053418407252,0.002881361174595809
WS(k=4;b=0.1),12,14,20311825,2,1,0.8373237543618424,0.8373237543618424,0.0
WS(k=4;b=0.1),12,14,20311825,2,3,0.9269061607636311,0.932053418407252,0.005147257643620895
WS(k=4;b=0.1),12,14,20311825,3,1,0.8373237543618424,0.8373237543618424,0.0
WS(k=4;b=0.1),12,14,20311825,3,3,0.932053418407252,0.932053418407252,0.0
WS(k=4;b=0.1),12,15,20311826,1,1,0.7892591247663816,0.7892591247663816,0.0
WS(k=4;b=0.1),12,15,20311826,1,3,0.8678591148644615,0.8678591148644615,0.0
WS(k=4;b=0.1),12,15,20311826,2,1,0.7892591247663816,0.7892591247663816,0.0
WS(k=4;b=0.1),12,15,20311826,2,3,0.8662032986550582,0.8678591148644615,0.0016558162094033602
WS(k=4;b=0.1),12,15,20311826,3,1,0.7892591247663816,0.7892591247663816,0.0
WS(k=4;b=0.1),12,15,20311826,3,3,0.8643953170168625,0.8678591148644615,0.0034637978475990927
WS(k=4;b=0.1),12,16,20311827,1,1,0.7890839588375899,0.7890839588375899,0.0
WS(k=4;b=0.1),12,16,20311827,1,3,0.8662717068630809,0.8662717068630809,0.0
WS(k=4;b=0.1),12,16,20311827,2,1,0.7890839588375899,0.7890839588375899,0.0
WS(k=4;b=0.1),12,16,20311827,2,3,0.8645248855881317,0.8662717068630809,0.001746821274949184
WS(k=4;b=0.1),12,16,20311827,3,1,0.7890839588375899,0.7890839588375899,0.0
WS(k=4;b=0.1),12,16,20311827,3,3,0.8642368145528189,0.8662717068630809,0.002034892310261993
WS(k=4;b=0.1),12,17,20311828,1,1,0.8253460654460295,0.8253460654460295,0.0
WS(k=4;b=0.1),12,17,20311828,1,3,0.8930330764159867,0.8930330764159867,0.0
WS(k=4;b=0.1),12,17,20311828,2,1,0.8253460654460295,0.8253460654460295,0.0
WS(k=4;b=0.1),12,17,20311828,2,3,0.8919289056142882,0.8930330764159867,0.0011041708016985563
WS(k=4;b=0.1),12,17,20311828,3,1,0.8253460654460295,0.8253460654460295,0.0
WS(k=4;b=0.1),12,17,20311828,3,3,0.885932876674744,0.8930330764159867,0.007100199741242763
WS(k=4;b=0.1),12,18,20311829,1,1,0.7930602349979538,0.7930602349979538,0.0
WS(k=4;b=0.1),12,18,20311829,1,3,0.8740431037471317,0.8743205014262327,0.0002773976791010657
WS(k=4;b=0.1),12,18,20311829,2,1,0.7930602349979538,0.7930602349979538,0.0
WS(k=4;b=0.1),12,18,20311829,2,3,0.8718334903106173,0.8743205014262327,0.002487011115615445
WS(k=4;b=0.1),12,18,20311829,3,1,0.7930602349979538,0.7930602349979538,0.0
WS(k=4;b=0.1),12,18,20311829,3,3,0.8743205014262327,0.8743205014262327,0.0
WS(k=4;b=0.1),12,19,20311830,1,1,0.8253460654460295,0.8253460654460295,0.0
WS(k=4;b=0.1),12,19,20311830,1,3,0.8930330764159867,0.8930330764159867,0.0
WS(k=4;b=0.1),12,19,20311830,2,1,0.8253460654460295,0.8253460654460295,0.0
WS(k=4;b=0.1),12,19,20311830,2,3,0.8919289056142882,0.8930330764159867,0.0011041708016985563
WS(k=4;b=0.1),12,19,20311830,3,1,0.8253460654460295,0.8253460654460295,0.0
WS(k=4;b=0.1),12,19,20311830,3,3,0.885932876674744,0.8930330764159867,0.007100199741242763
WS(k=4;b=0.1),12,20,20311831,1,1,0.8331068539200693,0.8331068539200693,0.0
WS(k=4;b=0.1),12,20,20311831,1,3,0.9143665478970573,0.9143665478970573,0.0
WS(k=4;b=0.1),12,20,20311831,2,1,0.8331068539200693,0.8331068539200693,0.0
WS(k=4;b=0.1),12,20,20311831,2,3,0.9128435760280268,0.9143665478970573,0.0015229718690304983
WS(k=4;b=0.1),12,20,20311831,3,1,0.8331068539200693,0.8331068539200693,0.0
WS(k=4;b=0.1),12,20,20311831,3,3,0.9084597808116484,0.9143665478970573,0.005906767085408937
WS(k=4;b=0.1),12,21,20311832,1,1,0.837099416892007,0.837099416892007,0.0
WS(k=4;b=0.1),12,21,20311832,1,3,0.9246871669630935,0.9250496562758256,0.00036248931273208385
WS(k=4;b=0.1),12,21,20311832,2,1,0.837099416892007,0.837099416892007,0.0
WS(k=4;b=0.1),12,21,20311832,2,3,0.9224051630803479,0.9250496562758256,0.0026444931954776596
WS(k=4;b=0.1),12,21,20311832,3,1,0.837099416892007,0.837099416892007,0.0
WS(k=4;b=0.1),12,21,20311832,3,3,0.9250496562758256,0.9250496562758256,0.0
WS(k=4;b=0.1),12,22,20311833,1,1,0.7928601245832495,0.7928601245832495,0.0
WS(k=4;b=0.1),12,22,20311833,1,3,0.8921623964878562,0.9039700110755766,0.011807614587720394
WS(k=4;b=0.1),12,22,20311833,2,1,0.7928601245832495,0.7928601245832495,0.0
WS(k=4;b=0.1),12,22,20311833,2,3,0.8881141781765122,0.9039700110755766,0.015855832899064448
WS(k=4;b=0.1),12,22,20311833,3,1,0.7928601245832495,0.7928601245832495,0.0
WS(k=4;b=0.1),12,22,20311833,3,3,0.9023163215051312,0.9039700110755766,0.0016536895704454269
WS(k=4;b=0.1),12,23,20311834,1,1,0.8251217279761942,0.8251217279761942,0.0
WS(k=4;b=0.1),12,23,20311834,1,3,0.8940048225806474,0.8940048225806474,0.0
WS(k=4;b=0.1),12,23,20311834,2,1,0.8251217279761942,0.8251217279761942,0.0
WS(k=4;b=0.1),12,23,20311834,2,3,0.8929489927086709,0.8940048225806474,0.0010558298719764991
WS(k=4;b=0.1),12,23,20311834,3,1,0.8251217279761942,0.8251217279761942,0.0
WS(k=4;b=0.1),12,23,20311834,3,3,0.8882014596720494,0.8940048225806474,0.005803362908597953
WS(k=4;b=0.1),12,24,20311835,1,1,0.8363791395818367,0.8363791395818367,0.0
WS(k=4;b=0.1),12,24,20311835,1,3,0.9188730827667434,0.9188730827667434,0.0
WS(k=4;b=0.1),12,24,20311835,2,1,0.8363791395818367,0.8363791395818367,0.0
WS(k=4;b=0.1),12,24,20311835,2,3,0.9176188239338122,0.9188730827667434,0.0012542588329311766
WS(k=4;b=0.1),12,24,20311835,3,1,0.8363791395818367,0.8363791395818367,0.0
WS(k=4;b=0.1),12,24,20311835,3,3,0.9119071553270577,0.9188730827667434,0.006965927439685715
WS(k=4;b=0.1),12,25,20311836,1,1,0.8354881353999213,0.8354881353999213,0.0
WS(k=4;b=0.1),12,25,20311836,1,3,0.9158986887439919,0.9158986887439919,0.0
WS(k=4;b=0.1),12,25,20311836,2,1,0.8354881353999213,0.8354881353999213,0.0
WS(k=4;b=0.1),12,25,20311836,2,3,0.914505266670239,0.9158986887439919,0.0013934220737529257
WS(k=4;b=0.1),12,25,20311836,3,1,0.8354881353999213,0.8354881353999213,0.0
WS(k=4;b=0.1),12,25,20311836,3,3,0.9099851537591428,0.9158986887439919,0.005913534984849145
WS(k=4;b=0.1),12,26,20311837,1,1,0.7570750535499695,0.7572669803000611,0.00019192675009160887
WS(k=4;b=0.1),12,26,20311837,1,3,0.8488495071367446,0.858620633960453,0.009771126823708398
WS(k=4;b=0.1),12,26,20311837,2,1,0.7570750535499695,0.7572669803000611,0.00019192675009160887
WS(k=4;b=0.1),12,26,20311837,2,3,0.8455734408154889,0.858620633960453,0.013047193144964053
WS(k=4;b=0.1),12,26,20311837,3,1,0.7570750535499695,0.7572669803000611,0.00019192675009160887
WS(k=4;b=0.1),12,26,20311837,3,3,0.8550878890947949,0.858620633960453,0.003532744865658022
WS(k=4;b=0.1),12,27,20311838,1,1,0.796823980923737,0.7968655557998736,4.1574876136651895e-5
WS(k=4;b=0.1),12,27,20311838,1,3,0.8875575525434002,0.8875575525434002,0.0
WS(k=4;b=0.1),12,27,20311838,2,1,0.796823980923737,0.7968655557998736,4.1574876136651895e-5
WS(k=4;b=0.1),12,27,20311838,2,3,0.8846786627516225,0.8875575525434002,0.002878889791777639
WS(k=4;b=0.1),12,27,20311838,3,1,0.796823980923737,0.7968655557998736,4.1574876136651895e-5
WS(k=4;b=0.1),12,27,20311838,3,3,0.8860723224967956,0.8875575525434002,0.001485230046604613
WS(k=4;b=0.1),12,28,20311839,1,1,0.8285627997244269,0.8285627997244269,0.0
WS(k=4;b=0.1),12,28,20311839,1,3,0.9066353457788944,0.9066353457788944,0.0
WS(k=4;b=0.1),12,28,20311839,2,1,0.8285627997244269,0.8285627997244269,0.0
WS(k=4;b=0.1),12,28,20311839,2,3,0.9054387638465882,0.9066353457788944,0.0011965819323062066
WS(k=4;b=0.1),12,28,20311839,3,1,0.8285627997244269,0.8285627997244269,0.0
WS(k=4;b=0.1),12,28,20311839,3,3,0.9019008021014968,0.9066353457788944,0.004734543677397562
WS(k=4;b=0.1),12,29,20311840,1,1,0.7996079559295871,0.8005361879630678,0.0009282320334806915
WS(k=4;b=0.1),12,29,20311840,1,3,0.8949561857475283,0.8982201926927593,0.0032640069452309906
WS(k=4;b=0.1),12,29,20311840,2,1,0.7996079559295871,0.8005361879630678,0.0009282320334806915
WS(k=4;b=0.1),12,29,20311840,2,3,0.8920371522297166,0.8982201926927593,0.006183040463042744
WS(k=4;b=0.1),12,29,20311840,3,1,0.7996079559295871,0.8005361879630678,0.0009282320334806915
WS(k=4;b=0.1),12,29,20311840,3,3,0.8950079220454983,0.8982201926927593,0.0032122706472610396
WS(k=4;b=0.1),12,30,20311841,1,1,0.8373237543618424,0.8373237543618424,0.0
WS(k=4;b=0.1),12,30,20311841,1,3,0.9271995418900989,0.9298806315929826,0.002681089702883721
WS(k=4;b=0.1),12,30,20311841,2,1,0.8373237543618424,0.8373237543618424,0.0
WS(k=4;b=0.1),12,30,20311841,2,3,0.9246161456603171,0.9298806315929826,0.005264485932665486
WS(k=4;b=0.1),12,30,20311841,3,1,0.8373237543618424,0.8373237543618424,0.0
WS(k=4;b=0.1),12,30,20311841,3,3,0.9298806315929826,0.9298806315929826,0.0
WS(k=4;b=0.1),14,1,20312012,1,1,0.8385705101837899,0.8385705101837899,0.0
WS(k=4;b=0.1),14,1,20312012,1,3,0.926998277459826,0.926998277459826,0.0
WS(k=4;b=0.1),14,1,20312012,2,1,0.8385705101837899,0.8385705101837899,0.0
WS(k=4;b=0.1),14,1,20312012,2,3,0.9249123415314848,0.926998277459826,0.002085935928341165
WS(k=4;b=0.1),14,1,20312012,3,1,0.8385705101837899,0.8385705101837899,0.0
WS(k=4;b=0.1),14,1,20312012,3,3,0.9221680283860072,0.926998277459826,0.004830249073818793
WS(k=4;b=0.1),14,2,20312013,1,1,0.8000631774775816,0.8000631774775816,0.0
WS(k=4;b=0.1),14,2,20312013,1,3,0.8914412237924658,0.8981315911890886,0.006690367396622765
WS(k=4;b=0.1),14,2,20312013,2,1,0.8000631774775816,0.8000631774775816,0.0
WS(k=4;b=0.1),14,2,20312013,2,3,0.8884822180980738,0.8981315911890886,0.009649373091014768
WS(k=4;b=0.1),14,2,20312013,3,1,0.8000631774775816,0.8000631774775816,0.0
WS(k=4;b=0.1),14,2,20312013,3,3,0.8976766427164043,0.8981315911890886,0.00045494847268423566
WS(k=4;b=0.1),14,3,20312014,1,1,0.8694595142796306,0.8694595142796306,0.0
WS(k=4;b=0.1),14,3,20312014,1,3,0.9345371606470877,0.9351560524287574,0.0006188917816697392
WS(k=4;b=0.1),14,3,20312014,2,1,0.8694595142796306,0.8694595142796306,0.0
WS(k=4;b=0.1),14,3,20312014,2,3,0.9351560524287574,0.9351560524287574,0.0
WS(k=4;b=0.1),14,3,20312014,3,1,0.8694595142796306,0.8694595142796306,0.0
WS(k=4;b=0.1),14,3,20312014,3,3,0.9213542605404406,0.9351560524287574,0.013801791888316872
WS(k=4;b=0.1),14,4,20312015,1,1,0.7938480009002998,0.7938480009002998,0.0
WS(k=4;b=0.1),14,4,20312015,1,3,0.880850633626276,0.8874504408712778,0.006599807245001754
WS(k=4;b=0.1),14,4,20312015,2,1,0.7938480009002998,0.7938480009002998,0.0
WS(k=4;b=0.1),14,4,20312015,2,3,0.8774396011345806,0.8874504408712778,0.010010839736697141
WS(k=4;b=0.1),14,4,20312015,3,1,0.7938480009002998,0.7938480009002998,0.0
WS(k=4;b=0.1),14,4,20312015,3,3,0.8874504408712778,0.8874504408712778,0.0
WS(k=4;b=0.1),14,5,20312016,1,1,0.8350377242910925,0.8350377242910925,0.0
WS(k=4;b=0.1),14,5,20312016,1,3,0.918739170498305,0.918739170498305,0.0
WS(k=4;b=0.1),14,5,20312016,2,1,0.8350377242910925,0.8350377242910925,0.0
WS(k=4;b=0.1),14,5,20312016,2,3,0.917054341157965,0.918739170498305,0.0016848293403399772
WS(k=4;b=0.1),14,5,20312016,3,1,0.8350377242910925,0.8350377242910925,0.0
WS(k=4;b=0.1),14,5,20312016,3,3,0.9151821977112989,0.918739170498305,0.003556972787006063
WS(k=4;b=0.1),14,6,20312017,1,1,0.8319981698523494,0.8319981698523494,0.0
WS(k=4;b=0.1),14,6,20312017,1,3,0.9042301654383084,0.9042301654383084,0.0
WS(k=4;b=0.1),14,6,20312017,2,1,0.8319981698523494,0.8319981698523494,0.0
WS(k=4;b=0.1),14,6,20312017,2,3,0.903560187489843,0.9042301654383084,0.0006699779484653501
WS(k=4;b=0.1),14,6,20312017,3,1,0.8319981698523494,0.8319981698523494,0.0
WS(k=4;b=0.1),14,6,20312017,3,3,0.8955051707307436,0.9042301654383084,0.008724994707564715
WS(k=4;b=0.1),14,7,20312018,1,1,0.8282808392012782,0.8282808392012782,0.0
WS(k=4;b=0.1),14,7,20312018,1,3,0.9005702848672887,0.9005702848672887,0.0
WS(k=4;b=0.1),14,7,20312018,2,1,0.8282808392012782,0.8282808392012782,0.0
WS(k=4;b=0.1),14,7,20312018,2,3,0.8991441383936182,0.9005702848672887,0.0014261464736705642
WS(k=4;b=0.1),14,7,20312018,3,1,0.8282808392012782,0.8282808392012782,0.0
WS(k=4;b=0.1),14,7,20312018,3,3,0.8970499041919782,0.9005702848672887,0.003520380675310575
WS(k=4;b=0.1),14,8,20312019,1,1,0.762654340286827,0.762654340286827,0.0
WS(k=4;b=0.1),14,8,20312019,1,3,0.8495049007229803,0.854567845572728,0.005062944849747675
WS(k=4;b=0.1),14,8,20312019,2,1,0.762654340286827,0.762654340286827,0.0
WS(k=4;b=0.1),14,8,20312019,2,3,0.8463449404479416,0.854567845572728,0.008222905124786406
WS(k=4;b=0.1),14,8,20312019,3,1,0.762654340286827,0.762654340286827,0.0
WS(k=4;b=0.1),14,8,20312019,3,3,0.854567845572728,0.854567845572728,0.0
WS(k=4;b=0.1),14,9,20312020,1,1,0.8319981698523493,0.8319981698523493,0.0
WS(k=4;b=0.1),14,9,20312020,1,3,0.9141683587905662,0.9141683587905662,0.0
WS(k=4;b=0.1),14,9,20312020,2,1,0.8319981698523493,0.8319981698523493,0.0
WS(k=4;b=0.1),14,9,20312020,2,3,0.9121806340745363,0.9141683587905662,0.001987724716029926
WS(k=4;b=0.1),14,9,20312020,3,1,0.8319981698523493,0.8319981698523493,0.0
WS(k=4;b=0.1),14,9,20312020,3,3,0.9121924873156876,0.9141683587905662,0.0019758714748786543
WS(k=4;b=0.1),14,10,20312021,1,1,0.8037821632115787,0.8041256008435996,0.0003434376320209376
WS(k=4;b=0.1),14,10,20312021,1,3,0.8981126608262031,0.900349385928467,0.0022367251022639145
WS(k=4;b=0.1),14,10,20312021,2,1,0.8037821632115787,0.8041256008435996,0.0003434376320209376
WS(k=4;b=0.1),14,10,20312021,2,3,0.8948389482630019,0.900349385928467,0.005510437665465107
WS(k=4;b=0.1),14,10,20312021,3,1,0.8037821632115787,0.8041256008435996,0.0003434376320209376
WS(k=4;b=0.1),14,10,20312021,3,3,0.900349385928467,0.900349385928467,0.0
WS(k=4;b=0.1),14,11,20312022,1,1,0.8276327460784817,0.8276327460784817,0.0
WS(k=4;b=0.1),14,11,20312022,1,3,0.9071748020832653,0.9071748020832653,0.0
WS(k=4;b=0.1),14,11,20312022,2,1,0.8276327460784817,0.8276327460784817,0.0
WS(k=4;b=0.1),14,11,20312022,2,3,0.9050805960268007,0.9071748020832653,0.002094206056464598
WS(k=4;b=0.1),14,11,20312022,3,1,0.8276327460784817,0.8276327460784817,0.0
WS(k=4;b=0.1),14,11,20312022,3,3,0.9051317375977852,0.9071748020832653,0.002043064485480084
WS(k=4;b=0.1),14,12,20312023,1,1,0.8046481176000168,0.8060834316676977,0.0014353140676809373
WS(k=4;b=0.1),14,12,20312023,1,3,0.8990601753237661,0.9002037855777609,0.0011436102539947868
WS(k=4;b=0.1),14,12,20312023,2,1,0.8046481176000168,0.8060834316676977,0.0014353140676809373
WS(k=4;b=0.1),14,12,20312023,2,3,0.8967624858361712,0.9002037855777609,0.0034412997415896873
WS(k=4;b=0.1),14,12,20312023,3,1,0.8046481176000168,0.8060834316676977,0.0014353140676809373
WS(k=4;b=0.1),14,12,20312023,3,3,0.8983244819291163,0.9002037855777609,0.0018793036486446368
WS(k=4;b=0.1),14,13,20312024,1,1,0.828244480302318,0.828244480302318,0.0
WS(k=4;b=0.1),14,13,20312024,1,3,0.9020540860479309,0.9020540860479309,0.0
WS(k=4;b=0.1),14,13,20312024,2,1,0.828244480302318,0.828244480302318,0.0
WS(k=4;b=0.1),14,13,20312024,2,3,0.9010097567107304,0.9020540860479309,0.0010443293372005558
WS(k=4;b=0.1),14,13,20312024,3,1,0.828244480302318,0.828244480302318,0.0
WS(k=4;b=0.1),14,13,20312024,3,3,0.8978625237364888,0.9020540860479309,0.004191562311442132
WS(k=4;b=0.1),14,14,20312025,1,1,0.8288373010367659,0.8288373010367659,0.0
WS(k=4;b=0.1),14,14,20312025,1,3,0.9051204270740757,0.9051204270740757,0.0
WS(k=4;b=0.1),14,14,20312025,2,1,0.8288373010367659,0.8288373010367659,0.0
WS(k=4;b=0.1),14,14,20312025,2,3,0.903636776401319,0.9051204270740757,0.0014836506727566867
WS(k=4;b=0.1),14,14,20312025,3,1,0.8288373010367659,0.8288373010367659,0.0
WS(k=4;b=0.1),14,14,20312025,3,3,0.9017147170573523,0.9051204270740757,0.0034057100167234067
WS(k=4;b=0.1),14,15,20312026,1,1,0.7685556308084159,0.7688230807030247,0.00026744989460880664
WS(k=4;b=0.1),14,15,20312026,1,3,0.8659107800477758,0.8779596620089447,0.012048881961168934
WS(k=4;b=0.1),14,15,20312026,2,1,0.7685556308084159,0.7688230807030247,0.00026744989460880664
WS(k=4;b=0.1),14,15,20312026,2,3,0.8617774046850404,0.8779596620089447,0.016182257323904325
WS(k=4;b=0.1),14,15,20312026,3,1,0.7685556308084159,0.7688230807030247,0.00026744989460880664
WS(k=4;b=0.1),14,15,20312026,3,3,0.8756702941998837,0.8779596620089447,0.0022893678090609715
WS(k=4;b=0.1),14,16,20312027,1,1,0.8337042385796638,0.8337042385796638,0.0
WS(k=4;b=0.1),14,16,20312027,1,3,0.914626146714213,0.914626146714213,0.0
WS(k=4;b=0.1),14,16,20312027,2,1,0.8337042385796638,0.8337042385796638,0.0
WS(k=4;b=0.1),14,16,20312027,2,3,0.9134734398265587,0.914626146714213,0.0011527068876543423
WS(k=4;b=0.1),14,16,20312027,3,1,0.8337042385796638,0.8337042385796638,0.0
WS(k=4;b=0.1),14,16,20312027,3,3,0.9091206344787127,0.914626146714213,0.005505512235500332
WS(k=4;b=0.1),14,17,20312028,1,1,0.8288373010367659,0.8288373010367659,0.0
WS(k=4;b=0.1),14,17,20312028,1,3,0.9051204270740757,0.9051204270740757,0.0
WS(k=4;b=0.1),14,17,20312028,2,1,0.8288373010367659,0.8288373010367659,0.0
WS(k=4;b=0.1),14,17,20312028,2,3,0.903636776401319,0.9051204270740757,0.0014836506727566867
WS(k=4;b=0.1),14,17,20312028,3,1,0.8288373010367659,0.8288373010367659,0.0
WS(k=4;b=0.1),14,17,20312028,3,3,0.9017147170573523,0.9051204270740757,0.0034057100167234067
WS(k=4;b=0.1),14,18,20312029,1,1,0.7972557849933626,0.7972557849933626,0.0
WS(k=4;b=0.1),14,18,20312029,1,3,0.8713052187721334,0.8713052187721334,0.0
WS(k=4;b=0.1),14,18,20312029,2,1,0.7972557849933626,0.7972557849933626,0.0
WS(k=4;b=0.1),14,18,20312029,2,3,0.870262109843686,0.8713052187721334,0.0010431089284473893
WS(k=4;b=0.1),14,18,20312029,3,1,0.7972557849933626,0.7972557849933626,0.0
WS(k=4;b=0.1),14,18,20312029,3,3,0.867361318905403,0.8713052187721334,0.003943899866730383
WS(k=4;b=0.1),14,19,20312030,1,1,0.8319981698523493,0.8319981698523493,0.0
WS(k=4;b=0.1),14,19,20312030,1,3,0.9141683587905662,0.9141683587905662,0.0
WS(k=4;b=0.1),14,19,20312030,2,1,0.8319981698523493,0.8319981698523493,0.0
WS(k=4;b=0.1),14,19,20312030,2,3,0.9121806340745363,0.9141683587905662,0.001987724716029926
WS(k=4;b=0.1),14,19,20312030,3,1,0.8319981698523493,0.8319981698523493,0.0
WS(k=4;b=0.1),14,19,20312030,3,3,0.9121924873156876,0.9141683587905662,0.0019758714748786543
WS(k=4;b=0.1),14,20,20312031,1,1,0.7907627093347642,0.7907627093347642,0.0
WS(k=4;b=0.1),14,20,20312031,1,3,0.8715577916695814,0.8757195605280234,0.004161768858441994
WS(k=4;b=0.1),14,20,20312031,2,1,0.7907627093347642,0.7907627093347642,0.0
WS(k=4;b=0.1),14,20,20312031,2,3,0.8687789601897581,0.8757195605280234,0.006940600338265268
WS(k=4;b=0.1),14,20,20312031,3,1,0.7907627093347642,0.7907627093347642,0.0
WS(k=4;b=0.1),14,20,20312031,3,3,0.8757195605280234,0.8757195605280234,0.0
WS(k=4;b=0.1),14,21,20312032,1,1,0.8282808392012782,0.8282808392012782,0.0
WS(k=4;b=0.1),14,21,20312032,1,3,0.9008276112576787,0.9008276112576787,0.0
WS(k=4;b=0.1),14,21,20312032,2,1,0.8282808392012782,0.8282808392012782,0.0
WS(k=4;b=0.1),14,21,20312032,2,3,0.8992778490916613,0.9008276112576787,0.001549762166017432
WS(k=4;b=0.1),14,21,20312032,3,1,0.8282808392012782,0.8282808392012782,0.0
WS(k=4;b=0.1),14,21,20312032,3,3,0.8970579843463996,0.9008276112576787,0.0037696269112791336
WS(k=4;b=0.1),14,22,20312033,1,1,0.8337207668143686,0.8337207668143686,0.0
WS(k=4;b=0.1),14,22,20312033,1,3,0.9120964295444748,0.9120964295444748,0.0
WS(k=4;b=0.1),14,22,20312033,2,1,0.8337207668143686,0.8337207668143686,0.0
WS(k=4;b=0.1),14,22,20312033,2,3,0.9107250019258218,0.9120964295444748,0.0013714276186529428
WS(k=4;b=0.1),14,22,20312033,3,1,0.8337207668143686,0.8337207668143686,0.0
WS(k=4;b=0.1),14,22,20312033,3,3,0.9084623500064833,0.9120964295444748,0.0036340795379914415
WS(k=4;b=0.1),14,23,20312034,1,1,0.8277306063849909,0.8277306063849909,0.0
WS(k=4;b=0.1),14,23,20312034,1,3,0.9041447929126456,0.9041447929126456,0.0
WS(k=4;b=0.1),14,23,20312034,2,1,0.8277306063849909,0.8277306063849909,0.0
WS(k=4;b=0.1),14,23,20312034,2,3,0.9029068282901749,0.9041447929126456,0.001237964622470722
WS(k=4;b=0.1),14,23,20312034,3,1,0.8277306063849909,0.8277306063849909,0.0
WS(k=4;b=0.1),14,23,20312034,3,3,0.9005413324835161,0.9041447929126456,0.0036034604291295125
WS(k=4;b=0.1),14,24,20312035,1,1,0.8320541779605012,0.8320541779605012,0.0
WS(k=4;b=0.1),14,24,20312035,1,3,0.9107566141914792,0.9107566141914792,0.0
WS(k=4;b=0.1),14,24,20312035,2,1,0.8320541779605012,0.8320541779605012,0.0
WS(k=4;b=0.1),14,24,20312035,2,3,0.9091715493295849,0.9107566141914792,0.0015850648618943586
WS(k=4;b=0.1),14,24,20312035,3,1,0.8320541779605012,0.8320541779605012,0.0
WS(k=4;b=0.1),14,24,20312035,3,3,0.9077231583106786,0.9107566141914792,0.0030334558808006173
WS(k=4;b=0.1),14,25,20312036,1,1,0.8319981698523491,0.8319981698523491,0.0
WS(k=4;b=0.1),14,25,20312036,1,3,0.9042301654383084,0.9042301654383084,0.0
WS(k=4;b=0.1),14,25,20312036,2,1,0.8319981698523491,0.8319981698523491,0.0
WS(k=4;b=0.1),14,25,20312036,2,3,0.9035601874898428,0.9042301654383084,0.0006699779484655721
WS(k=4;b=0.1),14,25,20312036,3,1,0.8319981698523491,0.8319981698523491,0.0
WS(k=4;b=0.1),14,25,20312036,3,3,0.8955051707307436,0.9042301654383084,0.008724994707564715
WS(k=4;b=0.1),14,26,20312037,1,1,0.8666133687183308,0.8666133687183308,0.0
WS(k=4;b=0.1),14,26,20312037,1,3,0.9375584332037032,0.9375584332037032,0.0
WS(k=4;b=0.1),14,26,20312037,2,1,0.8666133687183308,0.8666133687183308,0.0
WS(k=4;b=0.1),14,26,20312037,2,3,0.9364148663275493,0.9375584332037032,0.001143566876153912
WS(k=4;b=0.1),14,26,20312037,3,1,0.8666133687183308,0.8666133687183308,0.0
WS(k=4;b=0.1),14,26,20312037,3,3,0.930589315924917,0.9375584332037032,0.006969117278786241
WS(k=4;b=0.1),14,27,20312038,1,1,0.8039430232437502,0.8044418505113498,0.0004988272675995331
WS(k=4;b=0.1),14,27,20312038,1,3,0.8910172158438237,0.8923045517158014,0.0012873358719777128
WS(k=4;b=0.1),14,27,20312038,2,1,0.8039430232437502,0.8044418505113498,0.0004988272675995331
WS(k=4;b=0.1),14,27,20312038,2,3,0.8885112157499738,0.8923045517158014,0.003793335965827538
WS(k=4;b=0.1),14,27,20312038,3,1,0.8039430232437502,0.8044418505113498,0.0004988272675995331
WS(k=4;b=0.1),14,27,20312038,3,3,0.8890495618755015,0.8923045517158014,0.0032549898402998156
WS(k=4;b=0.1),14,28,20312039,1,1,0.7998330729985258,0.7998330729985258,0.0
WS(k=4;b=0.1),14,28,20312039,1,3,0.8831099786682625,0.8859625941672707,0.002852615499008282
WS(k=4;b=0.1),14,28,20312039,2,1,0.7998330729985258,0.7998330729985258,0.0
WS(k=4;b=0.1),14,28,20312039,2,3,0.8809634397911217,0.8859625941672707,0.004999154376149062
WS(k=4;b=0.1),14,28,20312039,3,1,0.7998330729985258,0.7998330729985258,0.0
WS(k=4;b=0.1),14,28,20312039,3,3,0.8859625941672707,0.8859625941672707,0.0
WS(k=4;b=0.1),14,29,20312040,1,1,0.7655009926943227,0.7655009926943227,0.0
WS(k=4;b=0.1),14,29,20312040,1,3,0.8518659866201644,0.8542536275399248,0.002387640919760403
WS(k=4;b=0.1),14,29,20312040,2,1,0.7655009926943227,0.7655009926943227,0.0
WS(k=4;b=0.1),14,29,20312040,2,3,0.8488791468254895,0.8542536275399248,0.005374480714435359
WS(k=4;b=0.1),14,29,20312040,3,1,0.7655009926943227,0.7655009926943227,0.0
WS(k=4;b=0.1),14,29,20312040,3,3,0.8542536275399248,0.8542536275399248,0.0
WS(k=4;b=0.1),14,30,20312041,1,1,0.7685519773132571,0.768818629064449,0.0002666517511918931
WS(k=4;b=0.1),14,30,20312041,1,3,0.8558256711038489,0.8642393991766787,0.008413728072829807
WS(k=4;b=0.1),14,30,20312041,2,1,0.7685519773132571,0.768818629064449,0.0002666517511918931
WS(k=4;b=0.1),14,30,20312041,2,3,0.8532097635265675,0.8642393991766787,0.01102963565011117
WS(k=4;b=0.1),14,30,20312041,3,1,0.7685519773132571,0.768818629064449,0.0002666517511918931
WS(k=4;b=0.1),14,30,20312041,3,3,0.862191243083839,0.8642393991766787,0.0020481560928397036
WS(k=4;b=0.5),12,1,20321812,1,1,0.8441004805666071,0.8452425126881834,0.001142032121576264
WS(k=4;b=0.5),12,1,20321812,1,3,0.935996223846698,0.935996223846698,0.0
WS(k=4;b=0.5),12,1,20321812,2,1,0.8441004805666071,0.8452425126881834,0.001142032121576264
WS(k=4;b=0.5),12,1,20321812,2,3,0.9271939309517205,0.935996223846698,0.00880229289497747
WS(k=4;b=0.5),12,1,20321812,3,1,0.8441004805666071,0.8452425126881834,0.001142032121576264
WS(k=4;b=0.5),12,1,20321812,3,3,0.9236808124821336,0.935996223846698,0.012315411364564377
WS(k=4;b=0.5),12,2,20321813,1,1,0.832221462780547,0.832221462780547,0.0
WS(k=4;b=0.5),12,2,20321813,1,3,0.9141785808011049,0.9141785808011049,0.0
WS(k=4;b=0.5),12,2,20321813,2,1,0.832221462780547,0.832221462780547,0.0
WS(k=4;b=0.5),12,2,20321813,2,3,0.9066556768531058,0.9141785808011049,0.007522903947999149
WS(k=4;b=0.5),12,2,20321813,3,1,0.832221462780547,0.832221462780547,0.0
WS(k=4;b=0.5),12,2,20321813,3,3,0.9015624275056113,0.9141785808011049,0.012616153295493593
WS(k=4;b=0.5),12,3,20321814,1,1,0.7628233214982962,0.7646432845187363,0.001819963020440074
WS(k=4;b=0.5),12,3,20321814,1,3,0.8670197492339063,0.8755230481444249,0.008503298910518597
WS(k=4;b=0.5),12,3,20321814,2,1,0.7628233214982962,0.7646432845187363,0.001819963020440074
WS(k=4;b=0.5),12,3,20321814,2,3,0.8709135675727726,0.8755230481444249,0.004609480571652336
WS(k=4;b=0.5),12,3,20321814,3,1,0.7628233214982962,0.7646432845187363,0.001819963020440074
WS(k=4;b=0.5),12,3,20321814,3,3,0.8755230481444249,0.8755230481444249,0.0
WS(k=4;b=0.5),12,4,20321815,1,1,0.7873353971789452,0.7873353971789452,0.0
WS(k=4;b=0.5),12,4,20321815,1,3,0.8751715546262062,0.8751715546262062,0.0
WS(k=4;b=0.5),12,4,20321815,2,1,0.7873353971789452,0.7873353971789452,0.0
WS(k=4;b=0.5),12,4,20321815,2,3,0.8716473189478772,0.8751715546262062,0.0035242356783290463
WS(k=4;b=0.5),12,4,20321815,3,1,0.7873353971789452,0.7873353971789452,0.0
WS(k=4;b=0.5),12,4,20321815,3,3,0.8665344952326347,0.8751715546262062,0.008637059393571511
WS(k=4;b=0.5),12,5,20321816,1,1,0.7949193446148372,0.7951324019784823,0.00021305736364518602
WS(k=4;b=0.5),12,5,20321816,1,3,0.8998394002619201,0.9067325513900436,0.006893151128123498
WS(k=4;b=0.5),12,5,20321816,2,1,0.7949193446148372,0.7951324019784823,0.00021305736364518602
WS(k=4;b=0.5),12,5,20321816,2,3,0.9030210517083799,0.9067325513900436,0.0037114996816637325
WS(k=4;b=0.5),12,5,20321816,3,1,0.7949193446148372,0.7951324019784823,0.00021305736364518602
WS(k=4;b=0.5),12,5,20321816,3,3,0.9067325513900436,0.9067325513900436,0.0
WS(k=4;b=0.5),12,6,20321817,1,1,0.8367425812342576,0.8367425812342576,0.0
WS(k=4;b=0.5),12,6,20321817,1,3,0.9158068825759607,0.9158068825759607,0.0
WS(k=4;b=0.5),12,6,20321817,2,1,0.8367425812342576,0.8367425812342576,0.0
WS(k=4;b=0.5),12,6,20321817,2,3,0.9059658848166509,0.9158068825759607,0.0098409977593098
WS(k=4;b=0.5),12,6,20321817,3,1,0.8367425812342576,0.8367425812342576,0.0
WS(k=4;b=0.5),12,6,20321817,3,3,0.9021356302560718,0.9158068825759607,0.01367125231988886
WS(k=4;b=0.5),12,7,20321818,1,1,0.763018536304803,0.7650670690012081,0.0020485326964051476
WS(k=4;b=0.5),12,7,20321818,1,3,0.8674699482145327,0.8822031137228177,0.014733165508284962
WS(k=4;b=0.5),12,7,20321818,2,1,0.763018536304803,0.7650670690012081,0.0020485326964051476
WS(k=4;b=0.5),12,7,20321818,2,3,0.8756812830107045,0.8822031137228177,0.006521830712113208
WS(k=4;b=0.5),12,7,20321818,3,1,0.763018536304803,0.7650670690012081,0.0020485326964051476
WS(k=4;b=0.5),12,7,20321818,3,3,0.8819994638540475,0.8822031137228177,0.00020364986877019486
WS(k=4;b=0.5),12,8,20321819,1,1,0.7921714529253421,0.7921714529253421,0.0
WS(k=4;b=0.5),12,8,20321819,1,3,0.8834161458818063,0.8834161458818063,0.0
WS(k=4;b=0.5),12,8,20321819,2,1,0.7921714529253421,0.7921714529253421,0.0
WS(k=4;b=0.5),12,8,20321819,2,3,0.8808746117620485,0.8834161458818063,0.002541534119757771
WS(k=4;b=0.5),12,8,20321819,3,1,0.7921714529253421,0.7921714529253421,0.0
WS(k=4;b=0.5),12,8,20321819,3,3,0.8780200017691961,0.8834161458818063,0.005396144112610135
WS(k=4;b=0.5),12,9,20321820,1,1,0.8265824561434462,0.8265824561434462,0.0
WS(k=4;b=0.5),12,9,20321820,1,3,0.9119723896939315,0.9119723896939315,0.0
WS(k=4;b=0.5),12,9,20321820,2,1,0.8265824561434462,0.8265824561434462,0.0
WS(k=4;b=0.5),12,9,20321820,2,3,0.9069706534845348,0.9119723896939315,0.005001736209396701
WS(k=4;b=0.5),12,9,20321820,3,1,0.8265824561434462,0.8265824561434462,0.0
WS(k=4;b=0.5),12,9,20321820,3,3,0.902843628910985,0.9119723896939315,0.009128760782946443
WS(k=4;b=0.5),12,10,20321821,1,1,0.8357044099038129,0.8357044099038129,0.0
WS(k=4;b=0.5),12,10,20321821,1,3,0.9277562710468447,0.9277562710468447,0.0
WS(k=4;b=0.5),12,10,20321821,2,1,0.8357044099038129,0.8357044099038129,0.0
WS(k=4;b=0.5),12,10,20321821,2,3,0.9215503169233163,0.9277562710468447,0.006205954123528312
WS(k=4;b=0.5),12,10,20321821,3,1,0.8357044099038129,0.8357044099038129,0.0
WS(k=4;b=0.5),12,10,20321821,3,3,0.9181274651923774,0.9277562710468447,0.009628805854467237
WS(k=4;b=0.5),12,11,20321822,1,1,0.7908424493045091,0.7909057866069794,6.333730247032321e-5
WS(k=4;b=0.5),12,11,20321822,1,3,0.8904134906601174,0.8969682074604974,0.0065547168003800005
WS(k=4;b=0.5),12,11,20321822,2,1,0.7908424493045091,0.7909057866069794,6.333730247032321e-5
WS(k=4;b=0.5),12,11,20321822,2,3,0.893748454458703,0.8969682074604974,0.0032197530017944453
WS(k=4;b=0.5),12,11,20321822,3,1,0.7908424493045091,0.7909057866069794,6.333730247032321e-5
WS(k=4;b=0.5),12,11,20321822,3,3,0.8958572994087973,0.8969682074604974,0.0011109080517001102
WS(k=4;b=0.5),12,12,20321823,1,1,0.7593466401396102,0.7604607366043519,0.0011140964647416984
WS(k=4;b=0.5),12,12,20321823,1,3,0.8571172354858639,0.8707271627358978,0.013609927250033849
WS(k=4;b=0.5),12,12,20321823,2,1,0.7593466401396102,0.7604607366043519,0.0011140964647416984
WS(k=4;b=0.5),12,12,20321823,2,3,0.8653325842571924,0.8707271627358978,0.005394578478705392
WS(k=4;b=0.5),12,12,20321823,3,1,0.7593466401396102,0.7604607366043519,0.0011140964647416984
WS(k=4;b=0.5),12,12,20321823,3,3,0.8707271627358978,0.8707271627358978,0.0
WS(k=4;b=0.5),12,13,20321824,1,1,0.7663300893523404,0.7689843559821914,0.002654266629851021
WS(k=4;b=0.5),12,13,20321824,1,3,0.8742013257658641,0.8867400245085367,0.01253869874267266
WS(k=4;b=0.5),12,13,20321824,2,1,0.7663300893523404,0.7689843559821914,0.002654266629851021
WS(k=4;b=0.5),12,13,20321824,2,3,0.8814015851250492,0.8867400245085367,0.005338439383487548
WS(k=4;b=0.5),12,13,20321824,3,1,0.7663300893523404,0.7689843559821914,0.002654266629851021
WS(k=4;b=0.5),12,13,20321824,3,3,0.8855803995758617,0.8867400245085367,0.001159624932675074
WS(k=4;b=0.5),12,14,20321825,1,1,0.7569948293413992,0.7584765072830078,0.0014816779416085835
WS(k=4;b=0.5),12,14,20321825,1,3,0.8636778668034794,0.8793647731104656,0.015686906306986215
WS(k=4;b=0.5),12,14,20321825,2,1,0.7569948293413992,0.7584765072830078,0.0014816779416085835
WS(k=4;b=0.5),12,14,20321825,2,3,0.866841084436647,0.8793647731104656,0.01252368867381859
WS(k=4;b=0.5),12,14,20321825,3,1,0.7569948293413992,0.7584765072830078,0.0014816779416085835
WS(k=4;b=0.5),12,14,20321825,3,3,0.8733222409415863,0.8793647731104656,0.006042532168879289
WS(k=4;b=0.5),12,15,20321826,1,1,0.8279760956456985,0.8279760956456985,0.0
WS(k=4;b=0.5),12,15,20321826,1,3,0.9117270319798093,0.9117270319798093,0.0
WS(k=4;b=0.5),12,15,20321826,2,1,0.8279760956456985,0.8279760956456985,0.0
WS(k=4;b=0.5),12,15,20321826,2,3,0.9064500257566226,0.9117270319798093,0.00527700622318672
WS(k=4;b=0.5),12,15,20321826,3,1,0.8279760956456985,0.8279760956456985,0.0
WS(k=4;b=0.5),12,15,20321826,3,3,0.9020377448052312,0.9117270319798093,0.009689287174578065
WS(k=4;b=0.5),12,16,20321827,1,1,0.7999958898511189,0.8014572051479102,0.0014613152967912768
WS(k=4;b=0.5),12,16,20321827,1,3,0.900571258069477,0.9023847795289374,0.0018135214594603433
WS(k=4;b=0.5),12,16,20321827,2,1,0.7999958898511189,0.8014572051479102,0.0014613152967912768
WS(k=4;b=0.5),12,16,20321827,2,3,0.8983837133160285,0.9023847795289374,0.004001066212908855
WS(k=4;b=0.5),12,16,20321827,3,1,0.7999958898511189,0.8014572051479102,0.0014613152967912768
WS(k=4;b=0.5),12,16,20321827,3,3,0.8981673870399353,0.9023847795289374,0.004217392489002103
WS(k=4;b=0.5),12,17,20321828,1,1,0.8459207633089623,0.8479064191463939,0.001985655837431599
WS(k=4;b=0.5),12,17,20321828,1,3,0.9311962885682097,0.9325743989785723,0.0013781104103626207
WS(k=4;b=0.5),12,17,20321828,2,1,0.8459207633089623,0.8479064191463939,0.001985655837431599
WS(k=4;b=0.5),12,17,20321828,2,3,0.9211603587962558,0.9325743989785723,0.01141404018231651
WS(k=4;b=0.5),12,17,20321828,3,1,0.8459207633089623,0.8479064191463939,0.001985655837431599
WS(k=4;b=0.5),12,17,20321828,3,3,0.9223486701504934,0.9325743989785723,0.010225728828078928
WS(k=4;b=0.5),12,18,20321829,1,1,0.8281219524382372,0.8281219524382372,0.0
WS(k=4;b=0.5),12,18,20321829,1,3,0.9126682299868389,0.9126682299868389,0.0
WS(k=4;b=0.5),12,18,20321829,2,1,0.8281219524382372,0.8281219524382372,0.0
WS(k=4;b=0.5),12,18,20321829,2,3,0.9048819967872974,0.9126682299868389,0.007786233199541526
WS(k=4;b=0.5),12,18,20321829,3,1,0.8281219524382372,0.8281219524382372,0.0
WS(k=4;b=0.5),12,18,20321829,3,3,0.9006550592658596,0.9126682299868389,0.012013170720979294
WS(k=4;b=0.5),12,19,20321830,1,1,0.791102689701065,0.791102689701065,0.0
WS(k=4;b=0.5),12,19,20321830,1,3,0.8861249166431387,0.8923065209157126,0.00618160427257386
WS(k=4;b=0.5),12,19,20321830,2,1,0.791102689701065,0.791102689701065,0.0
WS(k=4;b=0.5),12,19,20321830,2,3,0.8916618416881757,0.8923065209157126,0.0006446792275368596
WS(k=4;b=0.5),12,19,20321830,3,1,0.791102689701065,0.791102689701065,0.0
WS(k=4;b=0.5),12,19,20321830,3,3,0.8923065209157126,0.8923065209157126,0.0
WS(k=4;b=0.5),12,20,20321831,1,1,0.7956591933729813,0.7966307745323445,0.000971581159363244
WS(k=4;b=0.5),12,20,20321831,1,3,0.8995247097358348,0.9004943553327279,0.000969645596893165
WS(k=4;b=0.5),12,20,20321831,2,1,0.7956591933729813,0.7966307745323445,0.000971581159363244
WS(k=4;b=0.5),12,20,20321831,2,3,0.8990439992371981,0.9004943553327279,0.0014503560955297923
WS(k=4;b=0.5),12,20,20321831,3,1,0.7956591933729813,0.7966307745323445,0.000971581159363244
WS(k=4;b=0.5),12,20,20321831,3,3,0.8969246585667087,0.9004943553327279,0.003569696766019259
WS(k=4;b=0.5),12,21,20321832,1,1,0.7694846517905776,0.7732452587903238,0.00376060699974623
WS(k=4;b=0.5),12,21,20321832,1,3,0.8799940998420199,0.8995812187495165,0.019587118907496537
WS(k=4;b=0.5),12,21,20321832,2,1,0.7694846517905776,0.7732452587903238,0.00376060699974623
WS(k=4;b=0.5),12,21,20321832,2,3,0.8863415987570071,0.8995812187495165,0.013239619992509333
WS(k=4;b=0.5),12,21,20321832,3,1,0.7694846517905776,0.7732452587903238,0.00376060699974623
WS(k=4;b=0.5),12,21,20321832,3,3,0.8955339819848174,0.8995812187495165,0.0040472367646990914
WS(k=4;b=0.5),12,22,20321833,1,1,0.7604645006210008,0.7621149210813304,0.0016504204603295936
WS(k=4;b=0.5),12,22,20321833,1,3,0.8674756883857097,0.8837015255109748,0.016225837125265152
WS(k=4;b=0.5),12,22,20321833,2,1,0.7604645006210008,0.7621149210813304,0.0016504204603295936
WS(k=4;b=0.5),12,22,20321833,2,3,0.8759551345480702,0.8837015255109748,0.007746390962904637
WS(k=4;b=0.5),12,22,20321833,3,1,0.7604645006210008,0.7621149210813304,0.0016504204603295936
WS(k=4;b=0.5),12,22,20321833,3,3,0.8837015255109748,0.8837015255109748,0.0
WS(k=4;b=0.5),12,23,20321834,1,1,0.835770747020232,0.835770747020232,0.0
WS(k=4;b=0.5),12,23,20321834,1,3,0.9245233345250298,0.9245233345250298,0.0
WS(k=4;b=0.5),12,23,20321834,2,1,0.835770747020232,0.835770747020232,0.0
WS(k=4;b=0.5),12,23,20321834,2,3,0.9170233880076997,0.9245233345250298,0.007499946517330103
WS(k=4;b=0.5),12,23,20321834,3,1,0.835770747020232,0.835770747020232,0.0
WS(k=4;b=0.5),12,23,20321834,3,3,0.9119885639811787,0.9245233345250298,0.012534770543851104
WS(k=4;b=0.5),12,24,20321835,1,1,0.8286429870903546,0.8286429870903546,0.0
WS(k=4;b=0.5),12,24,20321835,1,3,0.919167898916046,0.919167898916046,0.0
WS(k=4;b=0.5),12,24,20321835,2,1,0.8286429870903546,0.8286429870903546,0.0
WS(k=4;b=0.5),12,24,20321835,2,3,0.9167464316809399,0.919167898916046,0.002421467235106056
WS(k=4;b=0.5),12,24,20321835,3,1,0.8286429870903546,0.8286429870903546,0.0
WS(k=4;b=0.5),12,24,20321835,3,3,0.9123062486182157,0.919167898916046,0.006861650297830257
WS(k=4;b=0.5),12,25,20321836,1,1,0.7350038842597404,0.7393196129156249,0.0043157286558844765
WS(k=4;b=0.5),12,25,20321836,1,3,0.8438866423195592,0.8765200461991695,0.03263340387961022
WS(k=4;b=0.5),12,25,20321836,2,1,0.7350038842597404,0.7393196129156249,0.0043157286558844765
WS(k=4;b=0.5),12,25,20321836,2,3,0.8500425456220201,0.8765200461991695,0.02647750057714937
WS(k=4;b=0.5),12,25,20321836,3,1,0.7350038842597404,0.7393196129156249,0.0043157286558844765
WS(k=4;b=0.5),12,25,20321836,3,3,0.862322071580589,0.8765200461991695,0.014197974618580411
WS(k=4;b=0.5),12,26,20321837,1,1,0.7899391995553369,0.7899391995553369,0.0
WS(k=4;b=0.5),12,26,20321837,1,3,0.8771765454940685,0.8771765454940685,0.0
WS(k=4;b=0.5),12,26,20321837,2,1,0.7899391995553369,0.7899391995553369,0.0
WS(k=4;b=0.5),12,26,20321837,2,3,0.87606728473664,0.8771765454940685,0.0011092607574285651
WS(k=4;b=0.5),12,26,20321837,3,1,0.7899391995553369,0.7899391995553369,0.0
WS(k=4;b=0.5),12,26,20321837,3,3,0.8745119124656583,0.8771765454940685,0.002664633028410246
WS(k=4;b=0.5),12,27,20321838,1,1,0.7872915813804596,0.7872915813804596,0.0
WS(k=4;b=0.5),12,27,20321838,1,3,0.8811885034292318,0.8844000491718627,0.003211545742630828
WS(k=4;b=0.5),12,27,20321838,2,1,0.7872915813804596,0.7872915813804596,0.0
WS(k=4;b=0.5),12,27,20321838,2,3,0.8844000491718627,0.8844000491718627,0.0
WS(k=4;b=0.5),12,27,20321838,3,1,0.7872915813804596,0.7872915813804596,0.0
WS(k=4;b=0.5),12,27,20321838,3,3,0.8840440127590374,0.8844000491718627,0.00035603641282522247
WS(k=4;b=0.5),12,28,20321839,1,1,0.7930669456599875,0.7930669456599875,0.0
WS(k=4;b=0.5),12,28,20321839,1,3,0.8860746946929411,0.8860746946929411,0.0
WS(k=4;b=0.5),12,28,20321839,2,1,0.7930669456599875,0.7930669456599875,0.0
WS(k=4;b=0.5),12,28,20321839,2,3,0.884198767589064,0.8860746946929411,0.001875927103877073
WS(k=4;b=0.5),12,28,20321839,3,1,0.7930669456599875,0.7930669456599875,0.0
WS(k=4;b=0.5),12,28,20321839,3,3,0.8820234463367209,0.8860746946929411,0.004051248356220172
WS(k=4;b=0.5),12,29,20321840,1,1,0.7899026591478494,0.7900039898983399,0.00010133075049045814
WS(k=4;b=0.5),12,29,20321840,1,3,0.8830536624997312,0.8830536624997312,0.0
WS(k=4;b=0.5),12,29,20321840,2,1,0.7899026591478494,0.7900039898983399,0.00010133075049045814
WS(k=4;b=0.5),12,29,20321840,2,3,0.8781539696861977,0.8830536624997312,0.004899692813533418
WS(k=4;b=0.5),12,29,20321840,3,1,0.7899026591478494,0.7900039898983399,0.00010133075049045814
WS(k=4;b=0.5),12,29,20321840,3,3,0.8769130325582147,0.8830536624997312,0.006140629941516429
WS(k=4;b=0.5),12,30,20321841,1,1,0.8355372373840455,0.8355372373840455,0.0
WS(k=4;b=0.5),12,30,20321841,1,3,0.9124285015222335,0.9130203335580597,0.0005918320358261342
WS(k=4;b=0.5),12,30,20321841,2,1,0.8355372373840455,0.8355372373840455,0.0
WS(k=4;b=0.5),12,30,20321841,2,3,0.8960244849032755,0.9130203335580597,0.016995848654784207
WS(k=4;b=0.5),12,30,20321841,3,1,0.8355372373840455,0.8355372373840455,0.0
WS(k=4;b=0.5),12,30,20321841,3,3,0.8927448347789542,0.9130203335580597,0.020275498779105505
WS(k=4;b=0.5),14,1,20322012,1,1,0.8327758110733294,0.8327758110733294,0.0
WS(k=4;b=0.5),14,1,20322012,1,3,0.9151616251868285,0.9151616251868285,0.0
WS(k=4;b=0.5),14,1,20322012,2,1,0.8327758110733294,0.8327758110733294,0.0
WS(k=4;b=0.5),14,1,20322012,2,3,0.9106305999289335,0.9151616251868285,0.0045310252578950605
WS(k=4;b=0.5),14,1,20322012,3,1,0.8327758110733294,0.8327758110733294,0.0
WS(k=4;b=0.5),14,1,20322012,3,3,0.9074119702940523,0.9151616251868285,0.0077496548927762365
WS(k=4;b=0.5),14,2,20322013,1,1,0.8022745848256779,0.8028675984781767,0.0005930136524987528
WS(k=4;b=0.5),14,2,20322013,1,3,0.9013987814893963,0.9029516615347373,0.001552880045340932
WS(k=4;b=0.5),14,2,20322013,2,1,0.8022745848256779,0.8028675984781767,0.0005930136524987528
WS(k=4;b=0.5),14,2,20322013,2,3,0.9018581251894798,0.9029516615347373,0.0010935363452574398
WS(k=4;b=0.5),14,2,20322013,3,1,0.8022745848256779,0.8028675984781767,0.0005930136524987528
WS(k=4;b=0.5),14,2,20322013,3,3,0.9012940734106478,0.9029516615347373,0.0016575881240894486
WS(k=4;b=0.5),14,3,20322014,1,1,0.8309324971618415,0.8309324971618415,0.0
WS(k=4;b=0.5),14,3,20322014,1,3,0.9141758756711411,0.9141758756711411,0.0
WS(k=4;b=0.5),14,3,20322014,2,1,0.8309324971618415,0.8309324971618415,0.0
WS(k=4;b=0.5),14,3,20322014,2,3,0.9059380956933113,0.9141758756711411,0.008237779977829818
WS(k=4;b=0.5),14,3,20322014,3,1,0.8309324971618415,0.8309324971618415,0.0
WS(k=4;b=0.5),14,3,20322014,3,3,0.8995018996743722,0.9141758756711411,0.014673975996768895
WS(k=4;b=0.5),14,4,20322015,1,1,0.7648853862885041,0.7650451090570967,0.00015972276859255174
WS(k=4;b=0.5),14,4,20322015,1,3,0.8584242535610341,0.8664483704056806,0.008024116844646434
WS(k=4;b=0.5),14,4,20322015,2,1,0.7648853862885041,0.7650451090570967,0.00015972276859255174
WS(k=4;b=0.5),14,4,20322015,2,3,0.8648345865592744,0.8664483704056806,0.0016137838464062026
WS(k=4;b=0.5),14,4,20322015,3,1,0.7648853862885041,0.7650451090570967,0.00015972276859255174
WS(k=4;b=0.5),14,4,20322015,3,3,0.8664483704056806,0.8664483704056806,0.0
WS(k=4;b=0.5),14,5,20322016,1,1,0.8353963978026255,0.8353963978026255,0.0
WS(k=4;b=0.5),14,5,20322016,1,3,0.9195275306489479,0.9195275306489479,0.0
WS(k=4;b=0.5),14,5,20322016,2,1,0.8353963978026255,0.8353963978026255,0.0
WS(k=4;b=0.5),14,5,20322016,2,3,0.9143078821596161,0.9195275306489479,0.005219648489331763
WS(k=4;b=0.5),14,5,20322016,3,1,0.8353963978026255,0.8353963978026255,0.0
WS(k=4;b=0.5),14,5,20322016,3,3,0.9128414991101789,0.9195275306489479,0.006686031538769011
WS(k=4;b=0.5),14,6,20322017,1,1,0.8032460035363985,0.804495259548774,0.001249256012375466
WS(k=4;b=0.5),14,6,20322017,1,3,0.8995736803896811,0.8998017562474736,0.00022807585779249795
WS(k=4;b=0.5),14,6,20322017,2,1,0.8032460035363985,0.804495259548774,0.001249256012375466
WS(k=4;b=0.5),14,6,20322017,2,3,0.8966862814514613,0.8998017562474736,0.003115474796012263
WS(k=4;b=0.5),14,6,20322017,3,1,0.8032460035363985,0.804495259548774,0.001249256012375466
WS(k=4;b=0.5),14,6,20322017,3,3,0.8944271122519822,0.8998017562474736,0.005374643995491368
WS(k=4;b=0.5),14,7,20322018,1,1,0.7175164667166684,0.7206995028372805,0.003183036120612104
WS(k=4;b=0.5),14,7,20322018,1,3,0.8189670794435088,0.8444717962269027,0.025504716783393944
WS(k=4;b=0.5),14,7,20322018,2,1,0.7175164667166684,0.7206995028372805,0.003183036120612104
WS(k=4;b=0.5),14,7,20322018,2,3,0.8304965321018107,0.8444717962269027,0.01397526412509198
WS(k=4;b=0.5),14,7,20322018,3,1,0.7175164667166684,0.7206995028372805,0.003183036120612104
WS(k=4;b=0.5),14,7,20322018,3,3,0.8408786289951982,0.8444717962269027,0.0035931672317045527
WS(k=4;b=0.5),14,8,20322019,1,1,0.8017498232495832,0.8026195314339494,0.000869708184366158
WS(k=4;b=0.5),14,8,20322019,1,3,0.8905340118416315,0.8905340118416315,0.0
WS(k=4;b=0.5),14,8,20322019,2,1,0.8017498232495832,0.8026195314339494,0.000869708184366158
WS(k=4;b=0.5),14,8,20322019,2,3,0.8862609426973079,0.8905340118416315,0.004273069144323571
WS(k=4;b=0.5),14,8,20322019,3,1,0.8017498232495832,0.8026195314339494,0.000869708184366158
WS(k=4;b=0.5),14,8,20322019,3,3,0.8846940439069967,0.8905340118416315,0.0058399679346348154
WS(k=4;b=0.5),14,9,20322020,1,1,0.8087540992895612,0.8109093314943961,0.0021552322048349337
WS(k=4;b=0.5),14,9,20322020,1,3,0.9098093299710492,0.9145709229138167,0.004761592942767456
WS(k=4;b=0.5),14,9,20322020,2,1,0.8087540992895612,0.8109093314943961,0.0021552322048349337
WS(k=4;b=0.5),14,9,20322020,2,3,0.9128548231643414,0.9145709229138167,0.001716099749475286
WS(k=4;b=0.5),14,9,20322020,3,1,0.8087540992895612,0.8109093314943961,0.0021552322048349337
WS(k=4;b=0.5),14,9,20322020,3,3,0.9145709229138167,0.9145709229138167,0.0
WS(k=4;b=0.5),14,10,20322021,1,1,0.7725691552446853,0.7746628198625984,0.00209366461791316
WS(k=4;b=0.5),14,10,20322021,1,3,0.8747938518870937,0.8789768008861296,0.004182948999035929
WS(k=4;b=0.5),14,10,20322021,2,1,0.7725691552446853,0.7746628198625984,0.00209366461791316
WS(k=4;b=0.5),14,10,20322021,2,3,0.875930067969973,0.8789768008861296,0.003046732916156647
WS(k=4;b=0.5),14,10,20322021,3,1,0.7725691552446853,0.7746628198625984,0.00209366461791316
WS(k=4;b=0.5),14,10,20322021,3,3,0.8785340847607909,0.8789768008861296,0.00044271612533874904
WS(k=4;b=0.5),14,11,20322022,1,1,0.8037366220951744,0.8050139126514413,0.001277290556266908
WS(k=4;b=0.5),14,11,20322022,1,3,0.8916388019779142,0.8916388019779142,0.0
WS(k=4;b=0.5),14,11,20322022,2,1,0.8037366220951744,0.8050139126514413,0.001277290556266908
WS(k=4;b=0.5),14,11,20322022,2,3,0.8893581401042154,0.8916388019779142,0.002280661873698797
WS(k=4;b=0.5),14,11,20322022,3,1,0.8037366220951744,0.8050139126514413,0.001277290556266908
WS(k=4;b=0.5),14,11,20322022,3,3,0.8877554574126755,0.8916388019779142,0.0038833445652387555
WS(k=4;b=0.5),14,12,20322023,1,1,0.7679952263264933,0.7692123937653718,0.0012171674388784526
WS(k=4;b=0.5),14,12,20322023,1,3,0.86611881702663,0.8714229916668167,0.005304174640186732
WS(k=4;b=0.5),14,12,20322023,2,1,0.7679952263264933,0.7692123937653718,0.0012171674388784526
WS(k=4;b=0.5),14,12,20322023,2,3,0.8693283199215014,0.8714229916668167,0.002094671745315302
WS(k=4;b=0.5),14,12,20322023,3,1,0.7679952263264933,0.7692123937653718,0.0012171674388784526
WS(k=4;b=0.5),14,12,20322023,3,3,0.8704491527128606,0.8714229916668167,0.0009738389539560854
WS(k=4;b=0.5),14,13,20322024,1,1,0.763996081614246,0.7645192338496973,0.0005231522354512963
WS(k=4;b=0.5),14,13,20322024,1,3,0.8644193969296926,0.8763240687236492,0.0119046717939566
WS(k=4;b=0.5),14,13,20322024,2,1,0.763996081614246,0.7645192338496973,0.0005231522354512963
WS(k=4;b=0.5),14,13,20322024,2,3,0.8735099060617522,0.8763240687236492,0.002814162661897046
WS(k=4;b=0.5),14,13,20322024,3,1,0.763996081614246,0.7645192338496973,0.0005231522354512963
WS(k=4;b=0.5),14,13,20322024,3,3,0.8763240687236492,0.8763240687236492,0.0
WS(k=4;b=0.5),14,14,20322025,1,1,0.8408754932831648,0.8413826992214323,0.0005072059382674743
WS(k=4;b=0.5),14,14,20322025,1,3,0.9229822930609795,0.9229822930609795,0.0
WS(k=4;b=0.5),14,14,20322025,2,1,0.8408754932831648,0.8413826992214323,0.0005072059382674743
WS(k=4;b=0.5),14,14,20322025,2,3,0.9162118356404693,0.9229822930609795,0.00677045742051019
WS(k=4;b=0.5),14,14,20322025,3,1,0.8408754932831648,0.8413826992214323,0.0005072059382674743
WS(k=4;b=0.5),14,14,20322025,3,3,0.9132747643979344,0.9229822930609795,0.009707528663045029
WS(k=4;b=0.5),14,15,20322026,1,1,0.7723066461601354,0.7742279430453369,0.0019212968852014845
WS(k=4;b=0.5),14,15,20322026,1,3,0.8660439621476306,0.8721610750264897,0.006117112878859077
WS(k=4;b=0.5),14,15,20322026,2,1,0.7723066461601354,0.7742279430453369,0.0019212968852014845
WS(k=4;b=0.5),14,15,20322026,2,3,0.8678730526945249,0.8721610750264897,0.0042880223319647914
WS(k=4;b=0.5),14,15,20322026,3,1,0.7723066461601354,0.7742279430453369,0.0019212968852014845
WS(k=4;b=0.5),14,15,20322026,3,3,0.8721610750264897,0.8721610750264897,0.0
WS(k=4;b=0.5),14,16,20322027,1,1,0.8337357349314137,0.8337357349314137,0.0
WS(k=4;b=0.5),14,16,20322027,1,3,0.9108693097941509,0.9108693097941509,0.0
WS(k=4;b=0.5),14,16,20322027,2,1,0.8337357349314137,0.8337357349314137,0.0
WS(k=4;b=0.5),14,16,20322027,2,3,0.9028097880876174,0.9108693097941509,0.008059521706533568
WS(k=4;b=0.5),14,16,20322027,3,1,0.8337357349314137,0.8337357349314137,0.0
WS(k=4;b=0.5),14,16,20322027,3,3,0.8996815459196758,0.9108693097941509,0.011187763874475176
WS(k=4;b=0.5),14,17,20322028,1,1,0.7995165719909374,0.7995335236809388,1.695169000137664e-5
WS(k=4;b=0.5),14,17,20322028,1,3,0.8895151023872298,0.8895151023872298,0.0
WS(k=4;b=0.5),14,17,20322028,2,1,0.7995165719909374,0.7995335236809388,1.695169000137664e-5
WS(k=4;b=0.5),14,17,20322028,2,3,0.8855385515372739,0.8895151023872298,0.003976550849955851
WS(k=4;b=0.5),14,17,20322028,3,1,0.7995165719909374,0.7995335236809388,1.695169000137664e-5
WS(k=4;b=0.5),14,17,20322028,3,3,0.881691064160826,0.8895151023872298,0.007824038226403762
WS(k=4;b=0.5),14,18,20322029,1,1,0.7705061082550959,0.771825367579493,0.0013192593243971373
WS(k=4;b=0.5),14,18,20322029,1,3,0.8628378414028913,0.8708156575065378,0.007977816103646451
WS(k=4;b=0.5),14,18,20322029,2,1,0.7705061082550959,0.771825367579493,0.0013192593243971373
WS(k=4;b=0.5),14,18,20322029,2,3,0.8671807363930377,0.8708156575065378,0.003634921113500056
WS(k=4;b=0.5),14,18,20322029,3,1,0.7705061082550959,0.771825367579493,0.0013192593243971373
WS(k=4;b=0.5),14,18,20322029,3,3,0.8708156575065378,0.8708156575065378,0.0
WS(k=4;b=0.5),14,19,20322030,1,1,0.7792189542924102,0.7823329469084949,0.003113992616084693
WS(k=4;b=0.5),14,19,20322030,1,3,0.8699401649415365,0.8743098406326015,0.004369675691065056
WS(k=4;b=0.5),14,19,20322030,2,1,0.7792189542924102,0.7823329469084949,0.003113992616084693
WS(k=4;b=0.5),14,19,20322030,2,3,0.8693867593762394,0.8743098406326015,0.004923081256362094
WS(k=4;b=0.5),14,19,20322030,3,1,0.7792189542924102,0.7823329469084949,0.003113992616084693
WS(k=4;b=0.5),14,19,20322030,3,3,0.8732202294144268,0.8743098406326015,0.0010896112181747464
WS(k=4;b=0.5),14,20,20322031,1,1,0.7978518413923642,0.79823487543349,0.0003830340411258293
WS(k=4;b=0.5),14,20,20322031,1,3,0.8883296494294041,0.8883296494294041,0.0
WS(k=4;b=0.5),14,20,20322031,2,1,0.7978518413923642,0.79823487543349,0.0003830340411258293
WS(k=4;b=0.5),14,20,20322031,2,3,0.8844534426377225,0.8883296494294041,0.003876206791681547
WS(k=4;b=0.5),14,20,20322031,3,1,0.7978518413923642,0.79823487543349,0.0003830340411258293
WS(k=4;b=0.5),14,20,20322031,3,3,0.8825446747008894,0.8883296494294041,0.005784974728514691
WS(k=4;b=0.5),14,21,20322032,1,1,0.801208946534626,0.8021111160842257,0.0009021695495996518
WS(k=4;b=0.5),14,21,20322032,1,3,0.8855935996139437,0.8861353839719958,0.0005417843580520776
WS(k=4;b=0.5),14,21,20322032,2,1,0.801208946534626,0.8021111160842257,0.0009021695495996518
WS(k=4;b=0.5),14,21,20322032,2,3,0.881563375850671,0.8861353839719958,0.004572008121324744
WS(k=4;b=0.5),14,21,20322032,3,1,0.801208946534626,0.8021111160842257,0.0009021695495996518
WS(k=4;b=0.5),14,21,20322032,3,3,0.8821616055704683,0.8861353839719958,0.003973778401527461
WS(k=4;b=0.5),14,22,20322033,1,1,0.8360257499137437,0.8360257499137437,0.0
WS(k=4;b=0.5),14,22,20322033,1,3,0.920138652315238,0.920138652315238,0.0
WS(k=4;b=0.5),14,22,20322033,2,1,0.8360257499137437,0.8360257499137437,0.0
WS(k=4;b=0.5),14,22,20322033,2,3,0.9159213786117135,0.920138652315238,0.004217273703524427
WS(k=4;b=0.5),14,22,20322033,3,1,0.8360257499137437,0.8360257499137437,0.0
WS(k=4;b=0.5),14,22,20322033,3,3,0.9143298227735254,0.920138652315238,0.005808829541712579
WS(k=4;b=0.5),14,23,20322034,1,1,0.7798679828803037,0.7832667282077624,0.003398745327458763
WS(k=4;b=0.5),14,23,20322034,1,3,0.8791296448866532,0.89117952583711,0.012049880950456782
WS(k=4;b=0.5),14,23,20322034,2,1,0.7798679828803037,0.7832667282077624,0.003398745327458763
WS(k=4;b=0.5),14,23,20322034,2,3,0.8823607539129946,0.89117952583711,0.008818771924115398
WS(k=4;b=0.5),14,23,20322034,3,1,0.7798679828803037,0.7832667282077624,0.003398745327458763
WS(k=4;b=0.5),14,23,20322034,3,3,0.8893339723570663,0.89117952583711,0.0018455534800436713
WS(k=4;b=0.5),14,24,20322035,1,1,0.7691979723160322,0.7708182158570669,0.0016202435410347382
WS(k=4;b=0.5),14,24,20322035,1,3,0.861171694872283,0.8620511589596284,0.0008794640873454052
WS(k=4;b=0.5),14,24,20322035,2,1,0.7691979723160322,0.7708182158570669,0.0016202435410347382
WS(k=4;b=0.5),14,24,20322035,2,3,0.857474761485053,0.8620511589596284,0.004576397474575389
WS(k=4;b=0.5),14,24,20322035,3,1,0.7691979723160322,0.7708182158570669,0.0016202435410347382
WS(k=4;b=0.5),14,24,20322035,3,3,0.8565664016764929,0.8620511589596284,0.005484757283135466
WS(k=4;b=0.5),14,25,20322036,1,1,0.7776862510163495,0.7802495922054196,0.0025633411890700897
WS(k=4;b=0.5),14,25,20322036,1,3,0.8740114445307704,0.8789833184618219,0.004971873931051474
WS(k=4;b=0.5),14,25,20322036,2,1,0.7776862510163495,0.7802495922054196,0.0025633411890700897
WS(k=4;b=0.5),14,25,20322036,2,3,0.8772393566988889,0.8789833184618219,0.0017439617629330106
WS(k=4;b=0.5),14,25,20322036,3,1,0.7776862510163495,0.7802495922054196,0.0025633411890700897
WS(k=4;b=0.5),14,25,20322036,3,3,0.8789833184618219,0.8789833184618219,0.0
WS(k=4;b=0.5),14,26,20322037,1,1,0.8023860890063074,0.8027894198328728,0.00040333082656540675
WS(k=4;b=0.5),14,26,20322037,1,3,0.9109906211202528,0.9204437139264765,0.00945309280622375
WS(k=4;b=0.5),14,26,20322037,2,1,0.8023860890063074,0.8027894198328728,0.00040333082656540675
WS(k=4;b=0.5),14,26,20322037,2,3,0.9178132237791513,0.9204437139264765,0.002630490147325193
WS(k=4;b=0.5),14,26,20322037,3,1,0.8023860890063074,0.8027894198328728,0.00040333082656540675
WS(k=4;b=0.5),14,26,20322037,3,3,0.9198743791782391,0.9204437139264765,0.0005693347482373934
WS(k=4;b=0.5),14,27,20322038,1,1,0.7987115384621952,0.7987115384621952,0.0
WS(k=4;b=0.5),14,27,20322038,1,3,0.8818832692535543,0.8818832692535543,0.0
WS(k=4;b=0.5),14,27,20322038,2,1,0.7987115384621952,0.7987115384621952,0.0
WS(k=4;b=0.5),14,27,20322038,2,3,0.8786222588668927,0.8818832692535543,0.0032610103866616003
WS(k=4;b=0.5),14,27,20322038,3,1,0.7987115384621952,0.7987115384621952,0.0
WS(k=4;b=0.5),14,27,20322038,3,3,0.8755540122962131,0.8818832692535543,0.006329256957341212
WS(k=4;b=0.5),14,28,20322039,1,1,0.7962816855141231,0.7962816855141231,0.0
WS(k=4;b=0.5),14,28,20322039,1,3,0.8807476021792755,0.8807476021792755,0.0
WS(k=4;b=0.5),14,28,20322039,2,1,0.7962816855141231,0.7962816855141231,0.0
WS(k=4;b=0.5),14,28,20322039,2,3,0.8801363874679939,0.8807476021792755,0.0006112147112815602
WS(k=4;b=0.5),14,28,20322039,3,1,0.7962816855141231,0.7962816855141231,0.0
WS(k=4;b=0.5),14,28,20322039,3,3,0.8766238948021026,0.8807476021792755,0.004123707377172936
WS(k=4;b=0.5),14,29,20322040,1,1,0.8149739493843584,0.8181536975860837,0.0031797482017252854
WS(k=4;b=0.5),14,29,20322040,1,3,0.9107997202674066,0.92119220323046,0.010392482963053395
WS(k=4;b=0.5),14,29,20322040,2,1,0.8149739493843584,0.8181536975860837,0.0031797482017252854
WS(k=4;b=0.5),14,29,20322040,2,3,0.9158896154466066,0.92119220323046,0.005302587783853396
WS(k=4;b=0.5),14,29,20322040,3,1,0.8149739493843584,0.8181536975860837,0.0031797482017252854
WS(k=4;b=0.5),14,29,20322040,3,3,0.92119220323046,0.92119220323046,0.0
WS(k=4;b=0.5),14,30,20322041,1,1,0.8079489289570561,0.8101053390550174,0.0021564100979613032
WS(k=4;b=0.5),14,30,20322041,1,3,0.9081447530662762,0.913128059586651,0.0049833065203748195
WS(k=4;b=0.5),14,30,20322041,2,1,0.8079489289570561,0.8101053390550174,0.0021564100979613032
WS(k=4;b=0.5),14,30,20322041,2,3,0.9124120947815574,0.913128059586651,0.0007159648050936163
WS(k=4;b=0.5),14,30,20322041,3,1,0.8079489289570561,0.8101053390550174,0.0021564100979613032
WS(k=4;b=0.5),14,30,20322041,3,3,0.913128059586651,0.913128059586651,0.0
3-regular,12,1,20331812,1,1,0.7756931077329716,0.7787472787996472,0.003054171066675604
3-regular,12,1,20331812,1,3,0.8700751653588754,0.9235376458896964,0.05346248053082103
3-regular,12,1,20331812,2,1,0.7687798536363945,0.7787472787996472,0.009967425163252774
3-regular,12,1,20331812,2,3,0.8700751653588754,0.9235376458896964,0.05346248053082103
3-regular,12,1,20331812,3,1,0.7773448322157213,0.7787472787996472,0.0014024465839259648
3-regular,12,1,20331812,3,3,0.9235376458896964,0.9235376458896964,0.0
3-regular,12,2,20331813,1,1,0.758868781608093,0.7593243118970203,0.0004555302889273083
3-regular,12,2,20331813,1,3,0.8408211774489208,0.857676749421564,0.016855571972643202
3-regular,12,2,20331813,2,1,0.7549719954737177,0.7593243118970203,0.004352316423302582
3-regular,12,2,20331813,2,3,0.8408211774489208,0.857676749421564,0.016855571972643202
3-regular,12,2,20331813,3,1,0.7593243118970203,0.7593243118970203,0.0
3-regular,12,2,20331813,3,3,0.857676749421564,0.857676749421564,0.0
3-regular,12,3,20331814,1,1,0.7672809446705324,0.7683345720563706,0.0010536273858381406
3-regular,12,3,20331814,1,3,0.8580674980268987,0.8907525591134198,0.03268506108652103
3-regular,12,3,20331814,2,1,0.761875924555056,0.7683345720563706,0.0064586475013145295
3-regular,12,3,20331814,2,3,0.8580674980268987,0.8907525591134198,0.03268506108652103
3-regular,12,3,20331814,3,1,0.7683345720563706,0.7683345720563706,0.0
3-regular,12,3,20331814,3,3,0.8907525591134198,0.8907525591134198,0.0
3-regular,12,4,20331815,1,1,0.8094600337152993,0.809945932690155,0.0004858989748557363
3-regular,12,4,20331815,1,3,0.8974192147575111,0.9029023441582235,0.005483129400712383
3-regular,12,4,20331815,2,1,0.8053034618386322,0.809945932690155,0.004642470851522806
3-regular,12,4,20331815,2,3,0.8974192147575111,0.9029023441582235,0.005483129400712383
3-regular,12,4,20331815,3,1,0.809945932690155,0.809945932690155,0.0
3-regular,12,4,20331815,3,3,0.88866473522344,0.9029023441582235,0.01423760893478343
3-regular,12,5,20331816,1,1,0.8004870597820309,0.8004870597820309,0.0
3-regular,12,5,20331816,1,3,0.8855970281291156,0.8892744225960468,0.003677394466931272
3-regular,12,5,20331816,2,1,0.797939270818538,0.8004870597820309,0.0025477889634929474
3-regular,12,5,20331816,2,3,0.8855970281291156,0.8892744225960468,0.003677394466931272
3-regular,12,5,20331816,3,1,0.8003349885201813,0.8004870597820309,0.00015207126184968445
3-regular,12,5,20331816,3,3,0.8767505325272588,0.8892744225960468,0.012523890068788068
3-regular,12,6,20331817,1,1,0.8094600337152994,0.809945932690155,0.0004858989748556253
3-regular,12,6,20331817,1,3,0.89395294972647,0.8982058585744856,0.004252908848015657
3-regular,12,6,20331817,2,1,0.8053034618386321,0.809945932690155,0.004642470851522917
3-regular,12,6,20331817,2,3,0.89395294972647,0.8982058585744856,0.004252908848015657
3-regular,12,6,20331817,3,1,0.809945932690155,0.809945932690155,0.0
3-regular,12,6,20331817,3,3,0.8889622154922155,0.8982058585744856,0.009243643082270103
3-regular,12,7,20331818,1,1,0.8004870597820309,0.8004870597820309,0.0
3-regular,12,7,20331818,1,3,0.8815587290182727,0.8844042687409369,0.0028455397226642143
3-regular,12,7,20331818,2,1,0.797939270818538,0.8004870597820309,0.0025477889634929474
3-regular,12,7,20331818,2,3,0.8815587290182727,0.8844042687409369,0.0028455397226642143
3-regular,12,7,20331818,3,1,0.8003349885201814,0.8004870597820309,0.00015207126184957342
3-regular,12,7,20331818,3,3,0.8758376157577773,0.8844042687409369,0.008566652983159617
3-regular,12,8,20331819,1,1,0.8004870597820307,0.8004870597820307,0.0
3-regular,12,8,20331819,1,3,0.8815587290182727,0.8844042687409369,0.0028455397226642143
3-regular,12,8,20331819,2,1,0.797939270818538,0.8004870597820307,0.0025477889634927253
3-regular,12,8,20331819,2,3,0.8815587290182727,0.8844042687409369,0.0028455397226642143
3-regular,12,8,20331819,3,1,0.8003349885201811,0.8004870597820307,0.00015207126184957342
3-regular,12,8,20331819,3,3,0.8758376157577772,0.8844042687409369,0.008566652983159728
3-regular,12,9,20331820,1,1,0.7915140858487623,0.7915140858487623,0.0
3-regular,12,9,20331820,1,3,0.8763097044782712,0.877543387885832,0.0012336834075608039
3-regular,12,9,20331820,2,1,0.7905750797984437,0.7915140858487623,0.0009390060503186026
3-regular,12,9,20331820,2,3,0.8763097044782712,0.877543387885832,0.0012336834075608039
3-regular,12,9,20331820,3,1,0.7907240443502075,0.7915140858487623,0.0007900414985547721
3-regular,12,9,20331820,3,3,0.8710790123359887,0.877543387885832,0.006464375549843249
3-regular,12,10,20331821,1,1,0.782541111915494,0.7832108887783493,0.000669776862855298
3-regular,12,10,20331821,1,3,0.8715550604775544,0.8743093948150588,0.0027543343375043827
3-regular,12,10,20331821,2,1,0.7832108887783493,0.7832108887783493,0.0
3-regular,12,10,20331821,2,3,0.8715550604775544,0.8743093948150588,0.0027543343375043827
3-regular,12,10,20331821,3,1,0.7811131001802336,0.7832108887783493,0.002097788598115713
3-regular,12,10,20331821,3,3,0.8651073518519355,0.8743093948150588,0.009202042963123214
3-regular,12,11,20331822,1,1,0.7588687816080933,0.7593243118970203,0.0004555302889269752
3-regular,12,11,20331822,1,3,0.8462318855312747,0.8605215221606226,0.014289636629347902
3-regular,12,11,20331822,2,1,0.7549719954737177,0.7593243118970203,0.004352316423302582
3-regular,12,11,20331822,2,3,0.8462318855312747,0.8605215221606226,0.014289636629347902
3-regular,12,11,20331822,3,1,0.7593243118970203,0.7593243118970203,0.0
3-regular,12,11,20331822,3,3,0.8571695592661333,0.8605215221606226,0.0033519628944893576
3-regular,12,12,20331823,1,1,0.8094600337152993,0.809945932690155,0.0004858989748557363
3-regular,12,12,20331823,1,3,0.8939796890838728,0.8983169238896455,0.004337234805772638
3-regular,12,12,20331823,2,1,0.8053034618386322,0.809945932690155,0.004642470851522806
3-regular,12,12,20331823,2,3,0.8939796890838728,0.8983169238896455,0.004337234805772638
3-regular,12,12,20331823,3,1,0.809945932690155,0.809945932690155,0.0
3-regular,12,12,20331823,3,3,0.8890627978756063,0.8983169238896455,0.009254126014039188
3-regular,12,13,20331824,1,1,0.6895049846515303,0.692219803377464,0.0027148187259337098
3-regular,12,13,20331824,1,3,0.7757177176802481,0.8727058702344784,0.09698815255423032
3-regular,12,13,20331824,2,1,0.6833598698990173,0.692219803377464,0.008859933478446713
3-regular,12,13,20331824,2,3,0.7757177176802481,0.8727058702344784,0.09698815255423032
3-regular,12,13,20331824,3,1,0.690973184191752,0.692219803377464,0.0012466191857120057
3-regular,12,13,20331824,3,3,0.8674931842668796,0.8727058702344784,0.005212685967598829
3-regular,12,14,20331825,1,1,0.7672809446705324,0.7683345720563708,0.0010536273858383627
3-regular,12,14,20331825,1,3,0.8538025518333203,0.8738992432068793,0.02009669137355896
3-regular,12,14,20331825,2,1,0.7618759245550563,0.7683345720563708,0.0064586475013145295
3-regular,12,14,20331825,2,3,0.8538025518333203,0.8738992432068793,0.02009669137355896
3-regular,12,14,20331825,3,1,0.7683345720563708,0.7683345720563708,0.0
3-regular,12,14,20331825,3,3,0.8708319062161847,0.8738992432068793,0.0030673369906946135
3-regular,12,15,20331826,1,1,0.8004870597820308,0.8004870597820308,0.0
3-regular,12,15,20331826,1,3,0.888902731821749,0.8931487517015478,0.00424601987979889
3-regular,12,15,20331826,2,1,0.7979392708185379,0.8004870597820308,0.0025477889634929474
3-regular,12,15,20331826,2,3,0.888902731821749,0.8931487517015478,0.00424601987979889
3-regular,12,15,20331826,3,1,0.8003349885201811,0.8004870597820308,0.00015207126184968445
3-regular,12,15,20331826,3,3,0.8863404450711097,0.8931487517015478,0.006808306630438188
3-regular,12,16,20331827,1,1,0.7672809446705326,0.7683345720563706,0.0010536273858379186
3-regular,12,16,20331827,1,3,0.853850087472076,0.880430540630398,0.026580453158322026
3-regular,12,16,20331827,2,1,0.7618759245550563,0.7683345720563706,0.006458647501314307
3-regular,12,16,20331827,2,3,0.853850087472076,0.880430540630398,0.026580453158322026
3-regular,12,16,20331827,3,1,0.7683345720563706,0.7683345720563706,0.0
3-regular,12,16,20331827,3,3,0.880430540630398,0.880430540630398,0.0
3-regular,12,17,20331828,1,1,0.7672809446705324,0.7683345720563708,0.0010536273858383627
3-regular,12,17,20331828,1,3,0.8501277363911095,0.8784570622150775,0.028329325823967966
3-regular,12,17,20331828,2,1,0.7618759245550561,0.7683345720563708,0.0064586475013146405
3-regular,12,17,20331828,2,3,0.8501277363911095,0.8784570622150775,0.028329325823967966
3-regular,12,17,20331828,3,1,0.7683345720563708,0.7683345720563708,0.0
3-regular,12,17,20331828,3,3,0.8784570622150775,0.8784570622150775,0.0
3-regular,12,18,20331829,1,1,0.8094600337152994,0.809945932690155,0.0004858989748556253
3-regular,12,18,20331829,1,3,0.9020118483191112,0.9102409695785117,0.008229121259400562
3-regular,12,18,20331829,2,1,0.8053034618386322,0.809945932690155,0.004642470851522806
3-regular,12,18,20331829,2,3,0.9020118483191112,0.9102409695785117,0.008229121259400562
3-regular,12,18,20331829,3,1,0.809945932690155,0.809945932690155,0.0
3-regular,12,18,20331829,3,3,0.9008019760334136,0.9102409695785117,0.00943899354509814
3-regular,12,19,20331830,1,1,0.7672809446705326,0.7683345720563708,0.0010536273858381406
3-regular,12,19,20331830,1,3,0.8471455963367136,0.8578971747781434,0.010751578441429821
3-regular,12,19,20331830,2,1,0.7618759245550561,0.7683345720563708,0.0064586475013146405
3-regular,12,19,20331830,2,3,0.8471455963367136,0.8578971747781434,0.010751578441429821
3-regular,12,19,20331830,3,1,0.7683345720563708,0.7683345720563708,0.0
3-regular,12,19,20331830,3,3,0.8561951066084126,0.8578971747781434,0.0017020681697308415
3-regular,12,20,20331831,1,1,0.7588687816080932,0.7593243118970203,0.00045553028892708625
3-regular,12,20,20331831,1,3,0.851187449646108,0.8674441219986005,0.016256672352492507
3-regular,12,20,20331831,2,1,0.7549719954737175,0.7593243118970203,0.0043523164233028044
3-regular,12,20,20331831,2,3,0.851187449646108,0.8674441219986005,0.016256672352492507
3-regular,12,20,20331831,3,1,0.7593243118970203,0.7593243118970203,0.0
3-regular,12,20,20331831,3,3,0.8606302023339171,0.8674441219986005,0.0068139196646834765
3-regular,12,21,20331832,1,1,0.7672809446705324,0.7683345720563708,0.0010536273858383627
3-regular,12,21,20331832,1,3,0.8509983291787853,0.8713719042974019,0.020373575118616594
3-regular,12,21,20331832,2,1,0.7618759245550561,0.7683345720563708,0.0064586475013146405
3-regular,12,21,20331832,2,3,0.8509983291787853,0.8713719042974019,0.020373575118616594
3-regular,12,21,20331832,3,1,0.7683345720563708,0.7683345720563708,0.0
3-regular,12,21,20331832,3,3,0.8713719042974019,0.8713719042974019,0.0
3-regular,12,22,20331833,1,1,0.8184330076485679,0.8195568768601287,0.001123869211560824
3-regular,12,22,20331833,1,3,0.9001209084113202,0.9058685949709615,0.005747686559641307
3-regular,12,22,20331833,2,1,0.8126676528587266,0.8195568768601287,0.006889224001402128
3-regular,12,22,20331833,2,3,0.9001209084113202,0.9058685949709615,0.005747686559641307
3-regular,12,22,20331833,3,1,0.8195568768601287,0.8195568768601287,0.0
3-regular,12,22,20331833,3,3,0.88380210588592,0.9058685949709615,0.022066489085041496
3-regular,12,23,20331834,1,1,0.7588687816080933,0.7593243118970202,0.0004555302889268642
3-regular,12,23,20331834,1,3,0.8462318855312746,0.8605215221606226,0.014289636629348013
3-regular,12,23,20331834,2,1,0.7549719954737175,0.7593243118970202,0.004352316423302693
3-regular,12,23,20331834,2,3,0.8462318855312746,0.8605215221606226,0.014289636629348013
3-regular,12,23,20331834,3,1,0.7593243118970202,0.7593243118970202,0.0
3-regular,12,23,20331834,3,3,0.8571695592661333,0.8605215221606226,0.0033519628944893576
3-regular,12,24,20331835,1,1,0.7672809446705324,0.7683345720563708,0.0010536273858383627
3-regular,12,24,20331835,1,3,0.8506661711056422,0.8877818169102152,0.03711564580457294
3-regular,12,24,20331835,2,1,0.7618759245550563,0.7683345720563708,0.0064586475013145295
3-regular,12,24,20331835,2,3,0.8506661711056422,0.8877818169102152,0.03711564580457294
3-regular,12,24,20331835,3,1,0.7683345720563708,0.7683345720563708,0.0
3-regular,12,24,20331835,3,3,0.8877818169102152,0.8877818169102152,0.0
3-regular,12,25,20331836,1,1,0.7672809446705324,0.7683345720563708,0.0010536273858383627
3-regular,12,25,20331836,1,3,0.8501277363911095,0.8784570622150776,0.028329325823968077
3-regular,12,25,20331836,2,1,0.7618759245550561,0.7683345720563708,0.0064586475013146405
3-regular,12,25,20331836,2,3,0.8501277363911095,0.8784570622150776,0.028329325823968077
3-regular,12,25,20331836,3,1,0.7683345720563708,0.7683345720563708,0.0
3-regular,12,25,20331836,3,3,0.8784570622150776,0.8784570622150776,0.0
3-regular,12,26,20331837,1,1,0.7672809446705324,0.7683345720563708,0.0010536273858383627
3-regular,12,26,20331837,1,3,0.8501277363911092,0.8784570622150771,0.028329325823967966
3-regular,12,26,20331837,2,1,0.761875924555056,0.7683345720563708,0.0064586475013147515
3-regular,12,26,20331837,2,3,0.8501277363911092,0.8784570622150771,0.028329325823967966
3-regular,12,26,20331837,3,1,0.7683345720563708,0.7683345720563708,0.0
3-regular,12,26,20331837,3,3,0.8784570622150771,0.8784570622150771,0.0
3-regular,12,27,20331838,1,1,0.7672809446705323,0.7683345720563708,0.0010536273858384737
3-regular,12,27,20331838,1,3,0.850998329178785,0.8713719042974019,0.020373575118616816
3-regular,12,27,20331838,2,1,0.7618759245550561,0.7683345720563708,0.0064586475013146405
3-regular,12,27,20331838,2,3,0.850998329178785,0.8713719042974019,0.020373575118616816
3-regular,12,27,20331838,3,1,0.7683345720563708,0.7683345720563708,0.0
3-regular,12,27,20331838,3,3,0.8713719042974019,0.8713719042974019,0.0
3-regular,12,28,20331839,1,1,0.7588687816080932,0.7593243118970204,0.00045553028892719727
3-regular,12,28,20331839,1,3,0.8452620053521536,0.876675823971089,0.03141381861893544
3-regular,12,28,20331839,2,1,0.7549719954737177,0.7593243118970204,0.004352316423302693
3-regular,12,28,20331839,2,3,0.8452620053521536,0.876675823971089,0.03141381861893544
3-regular,12,28,20331839,3,1,0.7593243118970204,0.7593243118970204,0.0
3-regular,12,28,20331839,3,3,0.876675823971089,0.876675823971089,0.0
3-regular,12,29,20331840,1,1,0.7756931077329716,0.7787472787996471,0.003054171066675493
3-regular,12,29,20331840,1,3,0.8571271359704968,0.8781601225213391,0.021032986550842292
3-regular,12,29,20331840,2,1,0.7687798536363946,0.7787472787996471,0.009967425163252552
3-regular,12,29,20331840,2,3,0.8571271359704968,0.8781601225213391,0.021032986550842292
3-regular,12,29,20331840,3,1,0.777344832215721,0.7787472787996471,0.0014024465839260758
3-regular,12,29,20331840,3,3,0.8763446217731308,0.8781601225213391,0.001815500748208354
3-regular,12,30,20331841,1,1,0.8672786075521065,0.8677992135965945,0.0005206060444880034
3-regular,12,30,20331841,1,3,0.9500247170312611,0.9500247170312611,0.0
3-regular,12,30,20331841,2,1,0.8628251376842488,0.8677992135965945,0.004974075912345666
3-regular,12,30,20331841,2,3,0.9500247170312611,0.9500247170312611,0.0
3-regular,12,30,20331841,3,1,0.8677992135965945,0.8677992135965945,0.0
3-regular,12,30,20331841,3,3,0.9167729681232959,0.9500247170312611,0.03325174890796523
3-regular,14,1,20332012,1,1,0.8359067917461225,0.8365946201722105,0.0006878284260880552
3-regular,14,1,20332012,1,3,0.91881295100691,0.920341373167525,0.001528422160614995
3-regular,14,1,20332012,2,1,0.8311547963103844,0.8365946201722105,0.005439823861826176
3-regular,14,1,20332012,2,3,0.91881295100691,0.920341373167525,0.001528422160614995
3-regular,14,1,20332012,3,1,0.8365946201722105,0.8365946201722105,0.0
3-regular,14,1,20332012,3,3,0.8988950518442236,0.920341373167525,0.021446321323301376
3-regular,14,2,20332013,1,1,0.75500052993069,0.7561196160777468,0.0011190861470568025
3-regular,14,2,20332013,1,3,0.8424055296868043,0.8694127564020045,0.027007226715200283
3-regular,14,2,20332013,2,1,0.7494786527672602,0.7561196160777468,0.006640963310486581
3-regular,14,2,20332013,2,3,0.8424055296868043,0.8694127564020045,0.027007226715200283
3-regular,14,2,20332013,3,1,0.7561196160777468,0.7561196160777468,0.0
3-regular,14,2,20332013,3,3,0.8690421477427966,0.8694127564020045,0.000370608659207905
3-regular,14,3,20332014,1,1,0.7819900472602809,0.7821080211321098,0.0001179738718288803
3-regular,14,3,20332014,1,3,0.8715472009407813,0.8808445332867851,0.009297332346003828
3-regular,14,3,20332014,2,1,0.7788427039986177,0.7821080211321098,0.003265317133492096
3-regular,14,3,20332014,2,3,0.8715472009407813,0.8808445332867851,0.009297332346003828
3-regular,14,3,20332014,3,1,0.7821080211321098,0.7821080211321098,0.0
3-regular,14,3,20332014,3,3,0.8736119100059947,0.8808445332867851,0.00723262328079044
3-regular,14,4,20332015,1,1,0.7894675255380046,0.7901171412737544,0.0006496157357498422
3-regular,14,4,20332015,1,3,0.873879291384802,0.887710688633277,0.01383139724847493
3-regular,14,4,20332015,2,1,0.7849795298486963,0.7901171412737544,0.005137611425058086
3-regular,14,4,20332015,2,3,0.873879291384802,0.887710688633277,0.01383139724847493
3-regular,14,4,20332015,3,1,0.7901171412737544,0.7901171412737544,0.0
3-regular,14,4,20332015,3,3,0.8861722114948642,0.887710688633277,0.0015384771384127083
3-regular,14,5,20332016,1,1,0.8279894618050032,0.8281143753163516,0.00012491351134835682
3-regular,14,5,20332016,1,3,0.9089799580287656,0.9123292483696734,0.0033492903409078068
3-regular,14,5,20332016,2,1,0.8246569807044188,0.8281143753163516,0.0034573946119327292
3-regular,14,5,20332016,2,3,0.9089799580287656,0.9123292483696734,0.0033492903409078068
3-regular,14,5,20332016,3,1,0.8281143753163516,0.8281143753163516,0.0
3-regular,14,5,20332016,3,3,0.9027515152596763,0.9123292483696734,0.0095777331099971
3-regular,14,6,20332017,1,1,0.8042374719816455,0.805163533886522,0.0009260619048764296
3-regular,14,6,20332017,1,3,0.880618375900121,0.880618375900121,0.0
3-regular,14,6,20332017,2,1,0.805163533886522,0.805163533886522,0.0
3-regular,14,6,20332017,2,3,0.880618375900121,0.880618375900121,0.0
3-regular,14,6,20332017,3,1,0.8026736407487739,0.805163533886522,0.002489893137748056
3-regular,14,6,20332017,3,3,0.8707592615385629,0.880618375900121,0.009859114361558174
3-regular,14,7,20332018,1,1,0.75500052993069,0.7561196160777467,0.0011190861470566915
3-regular,14,7,20332018,1,3,0.83652421466041,0.8693637894523961,0.03283957479198607
3-regular,14,7,20332018,2,1,0.7494786527672604,0.7561196160777467,0.0066409633104862476
3-regular,14,7,20332018,2,3,0.83652421466041,0.8693637894523961,0.03283957479198607
3-regular,14,7,20332018,3,1,0.7561196160777467,0.7561196160777467,0.0
3-regular,14,7,20332018,3,3,0.8692591526977719,0.8693637894523961,0.00010463675462424327
3-regular,14,8,20332019,1,1,0.7894675255380046,0.7901171412737545,0.0006496157357499532
3-regular,14,8,20332019,1,3,0.8766173889659648,0.8879699847097348,0.011352595743770011
3-regular,14,8,20332019,2,1,0.7849795298486963,0.7901171412737545,0.005137611425058197
3-regular,14,8,20332019,2,3,0.8766173889659648,0.8879699847097348,0.011352595743770011
3-regular,14,8,20332019,3,1,0.7901171412737545,0.7901171412737545,0.0
3-regular,14,8,20332019,3,3,0.8819922274770138,0.8879699847097348,0.005977757232720982
3-regular,14,9,20332020,1,1,0.7969450038157284,0.7981262614153994,0.0011812575996710262
3-regular,14,9,20332020,1,3,0.880953248508739,0.8981638455587644,0.017210597050025367
3-regular,14,9,20332020,2,1,0.7911163556987748,0.7981262614153994,0.0070099057166246315
3-regular,14,9,20332020,2,3,0.880953248508739,0.8981638455587644,0.017210597050025367
3-regular,14,9,20332020,3,1,0.7981262614153994,0.7981262614153994,0.0
3-regular,14,9,20332020,3,3,0.8973053189714375,0.8981638455587644,0.0008585265873268799
3-regular,14,10,20332021,1,1,0.7745125689825572,0.7745125689825572,0.0
3-regular,14,10,20332021,1,3,0.8581384868590859,0.8646450169616932,0.006506530102607266
3-regular,14,10,20332021,2,1,0.7727058781485392,0.7745125689825572,0.0018066908340179655
3-regular,14,10,20332021,2,3,0.8581384868590859,0.8646450169616932,0.006506530102607266
3-regular,14,10,20332021,3,1,0.774098900990465,0.7745125689825572,0.0004136679920921926
3-regular,14,10,20332021,3,3,0.8603384914418482,0.8646450169616932,0.004306525519845006
3-regular,14,11,20332022,1,1,0.781990047260281,0.7821080211321098,0.00011797387182876928
3-regular,14,11,20332022,1,3,0.8646541939709813,0.8796824138367969,0.015028219865815595
3-regular,14,11,20332022,2,1,0.7788427039986178,0.7821080211321098,0.003265317133491985
3-regular,14,11,20332022,2,3,0.8646541939709813,0.8796824138367969,0.015028219865815595
3-regular,14,11,20332022,3,1,0.7821080211321098,0.7821080211321098,0.0
3-regular,14,11,20332022,3,3,0.8796824138367969,0.8796824138367969,0.0
3-regular,14,12,20332023,1,1,0.7894675255380048,0.7901171412737545,0.0006496157357497312
3-regular,14,12,20332023,1,3,0.8720607540300795,0.8857259590900026,0.01366520505992308
3-regular,14,12,20332023,2,1,0.7849795298486963,0.7901171412737545,0.005137611425058197
3-regular,14,12,20332023,2,3,0.8720607540300795,0.8857259590900026,0.01366520505992308
3-regular,14,12,20332023,3,1,0.7901171412737545,0.7901171412737545,0.0
3-regular,14,12,20332023,3,3,0.8831435690802487,0.8857259590900026,0.00258239000975391
3-regular,14,13,20332024,1,1,0.7894675255380046,0.7901171412737545,0.0006496157357499532
3-regular,14,13,20332024,1,3,0.8812098271621098,0.9015380071993818,0.020328180037271992
3-regular,14,13,20332024,2,1,0.7849795298486963,0.7901171412737545,0.005137611425058197
3-regular,14,13,20332024,2,3,0.8812098271621098,0.9015380071993818,0.020328180037271992
3-regular,14,13,20332024,3,1,0.7901171412737545,0.7901171412737545,0.0
3-regular,14,13,20332024,3,3,0.8984913284410996,0.9015380071993818,0.0030466787582822397
3-regular,14,14,20332025,1,1,0.7620844567201125,0.7650850458382498,0.0030005891181372757
3-regular,14,14,20332025,1,3,0.8483241014277029,0.8844670627187016,0.0361429612909987
3-regular,14,14,20332025,2,1,0.7552924877831244,0.7650850458382498,0.009792558055125355
3-regular,14,14,20332025,2,3,0.8483241014277029,0.8844670627187016,0.0361429612909987
3-regular,14,14,20332025,3,1,0.7637072035803577,0.7650850458382498,0.001377842257892059
3-regular,14,14,20332025,3,3,0.8834772825836374,0.8844670627187016,0.0009897801350641222
3-regular,14,15,20332026,1,1,0.7894675255380048,0.7901171412737545,0.0006496157357497312
3-regular,14,15,20332026,1,3,0.8695997696110332,0.8766024598112966,0.0070026902002633395
3-regular,14,15,20332026,2,1,0.7849795298486963,0.7901171412737545,0.005137611425058197
3-regular,14,15,20332026,2,3,0.8695997696110332,0.8766024598112966,0.0070026902002633395
3-regular,14,15,20332026,3,1,0.7901171412737545,0.7901171412737545,0.0
3-regular,14,15,20332026,3,3,0.8713780060468639,0.8766024598112966,0.005224453764432702
3-regular,14,16,20332027,1,1,0.7479166031412675,0.7485320285751359,0.0006154254338683884
3-regular,14,16,20332027,1,3,0.8276148476607984,0.8441396342874373,0.01652478662663892
3-regular,14,16,20332027,2,1,0.7436648177513965,0.7485320285751359,0.004867210823739421
3-regular,14,16,20332027,2,3,0.8276148476607984,0.8441396342874373,0.01652478662663892
3-regular,14,16,20332027,3,1,0.7485320285751359,0.7485320285751359,0.0
3-regular,14,16,20332027,3,3,0.8441396342874373,0.8441396342874373,0.0
3-regular,14,17,20332028,1,1,0.7620844567201125,0.76508504583825,0.0030005891181374977
3-regular,14,17,20332028,1,3,0.8447580036224593,0.8795266828614556,0.03476867923899629
3-regular,14,17,20332028,2,1,0.7552924877831244,0.76508504583825,0.009792558055125578
3-regular,14,17,20332028,2,3,0.8447580036224593,0.8795266828614556,0.03476867923899629
3-regular,14,17,20332028,3,1,0.7637072035803577,0.76508504583825,0.001377842257892281
3-regular,14,17,20332028,3,3,0.8795266828614556,0.8795266828614556,0.0
3-regular,14,18,20332029,1,1,0.7894675255380048,0.7901171412737545,0.0006496157357497312
3-regular,14,18,20332029,1,3,0.8832933806759679,0.8961971416076074,0.012903760931639585
3-regular,14,18,20332029,2,1,0.7849795298486963,0.7901171412737545,0.005137611425058197
3-regular,14,18,20332029,2,3,0.8832933806759679,0.8961971416076074,0.012903760931639585
3-regular,14,18,20332029,3,1,0.7901171412737545,0.7901171412737545,0.0
3-regular,14,18,20332029,3,3,0.8869509288975996,0.8961971416076074,0.009246212710007806
3-regular,14,19,20332030,1,1,0.7745125689825573,0.7745125689825573,0.0
3-regular,14,19,20332030,1,3,0.8619913958006558,0.8709042986419929,0.008912902841337167
3-regular,14,19,20332030,2,1,0.7727058781485391,0.7745125689825573,0.0018066908340181875
3-regular,14,19,20332030,2,3,0.8619913958006558,0.8709042986419929,0.008912902841337167
3-regular,14,19,20332030,3,1,0.7740989009904651,0.7745125689825573,0.0004136679920921926
3-regular,14,19,20332030,3,3,0.8650648145407376,0.8709042986419929,0.005839484101255343
3-regular,14,20,20332031,1,1,0.7819900472602809,0.7821080211321098,0.0001179738718288803
3-regular,14,20,20332031,1,3,0.8693923006839929,0.8817746137695566,0.012382313085563701
3-regular,14,20,20332031,2,1,0.7788427039986177,0.7821080211321098,0.003265317133492096
3-regular,14,20,20332031,2,3,0.8693923006839929,0.8817746137695566,0.012382313085563701
3-regular,14,20,20332031,3,1,0.7821080211321098,0.7821080211321098,0.0
3-regular,14,20,20332031,3,3,0.8775139116447724,0.8817746137695566,0.004260702124784133
3-regular,14,21,20332032,1,1,0.8279894618050032,0.8281143753163515,0.0001249135113482458
3-regular,14,21,20332032,1,3,0.9188990192268571,0.9299460264320927,0.011047007205235548
3-regular,14,21,20332032,2,1,0.8246569807044188,0.8281143753163515,0.003457394611932618
3-regular,14,21,20332032,2,3,0.9188990192268571,0.9299460264320927,0.011047007205235548
3-regular,14,21,20332032,3,1,0.8281143753163515,0.8281143753163515,0.0
3-regular,14,21,20332032,3,3,0.9250165416611262,0.9299460264320927,0.004929484770966441
3-regular,14,22,20332033,1,1,0.75500052993069,0.7561196160777467,0.0011190861470566915
3-regular,14,22,20332033,1,3,0.8402140723674743,0.8640364230041767,0.02382235063670246
3-regular,14,22,20332033,2,1,0.7494786527672603,0.7561196160777467,0.006640963310486359
3-regular,14,22,20332033,2,3,0.8402140723674743,0.8640364230041767,0.02382235063670246
3-regular,14,22,20332033,3,1,0.7561196160777467,0.7561196160777467,0.0
3-regular,14,22,20332033,3,3,0.8634759984103817,0.8640364230041767,0.000560424593795017
3-regular,14,23,20332034,1,1,0.8359067917461226,0.836594620172211,0.0006878284260883882
3-regular,14,23,20332034,1,3,0.92403817337481,0.9289964409153025,0.004958267540492556
3-regular,14,23,20332034,2,1,0.8311547963103844,0.836594620172211,0.00543982386182662
3-regular,14,23,20332034,2,3,0.92403817337481,0.9289964409153025,0.004958267540492556
3-regular,14,23,20332034,3,1,0.836594620172211,0.836594620172211,0.0
3-regular,14,23,20332034,3,3,0.9180184615071002,0.9289964409153025,0.010977979408202332
3-regular,14,24,20332035,1,1,0.7969450038157283,0.7981262614153993,0.0011812575996710262
3-regular,14,24,20332035,1,3,0.8796283800200629,0.8898296474581306,0.010201267438067707
3-regular,14,24,20332035,2,1,0.7911163556987749,0.7981262614153993,0.007009905716624409
3-regular,14,24,20332035,2,3,0.8796283800200629,0.8898296474581306,0.010201267438067707
3-regular,14,24,20332035,3,1,0.7981262614153993,0.7981262614153993,0.0
3-regular,14,24,20332035,3,3,0.8857538154500754,0.8898296474581306,0.00407583200805528
3-regular,14,25,20332036,1,1,0.7819900472602809,0.7821080211321098,0.0001179738718288803
3-regular,14,25,20332036,1,3,0.8672194092524954,0.8741323646611602,0.006912955408664767
3-regular,14,25,20332036,2,1,0.7788427039986178,0.7821080211321098,0.003265317133491985
3-regular,14,25,20332036,2,3,0.8672194092524954,0.8741323646611602,0.006912955408664767
3-regular,14,25,20332036,3,1,0.7821080211321098,0.7821080211321098,0.0
3-regular,14,25,20332036,3,3,0.8685408388192593,0.8741323646611602,0.005591525841900924
3-regular,14,26,20332037,1,1,0.7479166031412675,0.7485320285751358,0.0006154254338682774
3-regular,14,26,20332037,1,3,0.83283548644032,0.8738447086582842,0.041009222217964214
3-regular,14,26,20332037,2,1,0.7436648177513966,0.7485320285751358,0.004867210823739199
3-regular,14,26,20332037,2,3,0.83283548644032,0.8738447086582842,0.041009222217964214
3-regular,14,26,20332037,3,1,0.7485320285751358,0.7485320285751358,0.0
3-regular,14,26,20332037,3,3,0.8738447086582842,0.8738447086582842,0.0
3-regular,14,27,20332038,1,1,0.7819900472602809,0.7821080211321098,0.0001179738718288803
3-regular,14,27,20332038,1,3,0.8645377459052305,0.8733041543945469,0.008766408489316424
3-regular,14,27,20332038,2,1,0.7788427039986178,0.7821080211321098,0.003265317133491985
3-regular,14,27,20332038,2,3,0.8645377459052305,0.8733041543945469,0.008766408489316424
3-regular,14,27,20332038,3,1,0.7821080211321098,0.7821080211321098,0.0
3-regular,14,27,20332038,3,3,0.8707778991609172,0.8733041543945469,0.002526255233629704
3-regular,14,28,20332039,1,1,0.8121548019227649,0.8121548019227649,0.0
3-regular,14,28,20332039,1,3,0.8933866518964748,0.8933866518964748,0.0
3-regular,14,28,20332039,2,1,0.8116613494924876,0.8121548019227649,0.0004934524302773191
3-regular,14,28,20332039,2,3,0.8933866518964748,0.8933866518964748,0.0
3-regular,14,28,20332039,3,1,0.811153885604633,0.8121548019227649,0.001000916318131928
3-regular,14,28,20332039,3,3,0.8759072285085483,0.8933866518964748,0.017479423387926518
3-regular,14,29,20332040,1,1,0.7819900472602809,0.7821080211321098,0.0001179738718288803
3-regular,14,29,20332040,1,3,0.8672194092524954,0.8741323646611602,0.006912955408664767
3-regular,14,29,20332040,2,1,0.7788427039986177,0.7821080211321098,0.003265317133492096
3-regular,14,29,20332040,2,3,0.8672194092524954,0.8741323646611602,0.006912955408664767
3-regular,14,29,20332040,3,1,0.7821080211321098,0.7821080211321098,0.0
3-regular,14,29,20332040,3,3,0.8685408388192593,0.8741323646611602,0.005591525841900924
3-regular,14,30,20332041,1,1,0.820072131863884,0.820072131863884,0.0
3-regular,14,30,20332041,1,3,0.9087564130268483,0.9136453027519744,0.004888889725126133
3-regular,14,30,20332041,2,1,0.8181591650984532,0.820072131863884,0.0019129667654307347
3-regular,14,30,20332041,2,3,0.9087564130268483,0.9136453027519744,0.004888889725126133
3-regular,14,30,20332041,3,1,0.8196341304604922,0.820072131863884,0.0004380014033917856
3-regular,14,30,20332041,3,3,0.9074449153427019,0.9136453027519744,0.006200387409272534
ER(0.5),16,1,20272212,1,1,0.8160861241921085,0.81773145034473,0.0016453261526215845
ER(0.5),16,1,20272212,1,3,0.8960782460481299,0.9004257019188232,0.004347455870693295
ER(0.5),16,1,20272212,2,1,0.8171418307879518,0.81773145034473,0.0005896195567782758
ER(0.5),16,1,20272212,2,3,0.8792714959293519,0.9004257019188232,0.021154205989471264
ER(0.5),16,1,20272212,3,1,0.8160861241921085,0.81773145034473,0.0016453261526215845
ER(0.5),16,1,20272212,3,3,0.8925882097859226,0.9004257019188232,0.007837492132900636
ER(0.5),16,2,20272213,1,1,0.8544972073243557,0.8592611758057526,0.004763968481396819
ER(0.5),16,2,20272213,1,3,0.9136532580205077,0.9314126388232625,0.017759380802754854
ER(0.5),16,2,20272213,2,1,0.8504259282386546,0.8592611758057526,0.00883524756709797
ER(0.5),16,2,20272213,2,3,0.8632719866258863,0.9314126388232625,0.0681406521973762
ER(0.5),16,2,20272213,3,1,0.8544972073243557,0.8592611758057526,0.004763968481396819
ER(0.5),16,2,20272213,3,3,0.9118488741060602,0.9314126388232625,0.019563764717202337
ER(0.5),16,3,20272214,1,1,0.7784707749989683,0.7801720468237034,0.0017012718247351177
ER(0.5),16,3,20272214,1,3,0.8523325000823522,0.8705720131027105,0.01823951302035831
ER(0.5),16,3,20272214,2,1,0.7778699452439911,0.7801720468237034,0.0023021015797123345
ER(0.5),16,3,20272214,2,3,0.8236699476025039,0.8705720131027105,0.04690206550020659
ER(0.5),16,3,20272214,3,1,0.7784707749989683,0.7801720468237034,0.0017012718247351177
ER(0.5),16,3,20272214,3,3,0.8468478048852631,0.8705720131027105,0.023724208217447362
ER(0.5),16,4,20272215,1,1,0.8094104916737801,0.8116711045271825,0.0022606128534023995
ER(0.5),16,4,20272215,1,3,0.876430869393606,0.8879780447155641,0.011547175321958036
ER(0.5),16,4,20272215,2,1,0.8075474705012908,0.8116711045271825,0.004123634025891665
ER(0.5),16,4,20272215,2,3,0.8438928937874431,0.8879780447155641,0.04408515092812093
ER(0.5),16,4,20272215,3,1,0.8094104916737801,0.8116711045271825,0.0022606128534023995
ER(0.5),16,4,20272215,3,3,0.8732086552168528,0.8879780447155641,0.014769389498711316
ER(0.5),16,5,20272216,1,1,0.8150293713434725,0.8176020252658366,0.0025726539223640543
ER(0.5),16,5,20272216,1,3,0.8860351929275719,0.9029559597429325,0.01692076681536059
ER(0.5),16,5,20272216,2,1,0.8132697394986159,0.8176020252658366,0.004332285767220667
ER(0.5),16,5,20272216,2,3,0.8470235809466854,0.9029559597429325,0.05593237879624713
ER(0.5),16,5,20272216,3,1,0.8150293713434725,0.8176020252658366,0.0025726539223640543
ER(0.5),16,5,20272216,3,3,0.8819835828026832,0.9029559597429325,0.020972376940249338
ER(0.5),16,6,20272217,1,1,0.8208894030674443,0.824506052201675,0.003616649134230765
ER(0.5),16,6,20272217,1,3,0.8841555895402244,0.8999840999856118,0.015828510445387356
ER(0.5),16,6,20272217,2,1,0.8177613563444921,0.824506052201675,0.0067446958571829585
ER(0.5),16,6,20272217,2,3,0.8403692927022713,0.8999840999856118,0.059614807283340454
ER(0.5),16,6,20272217,3,1,0.8208894030674443,0.824506052201675,0.003616649134230765
ER(0.5),16,6,20272217,3,3,0.8818807046040693,0.8999840999856118,0.018103395381542486
ER(0.5),16,7,20272218,1,1,0.8110787384761886,0.812660404052595,0.001581665576406377
ER(0.5),16,7,20272218,1,3,0.8863413147624575,0.8964078402604145,0.010066525497957057
ER(0.5),16,7,20272218,2,1,0.8109169242711171,0.812660404052595,0.0017434797814779301
ER(0.5),16,7,20272218,2,3,0.8578045132685513,0.8964078402604145,0.038603326991863196
ER(0.5),16,7,20272218,3,1,0.8110787384761886,0.812660404052595,0.001581665576406377
ER(0.5),16,7,20272218,3,3,0.8816488387649288,0.8964078402604145,0.014759001495485702
ER(0.5),16,8,20272219,1,1,0.7966481402310984,0.7980281517544738,0.0013800115233754129
ER(0.5),16,8,20272219,1,3,0.8730564783777837,0.8837433253542457,0.01068684697646205
ER(0.5),16,8,20272219,2,1,0.796214459149076,0.7980281517544738,0.0018136926053978764
ER(0.5),16,8,20272219,2,3,0.8467849723009484,0.8837433253542457,0.03695835305329731
ER(0.5),16,8,20272219,3,1,0.7966481402310984,0.7980281517544738,0.0013800115233754129
ER(0.5),16,8,20272219,3,3,0.8684666892062064,0.8837433253542457,0.015276636148039313
ER(0.5),16,9,20272220,1,1,0.8323829781932952,0.8368496284619592,0.004466650268663996
ER(0.5),16,9,20272220,1,3,0.8927494258076785,0.9116719074669931,0.01892248165931465
ER(0.5),16,9,20272220,2,1,0.8292146236799924,0.8368496284619592,0.00763500478196677
ER(0.5),16,9,20272220,2,3,0.8445279937687623,0.9116719074669931,0.0671439136982308
ER(0.5),16,9,20272220,3,1,0.8323829781932952,0.8368496284619592,0.004466650268663996
ER(0.5),16,9,20272220,3,3,0.8904099768893912,0.9116719074669931,0.02126193057760195
ER(0.5),16,10,20272221,1,1,0.8490757139317414,0.8511325235868513,0.0020568096551099035
ER(0.5),16,10,20272221,1,3,0.9149572790686213,0.9258105402985909,0.010853261229969546
ER(0.5),16,10,20272221,2,1,0.8472375545086757,0.8511325235868513,0.0038949690781756585
ER(0.5),16,10,20272221,2,3,0.8779057226738569,0.9258105402985909,0.047904817624733975
ER(0.5),16,10,20272221,3,1,0.8490757139317414,0.8511325235868513,0.0020568096551099035
ER(0.5),16,10,20272221,3,3,0.913307218490089,0.9258105402985909,0.012503321808501888
ER(0.5),16,11,20272222,1,1,0.816757542754535,0.8175532155531838,0.0007956727986487833
ER(0.5),16,11,20272222,1,3,0.894491626903507,0.9005423290596323,0.006050702156125243
ER(0.5),16,11,20272222,2,1,0.816687625299051,0.8175532155531838,0.0008655902541327976
ER(0.5),16,11,20272222,2,3,0.8686479119742202,0.9005423290596323,0.031894417085412075
ER(0.5),16,11,20272222,3,1,0.816757542754535,0.8175532155531838,0.0007956727986487833
ER(0.5),16,11,20272222,3,3,0.8915373623602213,0.9005423290596323,0.009004966699410977
ER(0.5),16,12,20272223,1,1,0.8222963201607257,0.8235394138177694,0.0012430936570436701
ER(0.5),16,12,20272223,1,3,0.8997527077394917,0.9070784181320881,0.007325710392596441
ER(0.5),16,12,20272223,2,1,0.821771753110929,0.8235394138177694,0.0017676607068404238
ER(0.5),16,12,20272223,2,3,0.8734691558292049,0.9070784181320881,0.03360926230288319
ER(0.5),16,12,20272223,3,1,0.8222963201607257,0.8235394138177694,0.0012430936570436701
ER(0.5),16,12,20272223,3,3,0.8962014087546806,0.9070784181320881,0.010877009377407543
ER(0.5),16,13,20272224,1,1,0.8410354697408795,0.8446762478195716,0.0036407780786921196
ER(0.5),16,13,20272224,1,3,0.9072252268228176,0.9223586709924911,0.015133444169673549
ER(0.5),16,13,20272224,2,1,0.8378884733645776,0.8446762478195716,0.006787774454994011
ER(0.5),16,13,20272224,2,3,0.8641501051608834,0.9223586709924911,0.05820856583160772
ER(0.5),16,13,20272224,3,1,0.8410354697408795,0.8446762478195716,0.0036407780786921196
ER(0.5),16,13,20272224,3,3,0.9041795827615102,0.9223586709924911,0.01817908823098091
ER(0.5),16,14,20272225,1,1,0.7669292653867334,0.7697312049481747,0.002801939561441258
ER(0.5),16,14,20272225,1,3,0.856877883538815,0.8614561393780817,0.004578255839266743
ER(0.5),16,14,20272225,2,1,0.7697312049481748,0.7697312049481747,-1.1102230246251565e-16
ER(0.5),16,14,20272225,2,3,0.8557318229032521,0.8614561393780817,0.005724316474829627
ER(0.5),16,14,20272225,3,1,0.7669292653867334,0.7697312049481747,0.002801939561441258
ER(0.5),16,14,20272225,3,3,0.8524359992762419,0.8614561393780817,0.009020140101839824
ER(0.5),16,15,20272226,1,1,0.8298879547740441,0.8327097527973819,0.002821798023337818
ER(0.5),16,15,20272226,1,3,0.8979718164814006,0.9142018928151298,0.016230076333729193
ER(0.5),16,15,20272226,2,1,0.8284415219601755,0.8327097527973819,0.004268230837206399
ER(0.5),16,15,20272226,2,3,0.856943774051706,0.9142018928151298,0.05725811876342379
ER(0.5),16,15,20272226,3,1,0.8298879547740441,0.8327097527973819,0.002821798023337818
ER(0.5),16,15,20272226,3,3,0.8938987038314462,0.9142018928151298,0.02030318898368355
ER(0.5),16,16,20272227,1,1,0.8301815499801093,0.8338237857046538,0.0036422357245444736
ER(0.5),16,16,20272227,1,3,0.8963980655810471,0.9159526291495274,0.019554563568480288
ER(0.5),16,16,20272227,2,1,0.8277902682740985,0.8338237857046538,0.006033517430555246
ER(0.5),16,16,20272227,2,3,0.8515160243462522,0.9159526291495274,0.06443660480327518
ER(0.5),16,16,20272227,3,1,0.8301815499801093,0.8338237857046538,0.0036422357245444736
ER(0.5),16,16,20272227,3,3,0.892371825168886,0.9159526291495274,0.02358080398064133
ER(0.5),16,17,20272228,1,1,0.806393203597134,0.8080245249847001,0.0016313213875661647
ER(0.5),16,17,20272228,1,3,0.8769347716198691,0.8865526723483732,0.009617900728504103
ER(0.5),16,17,20272228,2,1,0.8053934515050856,0.8080245249847001,0.002631073479614554
ER(0.5),16,17,20272228,2,3,0.8461387039819149,0.8865526723483732,0.040413968366458275
ER(0.5),16,17,20272228,3,1,0.806393203597134,0.8080245249847001,0.0016313213875661647
ER(0.5),16,17,20272228,3,3,0.8741991685388768,0.8865526723483732,0.012353503809496402
ER(0.5),16,18,20272229,1,1,0.8370353167184581,0.8440747930250525,0.0070394763065944055
ER(0.5),16,18,20272229,1,3,0.8888407427179889,0.9181587744486318,0.029318031730642957
ER(0.5),16,18,20272229,2,1,0.8320356370595333,0.8440747930250525,0.012039155965519188
ER(0.5),16,18,20272229,2,3,0.8278282021334665,0.9181587744486318,0.09033057231516528
ER(0.5),16,18,20272229,3,1,0.8370353167184581,0.8440747930250525,0.0070394763065944055
ER(0.5),16,18,20272229,3,3,0.8857720149867262,0.9181587744486318,0.03238675946190561
ER(0.5),16,19,20272230,1,1,0.8350270161960499,0.8370609369354963,0.0020339207394464154
ER(0.5),16,19,20272230,1,3,0.9016323350825357,0.9109102954826201,0.00927796040008444
ER(0.5),16,19,20272230,2,1,0.8330570567876067,0.8370609369354963,0.00400388014788966
ER(0.5),16,19,20272230,2,3,0.8652613895423512,0.9109102954826201,0.045648905940268936
ER(0.5),16,19,20272230,3,1,0.8350270161960499,0.8370609369354963,0.0020339207394464154
ER(0.5),16,19,20272230,3,3,0.9006344568676135,0.9109102954826201,0.010275838615006694
ER(0.5),16,20,20272231,1,1,0.838747311233714,0.8419946026226377,0.0032472913889236565
ER(0.5),16,20,20272231,1,3,0.9058120154335906,0.9229071922169133,0.01709517678332273
ER(0.5),16,20,20272231,2,1,0.8366591691084689,0.8419946026226377,0.005335433514168764
ER(0.5),16,20,20272231,2,3,0.861658920806434,0.9229071922169133,0.06124827141047928
ER(0.5),16,20,20272231,3,1,0.838747311233714,0.8419946026226377,0.0032472913889236565
ER(0.5),16,20,20272231,3,3,0.9023285974752497,0.9229071922169133,0.02057859474166357
BA(k=2),18,1,20292412,1,1,0.7947586674710848,0.7947586674710848,0.0
BA(k=2),18,1,20292412,1,3,0.8595512170034363,0.8789417359168121,0.019390518913375843
BA(k=2),18,1,20292412,2,1,0.7946694579303575,0.7947586674710848,8.920954072733078e-5
BA(k=2),18,1,20292412,2,3,0.876479166721791,0.8789417359168121,0.0024625691950210804
BA(k=2),18,1,20292412,3,1,0.7933410181810215,0.7947586674710848,0.001417649290063272
BA(k=2),18,1,20292412,3,3,0.876479166721791,0.8789417359168121,0.0024625691950210804
BA(k=2),18,2,20292413,1,1,0.750109901527721,0.750109901527721,0.0
BA(k=2),18,2,20292413,1,3,0.8426263648532092,0.8580528248408429,0.0154264599876337
BA(k=2),18,2,20292413,2,1,0.7497296245779784,0.750109901527721,0.0003802769497425196
BA(k=2),18,2,20292413,2,3,0.8468750194576847,0.8580528248408429,0.011177805383158157
BA(k=2),18,2,20292413,3,1,0.7474773013213918,0.750109901527721,0.002632600206329161
BA(k=2),18,2,20292413,3,3,0.8468750194576847,0.8580528248408429,0.011177805383158157
BA(k=2),18,3,20292414,1,1,0.8129360666792561,0.8133642507463206,0.0004281840670644632
BA(k=2),18,3,20292414,1,3,0.8885484667637772,0.8995425181290747,0.01099405136529752
BA(k=2),18,3,20292414,2,1,0.8133642507463206,0.8133642507463206,0.0
BA(k=2),18,3,20292414,2,3,0.8995425181290747,0.8995425181290747,0.0
BA(k=2),18,3,20292414,3,1,0.8111221269903726,0.8133642507463206,0.002242123755948011
BA(k=2),18,3,20292414,3,3,0.8995425181290747,0.8995425181290747,0.0
BA(k=2),18,4,20292415,1,1,0.8175804987158309,0.8181202559275562,0.000539757211725278
BA(k=2),18,4,20292415,1,3,0.8965495913361619,0.9071603025802577,0.01061071124409585
BA(k=2),18,4,20292415,2,1,0.8181202559275562,0.8181202559275562,0.0
BA(k=2),18,4,20292415,2,3,0.9061069677355661,0.9071603025802577,0.0010533348446916113
BA(k=2),18,4,20292415,3,1,0.815021596448621,0.8181202559275562,0.003098659478935173
BA(k=2),18,4,20292415,3,3,0.9061069677355661,0.9071603025802577,0.0010533348446916113
BA(k=2),18,5,20292416,1,1,0.7515758319532893,0.7524477432763376,0.0008719113230483133
BA(k=2),18,5,20292416,1,3,0.8394027684852309,0.847429028796415,0.008026260311184141
BA(k=2),18,5,20292416,2,1,0.7524477432763377,0.7524477432763376,-1.1102230246251565e-16
BA(k=2),18,5,20292416,2,3,0.8445003959943063,0.847429028796415,0.002928632802108755
BA(k=2),18,5,20292416,3,1,0.7497895237409337,0.7524477432763376,0.002658219535403905
BA(k=2),18,5,20292416,3,3,0.8445003959943063,0.847429028796415,0.002928632802108755
BA(k=2),18,6,20292417,1,1,0.7721475292579891,0.7724794400525478,0.00033191079455863193
BA(k=2),18,6,20292417,1,3,0.840282536182191,0.8620131270301498,0.02173059084795881
BA(k=2),18,6,20292417,2,1,0.7724794400525478,0.7724794400525478,0.0
BA(k=2),18,6,20292417,2,3,0.8548372790256298,0.8620131270301498,0.00717584800451998
BA(k=2),18,6,20292417,3,1,0.7701613098246367,0.7724794400525478,0.0023181302279110527
BA(k=2),18,6,20292417,3,3,0.8548372790256298,0.8620131270301498,0.00717584800451998
BA(k=2),18,7,20292418,1,1,0.763003230409557,0.7630189733544465,1.5742944889485244e-5
BA(k=2),18,7,20292418,1,3,0.8537255826355408,0.8584510016747982,0.004725419039257384
BA(k=2),18,7,20292418,2,1,0.7630189733544467,0.7630189733544465,-2.220446049250313e-16
BA(k=2),18,7,20292418,2,3,0.8582450255721149,0.8584510016747982,0.0002059761026832474
BA(k=2),18,7,20292418,3,1,0.7597318257054476,0.7630189733544465,0.003287147648998845
BA(k=2),18,7,20292418,3,3,0.8582450255721149,0.8584510016747982,0.0002059761026832474
BA(k=2),18,8,20292419,1,1,0.733163779484322,0.7336131958732126,0.0004494163888906222
BA(k=2),18,8,20292419,1,3,0.8355917410034144,0.8457037693429701,0.010112028339555712
BA(k=2),18,8,20292419,2,1,0.7336131958732126,0.7336131958732126,0.0
BA(k=2),18,8,20292419,2,3,0.8356601977480957,0.8457037693429701,0.010043571594874345
BA(k=2),18,8,20292419,3,1,0.7305620231105286,0.7336131958732126,0.0030511727626839624
BA(k=2),18,8,20292419,3,3,0.8356601977480957,0.8457037693429701,0.010043571594874345
BA(k=2),18,9,20292420,1,1,0.7671114581488688,0.7671114581488688,0.0
BA(k=2),18,9,20292420,1,3,0.8701969010713634,0.8805998417681522,0.01040294069678882
BA(k=2),18,9,20292420,2,1,0.7669732083507536,0.7671114581488688,0.00013824979811527527
BA(k=2),18,9,20292420,2,3,0.8699493727377506,0.8805998417681522,0.010650469030401566
BA(k=2),18,9,20292420,3,1,0.7630141877483367,0.7671114581488688,0.004097270400532094
BA(k=2),18,9,20292420,3,3,0.8699493727377506,0.8805998417681522,0.010650469030401566
BA(k=2),18,10,20292421,1,1,0.7764680626628281,0.7764680626628283,2.220446049250313e-16
BA(k=2),18,10,20292421,1,3,0.8516977754667056,0.862373185619136,0.010675410152430453
BA(k=2),18,10,20292421,2,1,0.7763953849729629,0.7764680626628283,7.267768986540801e-5
BA(k=2),18,10,20292421,2,3,0.8612628250370591,0.862373185619136,0.0011103605820769191
BA(k=2),18,10,20292421,3,1,0.7743527830414598,0.7764680626628283,0.002115279621368482
BA(k=2),18,10,20292421,3,3,0.8612628250370591,0.862373185619136,0.0011103605820769191
BA(k=2),18,11,20292422,1,1,0.7861575743637338,0.7861575743637338,0.0
BA(k=2),18,11,20292422,1,3,0.8690719644659335,0.8793038991214112,0.01023193465547767
BA(k=2),18,11,20292422,2,1,0.7860720309711026,0.7861575743637338,8.554339263122657e-5
BA(k=2),18,11,20292422,2,3,0.8777450509806458,0.8793038991214112,0.0015588481407653454
BA(k=2),18,11,20292422,3,1,0.78280782765582,0.7861575743637338,0.00334974670791377
BA(k=2),18,11,20292422,3,3,0.8777450509806458,0.8793038991214112,0.0015588481407653454
BA(k=2),18,12,20292423,1,1,0.80632880826126,0.8063399482085777,1.1139947317717613e-5
BA(k=2),18,12,20292423,1,3,0.872518420790771,0.887350621491278,0.014832200700506948
BA(k=2),18,12,20292423,2,1,0.8063399482085777,0.8063399482085777,0.0
BA(k=2),18,12,20292423,2,3,0.8864054051459249,0.887350621491278,0.0009452163453530504
BA(k=2),18,12,20292423,3,1,0.8044618296491044,0.8063399482085777,0.0018781185594732852
BA(k=2),18,12,20292423,3,3,0.8864054051459249,0.887350621491278,0.0009452163453530504
BA(k=2),18,13,20292424,1,1,0.7857332561977244,0.7864620279159837,0.0007287717182593578
BA(k=2),18,13,20292424,1,3,0.8773614933796083,0.8860471977763174,0.008685704396709015
BA(k=2),18,13,20292424,2,1,0.7864620279159839,0.7864620279159837,-1.1102230246251565e-16
BA(k=2),18,13,20292424,2,3,0.8819869184296905,0.8860471977763174,0.004060279346626894
BA(k=2),18,13,20292424,3,1,0.7834718402080039,0.7864620279159837,0.0029901877079798744
BA(k=2),18,13,20292424,3,3,0.8819869184296905,0.8860471977763174,0.004060279346626894
BA(k=2),18,14,20292425,1,1,0.7571522882864777,0.7573535215323951,0.0002012332459173649
BA(k=2),18,14,20292425,1,3,0.848415122191247,0.8550181559951051,0.006603033803858072
BA(k=2),18,14,20292425,2,1,0.7573535215323951,0.7573535215323951,0.0
BA(k=2),18,14,20292425,2,3,0.8535387145327449,0.8550181559951051,0.0014794414623602314
BA(k=2),18,14,20292425,3,1,0.7545140175203554,0.7573535215323951,0.0028395040120396953
BA(k=2),18,14,20292425,3,3,0.8535387145327449,0.8550181559951051,0.0014794414623602314
BA(k=2),18,15,20292426,1,1,0.7800288892788033,0.7805587146225571,0.000529825343753787
BA(k=2),18,15,20292426,1,3,0.8612048394173435,0.8679275313788425,0.006722691961498994
BA(k=2),18,15,20292426,2,1,0.7805587146225571,0.7805587146225571,0.0
BA(k=2),18,15,20292426,2,3,0.8679275313788425,0.8679275313788425,0.0
BA(k=2),18,15,20292426,3,1,0.7791518143602398,0.7805587146225571,0.0014069002623172677
BA(k=2),18,15,20292426,3,3,0.8679275313788425,0.8679275313788425,0.0
BA(k=2),18,16,20292427,1,1,0.7618953150055034,0.7618993866213596,4.071615856138244e-6
BA(k=2),18,16,20292427,1,3,0.8423527822316771,0.8530837549153952,0.010730972683718143
BA(k=2),18,16,20292427,2,1,0.7618993866213599,0.7618993866213596,-3.3306690738754696e-16
BA(k=2),18,16,20292427,2,3,0.8505898282738419,0.8530837549153952,0.0024939266415533456
BA(k=2),18,16,20292427,3,1,0.7581208535385945,0.7618993866213596,0.003778533082765101
BA(k=2),18,16,20292427,3,3,0.8505898282738419,0.8530837549153952,0.0024939266415533456
BA(k=2),18,17,20292428,1,1,0.8059112717417816,0.8065112025379284,0.0005999307961468414
BA(k=2),18,17,20292428,1,3,0.8737763237333692,0.8854264148148266,0.011650091081457425
BA(k=2),18,17,20292428,2,1,0.8065112025379284,0.8065112025379284,0.0
BA(k=2),18,17,20292428,2,3,0.8848341311349891,0.8854264148148266,0.0005922836798375464
BA(k=2),18,17,20292428,3,1,0.8050379818992863,0.8065112025379284,0.001473220638642081
BA(k=2),18,17,20292428,3,3,0.8848341311349891,0.8854264148148266,0.0005922836798375464
BA(k=2),18,18,20292429,1,1,0.7688813950936827,0.7692843109713328,0.0004029158776500674
BA(k=2),18,18,20292429,1,3,0.8485942574229701,0.8567849247046534,0.008190667281683273
BA(k=2),18,18,20292429,2,1,0.7692843109713328,0.7692843109713328,0.0
BA(k=2),18,18,20292429,2,3,0.8567849247046534,0.8567849247046534,0.0
BA(k=2),18,18,20292429,3,1,0.7683765936074886,0.7692843109713328,0.0009077173638442071
BA(k=2),18,18,20292429,3,3,0.8567849247046534,0.8567849247046534,0.0
BA(k=2),18,19,20292430,1,1,0.7915030348486642,0.7918079107559747,0.00030487590731043124
BA(k=2),18,19,20292430,1,3,0.8866804012544924,0.8946470043719039,0.007966603117411486
BA(k=2),18,19,20292430,2,1,0.7918079107559747,0.7918079107559747,0.0
BA(k=2),18,19,20292430,2,3,0.8921556575807353,0.8946470043719039,0.0024913467911685805
BA(k=2),18,19,20292430,3,1,0.7880659228362574,0.7918079107559747,0.003741987919717249
BA(k=2),18,19,20292430,3,3,0.8921556575807353,0.8946470043719039,0.0024913467911685805
BA(k=2),18,20,20292431,1,1,0.7924973224691404,0.7931108626512261,0.0006135401820857034
BA(k=2),18,20,20292431,1,3,0.8838506093608877,0.8862632394279241,0.002412630067036403
BA(k=2),18,20,20292431,2,1,0.7931108626512261,0.7931108626512261,0.0
BA(k=2),18,20,20292431,2,3,0.8862632394279241,0.8862632394279241,0.0
BA(k=2),18,20,20292431,3,1,0.7903346714697792,0.7931108626512261,0.0027761911814468965
BA(k=2),18,20,20292431,3,3,0.8862632394279241,0.8862632394279241,0.0
BA(k=4),18,1,20302412,1,1,0.8048064310719512,0.8086357474269125,0.0038293163549613096
BA(k=4),18,1,20302412,1,3,0.8823208609389752,0.8944767359466508,0.012155875007675565
BA(k=4),18,1,20302412,2,1,0.8048064310719512,0.8086357474269125,0.0038293163549613096
BA(k=4),18,1,20302412,2,3,0.8848215050325472,0.8944767359466508,0.009655230914103585
BA(k=4),18,1,20302412,3,1,0.8074448854272126,0.8086357474269125,0.001190861999699866
BA(k=4),18,1,20302412,3,3,0.8734306589718432,0.8944767359466508,0.021046076974807537
BA(k=4),18,2,20302413,1,1,0.8176776328024294,0.820723541149676,0.0030459083472466064
BA(k=4),18,2,20302413,1,3,0.8903560173693013,0.9035345964252501,0.01317857905594888
BA(k=4),18,2,20302413,2,1,0.8176776328024294,0.820723541149676,0.0030459083472466064
BA(k=4),18,2,20302413,2,3,0.8975956763208476,0.9035345964252501,0.005938920104402556
BA(k=4),18,2,20302413,3,1,0.8188867938321456,0.820723541149676,0.0018367473175304738
BA(k=4),18,2,20302413,3,3,0.8771303237136026,0.9035345964252501,0.02640427271164758
BA(k=4),18,3,20302414,1,1,0.8127964880761478,0.8148472653228354,0.002050777246687563
BA(k=4),18,3,20302414,1,3,0.8858967044684707,0.8979746972336657,0.012077992765195056
BA(k=4),18,3,20302414,2,1,0.8127964880761478,0.8148472653228354,0.002050777246687563
BA(k=4),18,3,20302414,2,3,0.8898600408721803,0.8979746972336657,0.00811465636148545
BA(k=4),18,3,20302414,3,1,0.8135331608890801,0.8148472653228354,0.0013141044337552366
BA(k=4),18,3,20302414,3,3,0.8710839430757471,0.8979746972336657,0.02689075415791864
BA(k=4),18,4,20302415,1,1,0.7988871153957142,0.8018147024417733,0.0029275870460591102
BA(k=4),18,4,20302415,1,3,0.8724746513652006,0.8828822548172706,0.010407603452069925
BA(k=4),18,4,20302415,2,1,0.7988871153957142,0.8018147024417733,0.0029275870460591102
BA(k=4),18,4,20302415,2,3,0.8751707724934629,0.8828822548172706,0.007711482323807695
BA(k=4),18,4,20302415,3,1,0.8004994606057839,0.8018147024417733,0.0013152418359894114
BA(k=4),18,4,20302415,3,3,0.8614155201380724,0.8828822548172706,0.02146673467919813
BA(k=4),18,5,20302416,1,1,0.7800469910882087,0.7835011478562631,0.003454156768054384
BA(k=4),18,5,20302416,1,3,0.8598386496862376,0.8746937358516137,0.014855086165376119
BA(k=4),18,5,20302416,2,1,0.7800469910882087,0.7835011478562631,0.003454156768054384
BA(k=4),18,5,20302416,2,3,0.8590953095017584,0.8746937358516137,0.01559842634985531
BA(k=4),18,5,20302416,3,1,0.7819900082242002,0.7835011478562631,0.0015111396320629522
BA(k=4),18,5,20302416,3,3,0.8472475297754514,0.8746937358516137,0.027446206076162327
BA(k=4),18,6,20302417,1,1,0.8174641811727035,0.8206456405401831,0.0031814593674796
BA(k=4),18,6,20302417,1,3,0.8956658066889744,0.9037790693738303,0.008113262684855904
BA(k=4),18,6,20302417,2,1,0.8174641811727035,0.8206456405401831,0.0031814593674796
BA(k=4),18,6,20302417,2,3,0.8974774044327057,0.9037790693738303,0.006301664941124607
BA(k=4),18,6,20302417,3,1,0.8185790070722062,0.8206456405401831,0.002066633467976864
BA(k=4),18,6,20302417,3,3,0.8846800090387751,0.9037790693738303,0.019099060335055262
BA(k=4),18,7,20302418,1,1,0.7980713638273329,0.8007255208704006,0.0026541570430677064
BA(k=4),18,7,20302418,1,3,0.8799675841776717,0.8892735678317707,0.00930598365409896
BA(k=4),18,7,20302418,2,1,0.7980713638273329,0.8007255208704006,0.0026541570430677064
BA(k=4),18,7,20302418,2,3,0.8807242026569078,0.8892735678317707,0.008549365174862933
BA(k=4),18,7,20302418,3,1,0.7995932617587671,0.8007255208704006,0.0011322591116335046
BA(k=4),18,7,20302418,3,3,0.8669033805820899,0.8892735678317707,0.022370187249680762
BA(k=4),18,8,20302419,1,1,0.7878023304169878,0.7919309142212185,0.0041285838042307565
BA(k=4),18,8,20302419,1,3,0.8698842650767509,0.8792065293034858,0.009322264226734878
BA(k=4),18,8,20302419,2,1,0.7878023304169878,0.7919309142212185,0.0041285838042307565
BA(k=4),18,8,20302419,2,3,0.8687241244768859,0.8792065293034858,0.0104824048265999
BA(k=4),18,8,20302419,3,1,0.7906068821571092,0.7919309142212185,0.0013240320641093595
BA(k=4),18,8,20302419,3,3,0.8617785622395133,0.8792065293034858,0.017427967063972427
BA(k=4),18,9,20302420,1,1,0.8019059810347746,0.8053110594353846,0.0034050784006099954
BA(k=4),18,9,20302420,1,3,0.8782431573564171,0.887243326733787,0.009000169377369915
BA(k=4),18,9,20302420,2,1,0.8019059810347746,0.8053110594353846,0.0034050784006099954
BA(k=4),18,9,20302420,2,3,0.8800607014637163,0.887243326733787,0.007182625270070742
BA(k=4),18,9,20302420,3,1,0.80398231027655,0.8053110594353846,0.00132874915883463
BA(k=4),18,9,20302420,3,3,0.8680389569325155,0.887243326733787,0.019204369801271493
BA(k=4),18,10,20302421,1,1,0.802970755528523,0.8066613987361739,0.00369064320765089
BA(k=4),18,10,20302421,1,3,0.8914106049823389,0.9031399628683804,0.011729357886041458
BA(k=4),18,10,20302421,2,1,0.802970755528523,0.8066613987361739,0.00369064320765089
BA(k=4),18,10,20302421,2,3,0.8884926637474894,0.9031399628683804,0.014647299120891022
BA(k=4),18,10,20302421,3,1,0.8053685425986056,0.8066613987361739,0.0012928561375683545
BA(k=4),18,10,20302421,3,3,0.8805887243337511,0.9031399628683804,0.02255123853462926
BA(k=4),18,11,20302422,1,1,0.8026254699955757,0.8058426943620668,0.0032172243664910782
BA(k=4),18,11,20302422,1,3,0.8776422214851652,0.8869979774130231,0.009355755927857867
BA(k=4),18,11,20302422,2,1,0.8026254699955757,0.8058426943620668,0.0032172243664910782
BA(k=4),18,11,20302422,2,3,0.8817182252385921,0.8869979774130231,0.005279752174430996
BA(k=4),18,11,20302422,3,1,0.8045318013625562,0.8058426943620668,0.0013108929995105933
BA(k=4),18,11,20302422,3,3,0.8680594594262834,0.8869979774130231,0.018938517986739734
BA(k=4),18,12,20302423,1,1,0.7939082304150328,0.7962327311476975,0.0023245007326647693
BA(k=4),18,12,20302423,1,3,0.8661316418809273,0.8767842638413845,0.010652621960457243
BA(k=4),18,12,20302423,2,1,0.7939082304150328,0.7962327311476975,0.0023245007326647693
BA(k=4),18,12,20302423,2,3,0.8681935780100817,0.8767842638413845,0.008590685831302847
BA(k=4),18,12,20302423,3,1,0.7946936938616616,0.7962327311476975,0.0015390372860359935
BA(k=4),18,12,20302423,3,3,0.8536357143921366,0.8767842638413845,0.023148549449247935
BA(k=4),18,13,20302424,1,1,0.7985649208056542,0.8015305510855286,0.0029656302798743983
BA(k=4),18,13,20302424,1,3,0.872649832761507,0.8836342995489511,0.010984466787444136
BA(k=4),18,13,20302424,2,1,0.7985649208056542,0.8015305510855286,0.0029656302798743983
BA(k=4),18,13,20302424,2,3,0.8752231263573846,0.8836342995489511,0.008411173191566479
BA(k=4),18,13,20302424,3,1,0.7999807218752684,0.8015305510855286,0.0015498292102602562
BA(k=4),18,13,20302424,3,3,0.8611195125413027,0.8836342995489511,0.022514787007648418
BA(k=4),18,14,20302425,1,1,0.7933531413383372,0.7953467970605304,0.0019936557221931217
BA(k=4),18,14,20302425,1,3,0.8734606131837381,0.88459378562519,0.011133172441451844
BA(k=4),18,14,20302425,2,1,0.7933531413383372,0.7953467970605304,0.0019936557221931217
BA(k=4),18,14,20302425,2,3,0.8728387398063762,0.88459378562519,0.011755045818813814
BA(k=4),18,14,20302425,3,1,0.7942058850945152,0.7953467970605304,0.001140911966015179
BA(k=4),18,14,20302425,3,3,0.8601907583314494,0.88459378562519,0.024403027293740553
BA(k=4),18,15,20302426,1,1,0.796261368860414,0.7987526937150468,0.0024913248546327704
BA(k=4),18,15,20302426,1,3,0.8732830224702381,0.8819849508792383,0.008701928409000192
BA(k=4),18,15,20302426,2,1,0.796261368860414,0.7987526937150468,0.0024913248546327704
BA(k=4),18,15,20302426,2,3,0.8747639416308574,0.8819849508792383,0.007221009248380983
BA(k=4),18,15,20302426,3,1,0.7974026500743003,0.7987526937150468,0.0013500436407464234
BA(k=4),18,15,20302426,3,3,0.8609222551817873,0.8819849508792383,0.021062695697451006
BA(k=4),18,16,20302427,1,1,0.8038826070523313,0.8079325854758315,0.004049978423500189
BA(k=4),18,16,20302427,1,3,0.8852305700500754,0.8947419092648041,0.009511339214728687
BA(k=4),18,16,20302427,2,1,0.8038826070523313,0.8079325854758315,0.004049978423500189
BA(k=4),18,16,20302427,2,3,0.8848526109519139,0.8947419092648041,0.009889298312890205
BA(k=4),18,16,20302427,3,1,0.8063380203368116,0.8079325854758315,0.001594565139019899
BA(k=4),18,16,20302427,3,3,0.8752093260247155,0.8947419092648041,0.019532583240088663
BA(k=4),18,17,20302428,1,1,0.8175741145186581,0.8205255227101074,0.002951408191449234
BA(k=4),18,17,20302428,1,3,0.8976004657331739,0.9086537213726686,0.011053255639494775
BA(k=4),18,17,20302428,2,1,0.8175741145186581,0.8205255227101074,0.002951408191449234
BA(k=4),18,17,20302428,2,3,0.8992904532081504,0.9086537213726686,0.009363268164518268
BA(k=4),18,17,20302428,3,1,0.8191870178905724,0.8205255227101074,0.0013385048195350135
BA(k=4),18,17,20302428,3,3,0.8836948488568552,0.9086537213726686,0.024958872515813413
BA(k=4),18,18,20302429,1,1,0.7998913387651505,0.8037372364681553,0.003845897703004808
BA(k=4),18,18,20302429,1,3,0.8856459149048506,0.9033599567367718,0.017714041831921268
BA(k=4),18,18,20302429,2,1,0.7998913387651505,0.8037372364681553,0.003845897703004808
BA(k=4),18,18,20302429,2,3,0.8856799764424327,0.9033599567367718,0.017679980294339148
BA(k=4),18,18,20302429,3,1,0.8021268967187356,0.8037372364681553,0.0016103397494197091
BA(k=4),18,18,20302429,3,3,0.8732003117230717,0.9033599567367718,0.030159645013700165
BA(k=4),18,19,20302430,1,1,0.8340637206369599,0.8365362023603075,0.002472481723347575
BA(k=4),18,19,20302430,1,3,0.9022269305169663,0.9154510617459507,0.01322413122898436
BA(k=4),18,19,20302430,2,1,0.8340637206369599,0.8365362023603075,0.002472481723347575
BA(k=4),18,19,20302430,2,3,0.9098535579102133,0.9154510617459507,0.005597503835737427
BA(k=4),18,19,20302430,3,1,0.8344743325737307,0.8365362023603075,0.002061869786576742
BA(k=4),18,19,20302430,3,3,0.8890097256793096,0.9154510617459507,0.02644133606664112
BA(k=4),18,20,20302431,1,1,0.800856996353278,0.8043095379307964,0.0034525415775183976
BA(k=4),18,20,20302431,1,3,0.8803261003190799,0.8899936021175826,0.009667501798502731
BA(k=4),18,20,20302431,2,1,0.800856996353278,0.8043095379307964,0.0034525415775183976
BA(k=4),18,20,20302431,2,3,0.8815416285151826,0.8899936021175826,0.00845197360240002
BA(k=4),18,20,20302431,3,1,0.8029445226114955,0.8043095379307964,0.0013650153193008885
BA(k=4),18,20,20302431,3,3,0.8693903399026547,0.8899936021175826,0.02060326221492792
WS(k=4;b=0.1),18,1,20312412,1,1,0.8002715808844012,0.8002715808844012,0.0
WS(k=4;b=0.1),18,1,20312412,1,3,0.8697507042120254,0.8697507042120256,2.220446049250313e-16
WS(k=4;b=0.1),18,1,20312412,2,1,0.8002715808844012,0.8002715808844012,0.0
WS(k=4;b=0.1),18,1,20312412,2,3,0.8685292482639156,0.8697507042120256,0.0012214559481099618
WS(k=4;b=0.1),18,1,20312412,3,1,0.8002715808844012,0.8002715808844012,0.0
WS(k=4;b=0.1),18,1,20312412,3,3,0.8670771458872059,0.8697507042120256,0.002673558324819747
WS(k=4;b=0.1),18,2,20312413,1,1,0.7803567715107974,0.7803567715107973,-1.1102230246251565e-16
WS(k=4;b=0.1),18,2,20312413,1,3,0.8629610722465619,0.8634812500225583,0.0005201777759963333
WS(k=4;b=0.1),18,2,20312413,2,1,0.7803567715107974,0.7803567715107973,-1.1102230246251565e-16
WS(k=4;b=0.1),18,2,20312413,2,3,0.8609494342253708,0.8634812500225583,0.00253181579718742
WS(k=4;b=0.1),18,2,20312413,3,1,0.7803567715107974,0.7803567715107973,-1.1102230246251565e-16
WS(k=4;b=0.1),18,2,20312413,3,3,0.863481250022558,0.8634812500225583,2.220446049250313e-16
WS(k=4;b=0.1),18,3,20312414,1,1,0.8343572056303286,0.8343572056303286,0.0
WS(k=4;b=0.1),18,3,20312414,1,3,0.9112546689740605,0.9112546689740605,0.0
WS(k=4;b=0.1),18,3,20312414,2,1,0.8343572056303286,0.8343572056303286,0.0
WS(k=4;b=0.1),18,3,20312414,2,3,0.9106519847578388,0.9112546689740605,0.0006026842162216717
WS(k=4;b=0.1),18,3,20312414,3,1,0.8343572056303286,0.8343572056303286,0.0
WS(k=4;b=0.1),18,3,20312414,3,3,0.9052281149558047,0.9112546689740605,0.006026554018255803
WS(k=4;b=0.1),18,4,20312415,1,1,0.8080568970672094,0.8080568970672094,0.0
WS(k=4;b=0.1),18,4,20312415,1,3,0.893375679576172,0.8946967977721635,0.0013211181959914553
WS(k=4;b=0.1),18,4,20312415,2,1,0.8080568970672094,0.8080568970672094,0.0
WS(k=4;b=0.1),18,4,20312415,2,3,0.8911723948784381,0.8946967977721635,0.0035244028937253535
WS(k=4;b=0.1),18,4,20312415,3,1,0.8080568970672094,0.8080568970672094,0.0
WS(k=4;b=0.1),18,4,20312415,3,3,0.8946967977721635,0.8946967977721635,0.0
WS(k=4;b=0.1),18,5,20312416,1,1,0.8305199244287222,0.8305199244287224,1.1102230246251565e-16
WS(k=4;b=0.1),18,5,20312416,1,3,0.9067389900421011,0.9067389900421013,2.220446049250313e-16
WS(k=4;b=0.1),18,5,20312416,2,1,0.8305199244287222,0.8305199244287224,1.1102230246251565e-16
WS(k=4;b=0.1),18,5,20312416,2,3,0.9049824721994105,0.9067389900421013,0.001756517842690819
WS(k=4;b=0.1),18,5,20312416,3,1,0.8305199244287222,0.8305199244287224,1.1102230246251565e-16
WS(k=4;b=0.1),18,5,20312416,3,3,0.9049812692386107,0.9067389900421013,0.001757720803490681
WS(k=4;b=0.1),18,6,20312417,1,1,0.8296943474731279,0.829694347473128,1.1102230246251565e-16
WS(k=4;b=0.1),18,6,20312417,1,3,0.9067985947300129,0.9067985947300128,-1.1102230246251565e-16
WS(k=4;b=0.1),18,6,20312417,2,1,0.8296943474731279,0.829694347473128,1.1102230246251565e-16
WS(k=4;b=0.1),18,6,20312417,2,3,0.9051172519166539,0.9067985947300128,0.0016813428133588548
WS(k=4;b=0.1),18,6,20312417,3,1,0.8296943474731279,0.829694347473128,1.1102230246251565e-16
WS(k=4;b=0.1),18,6,20312417,3,3,0.9031023888154469,0.9067985947300128,0.0036962059145658754
WS(k=4;b=0.1),18,7,20312418,1,1,0.8049921629446736,0.8049921629446736,0.0
WS(k=4;b=0.1),18,7,20312418,1,3,0.8812995497234459,0.8812995497234459,0.0
WS(k=4;b=0.1),18,7,20312418,2,1,0.8049921629446736,0.8049921629446736,0.0
WS(k=4;b=0.1),18,7,20312418,2,3,0.8799061559273144,0.8812995497234459,0.00139339379613157
WS(k=4;b=0.1),18,7,20312418,3,1,0.8049921629446736,0.8049921629446736,0.0
WS(k=4;b=0.1),18,7,20312418,3,3,0.8760972149327778,0.8812995497234459,0.005202334790668117
WS(k=4;b=0.1),18,8,20312419,1,1,0.8305199244287222,0.8305199244287222,0.0
WS(k=4;b=0.1),18,8,20312419,1,3,0.9033050430273053,0.9033050430273053,0.0
WS(k=4;b=0.1),18,8,20312419,2,1,0.8305199244287222,0.8305199244287222,0.0
WS(k=4;b=0.1),18,8,20312419,2,3,0.90212252562264,0.9033050430273053,0.0011825174046653508
WS(k=4;b=0.1),18,8,20312419,3,1,0.8305199244287222,0.8305199244287222,0.0
WS(k=4;b=0.1),18,8,20312419,3,3,0.8972387107550447,0.9033050430273053,0.0060663322722606106
WS(k=4;b=0.1),18,9,20312420,1,1,0.7954047699702291,0.7954047699702291,0.0
WS(k=4;b=0.1),18,9,20312420,1,3,0.8686737044248698,0.8686737044248699,1.1102230246251565e-16
WS(k=4;b=0.1),18,9,20312420,2,1,0.7954047699702291,0.7954047699702291,0.0
WS(k=4;b=0.1),18,9,20312420,2,3,0.866851843100069,0.8686737044248699,0.0018218613248008886
WS(k=4;b=0.1),18,9,20312420,3,1,0.7954047699702291,0.7954047699702291,0.0
WS(k=4;b=0.1),18,9,20312420,3,3,0.8657916121040922,0.8686737044248699,0.0028820923207777405
WS(k=4;b=0.1),18,10,20312421,1,1,0.7906968937068184,0.7930027042064465,0.0023058104996280804
WS(k=4;b=0.1),18,10,20312421,1,3,0.8783517892418319,0.8787155587139502,0.0003637694721183582
WS(k=4;b=0.1),18,10,20312421,2,1,0.7906968937068184,0.7930027042064465,0.0023058104996280804
WS(k=4;b=0.1),18,10,20312421,2,3,0.8765898429460175,0.8787155587139502,0.0021257157679327454
WS(k=4;b=0.1),18,10,20312421,3,1,0.7906968937068184,0.7930027042064465,0.0023058104996280804
WS(k=4;b=0.1),18,10,20312421,3,3,0.8744996122396193,0.8787155587139502,0.004215946474330989
WS(k=4;b=0.1),18,11,20312422,1,1,0.8328288196387303,0.8328288196387303,0.0
WS(k=4;b=0.1),18,11,20312422,1,3,0.9093222418829685,0.9093222418829685,0.0
WS(k=4;b=0.1),18,11,20312422,2,1,0.8328288196387303,0.8328288196387303,0.0
WS(k=4;b=0.1),18,11,20312422,2,3,0.9079117003847649,0.9093222418829685,0.0014105414982036324
WS(k=4;b=0.1),18,11,20312422,3,1,0.8328288196387303,0.8328288196387303,0.0
WS(k=4;b=0.1),18,11,20312422,3,3,0.9058763741652003,0.9093222418829685,0.003445867717768225
WS(k=4;b=0.1),18,12,20312423,1,1,0.830180257690957,0.8301802576909568,-2.220446049250313e-16
WS(k=4;b=0.1),18,12,20312423,1,3,0.9053846567867105,0.9053846567867105,0.0
WS(k=4;b=0.1),18,12,20312423,2,1,0.830180257690957,0.8301802576909568,-2.220446049250313e-16
WS(k=4;b=0.1),18,12,20312423,2,3,0.9038141723459618,0.9053846567867105,0.0015704844407486984
WS(k=4;b=0.1),18,12,20312423,3,1,0.830180257690957,0.8301802576909568,-2.220446049250313e-16
WS(k=4;b=0.1),18,12,20312423,3,3,0.9016372824417199,0.9053846567867105,0.003747374344990617
WS(k=4;b=0.1),18,13,20312424,1,1,0.8594605390731928,0.8594605390731928,0.0
WS(k=4;b=0.1),18,13,20312424,1,3,0.930819460794414,0.9308194607944142,2.220446049250313e-16
WS(k=4;b=0.1),18,13,20312424,2,1,0.8594605390731928,0.8594605390731928,0.0
WS(k=4;b=0.1),18,13,20312424,2,3,0.9298266131671513,0.9308194607944142,0.0009928476272629272
WS(k=4;b=0.1),18,13,20312424,3,1,0.8594605390731928,0.8594605390731928,0.0
WS(k=4;b=0.1),18,13,20312424,3,3,0.9252574669814313,0.9308194607944142,0.005561993812982946
WS(k=4;b=0.1),18,14,20312425,1,1,0.8095685121174314,0.8098094250706881,0.00024091295325667783
WS(k=4;b=0.1),18,14,20312425,1,3,0.9000731721847351,0.9017332980716982,0.0016601258869630708
WS(k=4;b=0.1),18,14,20312425,2,1,0.8095685121174314,0.8098094250706881,0.00024091295325667783
WS(k=4;b=0.1),18,14,20312425,2,3,0.8975841960417433,0.9017332980716982,0.0041491020299548875
WS(k=4;b=0.1),18,14,20312425,3,1,0.8095685121174314,0.8098094250706881,0.00024091295325667783
WS(k=4;b=0.1),18,14,20312425,3,3,0.901733298071698,0.9017332980716982,2.220446049250313e-16
WS(k=4;b=0.1),18,15,20312426,1,1,0.8052619234380182,0.8052619234380182,0.0
WS(k=4;b=0.1),18,15,20312426,1,3,0.8863956526689183,0.8863956526689183,0.0
WS(k=4;b=0.1),18,15,20312426,2,1,0.8052619234380182,0.8052619234380182,0.0
WS(k=4;b=0.1),18,15,20312426,2,3,0.8844399995040604,0.8863956526689183,0.0019556531648579067
WS(k=4;b=0.1),18,15,20312426,3,1,0.8052619234380182,0.8052619234380182,0.0
WS(k=4;b=0.1),18,15,20312426,3,3,0.885592031801392,0.8863956526689183,0.0008036208675262779
WS(k=4;b=0.1),18,16,20312427,1,1,0.8305199244287222,0.8305199244287224,1.1102230246251565e-16
WS(k=4;b=0.1),18,16,20312427,1,3,0.9103965375344953,0.9103965375344955,1.1102230246251565e-16
WS(k=4;b=0.1),18,16,20312427,2,1,0.8305199244287222,0.8305199244287224,1.1102230246251565e-16
WS(k=4;b=0.1),18,16,20312427,2,3,0.9084477892348012,0.9103965375344955,0.0019487482996942695
WS(k=4;b=0.1),18,16,20312427,3,1,0.8305199244287222,0.8305199244287224,1.1102230246251565e-16
WS(k=4;b=0.1),18,16,20312427,3,3,0.9080123572502885,0.9103965375344955,0.0023841802842069493
WS(k=4;b=0.1),18,17,20312428,1,1,0.8322476385860857,0.8322476385860857,0.0
WS(k=4;b=0.1),18,17,20312428,1,3,0.9101575868240858,0.9101575868240857,-1.1102230246251565e-16
WS(k=4;b=0.1),18,17,20312428,2,1,0.8322476385860857,0.8322476385860857,0.0
WS(k=4;b=0.1),18,17,20312428,2,3,0.9091817780669847,0.9101575868240857,0.0009758087571009044
WS(k=4;b=0.1),18,17,20312428,3,1,0.8322476385860857,0.8322476385860857,0.0
WS(k=4;b=0.1),18,17,20312428,3,3,0.9050001788304037,0.9101575868240857,0.005157407993681917
WS(k=4;b=0.1),18,18,20312429,1,1,0.830140817590402,0.830140817590402,0.0
WS(k=4;b=0.1),18,18,20312429,1,3,0.8986616991130822,0.8986616991130822,0.0
WS(k=4;b=0.1),18,18,20312429,2,1,0.830140817590402,0.830140817590402,0.0
WS(k=4;b=0.1),18,18,20312429,2,3,0.8979698642664552,0.8986616991130822,0.0006918348466270485
WS(k=4;b=0.1),18,18,20312429,3,1,0.830140817590402,0.830140817590402,0.0
WS(k=4;b=0.1),18,18,20312429,3,3,0.8918865884344692,0.8986616991130822,0.006775110678613028
WS(k=4;b=0.1),18,19,20312430,1,1,0.8251101270368703,0.8251101270368705,2.220446049250313e-16
WS(k=4;b=0.1),18,19,20312430,1,3,0.8988942052340666,0.8988942052340666,0.0
WS(k=4;b=0.1),18,19,20312430,2,1,0.8251101270368703,0.8251101270368705,2.220446049250313e-16
WS(k=4;b=0.1),18,19,20312430,2,3,0.8969673181219312,0.8988942052340666,0.0019268871121354003
WS(k=4;b=0.1),18,19,20312430,3,1,0.8251101270368703,0.8251101270368705,2.220446049250313e-16
WS(k=4;b=0.1),18,19,20312430,3,3,0.8949276266256605,0.8988942052340666,0.003966578608406102
WS(k=4;b=0.1),18,20,20312431,1,1,0.8032361258088431,0.8032361258088433,2.220446049250313e-16
WS(k=4;b=0.1),18,20,20312431,1,3,0.8892255774902823,0.892889388474407,0.0036638109841247157
WS(k=4;b=0.1),18,20,20312431,2,1,0.8032361258088431,0.8032361258088433,2.220446049250313e-16
WS(k=4;b=0.1),18,20,20312431,2,3,0.8862227264719806,0.892889388474407,0.006666662002426382
WS(k=4;b=0.1),18,20,20312431,3,1,0.8032361258088431,0.8032361258088433,2.220446049250313e-16
WS(k=4;b=0.1),18,20,20312431,3,3,0.8928893884744072,0.892889388474407,-2.220446049250313e-16
WS(k=4;b=0.5),18,1,20322412,1,1,0.8364444730775425,0.8364444730775428,2.220446049250313e-16
WS(k=4;b=0.5),18,1,20322412,1,3,0.9121360336268582,0.9121360336268582,0.0
WS(k=4;b=0.5),18,1,20322412,2,1,0.8364444730775425,0.8364444730775428,2.220446049250313e-16
WS(k=4;b=0.5),18,1,20322412,2,3,0.9025815033944048,0.9121360336268582,0.009554530232453451
WS(k=4;b=0.5),18,1,20322412,3,1,0.8364444730775425,0.8364444730775428,2.220446049250313e-16
WS(k=4;b=0.5),18,1,20322412,3,3,0.8979221232001363,0.9121360336268582,0.014213910426721932
WS(k=4;b=0.5),18,2,20322413,1,1,0.8068447230405925,0.8068447230405925,0.0
WS(k=4;b=0.5),18,2,20322413,1,3,0.8948764162838729,0.8948764162838729,0.0
WS(k=4;b=0.5),18,2,20322413,2,1,0.8068447230405925,0.8068447230405925,0.0
WS(k=4;b=0.5),18,2,20322413,2,3,0.8912888247283137,0.8948764162838729,0.003587591555559211
WS(k=4;b=0.5),18,2,20322413,3,1,0.8068447230405925,0.8068447230405925,0.0
WS(k=4;b=0.5),18,2,20322413,3,3,0.8874164103551964,0.8948764162838729,0.007460005928676572
WS(k=4;b=0.5),18,3,20322414,1,1,0.7902978592338724,0.7926759001657993,0.002378040931926839
WS(k=4;b=0.5),18,3,20322414,1,3,0.8835511797326772,0.8863607399495403,0.002809560216863183
WS(k=4;b=0.5),18,3,20322414,2,1,0.7902978592338724,0.7926759001657993,0.002378040931926839
WS(k=4;b=0.5),18,3,20322414,2,3,0.8812409571995471,0.8863607399495403,0.005119782749993251
WS(k=4;b=0.5),18,3,20322414,3,1,0.7902978592338724,0.7926759001657993,0.002378040931926839
WS(k=4;b=0.5),18,3,20322414,3,3,0.8830569935175612,0.8863607399495403,0.003303746431979171
WS(k=4;b=0.5),18,4,20322415,1,1,0.8114363255803555,0.8122742428281697,0.0008379172478142349
WS(k=4;b=0.5),18,4,20322415,1,3,0.8976604822502134,0.8976604822502134,0.0
WS(k=4;b=0.5),18,4,20322415,2,1,0.8114363255803555,0.8122742428281697,0.0008379172478142349
WS(k=4;b=0.5),18,4,20322415,2,3,0.8945248724726509,0.8976604822502134,0.0031356097775625535
WS(k=4;b=0.5),18,4,20322415,3,1,0.8114363255803555,0.8122742428281697,0.0008379172478142349
WS(k=4;b=0.5),18,4,20322415,3,3,0.8937803550708429,0.8976604822502134,0.003880127179370585
WS(k=4;b=0.5),18,5,20322416,1,1,0.7934143570276355,0.7971238816055038,0.0037095245778683283
WS(k=4;b=0.5),18,5,20322416,1,3,0.8919412400625876,0.8969417349410321,0.005000494878444561
WS(k=4;b=0.5),18,5,20322416,2,1,0.7934143570276355,0.7971238816055038,0.0037095245778683283
WS(k=4;b=0.5),18,5,20322416,2,3,0.8895240236737039,0.8969417349410321,0.007417711267328264
WS(k=4;b=0.5),18,5,20322416,3,1,0.7934143570276355,0.7971238816055038,0.0037095245778683283
WS(k=4;b=0.5),18,5,20322416,3,3,0.8916287620167697,0.8969417349410321,0.005312972924262471
WS(k=4;b=0.5),18,6,20322417,1,1,0.8033478358655712,0.8039149612054372,0.0005671253398659148
WS(k=4;b=0.5),18,6,20322417,1,3,0.8885974082337541,0.8885974082337541,0.0
WS(k=4;b=0.5),18,6,20322417,2,1,0.8033478358655712,0.8039149612054372,0.0005671253398659148
WS(k=4;b=0.5),18,6,20322417,2,3,0.8839672874337526,0.8885974082337541,0.004630120800001469
WS(k=4;b=0.5),18,6,20322417,3,1,0.8033478358655712,0.8039149612054372,0.0005671253398659148
WS(k=4;b=0.5),18,6,20322417,3,3,0.8805586705337686,0.8885974082337541,0.008038737699985532
WS(k=4;b=0.5),18,7,20322418,1,1,0.7699375809923891,0.7735787033028605,0.003641122310471423
WS(k=4;b=0.5),18,7,20322418,1,3,0.8676776137250062,0.8769451841941149,0.009267570469108755
WS(k=4;b=0.5),18,7,20322418,2,1,0.7699375809923891,0.7735787033028605,0.003641122310471423
WS(k=4;b=0.5),18,7,20322418,2,3,0.8722562393532125,0.8769451841941149,0.0046889448409024315
WS(k=4;b=0.5),18,7,20322418,3,1,0.7699375809923891,0.7735787033028605,0.003641122310471423
WS(k=4;b=0.5),18,7,20322418,3,3,0.8769451841941149,0.8769451841941149,0.0
WS(k=4;b=0.5),18,8,20322419,1,1,0.7057764127753028,0.7112074982219179,0.00543108544661508
WS(k=4;b=0.5),18,8,20322419,1,3,0.8046677448641815,0.8318741803267956,0.027206435462614142
WS(k=4;b=0.5),18,8,20322419,2,1,0.7057764127753028,0.7112074982219179,0.00543108544661508
WS(k=4;b=0.5),18,8,20322419,2,3,0.8097360011233373,0.8318741803267956,0.022138179203458286
WS(k=4;b=0.5),18,8,20322419,3,1,0.7057764127753028,0.7112074982219179,0.00543108544661508
WS(k=4;b=0.5),18,8,20322419,3,3,0.8196737355991269,0.8318741803267956,0.01220044472766868
WS(k=4;b=0.5),18,9,20322420,1,1,0.7860594618409075,0.7882333581517125,0.0021738963108050013
WS(k=4;b=0.5),18,9,20322420,1,3,0.8781956486791683,0.8793594860851326,0.001163837405964263
WS(k=4;b=0.5),18,9,20322420,2,1,0.7860594618409075,0.7882333581517125,0.0021738963108050013
WS(k=4;b=0.5),18,9,20322420,2,3,0.8761295924118075,0.8793594860851326,0.003229893673325046
WS(k=4;b=0.5),18,9,20322420,3,1,0.7860594618409075,0.7882333581517125,0.0021738963108050013
WS(k=4;b=0.5),18,9,20322420,3,3,0.8761892770378101,0.8793594860851326,0.0031702090473224587
WS(k=4;b=0.5),18,10,20322421,1,1,0.7680320219638704,0.7712215500306966,0.0031895280668261528
WS(k=4;b=0.5),18,10,20322421,1,3,0.8655125835088804,0.8730472376537043,0.007534654144823905
WS(k=4;b=0.5),18,10,20322421,2,1,0.7680320219638704,0.7712215500306966,0.0031895280668261528
WS(k=4;b=0.5),18,10,20322421,2,3,0.8699654858864145,0.8730472376537043,0.003081751767289753
WS(k=4;b=0.5),18,10,20322421,3,1,0.7680320219638704,0.7712215500306966,0.0031895280668261528
WS(k=4;b=0.5),18,10,20322421,3,3,0.872160808982473,0.8730472376537043,0.000886428671231343
WS(k=4;b=0.5),18,11,20322422,1,1,0.7637175896525534,0.7662020229301262,0.0024844332775727507
WS(k=4;b=0.5),18,11,20322422,1,3,0.8579525598202913,0.8641680243470539,0.006215464526762582
WS(k=4;b=0.5),18,11,20322422,2,1,0.7637175896525534,0.7662020229301262,0.0024844332775727507
WS(k=4;b=0.5),18,11,20322422,2,3,0.8612230505947822,0.8641680243470539,0.0029449737522716513
WS(k=4;b=0.5),18,11,20322422,3,1,0.7637175896525534,0.7662020229301262,0.0024844332775727507
WS(k=4;b=0.5),18,11,20322422,3,3,0.8639783577001375,0.8641680243470539,0.00018966664691633106
WS(k=4;b=0.5),18,12,20322423,1,1,0.7945515225759298,0.7977845284695777,0.0032330058936479444
WS(k=4;b=0.5),18,12,20322423,1,3,0.8936966241521154,0.8974724761879074,0.0037758520357920045
WS(k=4;b=0.5),18,12,20322423,2,1,0.7945515225759298,0.7977845284695777,0.0032330058936479444
WS(k=4;b=0.5),18,12,20322423,2,3,0.8936606333865291,0.8974724761879074,0.0038118428013782513
WS(k=4;b=0.5),18,12,20322423,3,1,0.7945515225759298,0.7977845284695777,0.0032330058936479444
WS(k=4;b=0.5),18,12,20322423,3,3,0.8949353726404504,0.8974724761879074,0.0025371035474569537
WS(k=4;b=0.5),18,13,20322424,1,1,0.762209883457367,0.7644562634742772,0.0022463800169102432
WS(k=4;b=0.5),18,13,20322424,1,3,0.8584014098569538,0.8668005143982843,0.008399104541330527
WS(k=4;b=0.5),18,13,20322424,2,1,0.762209883457367,0.7644562634742772,0.0022463800169102432
WS(k=4;b=0.5),18,13,20322424,2,3,0.862279026088009,0.8668005143982843,0.004521488310275323
WS(k=4;b=0.5),18,13,20322424,3,1,0.762209883457367,0.7644562634742772,0.0022463800169102432
WS(k=4;b=0.5),18,13,20322424,3,3,0.8663046537118836,0.8668005143982843,0.0004958606864007287
WS(k=4;b=0.5),18,14,20322425,1,1,0.7759398070017625,0.7759398070017625,0.0
WS(k=4;b=0.5),18,14,20322425,1,3,0.8807490389412321,0.8882012680591033,0.007452229117871134
WS(k=4;b=0.5),18,14,20322425,2,1,0.7759398070017625,0.7759398070017625,0.0
WS(k=4;b=0.5),18,14,20322425,2,3,0.8870229626630743,0.8882012680591033,0.0011783053960289225
WS(k=4;b=0.5),18,14,20322425,3,1,0.7759398070017625,0.7759398070017625,0.0
WS(k=4;b=0.5),18,14,20322425,3,3,0.8865283152620586,0.8882012680591033,0.0016729527970447133
WS(k=4;b=0.5),18,15,20322426,1,1,0.78815039063433,0.7898737123373594,0.0017233217030293568
WS(k=4;b=0.5),18,15,20322426,1,3,0.8815430849230117,0.8830299824213742,0.001486897498362505
WS(k=4;b=0.5),18,15,20322426,2,1,0.78815039063433,0.7898737123373594,0.0017233217030293568
WS(k=4;b=0.5),18,15,20322426,2,3,0.8830299824213743,0.8830299824213742,-1.1102230246251565e-16
WS(k=4;b=0.5),18,15,20322426,3,1,0.78815039063433,0.7898737123373594,0.0017233217030293568
WS(k=4;b=0.5),18,15,20322426,3,3,0.8821545704862539,0.8830299824213742,0.0008754119351203071
WS(k=4;b=0.5),18,16,20322427,1,1,0.7667911094610285,0.7695659175672589,0.002774808106230431
WS(k=4;b=0.5),18,16,20322427,1,3,0.8636190630306828,0.8708909710343313,0.0072719080036485195
WS(k=4;b=0.5),18,16,20322427,2,1,0.7667911094610285,0.7695659175672589,0.002774808106230431
WS(k=4;b=0.5),18,16,20322427,2,3,0.8664077275195209,0.8708909710343313,0.004483243514810442
WS(k=4;b=0.5),18,16,20322427,3,1,0.7667911094610285,0.7695659175672589,0.002774808106230431
WS(k=4;b=0.5),18,16,20322427,3,3,0.8708909710343313,0.8708909710343313,0.0
WS(k=4;b=0.5),18,17,20322428,1,1,0.7878846912039484,0.7896612595381973,0.0017765683342488847
WS(k=4;b=0.5),18,17,20322428,1,3,0.8730650296434372,0.8730691416868113,4.112043374027152e-6
WS(k=4;b=0.5),18,17,20322428,2,1,0.7878846912039484,0.7896612595381973,0.0017765683342488847
WS(k=4;b=0.5),18,17,20322428,2,3,0.8704347011811732,0.8730691416868113,0.0026344405056381026
WS(k=4;b=0.5),18,17,20322428,3,1,0.7878846912039484,0.7896612595381973,0.0017765683342488847
WS(k=4;b=0.5),18,17,20322428,3,3,0.8689955259382932,0.8730691416868113,0.004073615748518056
WS(k=4;b=0.5),18,18,20322429,1,1,0.7678902823689537,0.77196901734015,0.004078734971196263
WS(k=4;b=0.5),18,18,20322429,1,3,0.870836756759239,0.8800435200436127,0.009206763284373753
WS(k=4;b=0.5),18,18,20322429,2,1,0.7678902823689537,0.77196901734015,0.004078734971196263
WS(k=4;b=0.5),18,18,20322429,2,3,0.8706669482004247,0.8800435200436127,0.009376571843188075
WS(k=4;b=0.5),18,18,20322429,3,1,0.7678902823689537,0.77196901734015,0.004078734971196263
WS(k=4;b=0.5),18,18,20322429,3,3,0.8738447011768411,0.8800435200436127,0.006198818866771649
WS(k=4;b=0.5),18,19,20322430,1,1,0.7916888326125636,0.7941140091636076,0.002425176551044017
WS(k=4;b=0.5),18,19,20322430,1,3,0.8844151698307673,0.885961701376376,0.001546531545608687
WS(k=4;b=0.5),18,19,20322430,2,1,0.7916888326125636,0.7941140091636076,0.002425176551044017
WS(k=4;b=0.5),18,19,20322430,2,3,0.8832569972897989,0.885961701376376,0.002704704086577081
WS(k=4;b=0.5),18,19,20322430,3,1,0.7916888326125636,0.7941140091636076,0.002425176551044017
WS(k=4;b=0.5),18,19,20322430,3,3,0.8834463876344565,0.885961701376376,0.0025153137419194893
WS(k=4;b=0.5),18,20,20322431,1,1,0.8143631361583051,0.8158021236542784,0.0014389874959732651
WS(k=4;b=0.5),18,20,20322431,1,3,0.9102007889229027,0.9106941966296341,0.0004934077067314524
WS(k=4;b=0.5),18,20,20322431,2,1,0.8143631361583051,0.8158021236542784,0.0014389874959732651
WS(k=4;b=0.5),18,20,20322431,2,3,0.9094938241236831,0.9106941966296341,0.001200372505951064
WS(k=4;b=0.5),18,20,20322431,3,1,0.8143631361583051,0.8158021236542784,0.0014389874959732651
WS(k=4;b=0.5),18,20,20322431,3,3,0.9080029301454527,0.9106941966296341,0.002691266484181387
3-regular,18,1,20332412,1,1,0.7644768903163861,0.7653311520032539,0.0008542616868677522
3-regular,18,1,20332412,1,3,0.8497932188272092,0.8744719464650649,0.024678727637855724
3-regular,18,1,20332412,2,1,0.7595746148612763,0.7653311520032539,0.005756537141977547
3-regular,18,1,20332412,2,3,0.8497932188272092,0.8744719464650649,0.024678727637855724
3-regular,18,1,20332412,3,1,0.7653311520032539,0.7653311520032539,0.0
3-regular,18,1,20332412,3,3,0.8744719464650649,0.8744719464650649,0.0
3-regular,18,2,20332413,1,1,0.7801591974172256,0.7801591974172256,0.0
3-regular,18,2,20332413,1,3,0.8663622935888411,0.872192681046761,0.005830387457919861
3-regular,18,2,20332413,2,1,0.7781913982941908,0.7801591974172256,0.001967799123034797
3-regular,18,2,20332413,2,3,0.8663622935888411,0.872192681046761,0.005830387457919861
3-regular,18,2,20332413,3,1,0.7798023982795337,0.7801591974172256,0.00035679913769193217
3-regular,18,2,20332413,3,3,0.8654637163313292,0.872192681046761,0.006728964715431718
3-regular,18,3,20332414,1,1,0.7756931077329717,0.7787472787996474,0.003054171066675715
3-regular,18,3,20332414,1,3,0.8593528203427958,0.8924991005032971,0.03314628016050125
3-regular,18,3,20332414,2,1,0.768779853636394,0.7787472787996474,0.00996742516325344
3-regular,18,3,20332414,2,3,0.8593528203427958,0.8924991005032971,0.03314628016050125
3-regular,18,3,20332414,3,1,0.7773448322157211,0.7787472787996474,0.0014024465839262978
3-regular,18,3,20332414,3,3,0.8924771875845555,0.8924991005032971,2.191291874154011e-5
3-regular,18,4,20332415,1,1,0.797715015982316,0.7986064194816563,0.0008914034993403597
3-regular,18,4,20332415,1,3,0.8845504744908643,0.8995265846075051,0.014976110116640795
3-regular,18,4,20332415,2,1,0.7925995981161144,0.7986064194816563,0.006006821365541981
3-regular,18,4,20332415,2,3,0.8845504744908643,0.8995265846075051,0.014976110116640795
3-regular,18,4,20332415,3,1,0.7986064194816562,0.7986064194816563,1.1102230246251565e-16
3-regular,18,4,20332415,3,3,0.8960418413032977,0.8995265846075051,0.0034847433042074494
3-regular,18,5,20332416,1,1,0.7392815990636917,0.7407764519830203,0.0014948529193286042
3-regular,18,5,20332416,1,3,0.8234072577483283,0.8643709257300987,0.04096366798177031
3-regular,18,5,20332416,2,1,0.7336101448788819,0.7407764519830203,0.0071663071041384585
3-regular,18,5,20332416,2,3,0.8234072577483283,0.8643709257300987,0.04096366798177031
3-regular,18,5,20332416,3,1,0.7404844724251081,0.7407764519830203,0.0002919795579122697
3-regular,18,5,20332416,3,3,0.8643709257300987,0.8643709257300987,0.0
3-regular,18,6,20332417,1,1,0.8035669555040129,0.8051917956337178,0.0016248401297048742
3-regular,18,6,20332417,1,3,0.8881071606715044,0.9039715322681813,0.015864371596676863
3-regular,18,6,20332417,2,1,0.797402331390089,0.8051917956337178,0.0077894642436288075
3-regular,18,6,20332417,2,3,0.8881071606715044,0.9039715322681813,0.015864371596676863
3-regular,18,6,20332417,3,1,0.8048744265490305,0.8051917956337178,0.000317369084687269
3-regular,18,6,20332417,3,3,0.901319742436226,0.9039715322681813,0.0026517898319552424
3-regular,18,7,20332418,1,1,0.7392815990636917,0.7407764519830206,0.0014948529193288262
3-regular,18,7,20332418,1,3,0.8212602756665316,0.8561446945234163,0.03488441885688476
3-regular,18,7,20332418,2,1,0.7336101448788819,0.7407764519830206,0.0071663071041386806
3-regular,18,7,20332418,2,3,0.8212602756665316,0.8561446945234163,0.03488441885688476
3-regular,18,7,20332418,3,1,0.7404844724251081,0.7407764519830206,0.00029197955791249175
3-regular,18,7,20332418,3,3,0.8561446945234163,0.8561446945234163,0.0
3-regular,18,8,20332419,1,1,0.7644768903163861,0.7653311520032539,0.0008542616868677522
3-regular,18,8,20332419,1,3,0.848265019159958,0.8693146978686007,0.021049678708642716
3-regular,18,8,20332419,2,1,0.7595746148612763,0.7653311520032539,0.005756537141977547
3-regular,18,8,20332419,2,3,0.848265019159958,0.8693146978686007,0.021049678708642716
3-regular,18,8,20332419,3,1,0.7653311520032539,0.7653311520032539,0.0
3-regular,18,8,20332419,3,3,0.8693146978686007,0.8693146978686007,0.0
3-regular,18,9,20332420,1,1,0.8035669555040129,0.8051917956337178,0.0016248401297048742
3-regular,18,9,20332420,1,3,0.8884359714958048,0.9065647198492527,0.01812874835344791
3-regular,18,9,20332420,2,1,0.797402331390089,0.8051917956337178,0.0077894642436288075
3-regular,18,9,20332420,2,3,0.8884359714958048,0.9065647198492527,0.01812874835344791
3-regular,18,9,20332420,3,1,0.8048744265490305,0.8051917956337178,0.000317369084687269
3-regular,18,9,20332420,3,3,0.9057168184248583,0.9065647198492527,0.0008479014243943928
3-regular,18,10,20332421,1,1,0.7918630764606193,0.7923384124142822,0.00047533595366289205
3-regular,18,10,20332421,1,3,0.8774432396373932,0.8935569189853783,0.01611367934798502
3-regular,18,10,20332421,2,1,0.7877968648421398,0.7923384124142822,0.004541547572142313
3-regular,18,10,20332421,2,3,0.8774432396373932,0.8935569189853783,0.01611367934798502
3-regular,18,10,20332421,3,1,0.792338412414282,0.7923384124142822,1.1102230246251565e-16
3-regular,18,10,20332421,3,3,0.8914990554793671,0.8935569189853783,0.002057863506011115
3-regular,18,11,20332422,1,1,0.7392815990636917,0.7407764519830203,0.0014948529193286042
3-regular,18,11,20332422,1,3,0.8204587804129605,0.854091401084927,0.033632620671966484
3-regular,18,11,20332422,2,1,0.7336101448788819,0.7407764519830203,0.0071663071041384585
3-regular,18,11,20332422,2,3,0.8204587804129605,0.854091401084927,0.033632620671966484
3-regular,18,11,20332422,3,1,0.7404844724251081,0.7407764519830203,0.0002919795579122697
3-regular,18,11,20332422,3,3,0.854091401084927,0.854091401084927,0.0
3-regular,18,12,20332423,1,1,0.7700849990246789,0.7716421374823129,0.0015571384576340552
3-regular,18,12,20332423,1,3,0.8521014398277424,0.8694029900267067,0.01730155019896429
3-regular,18,12,20332423,2,1,0.7641772342488352,0.7716421374823129,0.007464903233477704
3-regular,18,12,20332423,2,3,0.8521014398277424,0.8694029900267067,0.01730155019896429
3-regular,18,12,20332423,3,1,0.7713379921094875,0.7716421374823129,0.0003041453728254151
3-regular,18,12,20332423,3,3,0.8673041349928825,0.8694029900267067,0.0020988550338242318
3-regular,18,13,20332424,1,1,0.8035669555040129,0.8051917956337178,0.0016248401297048742
3-regular,18,13,20332424,1,3,0.8897635098904232,0.9052944791316082,0.015530969241185022
3-regular,18,13,20332424,2,1,0.797402331390089,0.8051917956337178,0.0077894642436288075
3-regular,18,13,20332424,2,3,0.8897635098904232,0.9052944791316082,0.015530969241185022
3-regular,18,13,20332424,3,1,0.8048744265490305,0.8051917956337178,0.000317369084687269
3-regular,18,13,20332424,3,3,0.9017334132442341,0.9052944791316082,0.0035610658873741485
3-regular,18,14,20332425,1,1,0.7644768903163861,0.7653311520032541,0.0008542616868679742
3-regular,18,14,20332425,1,3,0.848586851560928,0.8671195395574337,0.01853268799650576
3-regular,18,14,20332425,2,1,0.7595746148612763,0.7653311520032541,0.005756537141977769
3-regular,18,14,20332425,2,3,0.848586851560928,0.8671195395574337,0.01853268799650576
3-regular,18,14,20332425,3,1,0.7653311520032539,0.7653311520032541,2.220446049250313e-16
3-regular,18,14,20332425,3,3,0.866141127263171,0.8671195395574337,0.0009784122942626539
3-regular,18,15,20332426,1,1,0.8094188950257096,0.8126058561387626,0.003186961113052944
3-regular,18,15,20332426,1,3,0.8925982456919409,0.9079314737378349,0.015333228045893987
3-regular,18,15,20332426,2,1,0.8022050646640634,0.8126058561387626,0.01040079147469919
3-regular,18,15,20332426,2,3,0.8925982456919409,0.9079314737378349,0.015333228045893987
3-regular,18,15,20332426,3,1,0.8111424336164047,0.8126058561387626,0.0014634225223578712
3-regular,18,15,20332426,3,3,0.9041133510531943,0.9079314737378349,0.003818122684640546
3-regular,18,16,20332427,1,1,0.7392815990636918,0.7407764519830203,0.0014948529193284932
3-regular,18,16,20332427,1,3,0.8212846214911346,0.8621216017983788,0.04083698030724425
3-regular,18,16,20332427,2,1,0.7336101448788819,0.7407764519830203,0.0071663071041384585
3-regular,18,16,20332427,2,3,0.8212846214911346,0.8621216017983788,0.04083698030724425
3-regular,18,16,20332427,3,1,0.7404844724251081,0.7407764519830203,0.0002919795579122697
3-regular,18,16,20332427,3,3,0.8621216017983789,0.8621216017983788,-1.1102230246251565e-16
3-regular,18,17,20332428,1,1,0.7700849990246789,0.7716421374823129,0.0015571384576340552
3-regular,18,17,20332428,1,3,0.8551814601937059,0.8817728514804607,0.026591391286754806
3-regular,18,17,20332428,2,1,0.7641772342488352,0.7716421374823129,0.007464903233477704
3-regular,18,17,20332428,2,3,0.8551814601937059,0.8817728514804607,0.026591391286754806
3-regular,18,17,20332428,3,1,0.7713379921094875,0.7716421374823129,0.0003041453728254151
3-regular,18,17,20332428,3,3,0.8815196275717545,0.8817728514804607,0.0002532239087061905
3-regular,18,18,20332429,1,1,0.7756931077329717,0.7787472787996474,0.003054171066675715
3-regular,18,18,20332429,1,3,0.8547642468392341,0.8689458480740061,0.014181601234771968
3-regular,18,18,20332429,2,1,0.7687798536363942,0.7787472787996474,0.009967425163253218
3-regular,18,18,20332429,2,3,0.8547642468392341,0.8689458480740061,0.014181601234771968
3-regular,18,18,20332429,3,1,0.7773448322157211,0.7787472787996474,0.0014024465839262978
3-regular,18,18,20332429,3,3,0.8665389100252131,0.8689458480740061,0.0024069380487929948
3-regular,18,19,20332430,1,1,0.797715015982316,0.7986064194816563,0.0008914034993403597
3-regular,18,19,20332430,1,3,0.8801086667493202,0.8887865879531125,0.008677921203792294
3-regular,18,19,20332430,2,1,0.7925995981161144,0.7986064194816563,0.006006821365541981
3-regular,18,19,20332430,2,3,0.8801086667493202,0.8887865879531125,0.008677921203792294
3-regular,18,19,20332430,3,1,0.7986064194816562,0.7986064194816563,1.1102230246251565e-16
3-regular,18,19,20332430,3,3,0.8850934111637961,0.8887865879531125,0.0036931767893163547
3-regular,18,20,20332431,1,1,0.7644768903163861,0.7653311520032541,0.0008542616868679742
3-regular,18,20,20332431,1,3,0.8470828292258522,0.8681805612205649,0.021097731994712654
3-regular,18,20,20332431,2,1,0.7595746148612763,0.7653311520032541,0.005756537141977769
3-regular,18,20,20332431,2,3,0.8470828292258522,0.8681805612205649,0.021097731994712654
3-regular,18,20,20332431,3,1,0.7653311520032541,0.7653311520032541,0.0
3-regular,18,20,20332431,3,3,0.8681805612205649,0.8681805612205649,0.0
ER(0.25),16,1,20282212,1,1,0.7803265603099218,0.7859722035614902,0.005645643251568466
ER(0.25),16,1,20282212,1,3,0.8883505340122959,0.8909449028623184,0.0025943688500225104
ER(0.25),16,1,20282212,2,1,0.7707496876159416,0.7859722035614902,0.015222515945548576
ER(0.25),16,1,20282212,2,3,0.8614385343206449,0.8909449028623184,0.029506368541673544
ER(0.25),16,1,20282212,3,1,0.7674974157152425,0.7859722035614902,0.018474787846247676
ER(0.25),16,1,20282212,3,3,0.8883505340122959,0.8909449028623184,0.0025943688500225104
ER(0.25),16,2,20282213,1,1,0.7802297812205614,0.7845732317887265,0.004343450568165097
ER(0.25),16,2,20282213,1,3,0.8799249392974838,0.8832110834459925,0.003286144148508696
ER(0.25),16,2,20282213,2,1,0.7698762024212146,0.7845732317887265,0.014697029367511938
ER(0.25),16,2,20282213,2,3,0.8512628054496604,0.8832110834459925,0.03194827799633215
ER(0.25),16,2,20282213,3,1,0.7684583850424541,0.7845732317887265,0.016114846746272393
ER(0.25),16,2,20282213,3,3,0.8799249392974838,0.8832110834459925,0.003286144148508696
ER(0.25),16,3,20282214,1,1,0.7609870177123775,0.7719775543681568,0.010990536655779315
ER(0.25),16,3,20282214,1,3,0.8537050373419002,0.863865277740161,0.0101602403982608
ER(0.25),16,3,20282214,2,1,0.7485622798619909,0.7719775543681568,0.023415274506165984
ER(0.25),16,3,20282214,2,3,0.830134511378872,0.863865277740161,0.03373076636128902
ER(0.25),16,3,20282214,3,1,0.74508406693703,0.7719775543681568,0.02689348743112685
ER(0.25),16,3,20282214,3,3,0.8537050373419002,0.863865277740161,0.0101602403982608
ER(0.25),16,4,20282215,1,1,0.7882611959184622,0.792387906239962,0.004126710321499805
ER(0.25),16,4,20282215,1,3,0.895059568970219,0.9013788835324706,0.0063193145622516544
ER(0.25),16,4,20282215,2,1,0.7776306169567907,0.792387906239962,0.014757289283171326
ER(0.25),16,4,20282215,2,3,0.8467732876916249,0.9013788835324706,0.05460559584084579
ER(0.25),16,4,20282215,3,1,0.7782421533506124,0.792387906239962,0.014145752889349605
ER(0.25),16,4,20282215,3,3,0.895059568970219,0.9013788835324706,0.0063193145622516544
ER(0.25),16,5,20282216,1,1,0.7531929182424919,0.7643706067794277,0.011177688536935793
ER(0.25),16,5,20282216,1,3,0.845984650487898,0.8591434605743464,0.01315881008644848
ER(0.25),16,5,20282216,2,1,0.7406282845890467,0.7643706067794277,0.02374232219038097
ER(0.25),16,5,20282216,2,3,0.8206408489691959,0.8591434605743464,0.03850261160515056
ER(0.25),16,5,20282216,3,1,0.7381004816174381,0.7643706067794277,0.026270125161989566
ER(0.25),16,5,20282216,3,3,0.845984650487898,0.8591434605743464,0.01315881008644848
ER(0.25),16,6,20282217,1,1,0.7867299639542319,0.797966110748196,0.011236146793964119
ER(0.25),16,6,20282217,1,3,0.8841443704085189,0.8946774709378926,0.010533100529373729
ER(0.25),16,6,20282217,2,1,0.7734050219110729,0.797966110748196,0.024561088837123157
ER(0.25),16,6,20282217,2,3,0.8513445204265436,0.8946774709378926,0.043332950511349
ER(0.25),16,6,20282217,3,1,0.7709647407167177,0.797966110748196,0.02700137003147829
ER(0.25),16,6,20282217,3,3,0.8841443704085189,0.8946774709378926,0.010533100529373729
ER(0.25),16,7,20282218,1,1,0.7856762314856803,0.7960379188925674,0.010361687406887032
ER(0.25),16,7,20282218,1,3,0.8828372520639887,0.8931028445821144,0.010265592518125755
ER(0.25),16,7,20282218,2,1,0.7713783439093,0.7960379188925674,0.02465957498326732
ER(0.25),16,7,20282218,2,3,0.8495446736813258,0.8931028445821144,0.04355817090078862
ER(0.25),16,7,20282218,3,1,0.7698829173053287,0.7960379188925674,0.026155001587238713
ER(0.25),16,7,20282218,3,3,0.8828372520639887,0.8931028445821144,0.010265592518125755
ER(0.25),16,8,20282219,1,1,0.7369945309648058,0.7564521297964848,0.01945759883167897
ER(0.25),16,8,20282219,1,3,0.8249321741901553,0.8483314909350846,0.023399316744929344
ER(0.25),16,8,20282219,2,1,0.7243680897748197,0.7564521297964848,0.032084040021665094
ER(0.25),16,8,20282219,2,3,0.8057072435786596,0.8483314909350846,0.042624247356425005
ER(0.25),16,8,20282219,3,1,0.720829392487643,0.7564521297964848,0.0356227373088418
ER(0.25),16,8,20282219,3,3,0.8249321741901553,0.8483314909350846,0.023399316744929344
ER(0.25),16,9,20282220,1,1,0.792809124755751,0.8046017205055175,0.011792595749766432
ER(0.25),16,9,20282220,1,3,0.884940441425111,0.8992038962521279,0.014263454827016964
ER(0.25),16,9,20282220,2,1,0.7805537001519788,0.8046017205055175,0.0240480203535387
ER(0.25),16,9,20282220,2,3,0.8679599963813441,0.8992038962521279,0.031243899870783798
ER(0.25),16,9,20282220,3,1,0.7769466215867995,0.8046017205055175,0.02765509891871798
ER(0.25),16,9,20282220,3,3,0.884940441425111,0.8992038962521279,0.014263454827016964
ER(0.25),16,10,20282221,1,1,0.7761636501139103,0.7963785839492734,0.020214933835363103
ER(0.25),16,10,20282221,1,3,0.8692074675050804,0.8941860855903206,0.024978618085240267
ER(0.25),16,10,20282221,2,1,0.7605414560966535,0.7963785839492734,0.03583712785261994
ER(0.25),16,10,20282221,2,3,0.8473225815155287,0.8941860855903206,0.046863504074791895
ER(0.25),16,10,20282221,3,1,0.7565168185200556,0.7963785839492734,0.03986176542921782
ER(0.25),16,10,20282221,3,3,0.8692074675050804,0.8941860855903206,0.024978618085240267
ER(0.25),16,11,20282222,1,1,0.7866175689955367,0.7883709395905958,0.0017533705950590894
ER(0.25),16,11,20282222,1,3,0.8912356057608041,0.8942548069649683,0.0030192012041642124
ER(0.25),16,11,20282222,2,1,0.778758664465884,0.7883709395905958,0.009612275124711744
ER(0.25),16,11,20282222,2,3,0.853351020670407,0.8942548069649683,0.04090378629456126
ER(0.25),16,11,20282222,3,1,0.777653770156658,0.7883709395905958,0.010717169433937745
ER(0.25),16,11,20282222,3,3,0.8912356057608041,0.8942548069649683,0.0030192012041642124
ER(0.25),16,12,20282223,1,1,0.7759968551814806,0.7821256406882678,0.006128785506787193
ER(0.25),16,12,20282223,1,3,0.8809207248488612,0.8865562478524212,0.005635523003559961
ER(0.25),16,12,20282223,2,1,0.76533728401425,0.7821256406882678,0.01678835667401779
ER(0.25),16,12,20282223,2,3,0.8420797421606201,0.8865562478524212,0.04447650569180106
ER(0.25),16,12,20282223,3,1,0.7628421678759223,0.7821256406882678,0.019283472812345548
ER(0.25),16,12,20282223,3,3,0.8809207248488612,0.8865562478524212,0.005635523003559961
ER(0.25),16,13,20282224,1,1,0.7798942306170149,0.7908472850888119,0.010953054471796952
ER(0.25),16,13,20282224,1,3,0.8666731477519152,0.8755260313010828,0.008852883549167578
ER(0.25),16,13,20282224,2,1,0.7667709500395826,0.7908472850888119,0.024076335049229236
ER(0.25),16,13,20282224,2,3,0.8477302173348695,0.8755260313010828,0.027795813966213223
ER(0.25),16,13,20282224,3,1,0.762417851510012,0.7908472850888119,0.0284294335787999
ER(0.25),16,13,20282224,3,3,0.8666731477519152,0.8755260313010828,0.008852883549167578
ER(0.25),16,14,20282225,1,1,0.7519995744414598,0.7671561162419632,0.01515654180050341
ER(0.25),16,14,20282225,1,3,0.8591396016374879,0.8807863130695023,0.021646711432014354
ER(0.25),16,14,20282225,2,1,0.7378899040580081,0.7671561162419632,0.029266212183955087
ER(0.25),16,14,20282225,2,3,0.8173662817037465,0.8807863130695023,0.0634200313657558
ER(0.25),16,14,20282225,3,1,0.7341083513473834,0.7671561162419632,0.033047764894579834
ER(0.25),16,14,20282225,3,3,0.8591396016374879,0.8807863130695023,0.021646711432014354
ER(0.25),16,15,20282226,1,1,0.8023871339927433,0.8048085111376226,0.002421377144879333
ER(0.25),16,15,20282226,1,3,0.8956903014018038,0.9029084078882876,0.0072181064864838
ER(0.25),16,15,20282226,2,1,0.7926341558212664,0.8048085111376226,0.012174355316356245
ER(0.25),16,15,20282226,2,3,0.8582782134460925,0.9029084078882876,0.04463019444219518
ER(0.25),16,15,20282226,3,1,0.7921065739744324,0.8048085111376226,0.012701937163190236
ER(0.25),16,15,20282226,3,3,0.8956903014018038,0.9029084078882876,0.0072181064864838
ER(0.25),16,16,20282227,1,1,0.7676264231498412,0.7865665910303533,0.018940167880512115
ER(0.25),16,16,20282227,1,3,0.8536314117488604,0.8698256740459284,0.016194262297067996
ER(0.25),16,16,20282227,2,1,0.7521228336924735,0.7865665910303533,0.034443757337879854
ER(0.25),16,16,20282227,2,3,0.8347538840856895,0.8698256740459284,0.03507178996023885
ER(0.25),16,16,20282227,3,1,0.7482011699671249,0.7865665910303533,0.03836542106322838
ER(0.25),16,16,20282227,3,3,0.8536314117488604,0.8698256740459284,0.016194262297067996
ER(0.25),16,17,20282228,1,1,0.7734304359445884,0.783905350165687,0.010474914221098586
ER(0.25),16,17,20282228,1,3,0.8676395373947183,0.8796628410042564,0.012023303609538072
ER(0.25),16,17,20282228,2,1,0.7607164859793621,0.783905350165687,0.02318886418632482
ER(0.25),16,17,20282228,2,3,0.8446828338439556,0.8796628410042564,0.03498000716030081
ER(0.25),16,17,20282228,3,1,0.7581523610428039,0.783905350165687,0.02575298912288304
ER(0.25),16,17,20282228,3,3,0.8676395373947183,0.8796628410042564,0.012023303609538072
ER(0.25),16,18,20282229,1,1,0.8296391713504447,0.8433033367057673,0.013664165355322555
ER(0.25),16,18,20282229,1,3,0.9248881040727028,0.9364700946173853,0.011581990544682452
ER(0.25),16,18,20282229,2,1,0.8141540432807668,0.8433033367057673,0.0291492934250005
ER(0.25),16,18,20282229,2,3,0.9012360993896429,0.9364700946173853,0.0352339952277424
ER(0.25),16,18,20282229,3,1,0.8102722056860225,0.8433033367057673,0.03303113101974475
ER(0.25),16,18,20282229,3,3,0.9248881040727028,0.9364700946173853,0.011581990544682452
ER(0.25),16,19,20282230,1,1,0.7879646745276061,0.796821693584025,0.008857019056418891
ER(0.25),16,19,20282230,1,3,0.8833409038105444,0.8925192502139658,0.009178346403421411
ER(0.25),16,19,20282230,2,1,0.7760791848479677,0.796821693584025,0.02074250873605732
ER(0.25),16,19,20282230,2,3,0.8539471939863368,0.8925192502139658,0.03857205622762905
ER(0.25),16,19,20282230,3,1,0.7732264314329802,0.796821693584025,0.023595262151044794
ER(0.25),16,19,20282230,3,3,0.8833409038105444,0.8925192502139658,0.009178346403421411
ER(0.25),16,20,20282231,1,1,0.8186722779961811,0.8335187647924951,0.014846486796313951
ER(0.25),16,20,20282231,1,3,0.9095371513124293,0.9240808091400893,0.014543657827659984
ER(0.25),16,20,20282231,2,1,0.8040682632175955,0.8335187647924951,0.02945050157489959
ER(0.25),16,20,20282231,2,3,0.8862813187430161,0.9240808091400893,0.0377994903970732
ER(0.25),16,20,20282231,3,1,0.8005426211017771,0.8335187647924951,0.032976143690717996
ER(0.25),16,20,20282231,3,3,0.9095371513124293,0.9240808091400893,0.014543657827659984
BA(k=2),16,1,20292212,1,1,0.7960607234090589,0.7960607234090589,0.0
BA(k=2),16,1,20292212,1,3,0.8636488376187799,0.8764089011230621,0.01276006350428227
BA(k=2),16,1,20292212,2,1,0.7959176500097119,0.7960607234090589,0.00014307339934693797
BA(k=2),16,1,20292212,2,3,0.8730188854287193,0.8764089011230621,0.0033900156943428295
BA(k=2),16,1,20292212,3,1,0.7947615932468104,0.7960607234090589,0.001299130162248474
BA(k=2),16,1,20292212,3,3,0.8730188854287193,0.8764089011230621,0.0033900156943428295
BA(k=2),16,2,20292213,1,1,0.7755222424888778,0.7755222424888778,0.0
BA(k=2),16,2,20292213,1,3,0.8719512174519659,0.8792928988437655,0.007341681391799582
BA(k=2),16,2,20292213,2,1,0.775489847613799,0.7755222424888778,3.239487507877836e-5
BA(k=2),16,2,20292213,2,3,0.8759623230931698,0.8792928988437655,0.003330575750595699
BA(k=2),16,2,20292213,3,1,0.7729660988291819,0.7755222424888778,0.0025561436596959197
BA(k=2),16,2,20292213,3,3,0.8759623230931698,0.8792928988437655,0.003330575750595699
BA(k=2),16,3,20292214,1,1,0.7503817098124138,0.750381709812414,2.220446049250313e-16
BA(k=2),16,3,20292214,1,3,0.8431618454827033,0.8527864411451462,0.009624595662442892
BA(k=2),16,3,20292214,2,1,0.7502260443593499,0.750381709812414,0.00015566545306411328
BA(k=2),16,3,20292214,2,3,0.8453074076241937,0.8527864411451462,0.007479033520952583
BA(k=2),16,3,20292214,3,1,0.7468884648544433,0.750381709812414,0.0034932449579707647
BA(k=2),16,3,20292214,3,3,0.8453074076241937,0.8527864411451462,0.007479033520952583
BA(k=2),16,4,20292215,1,1,0.7979798448600348,0.7979798448600348,0.0
BA(k=2),16,4,20292215,1,3,0.8665514699130231,0.8841327432701349,0.017581273357111793
BA(k=2),16,4,20292215,2,1,0.7977860243852226,0.7979798448600348,0.00019382047481220077
BA(k=2),16,4,20292215,2,3,0.8806463791751461,0.8841327432701349,0.003486364094988814
BA(k=2),16,4,20292215,3,1,0.7960854933707444,0.7979798448600348,0.0018943514892904023
BA(k=2),16,4,20292215,3,3,0.8806463791751461,0.8841327432701349,0.003486364094988814
BA(k=2),16,5,20292216,1,1,0.7426163392781661,0.7426163392781661,0.0
BA(k=2),16,5,20292216,1,3,0.8329598263095503,0.8425155804788561,0.009555754169305763
BA(k=2),16,5,20292216,2,1,0.7421951658130354,0.7426163392781661,0.00042117346513070864
BA(k=2),16,5,20292216,2,3,0.834798559839698,0.8425155804788561,0.007717020639158134
BA(k=2),16,5,20292216,3,1,0.7401650614940616,0.7426163392781661,0.0024512777841044775
BA(k=2),16,5,20292216,3,3,0.834798559839698,0.8425155804788561,0.007717020639158134
BA(k=2),16,6,20292217,1,1,0.7789143965660984,0.7794988352286092,0.0005844386625107889
BA(k=2),16,6,20292217,1,3,0.8793733221824012,0.8931135685642688,0.01374024638186766
BA(k=2),16,6,20292217,2,1,0.7794988352286092,0.7794988352286092,0.0
BA(k=2),16,6,20292217,2,3,0.8847055907939471,0.8931135685642688,0.008407977770321762
BA(k=2),16,6,20292217,3,1,0.7760737065104537,0.7794988352286092,0.003425128718155479
BA(k=2),16,6,20292217,3,3,0.8847055907939471,0.8931135685642688,0.008407977770321762
BA(k=2),16,7,20292218,1,1,0.8077191058401406,0.8085550935988214,0.0008359877586807674
BA(k=2),16,7,20292218,1,3,0.887984335668935,0.8948653286330006,0.006880992964065635
BA(k=2),16,7,20292218,2,1,0.8085550935988216,0.8085550935988214,-2.220446049250313e-16
BA(k=2),16,7,20292218,2,3,0.8948653286330006,0.8948653286330006,0.0
BA(k=2),16,7,20292218,3,1,0.8068171782116238,0.8085550935988214,0.001737915387197586
BA(k=2),16,7,20292218,3,3,0.8948653286330006,0.8948653286330006,0.0
BA(k=2),16,8,20292219,1,1,0.8328260461496273,0.8331652548457669,0.00033920869613957016
BA(k=2),16,8,20292219,1,3,0.9017544764966091,0.9160048049381663,0.014250328441557158
BA(k=2),16,8,20292219,2,1,0.8331652548457672,0.8331652548457669,-3.3306690738754696e-16
BA(k=2),16,8,20292219,2,3,0.913828178496574,0.9160048049381663,0.002176626441592222
BA(k=2),16,8,20292219,3,1,0.8323395739837215,0.8331652548457669,0.0008256808620453748
BA(k=2),16,8,20292219,3,3,0.913828178496574,0.9160048049381663,0.002176626441592222
BA(k=2),16,9,20292220,1,1,0.7348153600372639,0.7351338272084577,0.0003184671711937703
BA(k=2),16,9,20292220,1,3,0.8386296545670716,0.8509967682645104,0.012367113697438814
BA(k=2),16,9,20292220,2,1,0.7351338272084577,0.7351338272084577,0.0
BA(k=2),16,9,20292220,2,3,0.8411009320398325,0.8509967682645104,0.009895836224677934
BA(k=2),16,9,20292220,3,1,0.7329584852945521,0.7351338272084577,0.0021753419139055596
BA(k=2),16,9,20292220,3,3,0.8411009320398325,0.8509967682645104,0.009895836224677934
BA(k=2),16,10,20292221,1,1,0.8353675797815212,0.8353675797815212,0.0
BA(k=2),16,10,20292221,1,3,0.9003375471312499,0.9148851247111974,0.014547577579947513
BA(k=2),16,10,20292221,2,1,0.8353040726688209,0.8353675797815212,6.350711270031173e-5
BA(k=2),16,10,20292221,2,3,0.9137917709401452,0.9148851247111974,0.0010933537710522412
BA(k=2),16,10,20292221,3,1,0.8346135472702271,0.8353675797815212,0.0007540325112941337
BA(k=2),16,10,20292221,3,3,0.9137917709401452,0.9148851247111974,0.0010933537710522412
BA(k=2),16,11,20292222,1,1,0.7837406862234021,0.7841549395219534,0.00041425329855127035
BA(k=2),16,11,20292222,1,3,0.8831716334929548,0.8860290227845973,0.002857389291642476
BA(k=2),16,11,20292222,2,1,0.7841549395219536,0.7841549395219534,-2.220446049250313e-16
BA(k=2),16,11,20292222,2,3,0.8855480598275183,0.8860290227845973,0.00048096295707900083
BA(k=2),16,11,20292222,3,1,0.7809408369908657,0.7841549395219534,0.0032141025310876703
BA(k=2),16,11,20292222,3,3,0.8855480598275183,0.8860290227845973,0.00048096295707900083
BA(k=2),16,12,20292223,1,1,0.7388301565012028,0.7388301565012028,0.0
BA(k=2),16,12,20292223,1,3,0.8280968016288913,0.8458107140369187,0.017713912408027332
BA(k=2),16,12,20292223,2,1,0.7385028261423742,0.7388301565012028,0.0003273303588285925
BA(k=2),16,12,20292223,2,3,0.8366351906433872,0.8458107140369187,0.009175523393531448
BA(k=2),16,12,20292223,3,1,0.7357341505952179,0.7388301565012028,0.003096005905984911
BA(k=2),16,12,20292223,3,3,0.8366351906433872,0.8458107140369187,0.009175523393531448
BA(k=2),16,13,20292224,1,1,0.7553393252954995,0.7559435829534253,0.0006042576579258219
BA(k=2),16,13,20292224,1,3,0.8658304858680848,0.8782641100241412,0.012433624156056422
BA(k=2),16,13,20292224,2,1,0.7559435829534255,0.7559435829534253,-1.1102230246251565e-16
BA(k=2),16,13,20292224,2,3,0.8624367828867764,0.8782641100241412,0.01582732713736479
BA(k=2),16,13,20292224,3,1,0.7522535228351618,0.7559435829534253,0.0036900601182635606
BA(k=2),16,13,20292224,3,3,0.8624367828867764,0.8782641100241412,0.01582732713736479
BA(k=2),16,14,20292225,1,1,0.7794650969865953,0.7794650969865952,-1.1102230246251565e-16
BA(k=2),16,14,20292225,1,3,0.8644087094580578,0.8699646839801479,0.0055559745220901124
BA(k=2),16,14,20292225,2,1,0.7790704057278048,0.7794650969865952,0.00039469125879032507
BA(k=2),16,14,20292225,2,3,0.8699646839801481,0.8699646839801479,-2.220446049250313e-16
BA(k=2),16,14,20292225,3,1,0.7765547690201487,0.7794650969865952,0.0029103279664464132
BA(k=2),16,14,20292225,3,3,0.8699646839801481,0.8699646839801479,-2.220446049250313e-16
BA(k=2),16,15,20292226,1,1,0.7718182904269828,0.7718182904269828,0.0
BA(k=2),16,15,20292226,1,3,0.8585935595985776,0.8689953667735028,0.010401807174925115
BA(k=2),16,15,20292226,2,1,0.7714588457013047,0.7718182904269828,0.00035944472567805974
BA(k=2),16,15,20292226,2,3,0.8681531780039025,0.8689953667735028,0.0008421887696002939
BA(k=2),16,15,20292226,3,1,0.7691850574037618,0.7718182904269828,0.002633233023221049
BA(k=2),16,15,20292226,3,3,0.8681531780039025,0.8689953667735028,0.0008421887696002939
BA(k=2),16,16,20292227,1,1,0.8146986607689845,0.814954753385091,0.00025609261610659573
BA(k=2),16,16,20292227,1,3,0.9039139283317801,0.9101460084686671,0.0062320801368870304
BA(k=2),16,16,20292227,2,1,0.8149547533850914,0.814954753385091,-3.3306690738754696e-16
BA(k=2),16,16,20292227,2,3,0.9101460084686672,0.9101460084686671,-1.1102230246251565e-16
BA(k=2),16,16,20292227,3,1,0.8129295344968124,0.814954753385091,0.002025218888278668
BA(k=2),16,16,20292227,3,3,0.9101460084686672,0.9101460084686671,-1.1102230246251565e-16
BA(k=2),16,17,20292228,1,1,0.797579305713754,0.7975793057137538,-2.220446049250313e-16
BA(k=2),16,17,20292228,1,3,0.8724457915073761,0.8841799546371434,0.011734163129767272
BA(k=2),16,17,20292228,2,1,0.7973111304732712,0.7975793057137538,0.00026817524048261543
BA(k=2),16,17,20292228,2,3,0.8838896661669705,0.8841799546371434,0.0002902884701728725
BA(k=2),16,17,20292228,3,1,0.7958899524056459,0.7975793057137538,0.0016893533081079326
BA(k=2),16,17,20292228,3,3,0.8838896661669705,0.8841799546371434,0.0002902884701728725
BA(k=2),16,18,20292229,1,1,0.8180493652862967,0.8187617329180441,0.0007123676317474237
BA(k=2),16,18,20292229,1,3,0.907709676638315,0.911269711464536,0.0035600348262209147
BA(k=2),16,18,20292229,2,1,0.8187617329180441,0.8187617329180441,0.0
BA(k=2),16,18,20292229,2,3,0.911269711464536,0.911269711464536,0.0
BA(k=2),16,18,20292229,3,1,0.815991690311373,0.8187617329180441,0.0027700426066711303
BA(k=2),16,18,20292229,3,3,0.911269711464536,0.911269711464536,0.0
BA(k=2),16,19,20292230,1,1,0.7814089517324231,0.7823165889868724,0.0009076372544493116
BA(k=2),16,19,20292230,1,3,0.8736157110827321,0.8799324436093418,0.006316732526609692
BA(k=2),16,19,20292230,2,1,0.7823165889868724,0.7823165889868724,0.0
BA(k=2),16,19,20292230,2,3,0.8772861438175614,0.8799324436093418,0.0026462997917803266
BA(k=2),16,19,20292230,3,1,0.7792481567400047,0.7823165889868724,0.0030684322468677028
BA(k=2),16,19,20292230,3,3,0.8772861438175614,0.8799324436093418,0.0026462997917803266
BA(k=2),16,20,20292231,1,1,0.7869502434620064,0.787021731264753,7.148780274668365e-5
BA(k=2),16,20,20292231,1,3,0.8982390720418528,0.9059487967163001,0.007709724674447305
BA(k=2),16,20,20292231,2,1,0.7870217312647532,0.787021731264753,-1.1102230246251565e-16
BA(k=2),16,20,20292231,2,3,0.8984161241337622,0.9059487967163001,0.00753267258253798
BA(k=2),16,20,20292231,3,1,0.7831223858610584,0.787021731264753,0.003899345403694632
BA(k=2),16,20,20292231,3,3,0.8984161241337622,0.9059487967163001,0.00753267258253798
BA(k=4),16,1,20302212,1,1,0.8246626531478356,0.8267639883559195,0.0021013352080838654
BA(k=4),16,1,20302212,1,3,0.8967414879576325,0.9075058129929353,0.01076432503530278
BA(k=4),16,1,20302212,2,1,0.8246626531478356,0.8267639883559195,0.0021013352080838654
BA(k=4),16,1,20302212,2,3,0.9027440538525099,0.9075058129929353,0.004761759140425426
BA(k=4),16,1,20302212,3,1,0.8252406471161102,0.8267639883559195,0.0015233412398092394
BA(k=4),16,1,20302212,3,3,0.8860813869417961,0.9075058129929353,0.021424426051139256
BA(k=4),16,2,20302213,1,1,0.8264418480386365,0.8286047957470553,0.0021629477084187387
BA(k=4),16,2,20302213,1,3,0.9065480768282986,0.9147897846628555,0.00824170783455691
BA(k=4),16,2,20302213,2,1,0.8264418480386365,0.8286047957470553,0.0021629477084187387
BA(k=4),16,2,20302213,2,3,0.9096453721334409,0.9147897846628555,0.005144412529414666
BA(k=4),16,2,20302213,3,1,0.8275124737363468,0.8286047957470553,0.001092322010708413
BA(k=4),16,2,20302213,3,3,0.8965490042329215,0.9147897846628555,0.018240780429934045
BA(k=4),16,3,20302214,1,1,0.7817381170885626,0.7845602529761833,0.0028221358876207026
BA(k=4),16,3,20302214,1,3,0.8654831133156772,0.8750329934666649,0.009549880150987677
BA(k=4),16,3,20302214,2,1,0.7817381170885626,0.7845602529761833,0.0028221358876207026
BA(k=4),16,3,20302214,2,3,0.8647534043494747,0.8750329934666649,0.01027958911719018
BA(k=4),16,3,20302214,3,1,0.7831424189392643,0.7845602529761833,0.0014178340369189746
BA(k=4),16,3,20302214,3,3,0.8551488064468822,0.8750329934666649,0.019884187019782673
BA(k=4),16,4,20302215,1,1,0.80611250030731,0.8085390266373902,0.0024265263300802253
BA(k=4),16,4,20302215,1,3,0.8892187704408389,0.8941602892816297,0.0049415188407908595
BA(k=4),16,4,20302215,2,1,0.80611250030731,0.8085390266373902,0.0024265263300802253
BA(k=4),16,4,20302215,2,3,0.8894914001474875,0.8941602892816297,0.004668889134142207
BA(k=4),16,4,20302215,3,1,0.807494869230313,0.8085390266373902,0.0010441574070771953
BA(k=4),16,4,20302215,3,3,0.8806563623293586,0.8941602892816297,0.013503926952271095
BA(k=4),16,5,20302216,1,1,0.8502686852539248,0.8523625431880644,0.0020938579341395203
BA(k=4),16,5,20302216,1,3,0.9120731957140366,0.9293402971900713,0.01726710147603472
BA(k=4),16,5,20302216,2,1,0.8502686852539248,0.8523625431880644,0.0020938579341395203
BA(k=4),16,5,20302216,2,3,0.9263157320226025,0.9293402971900713,0.00302456516746874
BA(k=4),16,5,20302216,3,1,0.850959414405193,0.8523625431880644,0.00140312878287141
BA(k=4),16,5,20302216,3,3,0.9012663295167709,0.9293402971900713,0.028073967673300393
BA(k=4),16,6,20302217,1,1,0.823828031953438,0.8258691482937955,0.0020411163403575294
BA(k=4),16,6,20302217,1,3,0.8993860918931879,0.9100535427048585,0.010667450811670642
BA(k=4),16,6,20302217,2,1,0.823828031953438,0.8258691482937955,0.0020411163403575294
BA(k=4),16,6,20302217,2,3,0.9056271851338553,0.9100535427048585,0.004426357571003181
BA(k=4),16,6,20302217,3,1,0.8244080690510661,0.8258691482937955,0.001461079242729424
BA(k=4),16,6,20302217,3,3,0.8875479819472157,0.9100535427048585,0.022505560757642762
BA(k=4),16,7,20302218,1,1,0.7588928196457368,0.7612398660670411,0.002347046421304233
BA(k=4),16,7,20302218,1,3,0.8483713793624024,0.8627682368926061,0.0143968575302037
BA(k=4),16,7,20302218,2,1,0.7588928196457368,0.7612398660670411,0.002347046421304233
BA(k=4),16,7,20302218,2,3,0.8417192503292473,0.8627682368926061,0.02104898656335874
BA(k=4),16,7,20302218,3,1,0.7600484991047094,0.7612398660670411,0.0011913669623316858
BA(k=4),16,7,20302218,3,3,0.8400634457958869,0.8627682368926061,0.02270479109671919
BA(k=4),16,8,20302219,1,1,0.8217265637697113,0.8232214843008,0.0014949205310886837
BA(k=4),16,8,20302219,1,3,0.8912472463330495,0.9029914146253133,0.011744168292263768
BA(k=4),16,8,20302219,2,1,0.8217265637697113,0.8232214843008,0.0014949205310886837
BA(k=4),16,8,20302219,2,3,0.8978464849565607,0.9029914146253133,0.005144929668752574
BA(k=4),16,8,20302219,3,1,0.8219296506916116,0.8232214843008,0.0012918336091883864
BA(k=4),16,8,20302219,3,3,0.8795374521235767,0.9029914146253133,0.02345396250173659
BA(k=4),16,9,20302220,1,1,0.7631936312402017,0.7659052791849015,0.002711647944699802
BA(k=4),16,9,20302220,1,3,0.8479100220728766,0.8543705360610916,0.006460513988215011
BA(k=4),16,9,20302220,2,1,0.7631936312402017,0.7659052791849015,0.002711647944699802
BA(k=4),16,9,20302220,2,3,0.843884265530777,0.8543705360610916,0.01048627053031459
BA(k=4),16,9,20302220,3,1,0.7646258872538056,0.7659052791849015,0.0012793919310958302
BA(k=4),16,9,20302220,3,3,0.842800580486782,0.8543705360610916,0.01156995557430962
BA(k=4),16,10,20302221,1,1,0.8017611703063436,0.8034847143846615,0.0017235440783178735
BA(k=4),16,10,20302221,1,3,0.8872311411040228,0.8921180438557152,0.004886902751692457
BA(k=4),16,10,20302221,2,1,0.8017611703063436,0.8034847143846615,0.0017235440783178735
BA(k=4),16,10,20302221,2,3,0.8854400169980542,0.8921180438557152,0.006678026857661057
BA(k=4),16,10,20302221,3,1,0.8024852200472277,0.8034847143846615,0.0009994943374338483
BA(k=4),16,10,20302221,3,3,0.8779435198662527,0.8921180438557152,0.014174523989462506
BA(k=4),16,11,20302222,1,1,0.7890386198250833,0.7927922801454398,0.003753660320356511
BA(k=4),16,11,20302222,1,3,0.891407126631475,0.9051855263602094,0.013778399728734403
BA(k=4),16,11,20302222,2,1,0.7890386198250833,0.7927922801454398,0.003753660320356511
BA(k=4),16,11,20302222,2,3,0.880498453511811,0.9051855263602094,0.02468707284839844
BA(k=4),16,11,20302222,3,1,0.7916609496690038,0.7927922801454398,0.0011313304764359877
BA(k=4),16,11,20302222,3,3,0.8863127019038354,0.9051855263602094,0.01887282445637406
BA(k=4),16,12,20302223,1,1,0.828928746514848,0.8316425011318802,0.0027137546170321603
BA(k=4),16,12,20302223,1,3,0.9067287940890075,0.9186719323341502,0.011943138245142704
BA(k=4),16,12,20302223,2,1,0.828928746514848,0.8316425011318802,0.0027137546170321603
BA(k=4),16,12,20302223,2,3,0.9122093541420634,0.9186719323341502,0.006462578192086843
BA(k=4),16,12,20302223,3,1,0.8305399944483223,0.8316425011318802,0.0011025066835579356
BA(k=4),16,12,20302223,3,3,0.8975536639590902,0.9186719323341502,0.021118268375060034
BA(k=4),16,13,20302224,1,1,0.799385300551674,0.8011396947566688,0.0017543942049947914
BA(k=4),16,13,20302224,1,3,0.8797095462429436,0.8861955020360175,0.006485955793073872
BA(k=4),16,13,20302224,2,1,0.799385300551674,0.8011396947566688,0.0017543942049947914
BA(k=4),16,13,20302224,2,3,0.88088564607193,0.8861955020360175,0.0053098559640875065
BA(k=4),16,13,20302224,3,1,0.8000057542768847,0.8011396947566688,0.0011339404797841013
BA(k=4),16,13,20302224,3,3,0.8678595982583289,0.8861955020360175,0.018335903777688567
BA(k=4),16,14,20302225,1,1,0.7786689120461694,0.7810974317283567,0.002428519682187269
BA(k=4),16,14,20302225,1,3,0.8670862691011,0.8752310225007722,0.008144753399672244
BA(k=4),16,14,20302225,2,1,0.7786689120461694,0.7810974317283567,0.002428519682187269
BA(k=4),16,14,20302225,2,3,0.8654909819273389,0.8752310225007722,0.009740040573433362
BA(k=4),16,14,20302225,3,1,0.7797656981963405,0.7810974317283567,0.0013317335320162105
BA(k=4),16,14,20302225,3,3,0.8561400677132772,0.8752310225007722,0.019090954787495007
BA(k=4),16,15,20302226,1,1,0.8253245281993455,0.8272526199512608,0.0019280917519152174
BA(k=4),16,15,20302226,1,3,0.8918745031334554,0.9042619413809826,0.012387438247527194
BA(k=4),16,15,20302226,2,1,0.8253245281993455,0.8272526199512608,0.0019280917519152174
BA(k=4),16,15,20302226,2,3,0.9011417988633572,0.9042619413809826,0.0031201425176253794
BA(k=4),16,15,20302226,3,1,0.8258238821851025,0.8272526199512608,0.0014287377661582612
BA(k=4),16,15,20302226,3,3,0.8813053538437823,0.9042619413809826,0.022956587537200313
BA(k=4),16,16,20302227,1,1,0.8045709000704598,0.8071813478255113,0.0026104477550514815
BA(k=4),16,16,20302227,1,3,0.8974891113385657,0.9074341170738562,0.009945005735290557
BA(k=4),16,16,20302227,2,1,0.8045709000704598,0.8071813478255113,0.0026104477550514815
BA(k=4),16,16,20302227,2,3,0.8928223292177533,0.9074341170738562,0.014611787856102953
BA(k=4),16,16,20302227,3,1,0.8063433896776744,0.8071813478255113,0.0008379581478369369
BA(k=4),16,16,20302227,3,3,0.8883816458786031,0.9074341170738562,0.019052471195253107
BA(k=4),16,17,20302228,1,1,0.8018008194245766,0.8038479697659366,0.002047150341360049
BA(k=4),16,17,20302228,1,3,0.8875678849194052,0.8920856470421462,0.00451776212274102
BA(k=4),16,17,20302228,2,1,0.8018008194245766,0.8038479697659366,0.002047150341360049
BA(k=4),16,17,20302228,2,3,0.8856280011049165,0.8920856470421462,0.00645764593722975
BA(k=4),16,17,20302228,3,1,0.8024377023525838,0.8038479697659366,0.001410267413352817
BA(k=4),16,17,20302228,3,3,0.8789262897293765,0.8920856470421462,0.013159357312769737
BA(k=4),16,18,20302229,1,1,0.7684331716781435,0.7722965824721215,0.003863410793978006
BA(k=4),16,18,20302229,1,3,0.8652320751542648,0.879010298548319,0.013778223394054212
BA(k=4),16,18,20302229,2,1,0.7684331716781435,0.7722965824721215,0.003863410793978006
BA(k=4),16,18,20302229,2,3,0.8583476296828243,0.879010298548319,0.020662668865494727
BA(k=4),16,18,20302229,3,1,0.7711718201829175,0.7722965824721215,0.0011247622892039955
BA(k=4),16,18,20302229,3,3,0.8600417283031762,0.879010298548319,0.01896857024514287
BA(k=4),16,19,20302230,1,1,0.8027995733938121,0.8052817366909485,0.0024821632971363528
BA(k=4),16,19,20302230,1,3,0.8809085787724076,0.8909122602995618,0.010003681527154251
BA(k=4),16,19,20302230,2,1,0.8027995733938121,0.8052817366909485,0.0024821632971363528
BA(k=4),16,19,20302230,2,3,0.8861165199291884,0.8909122602995618,0.004795740370373447
BA(k=4),16,19,20302230,3,1,0.80395782256717,0.8052817366909485,0.0013239141237785246
BA(k=4),16,19,20302230,3,3,0.8704850993274148,0.8909122602995618,0.02042716097214703
BA(k=4),16,20,20302231,1,1,0.7754575699711863,0.7770812904083718,0.0016237204371855052
BA(k=4),16,20,20302231,1,3,0.8651393223704701,0.8739025764812136,0.008763254110743524
BA(k=4),16,20,20302231,2,1,0.7754575699711863,0.7770812904083718,0.0016237204371855052
BA(k=4),16,20,20302231,2,3,0.858575918279227,0.8739025764812136,0.015326658201986643
BA(k=4),16,20,20302231,3,1,0.7755919626555465,0.7770812904083718,0.0014893277528252868
BA(k=4),16,20,20302231,3,3,0.8566607126941773,0.8739025764812136,0.017241863787036293
WS(k=4;b=0.1),16,1,20312212,1,1,0.8281360027071839,0.8281360027071837,-2.220446049250313e-16
WS(k=4;b=0.1),16,1,20312212,1,3,0.9060929163879669,0.9060929163879666,-2.220446049250313e-16
WS(k=4;b=0.1),16,1,20312212,2,1,0.8281360027071839,0.8281360027071837,-2.220446049250313e-16
WS(k=4;b=0.1),16,1,20312212,2,3,0.9045885152301029,0.9060929163879666,0.0015044011578637662
WS(k=4;b=0.1),16,1,20312212,3,1,0.8281360027071839,0.8281360027071837,-2.220446049250313e-16
WS(k=4;b=0.1),16,1,20312212,3,3,0.9004899809939726,0.9060929163879666,0.005602935393994035
WS(k=4;b=0.1),16,2,20312213,1,1,0.809123922804514,0.8097084727223742,0.0005845499178602775
WS(k=4;b=0.1),16,2,20312213,1,3,0.9039726127476156,0.908073494985986,0.004100882238370351
WS(k=4;b=0.1),16,2,20312213,2,1,0.809123922804514,0.8097084727223742,0.0005845499178602775
WS(k=4;b=0.1),16,2,20312213,2,3,0.9009805471575371,0.908073494985986,0.007092947828448937
WS(k=4;b=0.1),16,2,20312213,3,1,0.809123922804514,0.8097084727223742,0.0005845499178602775
WS(k=4;b=0.1),16,2,20312213,3,3,0.9070080088399951,0.908073494985986,0.0010654861459908904
WS(k=4;b=0.1),16,3,20312214,1,1,0.8253460654460292,0.8253460654460291,-1.1102230246251565e-16
WS(k=4;b=0.1),16,3,20312214,1,3,0.8929424201018925,0.8929424201018925,0.0
WS(k=4;b=0.1),16,3,20312214,2,1,0.8253460654460292,0.8253460654460291,-1.1102230246251565e-16
WS(k=4;b=0.1),16,3,20312214,2,3,0.8918428022222399,0.8929424201018925,0.0010996178796526257
WS(k=4;b=0.1),16,3,20312214,3,1,0.8253460654460292,0.8253460654460291,-1.1102230246251565e-16
WS(k=4;b=0.1),16,3,20312214,3,3,0.8864225761147244,0.8929424201018925,0.006519843987168095
WS(k=4;b=0.1),16,4,20312215,1,1,0.8064562209085361,0.8064579840388209,1.7631302847709307e-6
WS(k=4;b=0.1),16,4,20312215,1,3,0.8898302229415688,0.889830222941569,2.220446049250313e-16
WS(k=4;b=0.1),16,4,20312215,2,1,0.8064562209085361,0.8064579840388209,1.7631302847709307e-6
WS(k=4;b=0.1),16,4,20312215,2,3,0.8879070821502382,0.889830222941569,0.001923140791330824
WS(k=4;b=0.1),16,4,20312215,3,1,0.8064562209085361,0.8064579840388209,1.7631302847709307e-6
WS(k=4;b=0.1),16,4,20312215,3,3,0.8869488493401247,0.889830222941569,0.002881373601444248
WS(k=4;b=0.1),16,5,20312216,1,1,0.830957421805458,0.8309574218054578,-1.1102230246251565e-16
WS(k=4;b=0.1),16,5,20312216,1,3,0.8989418332330352,0.8989418332330352,0.0
WS(k=4;b=0.1),16,5,20312216,2,1,0.830957421805458,0.8309574218054578,-1.1102230246251565e-16
WS(k=4;b=0.1),16,5,20312216,2,3,0.898694497869552,0.8989418332330352,0.0002473353634832032
WS(k=4;b=0.1),16,5,20312216,3,1,0.830957421805458,0.8309574218054578,-1.1102230246251565e-16
WS(k=4;b=0.1),16,5,20312216,3,3,0.8898172511174014,0.8989418332330352,0.009124582115633828
WS(k=4;b=0.1),16,6,20312217,1,1,0.8255680756713412,0.8255680756713412,0.0
WS(k=4;b=0.1),16,6,20312217,1,3,0.8987579280690129,0.8987579280690129,0.0
WS(k=4;b=0.1),16,6,20312217,2,1,0.8255680756713412,0.8255680756713412,0.0
WS(k=4;b=0.1),16,6,20312217,2,3,0.897540557378949,0.8987579280690129,0.0012173706900638903
WS(k=4;b=0.1),16,6,20312217,3,1,0.8255680756713412,0.8255680756713412,0.0
WS(k=4;b=0.1),16,6,20312217,3,3,0.8917725549383224,0.8987579280690129,0.006985373130690475
WS(k=4;b=0.1),16,7,20312218,1,1,0.8089532479353844,0.809692508474952,0.0007392605395676322
WS(k=4;b=0.1),16,7,20312218,1,3,0.9015362359224344,0.9015362359224345,1.1102230246251565e-16
WS(k=4;b=0.1),16,7,20312218,2,1,0.8089532479353844,0.809692508474952,0.0007392605395676322
WS(k=4;b=0.1),16,7,20312218,2,3,0.89887658189733,0.9015362359224345,0.0026596540251044853
WS(k=4;b=0.1),16,7,20312218,3,1,0.8089532479353844,0.809692508474952,0.0007392605395676322
WS(k=4;b=0.1),16,7,20312218,3,3,0.9014498539901018,0.9015362359224345,8.638193233267977e-5
WS(k=4;b=0.1),16,8,20312219,1,1,0.8275170773641777,0.8275170773641779,2.220446049250313e-16
WS(k=4;b=0.1),16,8,20312219,1,3,0.899442273674996,0.8994422736749961,1.1102230246251565e-16
WS(k=4;b=0.1),16,8,20312219,2,1,0.8275170773641777,0.8275170773641779,2.220446049250313e-16
WS(k=4;b=0.1),16,8,20312219,2,3,0.8981043898425144,0.8994422736749961,0.0013378838324816789
WS(k=4;b=0.1),16,8,20312219,3,1,0.8275170773641777,0.8275170773641779,2.220446049250313e-16
WS(k=4;b=0.1),16,8,20312219,3,3,0.8937129153226074,0.8994422736749961,0.005729358352388636
WS(k=4;b=0.1),16,9,20312220,1,1,0.8284008965879237,0.8284008965879237,0.0
WS(k=4;b=0.1),16,9,20312220,1,3,0.8963367879991478,0.896336787999148,1.1102230246251565e-16
WS(k=4;b=0.1),16,9,20312220,2,1,0.8284008965879237,0.8284008965879237,0.0
WS(k=4;b=0.1),16,9,20312220,2,3,0.8957031490954064,0.896336787999148,0.0006336389037415735
WS(k=4;b=0.1),16,9,20312220,3,1,0.8284008965879237,0.8284008965879237,0.0
WS(k=4;b=0.1),16,9,20312220,3,3,0.8880997308390534,0.896336787999148,0.008237057160094596
WS(k=4;b=0.1),16,10,20312221,1,1,0.8383980699555987,0.8384371470278404,3.9077072241711086e-5
WS(k=4;b=0.1),16,10,20312221,1,3,0.9250642839452089,0.9250642839452086,-3.3306690738754696e-16
WS(k=4;b=0.1),16,10,20312221,2,1,0.8383980699555987,0.8384371470278404,3.9077072241711086e-5
WS(k=4;b=0.1),16,10,20312221,2,3,0.9235899410958334,0.9250642839452086,0.0014743428493751987
WS(k=4;b=0.1),16,10,20312221,3,1,0.8383980699555987,0.8384371470278404,3.9077072241711086e-5
WS(k=4;b=0.1),16,10,20312221,3,3,0.9177396699178638,0.9250642839452086,0.007324614027344745
WS(k=4;b=0.1),16,11,20312222,1,1,0.8276360026731235,0.8276360026731236,1.1102230246251565e-16
WS(k=4;b=0.1),16,11,20312222,1,3,0.9003896696941083,0.9003896696941084,1.1102230246251565e-16
WS(k=4;b=0.1),16,11,20312222,2,1,0.8276360026731235,0.8276360026731236,1.1102230246251565e-16
WS(k=4;b=0.1),16,11,20312222,2,3,0.898843919185938,0.9003896696941084,0.001545750508170407
WS(k=4;b=0.1),16,11,20312222,3,1,0.8276360026731235,0.8276360026731236,1.1102230246251565e-16
WS(k=4;b=0.1),16,11,20312222,3,3,0.9002020064976132,0.9003896696941084,0.00018766319649521357
WS(k=4;b=0.1),16,12,20312223,1,1,0.8307169341890623,0.8307169341890623,0.0
WS(k=4;b=0.1),16,12,20312223,1,3,0.9078226766966985,0.9078226766966982,-2.220446049250313e-16
WS(k=4;b=0.1),16,12,20312223,2,1,0.8307169341890623,0.8307169341890623,0.0
WS(k=4;b=0.1),16,12,20312223,2,3,0.905952980906536,0.9078226766966982,0.0018696957901622735
WS(k=4;b=0.1),16,12,20312223,3,1,0.8307169341890623,0.8307169341890623,0.0
WS(k=4;b=0.1),16,12,20312223,3,3,0.9074815479134175,0.9078226766966982,0.0003411287832807419
WS(k=4;b=0.1),16,13,20312224,1,1,0.836363365133777,0.836363365133777,0.0
WS(k=4;b=0.1),16,13,20312224,1,3,0.91629271458629,0.91629271458629,0.0
WS(k=4;b=0.1),16,13,20312224,2,1,0.836363365133777,0.836363365133777,0.0
WS(k=4;b=0.1),16,13,20312224,2,3,0.9148844599533064,0.91629271458629,0.0014082546329836632
WS(k=4;b=0.1),16,13,20312224,3,1,0.836363365133777,0.836363365133777,0.0
WS(k=4;b=0.1),16,13,20312224,3,3,0.9124334348190851,0.91629271458629,0.003859279767204904
WS(k=4;b=0.1),16,14,20312225,1,1,0.7977584675512154,0.7977584675512154,0.0
WS(k=4;b=0.1),16,14,20312225,1,3,0.8750437055458795,0.8750437055458795,0.0
WS(k=4;b=0.1),16,14,20312225,2,1,0.7977584675512154,0.7977584675512154,0.0
WS(k=4;b=0.1),16,14,20312225,2,3,0.8731289650615021,0.8750437055458795,0.001914740484377453
WS(k=4;b=0.1),16,14,20312225,3,1,0.7977584675512154,0.7977584675512154,0.0
WS(k=4;b=0.1),16,14,20312225,3,3,0.8739704934688275,0.8750437055458795,0.0010732120770520215
WS(k=4;b=0.1),16,15,20312226,1,1,0.8273546767306691,0.8273546767306693,2.220446049250313e-16
WS(k=4;b=0.1),16,15,20312226,1,3,0.8945162019801046,0.8945162019801046,0.0
WS(k=4;b=0.1),16,15,20312226,2,1,0.8273546767306691,0.8273546767306693,2.220446049250313e-16
WS(k=4;b=0.1),16,15,20312226,2,3,0.8941071353556721,0.8945162019801046,0.0004090666244325192
WS(k=4;b=0.1),16,15,20312226,3,1,0.8273546767306691,0.8273546767306693,2.220446049250313e-16
WS(k=4;b=0.1),16,15,20312226,3,3,0.8869829974956582,0.8945162019801046,0.0075332044844463875
WS(k=4;b=0.1),16,16,20312227,1,1,0.8055481355520041,0.8055481355520042,1.1102230246251565e-16
WS(k=4;b=0.1),16,16,20312227,1,3,0.8833383874828371,0.883338387482837,-1.1102230246251565e-16
WS(k=4;b=0.1),16,16,20312227,2,1,0.8055481355520041,0.8055481355520042,1.1102230246251565e-16
WS(k=4;b=0.1),16,16,20312227,2,3,0.8819497154917912,0.883338387482837,0.0013886719910457535
WS(k=4;b=0.1),16,16,20312227,3,1,0.8055481355520041,0.8055481355520042,1.1102230246251565e-16
WS(k=4;b=0.1),16,16,20312227,3,3,0.8791377742418107,0.883338387482837,0.004200613241026274
WS(k=4;b=0.1),16,17,20312228,1,1,0.8337510679848098,0.8337510679848098,0.0
WS(k=4;b=0.1),16,17,20312228,1,3,0.9127991340256859,0.9127991340256861,2.220446049250313e-16
WS(k=4;b=0.1),16,17,20312228,2,1,0.8337510679848098,0.8337510679848098,0.0
WS(k=4;b=0.1),16,17,20312228,2,3,0.9112272853166722,0.9127991340256861,0.0015718487090139455
WS(k=4;b=0.1),16,17,20312228,3,1,0.8337510679848098,0.8337510679848098,0.0
WS(k=4;b=0.1),16,17,20312228,3,3,0.9105861913422958,0.9127991340256861,0.00221294268339034
WS(k=4;b=0.1),16,18,20312229,1,1,0.8084982245750466,0.8090519026507033,0.0005536780756566495
WS(k=4;b=0.1),16,18,20312229,1,3,0.8985416966485663,0.9001414645803442,0.0015997679317778513
WS(k=4;b=0.1),16,18,20312229,2,1,0.8084982245750466,0.8090519026507033,0.0005536780756566495
WS(k=4;b=0.1),16,18,20312229,2,3,0.8960052041606764,0.9001414645803442,0.004136260419667748
WS(k=4;b=0.1),16,18,20312229,3,1,0.8084982245750466,0.8090519026507033,0.0005536780756566495
WS(k=4;b=0.1),16,18,20312229,3,3,0.8972351629863684,0.9001414645803442,0.0029063015939757575
WS(k=4;b=0.1),16,19,20312230,1,1,0.8342248761628533,0.8342248761628533,0.0
WS(k=4;b=0.1),16,19,20312230,1,3,0.9115920413388668,0.9115920413388668,0.0
WS(k=4;b=0.1),16,19,20312230,2,1,0.8342248761628533,0.8342248761628533,0.0
WS(k=4;b=0.1),16,19,20312230,2,3,0.9103198029945009,0.9115920413388668,0.0012722383443659613
WS(k=4;b=0.1),16,19,20312230,3,1,0.8342248761628533,0.8342248761628533,0.0
WS(k=4;b=0.1),16,19,20312230,3,3,0.9074687277967354,0.9115920413388668,0.004123313542131468
WS(k=4;b=0.1),16,20,20312231,1,1,0.8341610790305123,0.8341610790305124,1.1102230246251565e-16
WS(k=4;b=0.1),16,20,20312231,1,3,0.9112959617753699,0.9112959617753699,0.0
WS(k=4;b=0.1),16,20,20312231,2,1,0.8341610790305123,0.8341610790305124,1.1102230246251565e-16
WS(k=4;b=0.1),16,20,20312231,2,3,0.9098655279981843,0.9112959617753699,0.0014304337771855469
WS(k=4;b=0.1),16,20,20312231,3,1,0.8341610790305123,0.8341610790305124,1.1102230246251565e-16
WS(k=4;b=0.1),16,20,20312231,3,3,0.9074238110585995,0.9112959617753699,0.003872150716770384
WS(k=4;b=0.5),16,1,20322212,1,1,0.7750210858368369,0.7768439594473158,0.0018228736104788368
WS(k=4;b=0.5),16,1,20322212,1,3,0.8719259797629818,0.8787195368580165,0.006793557095034708
WS(k=4;b=0.5),16,1,20322212,2,1,0.7750210858368369,0.7768439594473158,0.0018228736104788368
WS(k=4;b=0.5),16,1,20322212,2,3,0.8711999757822398,0.8787195368580165,0.007519561075776671
WS(k=4;b=0.5),16,1,20322212,3,1,0.7750210858368369,0.7768439594473158,0.0018228736104788368
WS(k=4;b=0.5),16,1,20322212,3,3,0.8727787534860005,0.8787195368580165,0.005940783372015979
WS(k=4;b=0.5),16,2,20322213,1,1,0.806552748640909,0.8074990731115954,0.0009463244706864327
WS(k=4;b=0.5),16,2,20322213,1,3,0.8906007832199174,0.8906007832199175,1.1102230246251565e-16
WS(k=4;b=0.5),16,2,20322213,2,1,0.806552748640909,0.8074990731115954,0.0009463244706864327
WS(k=4;b=0.5),16,2,20322213,2,3,0.8827527212031191,0.8906007832199175,0.00784806201679844
WS(k=4;b=0.5),16,2,20322213,3,1,0.806552748640909,0.8074990731115954,0.0009463244706864327
WS(k=4;b=0.5),16,2,20322213,3,3,0.8808591233338029,0.8906007832199175,0.00974165988611464
WS(k=4;b=0.5),16,3,20322214,1,1,0.7841592957655473,0.7872165725335625,0.003057276768015149
WS(k=4;b=0.5),16,3,20322214,1,3,0.8824488363504686,0.8855889601016267,0.0031401237511581304
WS(k=4;b=0.5),16,3,20322214,2,1,0.7841592957655473,0.7872165725335625,0.003057276768015149
WS(k=4;b=0.5),16,3,20322214,2,3,0.8841787569814928,0.8855889601016267,0.001410203120133846
WS(k=4;b=0.5),16,3,20322214,3,1,0.7841592957655473,0.7872165725335625,0.003057276768015149
WS(k=4;b=0.5),16,3,20322214,3,3,0.8852511800396855,0.8855889601016267,0.00033778006194118415
WS(k=4;b=0.5),16,4,20322215,1,1,0.8051317851501512,0.8051317851501512,0.0
WS(k=4;b=0.5),16,4,20322215,1,3,0.8994592571928552,0.9019607832572291,0.0025015260643738157
WS(k=4;b=0.5),16,4,20322215,2,1,0.8051317851501512,0.8051317851501512,0.0
WS(k=4;b=0.5),16,4,20322215,2,3,0.9019607832572291,0.9019607832572291,0.0
WS(k=4;b=0.5),16,4,20322215,3,1,0.8051317851501512,0.8051317851501512,0.0
WS(k=4;b=0.5),16,4,20322215,3,3,0.9013006492211716,0.9019607832572291,0.0006601340360574692
WS(k=4;b=0.5),16,5,20322216,1,1,0.8146032334534494,0.8172582605595444,0.002655027106094998
WS(k=4;b=0.5),16,5,20322216,1,3,0.9147302697854056,0.9148992840258116,0.00016901424040594026
WS(k=4;b=0.5),16,5,20322216,2,1,0.8146032334534494,0.8172582605595444,0.002655027106094998
WS(k=4;b=0.5),16,5,20322216,2,3,0.9134120565968908,0.9148992840258116,0.0014872274289207121
WS(k=4;b=0.5),16,5,20322216,3,1,0.8146032334534494,0.8172582605595444,0.002655027106094998
WS(k=4;b=0.5),16,5,20322216,3,3,0.9114997461916462,0.9148992840258116,0.003399537834165356
WS(k=4;b=0.5),16,6,20322217,1,1,0.8037258627880907,0.8040546251063156,0.00032876231822498436
WS(k=4;b=0.5),16,6,20322217,1,3,0.8879362769617571,0.8898923661099423,0.001956089148185125
WS(k=4;b=0.5),16,6,20322217,2,1,0.8037258627880907,0.8040546251063156,0.00032876231822498436
WS(k=4;b=0.5),16,6,20322217,2,3,0.8881783225603528,0.8898923661099423,0.0017140435495894835
WS(k=4;b=0.5),16,6,20322217,3,1,0.8037258627880907,0.8040546251063156,0.00032876231822498436
WS(k=4;b=0.5),16,6,20322217,3,3,0.8889857907622146,0.8898923661099423,0.000906575347727645
WS(k=4;b=0.5),16,7,20322218,1,1,0.8384311573047386,0.8384324023434525,1.245038713904023e-6
WS(k=4;b=0.5),16,7,20322218,1,3,0.9200259862846366,0.9200259862846366,0.0
WS(k=4;b=0.5),16,7,20322218,2,1,0.8384311573047386,0.8384324023434525,1.245038713904023e-6
WS(k=4;b=0.5),16,7,20322218,2,3,0.9130093607678562,0.9200259862846366,0.007016625516780395
WS(k=4;b=0.5),16,7,20322218,3,1,0.8384311573047386,0.8384324023434525,1.245038713904023e-6
WS(k=4;b=0.5),16,7,20322218,3,3,0.9098909004547995,0.9200259862846366,0.010135085829837132
WS(k=4;b=0.5),16,8,20322219,1,1,0.8132058034864889,0.8152148130147455,0.0020090095282566667
WS(k=4;b=0.5),16,8,20322219,1,3,0.9053052564951919,0.9058672493650876,0.0005619928698956667
WS(k=4;b=0.5),16,8,20322219,2,1,0.8132058034864889,0.8152148130147455,0.0020090095282566667
WS(k=4;b=0.5),16,8,20322219,2,3,0.9014596157308774,0.9058672493650876,0.004407633634210151
WS(k=4;b=0.5),16,8,20322219,3,1,0.8132058034864889,0.8152148130147455,0.0020090095282566667
WS(k=4;b=0.5),16,8,20322219,3,3,0.9013988180180571,0.9058672493650876,0.004468431347030455
WS(k=4;b=0.5),16,9,20322220,1,1,0.8069037237026105,0.8075359793897328,0.0006322556871222185
WS(k=4;b=0.5),16,9,20322220,1,3,0.901300395576016,0.9030497645642253,0.00174936898820921
WS(k=4;b=0.5),16,9,20322220,2,1,0.8069037237026105,0.8075359793897328,0.0006322556871222185
WS(k=4;b=0.5),16,9,20322220,2,3,0.9017779111654012,0.9030497645642253,0.0012718533988240743
WS(k=4;b=0.5),16,9,20322220,3,1,0.8069037237026105,0.8075359793897328,0.0006322556871222185
WS(k=4;b=0.5),16,9,20322220,3,3,0.9019447265238124,0.9030497645642253,0.0011050380404128424
WS(k=4;b=0.5),16,10,20322221,1,1,0.7793522045998328,0.7806798227965301,0.0013276181966973555
WS(k=4;b=0.5),16,10,20322221,1,3,0.8713543024197132,0.8719381380900934,0.0005838356703801173
WS(k=4;b=0.5),16,10,20322221,2,1,0.7793522045998328,0.7806798227965301,0.0013276181966973555
WS(k=4;b=0.5),16,10,20322221,2,3,0.8715585051774645,0.8719381380900934,0.00037963291262888
WS(k=4;b=0.5),16,10,20322221,3,1,0.7793522045998328,0.7806798227965301,0.0013276181966973555
WS(k=4;b=0.5),16,10,20322221,3,3,0.8706275679834333,0.8719381380900934,0.001310570106660025
WS(k=4;b=0.5),16,11,20322222,1,1,0.7779671808077112,0.7793281785090229,0.0013609977013117058
WS(k=4;b=0.5),16,11,20322222,1,3,0.8722166497274363,0.8746935593631056,0.0024769096356692666
WS(k=4;b=0.5),16,11,20322222,2,1,0.7779671808077112,0.7793281785090229,0.0013609977013117058
WS(k=4;b=0.5),16,11,20322222,2,3,0.8741282684666343,0.8746935593631056,0.0005652908964712822
WS(k=4;b=0.5),16,11,20322222,3,1,0.7779671808077112,0.7793281785090229,0.0013609977013117058
WS(k=4;b=0.5),16,11,20322222,3,3,0.8746935593631056,0.8746935593631056,0.0
WS(k=4;b=0.5),16,12,20322223,1,1,0.7495256667328618,0.7505539798740819,0.001028313141220094
WS(k=4;b=0.5),16,12,20322223,1,3,0.8399388930759513,0.8474437839380682,0.00750489086211692
WS(k=4;b=0.5),16,12,20322223,2,1,0.7495256667328618,0.7505539798740819,0.001028313141220094
WS(k=4;b=0.5),16,12,20322223,2,3,0.8448152919596076,0.8474437839380682,0.002628491978460601
WS(k=4;b=0.5),16,12,20322223,3,1,0.7495256667328618,0.7505539798740819,0.001028313141220094
WS(k=4;b=0.5),16,12,20322223,3,3,0.8474437839380682,0.8474437839380682,0.0
WS(k=4;b=0.5),16,13,20322224,1,1,0.7844436011883644,0.7871954543317486,0.0027518531433842197
WS(k=4;b=0.5),16,13,20322224,1,3,0.8825767604924322,0.8880609244796458,0.0054841639872136305
WS(k=4;b=0.5),16,13,20322224,2,1,0.7844436011883644,0.7871954543317486,0.0027518531433842197
WS(k=4;b=0.5),16,13,20322224,2,3,0.883049201879119,0.8880609244796458,0.005011722600526847
WS(k=4;b=0.5),16,13,20322224,3,1,0.7844436011883644,0.7871954543317486,0.0027518531433842197
WS(k=4;b=0.5),16,13,20322224,3,3,0.8872734895060881,0.8880609244796458,0.0007874349735577102
WS(k=4;b=0.5),16,14,20322225,1,1,0.7838587374955153,0.7863967350461754,0.002537997550660087
WS(k=4;b=0.5),16,14,20322225,1,3,0.8815781016647096,0.883507679844259,0.0019295781795494182
WS(k=4;b=0.5),16,14,20322225,2,1,0.7838587374955153,0.7863967350461754,0.002537997550660087
WS(k=4;b=0.5),16,14,20322225,2,3,0.8827281441190581,0.883507679844259,0.0007795357252009527
WS(k=4;b=0.5),16,14,20322225,3,1,0.7838587374955153,0.7863967350461754,0.002537997550660087
WS(k=4;b=0.5),16,14,20322225,3,3,0.8829730429939869,0.883507679844259,0.0005346368502721077
WS(k=4;b=0.5),16,15,20322226,1,1,0.798850372922058,0.7988503729220581,1.1102230246251565e-16
WS(k=4;b=0.5),16,15,20322226,1,3,0.8849143495329767,0.8849143495329765,-1.1102230246251565e-16
WS(k=4;b=0.5),16,15,20322226,2,1,0.798850372922058,0.7988503729220581,1.1102230246251565e-16
WS(k=4;b=0.5),16,15,20322226,2,3,0.8833120501239319,0.8849143495329765,0.0016022994090446607
WS(k=4;b=0.5),16,15,20322226,3,1,0.798850372922058,0.7988503729220581,1.1102230246251565e-16
WS(k=4;b=0.5),16,15,20322226,3,3,0.8806791402221166,0.8849143495329765,0.0042352093108599664
WS(k=4;b=0.5),16,16,20322227,1,1,0.8045487198246057,0.8049875951155105,0.0004388752909048055
WS(k=4;b=0.5),16,16,20322227,1,3,0.8878667778163256,0.8878667778163256,0.0
WS(k=4;b=0.5),16,16,20322227,2,1,0.8045487198246057,0.8049875951155105,0.0004388752909048055
WS(k=4;b=0.5),16,16,20322227,2,3,0.8810409886838337,0.8878667778163256,0.006825789132491877
WS(k=4;b=0.5),16,16,20322227,3,1,0.8045487198246057,0.8049875951155105,0.0004388752909048055
WS(k=4;b=0.5),16,16,20322227,3,3,0.8772811351070198,0.8878667778163256,0.010585642709305843
WS(k=4;b=0.5),16,17,20322228,1,1,0.8131583952374493,0.8151570479484004,0.001998652710951121
WS(k=4;b=0.5),16,17,20322228,1,3,0.9077974472346068,0.9128935114755271,0.0050960642409203505
WS(k=4;b=0.5),16,17,20322228,2,1,0.8131583952374493,0.8151570479484004,0.001998652710951121
WS(k=4;b=0.5),16,17,20322228,2,3,0.9106387730092922,0.9128935114755271,0.002254738466234918
WS(k=4;b=0.5),16,17,20322228,3,1,0.8131583952374493,0.8151570479484004,0.001998652710951121
WS(k=4;b=0.5),16,17,20322228,3,3,0.9128935114755271,0.9128935114755271,0.0
WS(k=4;b=0.5),16,18,20322229,1,1,0.7783666350990918,0.7793356030180516,0.0009689679189598399
WS(k=4;b=0.5),16,18,20322229,1,3,0.8663578081034841,0.8684587534608823,0.002100945357398243
WS(k=4;b=0.5),16,18,20322229,2,1,0.7783666350990918,0.7793356030180516,0.0009689679189598399
WS(k=4;b=0.5),16,18,20322229,2,3,0.8684587534608824,0.8684587534608823,-1.1102230246251565e-16
WS(k=4;b=0.5),16,18,20322229,3,1,0.7783666350990918,0.7793356030180516,0.0009689679189598399
WS(k=4;b=0.5),16,18,20322229,3,3,0.868243046488521,0.8684587534608823,0.00021570697236128478
WS(k=4;b=0.5),16,19,20322230,1,1,0.7851082212739855,0.7877680687145687,0.0026598474405832295
WS(k=4;b=0.5),16,19,20322230,1,3,0.8803634447686365,0.8825422276079581,0.0021787828393216024
WS(k=4;b=0.5),16,19,20322230,2,1,0.7851082212739855,0.7877680687145687,0.0026598474405832295
WS(k=4;b=0.5),16,19,20322230,2,3,0.8801848907076661,0.8825422276079581,0.0023573369002919398
WS(k=4;b=0.5),16,19,20322230,3,1,0.7851082212739855,0.7877680687145687,0.0026598474405832295
WS(k=4;b=0.5),16,19,20322230,3,3,0.881356024036041,0.8825422276079581,0.0011862035719171216
WS(k=4;b=0.5),16,20,20322231,1,1,0.8416618475941956,0.8430656586706093,0.0014038110764137413
WS(k=4;b=0.5),16,20,20322231,1,3,0.9279920229475097,0.9279920229475095,-2.220446049250313e-16
WS(k=4;b=0.5),16,20,20322231,2,1,0.8416618475941956,0.8430656586706093,0.0014038110764137413
WS(k=4;b=0.5),16,20,20322231,2,3,0.9231191885414409,0.9279920229475095,0.00487283440606856
WS(k=4;b=0.5),16,20,20322231,3,1,0.8416618475941956,0.8430656586706093,0.0014038110764137413
WS(k=4;b=0.5),16,20,20322231,3,3,0.9224536336216168,0.9279920229475095,0.005538389325892679
3-regular,16,1,20332212,1,1,0.7460693192108049,0.7473978131565052,0.0013284939457003375
3-regular,16,1,20332212,1,3,0.8243765660795817,0.8428123657549967,0.018435799675415088
3-regular,16,1,20332212,2,1,0.7404624551034089,0.7473978131565052,0.006935358053096308
3-regular,16,1,20332212,2,3,0.8243765660795817,0.8428123657549967,0.018435799675415088
3-regular,16,1,20332212,3,1,0.7472360117296565,0.7473978131565052,0.00016180142684874
3-regular,16,1,20332212,3,3,0.8428123657549965,0.8428123657549967,2.220446049250313e-16
3-regular,16,2,20332213,1,1,0.7687778954590309,0.7690887587120585,0.00031086325302764894
3-regular,16,2,20332213,1,3,0.8566533838613553,0.8704652464151998,0.01381186255384459
3-regular,16,2,20332213,2,1,0.765202299127246,0.7690887587120585,0.003886459584812485
3-regular,16,2,20332213,2,3,0.8566533838613553,0.8704652464151998,0.01381186255384459
3-regular,16,2,20332213,3,1,0.7690887587120587,0.7690887587120585,-2.220446049250313e-16
3-regular,16,2,20332213,3,3,0.8658694457860027,0.8704652464151998,0.004595800629197178
3-regular,16,3,20332214,1,1,0.7399513824381216,0.7406830952501289,0.0007317128120072347
3-regular,16,3,20332214,1,3,0.8255882409726418,0.8634001094641849,0.037811868491543055
3-regular,16,3,20332214,2,1,0.7354414157715264,0.7406830952501289,0.0052416794786024345
3-regular,16,3,20332214,2,3,0.8255882409726418,0.8634001094641849,0.037811868491543055
3-regular,16,3,20332214,3,1,0.7406830952501289,0.7406830952501289,0.0
3-regular,16,3,20332214,3,3,0.8634001094641852,0.8634001094641849,-3.3306690738754696e-16
3-regular,16,4,20332215,1,1,0.7521872559834878,0.7551488764117792,0.0029616204282914005
3-regular,16,4,20332215,1,3,0.8328235652180974,0.8683295342932379,0.035505969075140476
3-regular,16,4,20332215,2,1,0.7454834944352914,0.7551488764117792,0.009665381976487808
3-regular,16,4,20332215,2,3,0.8328235652180974,0.8683295342932379,0.035505969075140476
3-regular,16,4,20332215,3,1,0.7537889282091842,0.7551488764117792,0.001359948202594996
3-regular,16,4,20332215,3,3,0.868153575503166,0.8683295342932379,0.00017595879007192838
3-regular,16,5,20332216,1,1,0.8072167902319822,0.8075431966476616,0.0003264064156793811
3-regular,16,5,20332216,1,3,0.8940259906518332,0.9128888836840643,0.0188628930322311
3-regular,16,5,20332216,2,1,0.8034624140836083,0.8075431966476616,0.004080782564053309
3-regular,16,5,20332216,2,3,0.8940259906518332,0.9128888836840643,0.0188628930322311
3-regular,16,5,20332216,3,1,0.8075431966476614,0.8075431966476616,2.220446049250313e-16
3-regular,16,5,20332216,3,3,0.9128888836840645,0.9128888836840643,-2.220446049250313e-16
3-regular,16,6,20332217,1,1,0.7521872559834878,0.7551488764117792,0.0029616204282914005
3-regular,16,6,20332217,1,3,0.8294989966988346,0.8505497428479896,0.02105074614915492
3-regular,16,6,20332217,2,1,0.7454834944352914,0.7551488764117792,0.009665381976487808
3-regular,16,6,20332217,2,3,0.8294989966988346,0.8505497428479896,0.02105074614915492
3-regular,16,6,20332217,3,1,0.7537889282091842,0.7551488764117792,0.001359948202594996
3-regular,16,6,20332217,3,3,0.850450646956689,0.8505497428479896,9.909589130052687e-5
3-regular,16,7,20332218,1,1,0.7751871625542227,0.7759537188334685,0.0007665562792458225
3-regular,16,7,20332218,1,3,0.8577110445695052,0.8749603228854984,0.01724927831599321
3-regular,16,7,20332218,2,1,0.7704624355701706,0.7759537188334685,0.0054912832632979525
3-regular,16,7,20332218,2,3,0.8577110445695052,0.8749603228854984,0.01724927831599321
3-regular,16,7,20332218,3,1,0.7759537188334684,0.7759537188334685,1.1102230246251565e-16
3-regular,16,7,20332218,3,3,0.874576244704758,0.8749603228854984,0.00038407818074037703
3-regular,16,8,20332219,1,1,0.7751871625542227,0.7759537188334685,0.0007665562792458225
3-regular,16,8,20332219,1,3,0.8615651028432689,0.8756539040547583,0.014088801211489366
3-regular,16,8,20332219,2,1,0.7704624355701706,0.7759537188334685,0.0054912832632979525
3-regular,16,8,20332219,2,3,0.8615651028432689,0.8756539040547583,0.014088801211489366
3-regular,16,8,20332219,3,1,0.7759537188334684,0.7759537188334685,1.1102230246251565e-16
3-regular,16,8,20332219,3,3,0.8722781217783615,0.8756539040547583,0.003375782276396788
3-regular,16,9,20332220,1,1,0.7399513824381216,0.7406830952501291,0.0007317128120074567
3-regular,16,9,20332220,1,3,0.8190473250531085,0.8493934011394134,0.030346076086304907
3-regular,16,9,20332220,2,1,0.7354414157715264,0.7406830952501291,0.005241679478602657
3-regular,16,9,20332220,2,3,0.8190473250531085,0.8493934011394134,0.030346076086304907
3-regular,16,9,20332220,3,1,0.7406830952501289,0.7406830952501291,2.220446049250313e-16
3-regular,16,9,20332220,3,3,0.8493934011394134,0.8493934011394134,0.0
3-regular,16,10,20332221,1,1,0.8072167902319822,0.8075431966476616,0.0003264064156793811
3-regular,16,10,20332221,1,3,0.8923576424496261,0.9003976207869908,0.008039978337364695
3-regular,16,10,20332221,2,1,0.8034624140836083,0.8075431966476616,0.004080782564053309
3-regular,16,10,20332221,2,3,0.8923576424496261,0.9003976207869908,0.008039978337364695
3-regular,16,10,20332221,3,1,0.8075431966476616,0.8075431966476616,0.0
3-regular,16,10,20332221,3,3,0.8970222333686891,0.9003976207869908,0.0033753874183016785
3-regular,16,11,20332222,1,1,0.7460693192108047,0.7473978131565052,0.0013284939457005596
3-regular,16,11,20332222,1,3,0.8268362837939207,0.8493450675440816,0.022508783750160855
3-regular,16,11,20332222,2,1,0.7404624551034089,0.7473978131565052,0.006935358053096308
3-regular,16,11,20332222,2,3,0.8268362837939207,0.8493450675440816,0.022508783750160855
3-regular,16,11,20332222,3,1,0.7472360117296565,0.7473978131565052,0.00016180142684874
3-regular,16,11,20332222,3,3,0.849120406927274,0.8493450675440816,0.00022466061680759264
3-regular,16,12,20332223,1,1,0.7880056967446062,0.7911083467171022,0.0031026499724959855
3-regular,16,12,20332223,1,3,0.8693763262562746,0.8918088647593413,0.0224325385030667
3-regular,16,12,20332223,2,1,0.7809827084560196,0.7911083467171022,0.010125638261082592
3-regular,16,12,20332223,2,3,0.8693763262562746,0.8918088647593413,0.0224325385030667
3-regular,16,12,20332223,3,1,0.7896836390762881,0.7911083467171022,0.001424707640814038
3-regular,16,12,20332223,3,3,0.8913081627177917,0.8918088647593413,0.0005007020415496166
3-regular,16,13,20332224,1,1,0.8206762511318851,0.8221375944721558,0.0014613433402707043
3-regular,16,13,20332224,1,3,0.9084666263734127,0.9192407933926245,0.010774167019211855
3-regular,16,13,20332224,2,1,0.8145087006137498,0.8221375944721558,0.007628893858406038
3-regular,16,13,20332224,2,3,0.9084666263734127,0.9192407933926245,0.010774167019211855
3-regular,16,13,20332224,3,1,0.8219596129026222,0.8221375944721558,0.0001779815695336362
3-regular,16,13,20332224,3,3,0.9092676156211489,0.9192407933926245,0.009973177771475661
3-regular,16,14,20332225,1,1,0.7751871625542227,0.7759537188334685,0.0007665562792458225
3-regular,16,14,20332225,1,3,0.8647041438097298,0.8866395520176763,0.021935408207946483
3-regular,16,14,20332225,2,1,0.7704624355701706,0.7759537188334685,0.0054912832632979525
3-regular,16,14,20332225,2,3,0.8647041438097298,0.8866395520176763,0.021935408207946483
3-regular,16,14,20332225,3,1,0.7759537188334684,0.7759537188334685,1.1102230246251565e-16
3-regular,16,14,20332225,3,3,0.8842684644187067,0.8866395520176763,0.0023710875989696456
3-regular,16,15,20332226,1,1,0.8072167902319825,0.8075431966476616,0.00032640641567915907
3-regular,16,15,20332226,1,3,0.8941879581650352,0.8985130019063364,0.004325043741301271
3-regular,16,15,20332226,2,1,0.8034624140836083,0.8075431966476616,0.004080782564053309
3-regular,16,15,20332226,2,3,0.8941879581650352,0.8985130019063364,0.004325043741301271
3-regular,16,15,20332226,3,1,0.8075431966476616,0.8075431966476616,0.0
3-regular,16,15,20332226,3,3,0.8905906918879808,0.8985130019063364,0.007922310018355638
3-regular,16,16,20332227,1,1,0.7815964296494144,0.782988185211577,0.0013917555621625333
3-regular,16,16,20332227,1,3,0.8664817349064706,0.8823521438523504,0.015870408945879766
3-regular,16,16,20332227,2,1,0.775722572013095,0.782988185211577,0.007265613198481957
3-regular,16,16,20332227,2,3,0.8664817349064706,0.8823521438523504,0.015870408945879766
3-regular,16,16,20332227,3,1,0.7828186789548782,0.782988185211577,0.0001695062566987593
3-regular,16,16,20332227,3,3,0.8780958273929018,0.8823521438523504,0.0042563164594485725
3-regular,16,17,20332228,1,1,0.7815964296494146,0.782988185211577,0.0013917555621624222
3-regular,16,17,20332228,1,3,0.8652799586015367,0.8876277499753743,0.022347791373837578
3-regular,16,17,20332228,2,1,0.775722572013095,0.782988185211577,0.007265613198481957
3-regular,16,17,20332228,2,3,0.8652799586015367,0.8876277499753743,0.022347791373837578
3-regular,16,17,20332228,3,1,0.7828186789548782,0.782988185211577,0.0001695062566987593
3-regular,16,17,20332228,3,3,0.8876277499753743,0.8876277499753743,0.0
3-regular,16,18,20332229,1,1,0.7815964296494144,0.782988185211577,0.0013917555621625333
3-regular,16,18,20332229,1,3,0.8668643510645931,0.8920462215996808,0.02518187053508769
3-regular,16,18,20332229,2,1,0.775722572013095,0.782988185211577,0.007265613198481957
3-regular,16,18,20332229,2,3,0.8668643510645931,0.8920462215996808,0.02518187053508769
3-regular,16,18,20332229,3,1,0.7828186789548782,0.782988185211577,0.0001695062566987593
3-regular,16,18,20332229,3,3,0.8913885311658328,0.8920462215996808,0.0006576904338480016
3-regular,16,19,20332230,1,1,0.7521872559834878,0.7551488764117793,0.0029616204282915115
3-regular,16,19,20332230,1,3,0.8338668807036081,0.8721298244654379,0.038262943761829704
3-regular,16,19,20332230,2,1,0.7454834944352914,0.7551488764117793,0.009665381976487919
3-regular,16,19,20332230,2,3,0.8338668807036081,0.8721298244654379,0.038262943761829704
3-regular,16,19,20332230,3,1,0.7537889282091842,0.7551488764117793,0.001359948202595107
3-regular,16,19,20332230,3,3,0.871402844422006,0.8721298244654379,0.0007269800434318574
3-regular,16,20,20332231,1,1,0.8072167902319822,0.8075431966476616,0.0003264064156793811
3-regular,16,20,20332231,1,3,0.890304323433661,0.8978877172182962,0.0075833937846352395
3-regular,16,20,20332231,2,1,0.8034624140836083,0.8075431966476616,0.004080782564053309
3-regular,16,20,20332231,2,3,0.890304323433661,0.8978877172182962,0.0075833937846352395
3-regular,16,20,20332231,3,1,0.8075431966476616,0.8075431966476616,0.0
3-regular,16,20,20332231,3,3,0.8944157925831157,0.8978877172182962,0.0034719246351805344
ER(0.5),18,1,20272412,1,1,0.83956292013725,0.8441667152577045,0.004603795120454501
ER(0.5),18,1,20272412,1,3,0.8956962902783095,0.9180663360916799,0.02237004581337032
ER(0.5),18,1,20272412,2,1,0.8371954278336168,0.8441667152577045,0.006971287424087702
ER(0.5),18,1,20272412,2,3,0.8448973310439876,0.9180663360916799,0.0731690050476923
ER(0.5),18,1,20272412,3,1,0.83956292013725,0.8441667152577045,0.004603795120454501
ER(0.5),18,1,20272412,3,3,0.8923642877740344,0.9180663360916799,0.025702048317645443
ER(0.5),18,2,20272413,1,1,0.79793700852597,0.8012928998804654,0.0033558913544953217
ER(0.5),18,2,20272413,1,3,0.8635486892494318,0.8933156204347725,0.029766931185340684
ER(0.5),18,2,20272413,2,1,0.7967093919522606,0.8012928998804654,0.004583507928204722
ER(0.5),18,2,20272413,2,3,0.8183941862401872,0.8933156204347725,0.0749214341945853
ER(0.5),18,2,20272413,3,1,0.79793700852597,0.8012928998804654,0.0033558913544953217
ER(0.5),18,2,20272413,3,3,0.8570420428525843,0.8933156204347725,0.03627357758218819
ER(0.5),18,3,20272414,1,1,0.8432516978006193,0.8496322278089006,0.0063805300082813154
ER(0.5),18,3,20272414,1,3,0.8872586508427004,0.9176354223531101,0.03037677151040974
ER(0.5),18,3,20272414,2,1,0.8393983928101874,0.8496322278089006,0.01023383499871322
ER(0.5),18,3,20272414,2,3,0.8261911136072221,0.9176354223531101,0.09144430874588805
ER(0.5),18,3,20272414,3,1,0.8432516978006193,0.8496322278089006,0.0063805300082813154
ER(0.5),18,3,20272414,3,3,0.8841162241034587,0.9176354223531101,0.03351919824965144
ER(0.5),18,4,20272415,1,1,0.8139109621020498,0.8188973335691158,0.004986371467065931
ER(0.5),18,4,20272415,1,3,0.8694350469973353,0.8976609566017465,0.02822590960441118
ER(0.5),18,4,20272415,2,1,0.8109436299317263,0.8188973335691158,0.007953703637389453
ER(0.5),18,4,20272415,2,3,0.8146541717188119,0.8976609566017465,0.08300678488293456
ER(0.5),18,4,20272415,3,1,0.8139109621020498,0.8188973335691158,0.004986371467065931
ER(0.5),18,4,20272415,3,3,0.8646390314089264,0.8976609566017465,0.0330219251928201
ER(0.5),18,5,20272416,1,1,0.8288255830456382,0.8329518470054931,0.004126263959854826
ER(0.5),18,5,20272416,1,3,0.8878399452691779,0.9121459844565232,0.024306039187345307
ER(0.5),18,5,20272416,2,1,0.8265674035929925,0.8329518470054931,0.006384443412500551
ER(0.5),18,5,20272416,2,3,0.8377188158764389,0.9121459844565232,0.07442716858008425
ER(0.5),18,5,20272416,3,1,0.8288255830456382,0.8329518470054931,0.004126263959854826
ER(0.5),18,5,20272416,3,3,0.8835536593155856,0.9121459844565232,0.02859232514093757
ER(0.5),18,6,20272417,1,1,0.8088448629026144,0.8132085212667926,0.00436365836417818
ER(0.5),18,6,20272417,1,3,0.8650954099957917,0.8860085832250986,0.02091317322930686
ER(0.5),18,6,20272417,2,1,0.8055587909067936,0.8132085212667926,0.007649730359998941
ER(0.5),18,6,20272417,2,3,0.815975290458575,0.8860085832250986,0.07003329276652359
ER(0.5),18,6,20272417,3,1,0.8088448629026144,0.8132085212667926,0.00436365836417818
ER(0.5),18,6,20272417,3,3,0.861561270224314,0.8860085832250986,0.02444731300078462
ER(0.5),18,7,20272418,1,1,0.8060288055707205,0.8093481162149377,0.0033193106442171993
ER(0.5),18,7,20272418,1,3,0.8669312521521471,0.8854596672199113,0.01852841506776426
ER(0.5),18,7,20272418,2,1,0.805060739452138,0.8093481162149377,0.004287376762799777
ER(0.5),18,7,20272418,2,3,0.8269094781243879,0.8854596672199113,0.05855018909552345
ER(0.5),18,7,20272418,3,1,0.8060288055707205,0.8093481162149377,0.0033193106442171993
ER(0.5),18,7,20272418,3,3,0.8623451920944049,0.8854596672199113,0.023114475125506462
ER(0.5),18,8,20272419,1,1,0.7922382722616648,0.7947210284900069,0.0024827562283421534
ER(0.5),18,8,20272419,1,3,0.8598420370557657,0.878569935126293,0.018727898070527327
ER(0.5),18,8,20272419,2,1,0.7909563381940768,0.7947210284900069,0.003764690295930073
ER(0.5),18,8,20272419,2,3,0.8214189443575864,0.878569935126293,0.057150990768706555
ER(0.5),18,8,20272419,3,1,0.7922382722616648,0.7947210284900069,0.0024827562283421534
ER(0.5),18,8,20272419,3,3,0.8551435612486412,0.878569935126293,0.023426373877651785
ER(0.5),18,9,20272420,1,1,0.8091829060496752,0.8113624413600954,0.0021795353104201443
ER(0.5),18,9,20272420,1,3,0.8764425813563704,0.8910563573451654,0.014613775988794986
ER(0.5),18,9,20272420,2,1,0.8079432393041205,0.8113624413600954,0.0034192020559749015
ER(0.5),18,9,20272420,2,3,0.8399922332562645,0.8910563573451654,0.05106412408890093
ER(0.5),18,9,20272420,3,1,0.8091829060496752,0.8113624413600954,0.0021795353104201443
ER(0.5),18,9,20272420,3,3,0.8729725065404412,0.8910563573451654,0.01808385080472419
ER(0.5),18,10,20272421,1,1,0.8370097662841331,0.8403983815702881,0.0033886152861549723
ER(0.5),18,10,20272421,1,3,0.9032801838244332,0.9258377578489123,0.02255757402447911
ER(0.5),18,10,20272421,2,1,0.8359562702506895,0.8403983815702881,0.004442111319598596
ER(0.5),18,10,20272421,2,3,0.8605642325580212,0.9258377578489123,0.06527352529089114
ER(0.5),18,10,20272421,3,1,0.8370097662841331,0.8403983815702881,0.0033886152861549723
ER(0.5),18,10,20272421,3,3,0.8976276164812605,0.9258377578489123,0.028210141367651764
ER(0.5),18,11,20272422,1,1,0.8274501920394964,0.832536977925998,0.005086785886501577
ER(0.5),18,11,20272422,1,3,0.8815709427563749,0.908617855802644,0.02704691304626905
ER(0.5),18,11,20272422,2,1,0.8250406837266796,0.832536977925998,0.00749629419931841
ER(0.5),18,11,20272422,2,3,0.8281933738025473,0.908617855802644,0.08042448200009666
ER(0.5),18,11,20272422,3,1,0.8274501920394964,0.832536977925998,0.005086785886501577
ER(0.5),18,11,20272422,3,3,0.8772643302176332,0.908617855802644,0.03135352558501081
ER(0.5),18,12,20272423,1,1,0.8476810888617425,0.8566074709132342,0.008926382051491655
ER(0.5),18,12,20272423,1,3,0.8876157961970192,0.9252233395993746,0.03760754340235539
ER(0.5),18,12,20272423,2,1,0.8425494685812089,0.8566074709132342,0.014058002332025255
ER(0.5),18,12,20272423,2,3,0.8197415748173194,0.9252233395993746,0.10548176478205529
ER(0.5),18,12,20272423,3,1,0.8476810888617425,0.8566074709132342,0.008926382051491655
ER(0.5),18,12,20272423,3,3,0.8833316883118733,0.9252233395993746,0.041891651287501386
ER(0.5),18,13,20272424,1,1,0.8401019344186615,0.8446301094251131,0.004528175006451529
ER(0.5),18,13,20272424,1,3,0.8980380032494865,0.9229983713701627,0.024960368120676257
ER(0.5),18,13,20272424,2,1,0.8379691391309342,0.8446301094251131,0.006660970294178892
ER(0.5),18,13,20272424,2,3,0.8469411906913321,0.9229983713701627,0.0760571806788306
ER(0.5),18,13,20272424,3,1,0.8401019344186615,0.8446301094251131,0.004528175006451529
ER(0.5),18,13,20272424,3,3,0.8935246809550466,0.9229983713701627,0.02947369041511616
ER(0.5),18,14,20272425,1,1,0.8406169794973019,0.8449844618847836,0.004367482387481747
ER(0.5),18,14,20272425,1,3,0.8995445812335917,0.9168969035865701,0.017352322352978344
ER(0.5),18,14,20272425,2,1,0.8379512550834082,0.8449844618847836,0.0070332068013754245
ER(0.5),18,14,20272425,2,3,0.8538729604191198,0.9168969035865701,0.0630239431674503
ER(0.5),18,14,20272425,3,1,0.8406169794973019,0.8449844618847836,0.004367482387481747
ER(0.5),18,14,20272425,3,3,0.8965526511448626,0.9168969035865701,0.020344252441707456
ER(0.5),18,15,20272426,1,1,0.807431319290538,0.8097557269799248,0.002324407689386798
ER(0.5),18,15,20272426,1,3,0.8762858092077318,0.8968991612075095,0.02061335199977765
ER(0.5),18,15,20272426,2,1,0.806794659808808,0.8097557269799248,0.0029610671711167713
ER(0.5),18,15,20272426,2,3,0.8423732517499964,0.8968991612075095,0.05452590945751301
ER(0.5),18,15,20272426,3,1,0.807431319290538,0.8097557269799248,0.002324407689386798
ER(0.5),18,15,20272426,3,3,0.8710658662755313,0.8968991612075095,0.025833294931978168
ER(0.5),18,16,20272427,1,1,0.8271071121122605,0.8337576481068862,0.006650535994625728
ER(0.5),18,16,20272427,1,3,0.8722917902268323,0.9189212268334659,0.046629436606633545
ER(0.5),18,16,20272427,2,1,0.8236630131055861,0.8337576481068862,0.010094635001300145
ER(0.5),18,16,20272427,2,3,0.8095471615639636,0.9189212268334659,0.10937406526950233
ER(0.5),18,16,20272427,3,1,0.8271071121122605,0.8337576481068862,0.006650535994625728
ER(0.5),18,16,20272427,3,3,0.8664698289499039,0.9189212268334659,0.05245139788356201
ER(0.5),18,17,20272428,1,1,0.8353277551646215,0.8369349209778953,0.0016071658132738031
ER(0.5),18,17,20272428,1,3,0.9057927127755265,0.9141476809081442,0.008354968132617713
ER(0.5),18,17,20272428,2,1,0.8354210612722031,0.8369349209778953,0.0015138597056922887
ER(0.5),18,17,20272428,2,3,0.8766582891366467,0.9141476809081442,0.03748939177149757
ER(0.5),18,17,20272428,3,1,0.8353277551646215,0.8369349209778953,0.0016071658132738031
ER(0.5),18,17,20272428,3,3,0.9030205244225202,0.9141476809081442,0.011127156485624012
ER(0.5),18,18,20272429,1,1,0.8282979890114318,0.8305962828568851,0.0022982938454533253
ER(0.5),18,18,20272429,1,3,0.8950410064600683,0.9107239817254523,0.01568297526538398
ER(0.5),18,18,20272429,2,1,0.8276508202345934,0.8305962828568851,0.0029454626222917835
ER(0.5),18,18,20272429,2,3,0.8549504376059949,0.9107239817254523,0.05577354411945745
ER(0.5),18,18,20272429,3,1,0.8282979890114318,0.8305962828568851,0.0022982938454533253
ER(0.5),18,18,20272429,3,3,0.8915122757949344,0.9107239817254523,0.01921170593051791
ER(0.5),18,19,20272430,1,1,0.8139479994493589,0.8210028802021304,0.007054880752771497
ER(0.5),18,19,20272430,1,3,0.8594022654114736,0.8940849231585422,0.03468265774706858
ER(0.5),18,19,20272430,2,1,0.8094451188579594,0.8210028802021304,0.01155776134417097
ER(0.5),18,19,20272430,2,3,0.7973370978498258,0.8940849231585422,0.0967478253087164
ER(0.5),18,19,20272430,3,1,0.8139479994493589,0.8210028802021304,0.007054880752771497
ER(0.5),18,19,20272430,3,3,0.8550381312406616,0.8940849231585422,0.03904679191788052
ER(0.5),18,20,20272431,1,1,0.8410029239605191,0.8473102148235607,0.006307290863041604
ER(0.5),18,20,20272431,1,3,0.8898947192781497,0.9137254510512979,0.023830731773148206
ER(0.5),18,20,20272431,2,1,0.8359154852362081,0.8473102148235607,0.011394729587352659
ER(0.5),18,20,20272431,2,3,0.8296482910292711,0.9137254510512979,0.08407716002202681
ER(0.5),18,20,20272431,3,1,0.8410029239605191,0.8473102148235607,0.006307290863041604
ER(0.5),18,20,20272431,3,3,0.888264197482074,0.9137254510512979,0.025461253569223907
ER(0.25),18,1,20282412,1,1,0.7892413353831359,0.7892413353831359,0.0
ER(0.25),18,1,20282412,1,3,0.8748445263984019,0.8845947671182667,0.009750240719864744
ER(0.25),18,1,20282412,2,1,0.7849314940744514,0.7892413353831359,0.004309841308684503
ER(0.25),18,1,20282412,2,3,0.8642973168483115,0.8845947671182667,0.02029745026995522
ER(0.25),18,1,20282412,3,1,0.7829392034292815,0.7892413353831359,0.0063021319538544285
ER(0.25),18,1,20282412,3,3,0.8748445263984019,0.8845947671182667,0.009750240719864744
ER(0.25),18,2,20282413,1,1,0.7898319214567571,0.8025622686704269,0.012730347213669835
ER(0.25),18,2,20282413,1,3,0.8738680094650133,0.8929222297222081,0.01905422025719483
ER(0.25),18,2,20282413,2,1,0.7763396905697736,0.8025622686704269,0.026222578100653315
ER(0.25),18,2,20282413,2,3,0.8508786056568686,0.8929222297222081,0.04204362406533957
ER(0.25),18,2,20282413,3,1,0.7741335159162798,0.8025622686704269,0.028428752754147135
ER(0.25),18,2,20282413,3,3,0.8738680094650133,0.8929222297222081,0.01905422025719483
ER(0.25),18,3,20282414,1,1,0.7739319582894173,0.7899003506273742,0.015968392337956883
ER(0.25),18,3,20282414,1,3,0.8706819201692487,0.8847780852883792,0.014096165119130477
ER(0.25),18,3,20282414,2,1,0.7581693378361852,0.7899003506273742,0.03173101279118895
ER(0.25),18,3,20282414,2,3,0.8413657534208872,0.8847780852883792,0.04341233186749205
ER(0.25),18,3,20282414,3,1,0.755809353551497,0.7899003506273742,0.03409099707587715
ER(0.25),18,3,20282414,3,3,0.8706819201692487,0.8847780852883792,0.014096165119130477
ER(0.25),18,4,20282415,1,1,0.7894456774847364,0.8099597897079033,0.020514112223166903
ER(0.25),18,4,20282415,1,3,0.8716692424072109,0.8992718698152398,0.02760262740802888
ER(0.25),18,4,20282415,2,1,0.7733398641533908,0.8099597897079033,0.036619925554512434
ER(0.25),18,4,20282415,2,3,0.85945390017058,0.8992718698152398,0.03981796964465978
ER(0.25),18,4,20282415,3,1,0.7707758829875747,0.8099597897079033,0.039183906720328565
ER(0.25),18,4,20282415,3,3,0.8716692424072109,0.8992718698152398,0.02760262740802888
ER(0.25),18,5,20282416,1,1,0.8052218184415618,0.82080467395146,0.01558285550989813
ER(0.25),18,5,20282416,1,3,0.899809653460785,0.9093150645083516,0.009505411047566636
ER(0.25),18,5,20282416,2,1,0.7906268769137602,0.82080467395146,0.03017779703769974
ER(0.25),18,5,20282416,2,3,0.8776405593842187,0.9093150645083516,0.031674505124132946
ER(0.25),18,5,20282416,3,1,0.7857324681352326,0.82080467395146,0.035072205816227386
ER(0.25),18,5,20282416,3,3,0.899809653460785,0.9093150645083516,0.009505411047566636
ER(0.25),18,6,20282417,1,1,0.7701015227477638,0.7830597270118689,0.0129582042641051
ER(0.25),18,6,20282417,1,3,0.8601190512869277,0.8765976126313301,0.016478561344402398
ER(0.25),18,6,20282417,2,1,0.7575071183314629,0.7830597270118689,0.025552608680405986
ER(0.25),18,6,20282417,2,3,0.8396883699771897,0.8765976126313301,0.03690924265414042
ER(0.25),18,6,20282417,3,1,0.7546699537583595,0.7830597270118689,0.02838977325350933
ER(0.25),18,6,20282417,3,3,0.8601190512869277,0.8765976126313301,0.016478561344402398
ER(0.25),18,7,20282418,1,1,0.8009456311395973,0.8088077967274238,0.007862165587826486
ER(0.25),18,7,20282418,1,3,0.9005191109668089,0.9098353049820008,0.009316194015191903
ER(0.25),18,7,20282418,2,1,0.7875226421810954,0.8088077967274238,0.0212851545463284
ER(0.25),18,7,20282418,2,3,0.8622195016006421,0.9098353049820008,0.047615803381358734
ER(0.25),18,7,20282418,3,1,0.785766286706633,0.8088077967274238,0.0230415100207908
ER(0.25),18,7,20282418,3,3,0.9005191109668089,0.9098353049820008,0.009316194015191903
ER(0.25),18,8,20282419,1,1,0.7949041707907102,0.811195656348346,0.01629148555763582
ER(0.25),18,8,20282419,1,3,0.8856069972456911,0.9046350243451856,0.01902802709949447
ER(0.25),18,8,20282419,2,1,0.7806026911917756,0.811195656348346,0.030592965156570395
ER(0.25),18,8,20282419,2,3,0.8645873032487182,0.9046350243451856,0.04004772109646737
ER(0.25),18,8,20282419,3,1,0.7777213450377121,0.811195656348346,0.03347431131063394
ER(0.25),18,8,20282419,3,3,0.8856069972456911,0.9046350243451856,0.01902802709949447
ER(0.25),18,9,20282420,1,1,0.7626943695217123,0.7785103354332846,0.015815965911572305
ER(0.25),18,9,20282420,1,3,0.8489808561072346,0.8755202716031908,0.026539415495956176
ER(0.25),18,9,20282420,2,1,0.74935393776118,0.7785103354332846,0.02915639767210465
ER(0.25),18,9,20282420,2,3,0.8254898288768042,0.8755202716031908,0.05003044272638657
ER(0.25),18,9,20282420,3,1,0.7468774255321282,0.7785103354332846,0.031632909901156414
ER(0.25),18,9,20282420,3,3,0.8489808561072346,0.8755202716031908,0.026539415495956176
ER(0.25),18,10,20282421,1,1,0.7346065497497688,0.7426384426438587,0.008031892894089898
ER(0.25),18,10,20282421,1,3,0.8424579105233125,0.8547176414261114,0.01225973090279886
ER(0.25),18,10,20282421,2,1,0.7217532375793108,0.7426384426438587,0.02088520506454794
ER(0.25),18,10,20282421,2,3,0.7963340472648134,0.8547176414261114,0.058383594161298014
ER(0.25),18,10,20282421,3,1,0.7215437334357087,0.7426384426438587,0.021094709208150042
ER(0.25),18,10,20282421,3,3,0.8424579105233125,0.8547176414261114,0.01225973090279886
ER(0.25),18,11,20282422,1,1,0.7349178443539313,0.7502179111497893,0.015300066795858047
ER(0.25),18,11,20282422,1,3,0.8267964876424048,0.8544789275168578,0.02768243987445307
ER(0.25),18,11,20282422,2,1,0.7192737383304822,0.7502179111497893,0.03094417281930706
ER(0.25),18,11,20282422,2,3,0.7926088938119589,0.8544789275168578,0.061870033704898963
ER(0.25),18,11,20282422,3,1,0.7180902955304617,0.7502179111497893,0.03212761561932764
ER(0.25),18,11,20282422,3,3,0.8267964876424048,0.8544789275168578,0.02768243987445307
ER(0.25),18,12,20282423,1,1,0.7436748639923833,0.7514453250451005,0.007770461052717281
ER(0.25),18,12,20282423,1,3,0.8410391418744082,0.8502266113517425,0.009187469477334287
ER(0.25),18,12,20282423,2,1,0.7319463603254209,0.7514453250451005,0.0194989647196796
ER(0.25),18,12,20282423,2,3,0.8121170761122437,0.8502266113517425,0.03810953523949878
ER(0.25),18,12,20282423,3,1,0.7282982689184828,0.7514453250451005,0.023147056126617715
ER(0.25),18,12,20282423,3,3,0.8410391418744082,0.8502266113517425,0.009187469477334287
ER(0.25),18,13,20282424,1,1,0.7825055924258896,0.8040446382916846,0.021539045865795026
ER(0.25),18,13,20282424,1,3,0.8657566125637054,0.8921760359696144,0.02641942340590897
ER(0.25),18,13,20282424,2,1,0.7661091029399331,0.8040446382916846,0.03793553535175154
ER(0.25),18,13,20282424,2,3,0.8450286771415675,0.8921760359696144,0.04714735882804688
ER(0.25),18,13,20282424,3,1,0.7632891314873852,0.8040446382916846,0.0407555068042994
ER(0.25),18,13,20282424,3,3,0.8657566125637054,0.8921760359696144,0.02641942340590897
ER(0.25),18,14,20282425,1,1,0.816599539433696,0.832130134533032,0.015530595099335964
ER(0.25),18,14,20282425,1,3,0.9072931710409831,0.9238505439818387,0.016557372940855686
ER(0.25),18,14,20282425,2,1,0.7998163977349015,0.832130134533032,0.03231373679813043
ER(0.25),18,14,20282425,2,3,0.8756962321136823,0.9238505439818387,0.04815431186815644
ER(0.25),18,14,20282425,3,1,0.7980386543299771,0.832130134533032,0.03409148020305486
ER(0.25),18,14,20282425,3,3,0.9072931710409831,0.9238505439818387,0.016557372940855686
ER(0.25),18,15,20282426,1,1,0.7833337584505361,0.7934741390313973,0.010140380580861197
ER(0.25),18,15,20282426,1,3,0.8707976579341387,0.8883506055704847,0.017552947636346072
ER(0.25),18,15,20282426,2,1,0.7713708587000941,0.7934741390313973,0.022103280331303155
ER(0.25),18,15,20282426,2,3,0.8601979392101332,0.8883506055704847,0.02815266636035152
ER(0.25),18,15,20282426,3,1,0.7692979587518283,0.7934741390313973,0.024176180279569026
ER(0.25),18,15,20282426,3,3,0.8707976579341387,0.8883506055704847,0.017552947636346072
ER(0.25),18,16,20282427,1,1,0.8127788813528163,0.8202442627043963,0.007465381351580036
ER(0.25),18,16,20282427,1,3,0.9040037786291771,0.9129375865791926,0.008933807950015415
ER(0.25),18,16,20282427,2,1,0.8018350891468451,0.8202442627043963,0.01840917355755123
ER(0.25),18,16,20282427,2,3,0.8841647656845595,0.9129375865791926,0.028772820894633067
ER(0.25),18,16,20282427,3,1,0.7966451763367303,0.8202442627043963,0.023599086367666056
ER(0.25),18,16,20282427,3,3,0.9040037786291771,0.9129375865791926,0.008933807950015415
ER(0.25),18,17,20282428,1,1,0.8002477013543453,0.8104779271965347,0.010230225842189355
ER(0.25),18,17,20282428,1,3,0.8872932053011993,0.8994226137393837,0.012129408438184441
ER(0.25),18,17,20282428,2,1,0.7859898124566027,0.8104779271965347,0.024488114739931954
ER(0.25),18,17,20282428,2,3,0.8561974760672867,0.8994226137393837,0.043225137672097014
ER(0.25),18,17,20282428,3,1,0.7838384263947198,0.8104779271965347,0.026639500801814875
ER(0.25),18,17,20282428,3,3,0.8872932053011993,0.8994226137393837,0.012129408438184441
ER(0.25),18,18,20282429,1,1,0.77139939656765,0.7836991235869561,0.01229972701930615
ER(0.25),18,18,20282429,1,3,0.8702860021541808,0.8811970256267041,0.010911023472523262
ER(0.25),18,18,20282429,2,1,0.7565030081002388,0.7836991235869561,0.0271961154867173
ER(0.25),18,18,20282429,2,3,0.8342806263715009,0.8811970256267041,0.04691639925520319
ER(0.25),18,18,20282429,3,1,0.7549312614170345,0.7836991235869561,0.028767862169921665
ER(0.25),18,18,20282429,3,3,0.8702860021541808,0.8811970256267041,0.010911023472523262
ER(0.25),18,19,20282430,1,1,0.7738664431200908,0.7948297023807259,0.020963259260635136
ER(0.25),18,19,20282430,1,3,0.860326382984999,0.8816966791377268,0.021370296152727786
ER(0.25),18,19,20282430,2,1,0.7576847872894102,0.7948297023807259,0.03714491509131568
ER(0.25),18,19,20282430,2,3,0.8374394729623039,0.8816966791377268,0.044257206175422836
ER(0.25),18,19,20282430,3,1,0.754729589068373,0.7948297023807259,0.04010011331235297
ER(0.25),18,19,20282430,3,3,0.860326382984999,0.8816966791377268,0.021370296152727786
ER(0.25),18,20,20282431,1,1,0.804330090034314,0.8153515269624072,0.011021436928093209
ER(0.25),18,20,20282431,1,3,0.8987248270301342,0.9094639718433004,0.01073914481316618
ER(0.25),18,20,20282431,2,1,0.7893724488700637,0.8153515269624072,0.025979078092343455
ER(0.25),18,20,20282431,2,3,0.8645452274722973,0.9094639718433004,0.04491874437100307
ER(0.25),18,20,20282431,3,1,0.7875119706140363,0.8153515269624072,0.027839556348370875
ER(0.25),18,20,20282431,3,3,0.8987248270301342,0.9094639718433004,0.01073914481316618
