family,n,instance,seed,m,c_opt,ceil_p1,variant,mse_rel,ew_avg,ew_star_raw,ew_star_nrm,ar_raw,regret_raw,dgamma_raw,dbeta_raw,ar_nrm,regret_nrm,dgamma_nrm,dbeta_nrm,pred_raw,normw_raw,fit_obj,fit_params
BA(k=4),12,1,20291904,32,24.0,0.791813207565705,exactN,0.0,0.0,0.0,0.0,0.7606056573427754,0.031207550222929537,0.0,0.0,0.747876623531448,0.04393658403425693,0.0,0.0,17.932612921671023,0.980386810488642,NaN,
BA(k=4),12,1,20291904,32,24.0,0.791813207565705,pert:lowd:0.01,0.009999539797338636,0.8904260562036285,0.9860271846404453,0.7628241012897138,0.6666666666666666,0.12514654089903832,-0.40276828892176836,-0.28193780224523785,0.6807621161537193,0.11105109141198566,0.4027682889217683,0.2013841444608842,4850.943768898202,303.5024006980386,NaN,
BA(k=4),12,1,20291904,32,24.0,0.791813207565705,pert:lowd:0.05,0.049938623802350604,0.9945851839918451,0.9954485881957258,0.9432533986993312,0.6666666666666666,0.12514654089903832,-0.40276828892176836,-0.28193780224523785,0.6651301981077178,0.12668300945798716,0.8860902356278904,0.28193780224523785,110385.90901407042,6906.723671887102,NaN,
BA(k=4),12,1,20291904,32,24.0,0.791813207565705,pert:lowd:0.2,0.19613142891882845,0.9996013634892575,0.9895992679453817,0.9680279256560304,0.6666666666666666,0.12514654089903832,-0.40276828892176836,-0.28193780224523785,0.6659088781819585,0.1259043293837464,1.6110731556870732,0.28193780224523785,1.7344234885999735e6,108522.06971350206,NaN,
BA(k=4),12,1,20291904,32,24.0,0.791813207565705,pert:lowd:0.5,0.4472861848576772,0.9999155718673719,0.9881564340210908,0.9722674938062744,0.6666666666666666,0.12514654089903832,-0.40276828892176836,-0.28193780224523785,0.6659088781819585,0.1259043293837464,1.6110731556870732,0.28193780224523785,1.080067398421839e7,675794.5494135232,NaN,
BA(k=4),12,1,20291904,32,24.0,0.791813207565705,pert:highd:0.01,0.004654546245511297,0.02359018005517069,0.0033868816341154303,0.011389459066019314,0.6666666666666666,0.12514654089903832,-0.40276828892176836,0.5235987755982989,0.7540998987595966,0.03771330880610835,-0.08055365778435375,0.0,21.04300824249123,1.3153715978316267,NaN,
BA(k=4),12,1,20291904,32,24.0,0.791813207565705,pert:highd:0.05,0.022480145098215606,0.11694381397602382,0.016977855921735965,0.057919089235536715,0.6666666666666666,0.12514654089903832,-0.40276828892176836,0.5235987755982989,0.7540998987595966,0.03771330880610835,-0.08055365778435375,0.0,48.27139660478338,3.0183723957437314,NaN,
BA(k=4),12,1,20291904,32,24.0,0.791813207565705,pert:highd:0.2,0.07956633619076398,0.4235497060077149,0.0684561327128936,0.24214825252914277,0.6666666666666666,0.12514654089903832,-0.40276828892176836,0.5235987755982989,0.7725158285710076,0.0192973789946973,-0.24166097335306103,-0.04027682889217682,250.93091730403623,15.696205681758546,NaN,
BA(k=4),12,1,20291904,32,24.0,0.791813207565705,pert:highd:0.5,0.16076251469598266,0.7551798806992492,0.17250587917929502,0.5921468061605378,0.6666666666666666,0.12514654089903832,-0.40276828892176836,0.5235987755982989,0.7749506575596246,0.01686255000608039,-0.24166097335306103,-0.12083048667653051,1132.5539476846036,70.8540946983144,NaN,
BA(k=4),12,1,20291904,32,24.0,0.791813207565705,pert:nulled:0.01,0.004864375426004501,0.041233923402072346,0.00025935725622013066,0.0009382759310382902,0.6666666666666666,0.12514654089903832,-0.40276828892176836,1.2888585245496587,0.747876623531448,0.04393658403425693,0.0,0.0,24.153279502510163,1.5098863172087347,NaN,
BA(k=4),12,1,20291904,32,24.0,0.791813207565705,pert:nulled:0.05,0.023503347093057358,0.20296019060017245,0.00129650837236224,0.004688863802850182,0.6666666666666666,0.12514654089903832,-0.40276828892176836,1.2888585245496587,0.747876623531448,0.04393658403425693,0.0,0.0,73.49651107610387,4.596230641849966,NaN,
BA(k=4),12,1,20291904,32,24.0,0.791813207565705,pert:nulled:0.2,0.08328206934292659,0.6446861187362496,0.005181819545587858,0.018715479404954233,0.6666666666666666,0.12514654089903832,-0.40276828892176836,1.2888585245496587,0.747876623531448,0.04393658403425693,0.0,0.0,496.93774775771146,31.08690840449429,NaN,
BA(k=4),12,1,20291904,32,24.0,0.791813207565705,pert:nulled:0.5,0.16844766514477877,0.9091745260294787,0.012932947109278645,0.04656290406609632,0.6666666666666666,0.12514654089903832,-0.40276828892176836,1.2888585245496587,0.7194881670230863,0.07232504054261868,0.16110731556870728,0.08055365778435364,2473.1028866607594,154.72720019670783,NaN,
BA(k=4),12,1,20291904,32,24.0,0.791813207565705,pert:random:0.01,0.009758081250328964,0.39740420332419185,0.44135450915159075,0.2328579356964313,0.6666666666666664,0.12514654089903854,-0.40276828892176836,-0.08055365778435367,0.739510489313408,0.05230271825229693,0.0,0.04027682889217682,166.12249333060987,10.390799958446921,NaN,
BA(k=4),12,1,20291904,32,24.0,0.791813207565705,pert:random:0.05,0.0491835344465041,0.9129651032362012,0.908970517254239,0.8826217214572137,0.6666666666666666,0.12514654089903832,-0.40276828892176836,-0.28193780224523785,0.7000484945657668,0.09176471299993816,0.48332194670612183,0.08055365778435364,3490.283688946312,218.4031629871189,NaN,
BA(k=4),12,1,20291904,32,24.0,0.791813207565705,pert:random:0.2,0.19991651683429545,0.9952533273600092,0.9869143372150458,0.9888469075855311,0.6666666666666666,0.12514654089903832,-0.40276828892176836,-0.28193780224523785,0.6648887589995192,0.1269244485661858,1.5305194979027195,0.483321946706122,61660.01531751255,3858.123125194615,NaN,
BA(k=4),12,1,20291904,32,24.0,0.791813207565705,pert:random:0.5,0.48157900171835877,0.9996095897176878,0.9946007660499685,0.9611309580650867,0.6666666666666666,0.12514654089903832,-0.40276828892176836,-0.28193780224523785,0.6658361019048731,0.12597710566083187,1.6110731556870732,0.5235987755982989,392860.441102418,24581.36017921724,NaN,
BA(k=4),12,1,20291904,32,24.0,0.791813207565705,fit:triangle:mse,0.6824827308613043,0.9835889007867535,0.9770474238159718,0.9929555584749062,0.47423302713397814,0.3175801804317268,0.483321946706122,1.0069207223044208,0.681973598741456,0.10983960882424892,0.16110731556870728,0.2013841444608842,17793.826116476524,1197.6495784559654,0.6824827308613043,2.3823;0.617632;0.186688;0.334515
BA(k=4),12,1,20291904,32,24.0,0.791813207565705,fit:triangle:wgt,0.8136473170139505,0.885769815604894,0.8569335255261574,0.9309300751246041,0.49876717736362824,0.2930460302020767,0.8055365778435368,1.0069207223044208,0.6815111843063923,0.1103020232593126,0.08055365778435353,0.2013841444608842,38.53576661390321,2.6104713282917054,0.877337147965126,0.05;0.822086;0.113922;0.283712
BA(k=4),12,1,20291904,32,24.0,0.791813207565705,fit:normal:mse,0.5783987687094666,0.9999996668481202,0.9670162209172695,0.9822929029188571,0.6666666666666666,0.12514654089903832,-0.40276828892176836,-0.28193780224523785,0.6666666666666673,0.12514654089903765,1.691626813471427,0.04027682889217682,705.2079801563566,44.07886473029706,0.5783987687094666,16.4414;3.71088;3.71346
BA(k=4),12,1,20291904,32,24.0,0.791813207565705,fit:normal:wgt,0.9987835299370788,0.9542547365056815,0.9190397941020387,0.9778275133044377,0.6666792678401242,0.12513393972558073,2.658270706883671,-0.24166097335306103,0.6666666666666666,0.12514654089903832,-1.4499658401183662,1.1680280378731283,3.8479399331713235e6,247822.3427720198,0.9480894555438059,11.6948;85.538;0.01
BA(k=4),12,1,20291904,32,24.0,0.791813207565705,paper:empP,0.8407885707817916,0.9582208130420854,0.9367630720161811,0.9655317120807447,0.7741949671944521,0.017618240371252814,0.08055365778435364,0.04027682889217682,0.732188539132911,0.059624668432793904,-0.08055365778435375,0.08055365778435364,24.992111814516125,1.305716131334478,NaN,
BA(k=4),12,1,20291904,32,24.0,0.791813207565705,paper:binP,0.8407885707817916,0.9582208130420854,0.9367630720161811,0.9655317120807447,0.780306969629493,0.011506237936211972,0.16110731556870733,0.0805536577843537,0.7168642668857205,0.07494894067998448,-0.08055365778435375,0.12083048667653046,24.225479392053,1.2077303022586687,NaN,
BA(k=4),12,2,20291905,32,24.0,0.8009903581491727,exactN,0.0,0.0,0.0,0.0,0.7676944843592609,0.033295873789911834,0.0,0.0,0.7609468138711089,0.04004354427806389,0.0,0.0,18.02112891991948,0.9757183082790547,NaN,
BA(k=4),12,2,20291905,32,24.0,0.8009903581491727,pert:lowd:0.01,0.009999543375842652,0.8775606309462051,0.9346903372668849,0.7523992987462518,0.6666666666666666,0.1343236914825061,-0.40276828892176836,-0.32221463113741466,0.6851342756802087,0.11585608246896406,0.32221463113741455,0.2013841444608842,4872.192681539584,304.8215690664742,NaN,
BA(k=4),12,2,20291905,32,24.0,0.8009903581491727,pert:lowd:0.05,0.0499387161090934,0.9940234719479069,0.9994527773075131,0.9487298048210534,0.6666666666666666,0.1343236914825061,-0.40276828892176836,-0.32221463113741466,0.6244941631063184,0.1764961950428543,-0.7249829200591831,0.3222146311374147,110892.78276330823,6938.192425945104,NaN,
BA(k=4),12,2,20291905,32,24.0,0.8009903581491727,pert:lowd:0.2,0.19613283581414928,0.9996090169336229,0.9994882386752648,0.9742376366309726,0.6666666666666666,0.1343236914825061,-0.40276828892176836,-0.32221463113741466,0.6674922845479759,0.1334980736011968,1.1277512089809512,0.24166097335306097,1.7424604213873881e6,109021.03841297138,NaN,
BA(k=4),12,2,20291905,32,24.0,0.8009903581491727,pert:lowd:0.5,0.4472928673795808,0.9999327076619962,0.9989879137507888,0.9784263769240154,0.6666666666666666,0.1343236914825061,-0.40276828892176836,-0.32221463113741466,0.6666666666666665,0.13432369148250622,1.7721804712557807,0.08055365778435364,1.0850813505139243e7,678907.4395783833,NaN,
BA(k=4),12,2,20291905,32,24.0,0.8009903581491727,pert:highd:0.01,0.004701343009706595,0.021982103313347177,0.0050412187401237315,0.01049624436105044,0.6666666666666666,0.1343236914825061,-0.40276828892176836,0.48332194670612205,0.7679630614950647,0.033027296654108085,-0.08055365778435375,0.0,21.055520656928966,1.316147869331113,NaN,
BA(k=4),12,2,20291905,32,24.0,0.8009903581491727,pert:highd:0.05,0.02270822194305579,0.10914552488933522,0.025335237230132368,0.05320621723793666,0.6666666666666666,0.1343236914825061,-0.40276828892176836,0.48332194670612205,0.7679630614950647,0.033027296654108085,-0.08055365778435375,0.0,48.36675612090845,3.024289970202825,NaN,
BA(k=4),12,2,20291905,32,24.0,0.8009903581491727,pert:highd:0.2,0.08039340313018219,0.40057594825629816,0.1029323262478438,0.22044619816927238,0.6666666666666666,0.1343236914825061,-0.40276828892176836,0.48332194670612205,0.7810149925186662,0.019975365630506503,-0.16110731556870728,-0.04027682889217682,251.80431702758221,15.750419234019853,NaN,
BA(k=4),12,2,20291905,32,24.0,0.8009903581491727,pert:highd:0.5,0.16247083564560907,0.7346962008288135,0.2606063056284598,0.5406592679895704,0.6666666666666666,0.1343236914825061,-0.40276828892176836,0.48332194670612205,0.7762830627086323,0.0247072954405404,-0.08055365778435375,-0.0805536577843537,1137.1972552886973,71.1423448510923,NaN,
BA(k=4),12,2,20291905,32,24.0,0.8009903581491727,pert:nulled:0.01,0.004901749576942742,0.03841194245829282,0.0003146645709711789,0.000854471116011039,0.6666666666666666,0.1343236914825061,-0.40276828892176836,1.248581695657482,0.7609468138711089,0.04004354427806389,0.0,0.0,24.174128865778552,1.511179873086153,NaN,
BA(k=4),12,2,20291905,32,24.0,0.8009903581491727,pert:nulled:0.05,0.02368574646876238,0.18954409002253908,0.0015735431527148349,0.004270581744002056,0.6666666666666666,0.1343236914825061,-0.40276828892176836,1.248581695657482,0.7609468138711089,0.04004354427806389,0.0,0.0,73.67851828448143,4.607526145907177,NaN,
BA(k=4),12,2,20291905,32,24.0,0.8009903581491727,pert:nulled:0.2,0.08394592345875622,0.617508712165607,0.006297390288453343,0.01705400565222236,0.6666666666666666,0.1343236914825061,-0.40276828892176836,1.248581695657482,0.7609468138711089,0.04004354427806389,0.0,0.0,498.8321824717559,31.204506290774873,NaN,
BA(k=4),12,2,20291905,32,24.0,0.8009903581491727,pert:nulled:0.5,0.16982353537851794,0.8971064800413495,0.015758531184238964,0.04247346135672094,0.6666666666666666,0.1343236914825061,-0.40276828892176836,1.248581695657482,0.7344861679872109,0.06650419016196185,0.08055365778435375,0.08055365778435364,2483.671002848541,155.38327426266798,NaN,
BA(k=4),12,2,20291905,32,24.0,0.8009903581491727,pert:random:0.01,0.00984387642447365,0.17010986852626375,0.12381930399055531,0.07386162350177486,0.6666666666666666,0.1343236914825061,-0.40276828892176836,-0.32221463113741466,0.7454358808986469,0.05555447725052587,0.08055365778435375,0.04027682889217682,81.2485241157024,5.081042884990453,NaN,
BA(k=4),12,2,20291905,32,24.0,0.8009903581491727,pert:random:0.05,0.0495299386307152,0.6435366497878795,0.4902589615769221,0.3217927261625058,0.6666666666666666,0.1343236914825061,-0.40276828892176836,-0.32221463113741466,0.7288845976828281,0.07210576046634465,0.16110731556870728,0.08055365778435364,845.0120181338585,52.862242498237556,NaN,
BA(k=4),12,2,20291905,32,24.0,0.8009903581491727,pert:random:0.2,0.19997881153779154,0.9506882693041828,0.8542828470343483,0.7205292155305479,0.6666666666666666,0.1343236914825061,-0.40276828892176836,-0.32221463113741466,0.7170719396239358,0.08391841852523696,0.4027682889217683,0.04027682889217682,10873.58903586563,680.3043910922295,NaN,
BA(k=4),12,2,20291905,32,24.0,0.8009903581491727,pert:random:0.5,0.4762303747587457,0.9884075566516903,0.9364490625428115,0.870122007426893,0.6666666666666666,0.1343236914825061,-0.40276828892176836,-0.32221463113741466,0.547069540099125,0.25392081805004774,-0.48332194670612205,0.40276828892176836,64867.677406315066,4058.5380832269693,NaN,
BA(k=4),12,2,20291905,32,24.0,0.8009903581491727,fit:triangle:mse,0.6973366208381472,0.9879676606802732,0.9894325595889616,0.9961612575798021,0.4773419388812748,0.32364841926789795,0.40276828892176836,0.966643893412244,0.6871144040478617,0.11387595410131102,0.08055365778435375,0.2013841444608842,2208.5773178736554,147.75405181724656,0.6973366208381472,0.843608;0.610229;0.186322;0.325177
BA(k=4),12,2,20291905,32,24.0,0.8009903581491727,fit:triangle:wgt,0.8267883951945177,0.9222675808689145,0.9372595741442301,0.9638855275789202,0.4873915779996598,0.3135987801495129,0.7249829200591831,0.966643893412244,0.6678473545910361,0.13314300355813669,0.08055365778435375,0.24166097335306097,41.06276087301748,2.7748661204892233,0.9147252938126809,0.05;0.528262;0.218243;0.120466
BA(k=4),12,2,20291905,32,24.0,0.8009903581491727,fit:normal:mse,0.6069321387383563,0.9998833206166134,0.9683386498246089,0.9833073799114929,0.6666666666666666,0.1343236914825061,-0.40276828892176836,-0.32221463113741466,0.6666666666666665,0.13432369148250622,1.7721804712557807,0.08055365778435364,1165.333762623318,72.88051011237825,0.6069321387383563,16.3546;3.93557;3.96657
BA(k=4),12,2,20291905,32,24.0,0.8009903581491727,fit:normal:wgt,0.998863365427282,0.9685165916324573,0.9813743040699487,0.995075379230747,0.6666686647877832,0.13432169336138955,2.658270706883671,-0.28193780224523785,0.6320664852325818,0.16892387291659094,0.48332194670612205,0.40276828892176836,3.70276746001461e6,240585.93697617576,0.9630651337399879,11.1897;81.8754;0.01
BA(k=4),12,2,20291905,32,24.0,0.8009903581491727,paper:empP,0.8405748920845534,0.970049825441038,0.9689578372006346,0.9789663648150981,0.7888268244562843,0.012163533692888473,0.16110731556870733,0.0,0.7208709491391332,0.08011940901003956,0.08055365778435375,0.12083048667653046,26.756686039225432,1.3573381185020772,NaN,
BA(k=4),12,2,20291905,32,24.0,0.8009903581491727,paper:binP,0.8405748920845534,0.970049825441038,0.9689578372006346,0.9789663648150981,0.788217535823096,0.012772822326076794,0.16110731556870733,0.040276828892176875,0.7246415649700237,0.076348793179149,0.0,0.12083048667653046,24.225479392053,1.2077303022586687,NaN,
BA(k=4),12,3,20291906,32,24.0,0.7909705786600404,exactN,0.0,0.0,0.0,0.0,0.7606860306856404,0.030284547974399945,0.0,0.0,0.7699622462539827,0.021008332406057706,0.0,0.0,17.976754882323313,0.9826829347229221,NaN,
BA(k=4),12,3,20291906,32,24.0,0.7909705786600404,pert:lowd:0.01,0.009999543559133057,0.8759614226539799,0.980553433211845,0.8576815774263191,0.6666666666666666,0.12430391199337376,-0.40276828892176836,-0.28193780224523785,0.6884846453933351,0.1024859332667053,0.6444292622748293,0.20138414446088415,4851.588115245173,303.5638494883504,NaN,
BA(k=4),12,3,20291906,32,24.0,0.7909705786600404,pert:lowd:0.05,0.04993872084488099,0.9937825695918849,0.9962443972877972,0.984914039068288,0.6666666666666666,0.12430391199337376,-0.40276828892176836,-0.28193780224523785,0.6707663000464302,0.12020427861361016,0.7249829200591829,0.2819378022452378,110401.26655827189,6908.188561233816,NaN,
BA(k=4),12,3,20291906,32,24.0,0.7909705786600404,pert:lowd:0.2,0.1961329080166663,0.9995566504382977,0.9902415077393711,0.995401696488066,0.6666666666666666,0.12430391199337376,-0.40276828892176836,-0.28193780224523785,0.6567288332104381,0.13424174544960232,0.8055365778435368,0.36249146002959154,1.7346669559637776e6,108545.29395181622,NaN,
BA(k=4),12,3,20291906,32,24.0,0.7909705786600404,pert:lowd:0.5,0.4472932103521437,0.9999110618562063,0.988717730313587,0.9967884092422648,0.6666666666666666,0.12430391199337376,-0.40276828892176836,-0.28193780224523785,0.6669394174881583,0.12403116117188207,1.7721804712557805,0.24166097335306103,1.0802192838562895e7,675939.4334139454,NaN,
BA(k=4),12,3,20291906,32,24.0,0.7909705786600404,pert:highd:0.01,0.004692520623560153,0.021876622278746448,0.0031352485873175993,0.007558282958196755,0.6666666666666666,0.12430391199337376,-0.40276828892176836,0.5235987755982989,0.7699622462539827,0.021008332406057706,0.0,0.0,21.04339331101753,1.3154081873864139,NaN,
BA(k=4),12,3,20291906,32,24.0,0.7909705786600404,pert:highd:0.05,0.022665218420388652,0.10863212921747435,0.015708587611226364,0.03815187327969027,0.6666666666666666,0.12430391199337376,-0.40276828892176836,0.5235987755982989,0.7699622462539827,0.021008332406057706,0.0,0.0,48.2743154437523,3.0186501139719164,NaN,
BA(k=4),12,3,20291906,32,24.0,0.7909705786600404,pert:highd:0.2,0.0802374098604282,0.399024484335729,0.0632337571516585,0.15685430399448924,0.6666666666666666,0.12430391199337376,-0.40276828892176836,0.483321946706122,0.7699622462539827,0.021008332406057706,0.0,0.0,250.95749510497362,15.698738111485023,NaN,
BA(k=4),12,3,20291906,32,24.0,0.7909705786600404,pert:highd:0.5,0.16214853097520343,0.7332342794812072,0.15900974774656343,0.39621486096662567,0.6666666666666666,0.12430391199337376,-0.40276828892176836,0.5235987755982989,0.7736816137302526,0.01728896492978782,0.0,-0.0805536577843537,1132.6949044122553,70.86753355669933,NaN,
BA(k=4),12,3,20291906,32,24.0,0.7909705786600404,pert:nulled:0.01,0.00489322450820483,0.03822639801732637,0.00023939704295586513,0.0007972239270770725,0.6666666666666666,0.12430391199337376,-0.40276828892176836,1.2888585245496587,0.7699622462539827,0.021008332406057706,0.0,0.0,24.153920497615932,1.5099472400377314,NaN,
BA(k=4),12,3,20291906,32,24.0,0.7909705786600404,pert:nulled:0.05,0.02364413695952549,0.18861442451285834,0.001196757778092691,0.003986131325409054,0.6666666666666666,0.12430391199337376,-0.40276828892176836,1.2888585245496587,0.7699622462539827,0.021008332406057706,0.0,0.0,73.5020715603375,4.59675994995861,NaN,
BA(k=4),12,3,20291906,32,24.0,0.7909705786600404,pert:nulled:0.2,0.08379444261001244,0.615194269713394,0.004783583654003974,0.01594325671365723,0.6666666666666666,0.12430391199337376,-0.40276828892176836,1.2888585245496587,0.7699622462539827,0.021008332406057706,0.0,0.0,496.9953223252172,31.092396046383705,NaN,
BA(k=4),12,3,20291906,32,24.0,0.7909705786600404,pert:nulled:0.5,0.1695095060069141,0.8956862055022164,0.011941299805317026,0.039834723266150736,0.6666666666666666,0.12430391199337376,-0.40276828892176836,1.2888585245496587,0.7699622462539827,0.021008332406057706,0.0,0.0,2473.423486232379,154.75777134870557,NaN,
BA(k=4),12,3,20291906,32,24.0,0.7909705786600404,pert:random:0.01,0.008999515533258937,0.17276560693093634,0.22323628949484933,0.19109747025040444,0.6901043158042431,0.10086626285579725,-0.32221463113741466,0.0,0.7409698071267568,0.05000077153328364,0.16110731556870728,0.08055365778435364,58.04024531351203,3.558721235828704,NaN,
BA(k=4),12,3,20291906,32,24.0,0.7909705786600404,pert:random:0.05,0.04576885505862729,0.6500770461729037,0.6833462458737094,0.6785550742463428,0.6666666666666665,0.12430391199337387,-0.40276828892176836,-0.04027682889217685,0.7142723741062618,0.07669820455377863,0.5638756044904756,0.08055365778435364,498.3214101290768,31.176319542545823,NaN,
BA(k=4),12,3,20291906,32,24.0,0.7909705786600404,pert:random:0.2,0.19296860513097,0.9526753555672771,0.9119159191049259,0.9517588453065362,0.6666666666666665,0.12430391199337387,-0.40276828892176836,-0.12083048667653051,0.5779038558807739,0.21306672277926653,-0.5638756044904758,0.4027682889217683,6548.303848473662,409.7536568980181,NaN,
BA(k=4),12,3,20291906,32,24.0,0.7909705786600404,pert:random:0.5,0.49902874420429255,0.9890621422556592,0.9506596122318869,0.9857945473948072,0.6666666666666665,0.12430391199337387,-0.40276828892176836,-0.16110731556870733,0.6173651156302761,0.17360546302976432,-0.6444292622748294,0.36249146002959154,41176.59713792528,2576.62123569398,NaN,
BA(k=4),12,3,20291906,32,24.0,0.7909705786600404,fit:triangle:mse,0.6905192872071214,0.9867582619154334,0.9829317214626806,0.9914792969279027,0.47045952682055137,0.320511051839489,0.483321946706122,1.0069207223044208,0.6783649539031608,0.11260562475687963,0.4027682889217683,0.24166097335306103,149235.905221708,10028.216657169265,0.6905192872071214,6.68396;0.604354;0.192912;0.302575
BA(k=4),12,3,20291906,32,24.0,0.7909705786600404,fit:triangle:wgt,0.8068849201547216,0.9081802103984139,0.888549330732511,0.935679317743487,0.4845677858678861,0.30640279279215427,0.7249829200591831,1.0069207223044208,0.655803248089708,0.13516733057033237,0.24166097335306103,0.2819378022452378,39.98892505615513,2.709363545106485,0.9006692180827663,0.05;0.819958;0.109861;0.262185
BA(k=4),12,3,20291906,32,24.0,0.7909705786600404,fit:normal:mse,0.612838113422104,0.999814556954985,0.9726727962438432,0.9724573609935732,0.6666666666666666,0.12430391199337376,-0.40276828892176836,1.2888585245496587,0.6666666666666669,0.12430391199337354,1.933287786824488,0.4430451178139452,1796.1146379383372,112.15016573077624,0.612838113422104,16.528;4.16589;4.12864
BA(k=4),12,3,20291906,32,24.0,0.7909705786600404,fit:normal:wgt,0.998612219469886,0.9622542663952808,0.9399686666314327,0.9790675590468906,0.6666666666666659,0.12430391199337454,2.738824364668025,-0.24166097335306103,0.6666666666666666,0.12430391199337376,-1.2083048667653051,1.208304866765305,3.8418948166081337e6,248101.4972007798,0.9566165580448082,11.6845;81.1923;0.0101383
BA(k=4),12,3,20291906,32,24.0,0.7909705786600404,paper:empP,0.8570781625231049,0.9672160723050655,0.9536870057721777,0.9701941157477517,0.771566382620469,0.019404196039571442,0.08055365778435364,0.0,0.7278269246921528,0.06314365396788757,0.16110731556870728,0.12083048667653046,24.146631542592647,1.2843381576111739,NaN,
BA(k=4),12,3,20291906,32,24.0,0.7909705786600404,paper:binP,0.8570781625231049,0.9672160723050655,0.9536870057721777,0.9701941157477517,0.7799847292679964,0.010985849392043945,0.16110731556870733,0.0805536577843537,0.711894529346132,0.07907604931390844,0.16110731556870728,0.16110731556870728,24.225479392053,1.2077303022586687,NaN,
BA(k=4),12,4,20291907,32,24.0,0.786981240254547,exactN,0.0,0.0,0.0,0.0,0.7586503028838082,0.028330937370738773,0.0,0.0,0.751786306225665,0.03519493402888196,0.0,0.0,17.910322588270414,0.9817475906703788,NaN,
BA(k=4),12,4,20291907,32,24.0,0.786981240254547,pert:lowd:0.01,0.009999541654907277,0.8907159839952987,0.9856798079812485,0.7643901307471805,0.6666666666666666,0.12031457358788034,-0.40276828892176836,-0.28193780224523785,0.6825579249921806,0.10442331526236637,0.5638756044904756,0.2013841444608842,4850.698562929125,303.5438800021559,NaN,
BA(k=4),12,4,20291907,32,24.0,0.786981240254547,pert:lowd:0.05,0.04993867168161093,0.9946985155551283,0.9952629705152668,0.9450901909686025,0.6666666666666666,0.12031457358788034,-0.40276828892176836,-0.28193780224523785,0.6741567251313253,0.11282451512322167,0.8055365778435366,0.24166097335306097,110380.0774738975,6907.715210233534,NaN,
BA(k=4),12,4,20291907,32,24.0,0.786981240254547,pert:lowd:0.2,0.19613215857032754,0.9996335578547909,0.9892140038613407,0.9695740270397625,0.6666666666666666,0.12031457358788034,-0.40276828892176836,-0.28193780224523785,0.6742294643372887,0.11275177591725827,1.208304866765305,0.04027682889217682,1.734331079784368e6,108537.79799427543,NaN,
BA(k=4),12,4,20291907,32,24.0,0.786981240254547,pert:lowd:0.5,0.44728965047866864,0.9999301666265374,0.9877236188540457,0.9737369227145002,0.6666666666666666,0.12031457358788034,-0.40276828892176836,-0.28193780224523785,0.6737230169639989,0.11325822329054802,1.208304866765305,0.08055365778435364,1.080009754890481e7,675892.6807523951,NaN,
BA(k=4),12,4,20291907,32,24.0,0.786981240254547,pert:highd:0.01,0.00465962458242257,0.02357314016244245,0.0033421956520163316,0.011349415383095257,0.6666666666666666,0.12031457358788034,-0.40276828892176836,0.5235987755982989,0.751786306225665,0.03519493402888196,0.0,0.0,21.042856053693168,1.3153950996508195,NaN,
BA(k=4),12,4,20291907,32,24.0,0.786981240254547,pert:highd:0.05,0.02250489248238478,0.11686740577094315,0.016751431763891177,0.057695083785298466,0.6666666666666666,0.12031457358788034,-0.40276828892176836,0.5235987755982989,0.751786306225665,0.03519493402888196,0.0,0.0,48.27025863143022,3.0185540984842656,NaN,
BA(k=4),12,4,20291907,32,24.0,0.786981240254547,pert:highd:0.2,0.07965604454702882,0.4233973454404794,0.06750928334948514,0.24092268241304188,0.6666666666666666,0.12031457358788034,-0.40276828892176836,0.5235987755982989,0.7689277156944344,0.018053524560112555,-0.16110731556870728,-0.04027682889217682,250.92070997018027,15.697895397389189,NaN,
BA(k=4),12,4,20291907,32,24.0,0.786981240254547,pert:highd:0.5,0.16094774722003927,0.7551800459553745,0.16998721897463806,0.5886164780724459,0.6666666666666666,0.12031457358788034,-0.40276828892176836,0.5235987755982989,0.7774777849962491,0.009503455258297877,-0.24166097335306103,-0.12083048667653051,1132.5001521477454,70.8631335107335,NaN,
BA(k=4),12,4,20291907,32,24.0,0.786981240254547,pert:nulled:0.01,0.0048638869954607325,0.041203036683415954,0.0002554597145639978,0.0009336834973630001,0.6666666666666666,0.12031457358788034,-0.40276828892176836,1.2888585245496587,0.751786306225665,0.03519493402888196,0.0,0.0,24.153026798613734,1.5099255832010092,NaN,
BA(k=4),12,4,20291907,32,24.0,0.786981240254547,pert:nulled:0.05,0.02350096368188043,0.20281627798760513,0.0012770268527795977,0.004666024052758434,0.6666666666666666,0.12031457358788034,-0.40276828892176836,1.2888585245496587,0.751786306225665,0.03519493402888196,0.0,0.0,73.49435364698891,4.596579170347831,NaN,
BA(k=4),12,4,20291907,32,24.0,0.786981240254547,pert:nulled:0.2,0.08327339779316194,0.6444230494899976,0.005103988372251485,0.018625981250689382,0.6666666666666666,0.12031457358788034,-0.40276828892176836,1.2888585245496587,0.7638331762855571,0.02314806396898983,-0.08055365778435375,-0.04027682889217682,496.91570939675876,31.090585496533116,NaN,
BA(k=4),12,4,20291907,32,24.0,0.786981240254547,pert:nulled:0.5,0.16842969876424713,0.9090782101895049,0.012738868029244472,0.04634872275882369,0.6666666666666666,0.12031457358788034,-0.40276828892176836,1.2888585245496587,0.7638331762855571,0.02314806396898983,-0.08055365778435375,-0.04027682889217682,2472.980747535914,154.7478078170417,NaN,
BA(k=4),12,4,20291907,32,24.0,0.786981240254547,pert:random:0.01,0.009600260667437969,0.6552075771692212,0.7033926389040512,0.6140147539053208,0.6666666666666666,0.12031457358788034,-0.40276828892176836,1.2888585245496587,0.7180431718323885,0.06893806842215844,0.4027682889217683,0.04027682889217682,637.9659585039441,39.91681812718168,NaN,
BA(k=4),12,4,20291907,32,24.0,0.786981240254547,pert:random:0.05,0.048509621159863625,0.9775948705024453,0.9776331625958528,0.9989094361796206,0.6666666666666666,0.12031457358788034,-0.40276828892176836,1.2888585245496587,0.6931672972584244,0.09381394299612256,0.7249829200591829,-0.20138414446088418,12163.907444761715,761.2068112775668,NaN,
BA(k=4),12,4,20291907,32,24.0,0.786981240254547,pert:random:0.2,0.19913902351455942,0.9992205489794159,0.9978296864292345,0.9587372197970301,0.6666666666666666,0.12031457358788034,-0.40276828892176836,1.2888585245496587,0.6666666666666666,0.12031457358788034,1.208304866765305,-0.40276828892176836,184178.7945626768,11526.168054735143,NaN,
BA(k=4),12,4,20291907,32,24.0,0.786981240254547,pert:random:0.5,0.48829214014174105,0.9999905678888272,0.9993467502212358,0.9448886919527736,0.6666666666666666,0.12031457358788034,-0.40276828892176836,1.2888585245496587,0.6666666666666666,0.12031457358788034,1.208304866765305,-0.40276828892176836,1.1382788103248416e6,71235.62418496223,NaN,
BA(k=4),12,4,20291907,32,24.0,0.786981240254547,fit:triangle:mse,0.6807079292315037,0.9828832483898384,0.9772900978700004,0.992026343895606,0.472874775827675,0.31410646442687196,0.483321946706122,1.0069207223044208,0.6815066603236423,0.1054745799309047,0.24166097335306103,0.2013841444608842,45199.049378061856,3043.6905770640956,0.6807079292315037,3.75515;0.435165;0.343895;0.180632
BA(k=4),12,4,20291907,32,24.0,0.786981240254547,fit:triangle:wgt,0.7954756854391146,0.885105666434193,0.8599606939523099,0.9323055186770481,0.4974124968305307,0.2895687434240163,0.8055365778435368,1.0069207223044208,0.6624768063722698,0.12450443388227717,0.16110731556870728,0.24166097335306097,37.08392386067264,2.515609167963946,0.8766338640217394,0.05;0.93134;0.0912773;0.42794
BA(k=4),12,4,20291907,32,24.0,0.786981240254547,fit:normal:mse,0.5814019115235073,0.9998053343869839,0.9793882116595167,0.9946526036924095,0.6666666666666666,0.12031457358788034,-0.40276828892176836,-0.28193780224523785,0.6666666666666666,0.12031457358788034,1.7721804712557807,0.08055365778435364,782.6563830597731,50.12600683628872,0.5814019115235073,16.5013;3.68051;4.27287
BA(k=4),12,4,20291907,32,24.0,0.786981240254547,fit:normal:wgt,0.998043954997375,0.9545957317785805,0.9225516626619075,0.9777946936815531,0.6666666666666661,0.12031457358788089,2.738824364668025,-0.24166097335306103,0.6666666666666666,0.12031457358788034,-1.3694121823340124,1.1680280378731283,4.0477804195986646e6,259183.8402054719,0.9483531248978628,12.2059;83.7577;0.01
BA(k=4),12,4,20291907,32,24.0,0.786981240254547,paper:empP,0.8408145400487461,0.9581715302340923,0.9387301629449344,0.9661737731026089,0.768934445616055,0.018046794638492014,0.08055365778435364,0.0,0.7291190049802596,0.057862235274287355,0.0,0.08055365778435364,23.84687653904967,1.2697796740198137,NaN,
BA(k=4),12,4,20291907,32,24.0,0.786981240254547,paper:binP,0.8408145400487461,0.9581715302340923,0.9387301629449344,0.9661737731026089,0.7758362792073089,0.011144961047238056,0.16110731556870733,0.0805536577843537,0.7134389747659142,0.07354226548863274,0.0,0.12083048667653046,24.225479392053,1.2077303022586687,NaN,
BA(k=4),12,5,20291908,32,23.0,0.8256687534294131,exactN,0.0,0.0,0.0,0.0,0.7936942588057737,0.03197449462363944,0.0,0.0,0.7846244680765116,0.0410442853529015,0.0,0.0,17.95266747524569,0.9814059022013788,NaN,
BA(k=4),12,5,20291908,32,23.0,0.8256687534294131,pert:lowd:0.01,0.009999541446116495,0.888071140603631,0.9868553795812587,0.7650795199481036,0.6956521739130435,0.1300165795163697,-0.40276828892176836,-0.28193780224523785,0.7180153169936212,0.10765343643579195,0.48332194670612205,0.16110731556870733,4849.990751280451,303.46854815456066,NaN,
BA(k=4),12,5,20291908,32,23.0,0.8256687534294131,pert:lowd:0.05,0.04993866629607694,0.9943944254763656,0.9949748504369477,0.944954352514477,0.6956521739130435,0.1300165795163697,-0.40276828892176836,-0.28193780224523785,0.6811029251603204,0.1445658282690927,0.32221463113741455,0.28193780224523785,110363.16523358572,6905.915942115227,NaN,
BA(k=4),12,5,20291908,32,23.0,0.8256687534294131,pert:lowd:0.2,0.1961320764870892,0.9995736998752214,0.9889067634606369,0.9693676756631462,0.6956521739130435,0.1300165795163697,-0.40276828892176836,-0.28193780224523785,0.6877417334960547,0.13792701993335843,0.48332194670612205,0.28193780224523785,1.7340628330920946e6,108509.26178859727,NaN,
BA(k=4),12,5,20291908,32,23.0,0.8256687534294131,pert:lowd:0.5,0.44728926059726953,0.9999050095631579,0.9874223825693148,0.973524683063964,0.6956521739130435,0.1300165795163697,-0.40276828892176836,-0.28193780224523785,0.6981988383139626,0.12746991511545058,0.8055365778435366,0.24166097335306097,1.0798423943518996e7,675714.6445721751,NaN,
BA(k=4),12,5,20291908,32,23.0,0.8256687534294131,pert:highd:0.01,0.0046641606206916,0.02332367730273981,0.003401851351763126,0.0114292058859713,0.6956521739130435,0.1300165795163697,-0.40276828892176836,0.5235987755982989,0.79067817472403,0.034990578705383135,-0.08055365778435375,0.0,21.04245165979971,1.3153517556743135,NaN,
BA(k=4),12,5,20291908,32,23.0,0.8256687534294131,pert:highd:0.05,0.022526997848724948,0.11565315189388325,0.01704984032141816,0.0580893823748671,0.6956521739130435,0.1300165795163697,-0.40276828892176836,0.5235987755982989,0.79067817472403,0.034990578705383135,-0.08055365778435375,0.0,48.26714186856175,3.0182209169543444,NaN,
BA(k=4),12,5,20291908,32,23.0,0.8256687534294131,pert:highd:0.2,0.07973618228537181,0.4198009006582896,0.06869885072685289,0.24231628898959176,0.6956521739130435,0.1300165795163697,-0.40276828892176836,0.5235987755982989,0.8043195800907795,0.02134917333863362,-0.16110731556870728,-0.04027682889217682,250.89182101769026,15.694815746558715,NaN,
BA(k=4),12,5,20291908,32,23.0,0.8256687534294131,pert:highd:0.5,0.1611132306691858,0.7519373942492003,0.17286823628234488,0.5902867824743042,0.6956521739130435,0.1300165795163697,-0.40276828892176836,0.5235987755982989,0.8135236627845418,0.012145090644871348,-0.24166097335306103,-0.12083048667653051,1132.345820261441,70.84669976010339,NaN,
BA(k=4),12,5,20291908,32,23.0,0.8256687534294131,pert:nulled:0.01,0.00486926922530613,0.04076454624224208,0.0002597105237181066,0.0009378852444886147,0.6956521739130435,0.1300165795163697,-0.40276828892176836,1.2888585245496587,0.7846244680765116,0.0410442853529015,0.0,0.0,24.152351548468577,1.5098532438811714,NaN,
BA(k=4),12,5,20291908,32,23.0,0.8256687534294131,pert:nulled:0.05,0.023527227967410184,0.20065125633814485,0.0012982704729555675,0.004686965166163715,0.6956521739130435,0.1300165795163697,-0.40276828892176836,1.2888585245496587,0.7846244680765116,0.0410442853529015,0.0,0.0,73.48838171947105,4.595941351518649,NaN,
BA(k=4),12,5,20291908,32,23.0,0.8256687534294131,pert:nulled:0.2,0.08336895927071196,0.6395217384614758,0.005188804318357089,0.018708705201462686,0.6956521739130435,0.1300165795163697,-0.40276828892176836,1.2888585245496587,0.7846244680765116,0.0410442853529015,0.0,0.0,496.8528865348064,31.083892387766447,NaN,
BA(k=4),12,5,20291908,32,23.0,0.8256687534294131,pert:nulled:0.5,0.16862769862015334,0.9063991800230452,0.012950090068654987,0.04655003977017347,0.6956521739130435,0.1300165795163697,-0.40276828892176836,1.2888585245496587,0.8043195800907795,0.02134917333863362,-0.16110731556870728,-0.04027682889217682,2472.629014621627,154.71036587787543,NaN,
BA(k=4),12,5,20291908,32,23.0,0.8256687534294131,pert:random:0.01,0.009371744148145083,0.5450388590121421,0.3290079506202236,0.1405866322838769,0.6956521739130433,0.1300165795163698,-0.40276828892176836,1.1277512089809514,0.7634503448964686,0.06221840853294458,0.16110731556870728,0.04027682889217682,357.3414170120979,22.3585643349529,NaN,
BA(k=4),12,5,20291908,32,23.0,0.8256687534294131,pert:random:0.05,0.04618467575360722,0.9528385601729389,0.9078312884216921,0.5241819358045291,0.6956521739130435,0.1300165795163697,-0.40276828892176836,1.2888585245496587,0.7336781982988676,0.09199055513054555,0.32221463113741455,0.12083048667653046,10603.692161049128,663.5621871094871,NaN,
BA(k=4),12,5,20291908,32,23.0,0.8256687534294131,pert:random:0.2,0.17343452496063447,0.9959927848820777,0.9999464452122724,0.8541562668829813,0.6956521739130435,0.1300165795163697,-0.40276828892176836,1.2888585245496587,0.7180153169936212,0.10765343643579195,0.48332194670612205,0.16110731556870733,179688.4967703047,11244.210372067912,NaN,
BA(k=4),12,5,20291908,32,23.0,0.8256687534294131,pert:random:0.5,0.3728865499993299,0.9990311015437457,0.9968182820114644,0.9266633053720922,0.6956521739130435,0.1300165795163697,-0.40276828892176836,1.2888585245496587,0.7075917230328644,0.11807703039654871,0.5638756044904756,0.2013841444608842,1.1358058825563025e6,71073.8340483196,NaN,
BA(k=4),12,5,20291908,32,23.0,0.8256687534294131,fit:triangle:mse,0.6922827948408297,0.9852531685350467,0.9801127381457895,0.9940551257431336,0.493112737758175,0.33255601567123816,0.483321946706122,1.0069207223044208,0.7090595313213761,0.11660922210803704,0.24166097335306103,0.2013841444608842,22525.47545142706,1515.6710548795152,0.6922827948408297,2.63861;0.446904;0.326959;0.185438
BA(k=4),12,5,20291908,32,23.0,0.8256687534294131,fit:triangle:wgt,0.8378343866274641,0.8876181043982391,0.8605575982734218,0.9287117881417162,0.5310969182315151,0.2945718351978981,0.8860902356278904,1.0069207223044208,0.7090595313213761,0.11660922210803704,0.24166097335306103,0.2013841444608842,38.55967371866053,2.6120928482293024,0.8796091284509834,0.05;0.930634;0.104148;0.472469
BA(k=4),12,5,20291908,32,23.0,0.8256687534294131,fit:normal:mse,0.6056188748279567,0.9998484149292753,0.9760116238157199,0.990744130971344,0.6956521739130435,0.1300165795163697,-0.40276828892176836,-0.28193780224523785,0.6956521739130433,0.1300165795163698,1.7721804712557807,0.08055365778435364,1146.0097119156076,72.33569092809212,0.6056188748279567,16.4687;3.88962;4.22072
BA(k=4),12,5,20291908,32,23.0,0.8256687534294131,fit:normal:wgt,0.9993641662278061,0.9548699077535683,0.9179822842333135,0.9783007842640232,0.6959328942407725,0.1297358591886406,2.5777170490993173,-0.24166097335306103,0.6956521739130435,0.1300165795163697,-1.3694121823340124,1.1680280378731283,3.389224530302112e6,220037.15951806234,0.9488113139907438,10.7097;94.4852;0.01
BA(k=4),12,5,20291908,32,23.0,0.8256687534294131,paper:empP,0.8591550761915532,0.9658715860193499,0.9496551837217346,0.9737668719116113,0.8078084523324697,0.017860301096943476,0.08055365778435364,0.04027682889217682,0.7611317392377062,0.06453701419170699,0.0,0.08055365778435364,24.49548860932995,1.288575945024185,NaN,
BA(k=4),12,5,20291908,32,23.0,0.8256687534294131,paper:binP,0.8591550761915532,0.9658715860193499,0.9496551837217346,0.9737668719116113,0.8140192847050607,0.011649468724352463,0.16110731556870733,0.0805536577843537,0.7448562906821075,0.08081246274730569,0.0,0.12083048667653046,24.225479392053,1.2077303022586687,NaN,
BA(k=4),12,6,20291909,32,24.0,0.7916046466783723,exactN,0.0,0.0,0.0,0.0,0.760189173288997,0.031415473389375226,0.0,0.0,0.7610361356776614,0.030568511000710896,0.0,0.0,17.931619062470453,0.9808189134820141,NaN,
BA(k=4),12,6,20291909,32,24.0,0.7916046466783723,pert:lowd:0.01,0.009999542376727693,0.8887868949157842,0.9856868572691094,0.7628968607798319,0.6666666666666666,0.12493798001170564,-0.40276828892176836,-0.28193780224523785,0.6821443442626292,0.10946030241574312,0.6444292622748293,0.2013841444608842,4852.012785330052,303.5912005401846,NaN,
BA(k=4),12,6,20291909,32,24.0,0.7916046466783723,pert:lowd:0.05,0.04993869030783141,0.9945815891795382,0.9951364083175174,0.9452030741848124,0.6666666666666666,0.12493798001170564,-0.40276828892176836,-0.28193780224523785,0.6651632382488041,0.1264414084295682,0.6444292622748293,0.28193780224523785,110411.40305254968,6908.84161704028,NaN,
BA(k=4),12,6,20291909,32,24.0,0.7916046466783723,pert:lowd:0.2,0.19613244248186912,0.999623853868825,0.9889918294096673,0.9698503409706437,0.6666666666666666,0.12493798001170564,-0.40276828892176836,-0.28193780224523785,0.6751933518088924,0.11641129486947988,1.1277512089809516,0.16110731556870733,1.7348276990986902e6,108555.65068325147,NaN,
BA(k=4),12,6,20291909,32,24.0,0.7916046466783723,pert:lowd:0.5,0.447290999031974,0.9999277945045806,0.9874801938250037,0.9740311399322317,0.6666666666666666,0.12493798001170564,-0.40276828892176836,-0.28193780224523785,0.6751933518088924,0.11641129486947988,1.1277512089809516,0.16110731556870733,1.0803195682189183e7,676004.0477835804,NaN,
BA(k=4),12,6,20291909,32,24.0,0.7916046466783723,pert:highd:0.01,0.004671856858702669,0.023341297167679614,0.0033260908348327757,0.011238333654470321,0.6666666666666666,0.12493798001170564,-0.40276828892176836,0.5235987755982989,0.7610361356776614,0.030568511000710896,0.0,0.0,21.043640559371113,1.3154240182908703,NaN,
BA(k=4),12,6,20291909,32,24.0,0.7916046466783723,pert:highd:0.05,0.022564505195474073,0.1158342993390259,0.01667102022671913,0.057128032131626975,0.6666666666666666,0.12493798001170564,-0.40276828892176836,0.5235987755982989,0.7610361356776614,0.030568511000710896,0.0,0.0,48.2762076802541,3.0187715353555378,NaN,
BA(k=4),12,6,20291909,32,24.0,0.7916046466783723,pert:highd:0.2,0.07987217050942608,0.42142129546819346,0.06719095184681725,0.23861580634186985,0.6666666666666666,0.12493798001170564,-0.40276828892176836,0.5235987755982989,0.7734396769153777,0.01816496976299453,-0.08055365778435353,-0.04027682889217682,250.97490397198953,15.699857799939593,NaN,
BA(k=4),12,6,20291909,32,24.0,0.7916046466783723,pert:highd:0.5,0.16139407200614783,0.7554438484855382,0.16922717103722876,0.5843996642146211,0.6666666666666666,0.12493798001170564,-0.40276828892176836,0.5235987755982989,0.7811493278128051,0.010455318865567165,-0.16110731556870728,-0.12083048667653051,1132.7876261848382,70.87350279243614,NaN,
BA(k=4),12,6,20291909,32,24.0,0.7916046466783723,pert:nulled:0.01,0.004874923365075376,0.040785276274168995,0.0002542232481262064,0.0009255573926564831,0.6666666666666666,0.12493798001170564,-0.40276828892176836,1.2888585245496587,0.7610361356776614,0.030568511000710896,0.0,0.0,24.154332806792603,1.5099736502429326,NaN,
BA(k=4),12,6,20291909,32,24.0,0.7916046466783723,pert:nulled:0.05,0.023554820154931006,0.20100830350958956,0.0012708443965320912,0.0046254712120600665,0.6666666666666666,0.12493798001170564,-0.40276828892176836,1.2888585245496587,0.7610361356776614,0.030568511000710896,0.0,0.0,73.50568842278092,4.596992212687521,NaN,
BA(k=4),12,6,20291909,32,24.0,0.7916046466783723,pert:nulled:0.2,0.08346936244902943,0.6421672328324877,0.005079257395255953,0.018464989388753524,0.6666666666666666,0.12493798001170564,-0.40276828892176836,1.2888585245496587,0.7610361356776614,0.030568511000710896,0.0,0.0,497.03311952339186,31.09482827284292,NaN,
BA(k=4),12,6,20291909,32,24.0,0.7916046466783723,pert:nulled:0.5,0.16883574992733805,0.9092545538388862,0.012677043177455051,0.04595295654240325,0.6666666666666666,0.12493798001170564,-0.40276828892176836,1.2888585245496587,0.7734396769153777,0.01816496976299453,-0.08055365778435353,-0.04027682889217682,2473.6346279698205,154.77136779257148,NaN,
BA(k=4),12,6,20291909,32,24.0,0.7916046466783723,pert:random:0.01,0.009934419812697572,0.22685619864854548,0.09660781264448659,0.11332762330247866,0.6666666666666665,0.12493798001170575,-0.40276828892176836,1.0069207223044208,0.776660477132782,0.014944169545590302,-0.08055365778435353,-0.0805536577843537,82.0450153275653,5.131217250546731,NaN,
BA(k=4),12,6,20291909,32,24.0,0.7916046466783723,pert:random:0.05,0.04940764837096251,0.751748288797647,0.43649515586638676,0.4378750215511575,0.6666666666666665,0.12493798001170575,-0.40276828892176836,1.0874743800887745,0.683173186434355,0.10843146024401729,0.5638756044904758,0.2013841444608842,943.1161013270633,59.00977799394273,NaN,
BA(k=4),12,6,20291909,32,24.0,0.7916046466783723,pert:random:0.2,0.19123919252490804,0.9731036438900305,0.888694911609382,0.7830360079580556,0.6666666666666666,0.12493798001170564,-0.40276828892176836,1.2888585245496587,0.686469328030442,0.10513531864793024,0.9666438934122441,0.04027682889217682,15528.481838912532,971.7258637031675,NaN,
BA(k=4),12,6,20291909,32,24.0,0.7916046466783723,pert:random:0.5,0.42727147476236577,0.9941506546860049,0.9792660623255037,0.8789699784179033,0.6666666666666666,0.12493798001170564,-0.40276828892176836,1.2888585245496587,0.6417961948818388,0.14980845179653346,0.5638756044904758,0.3624914600295915,100827.36875999736,6309.323955508158,NaN,
BA(k=4),12,6,20291909,32,24.0,0.7916046466783723,fit:triangle:mse,0.6812561861006693,0.9738648216560064,0.9687330875642385,0.989810172658207,0.47540245102866646,0.3162021956497058,0.5638756044904756,1.0069207223044208,0.6834886327329297,0.10811601394544257,0.24166097335306103,0.2013841444608842,799.8108707503516,54.59806050827105,0.6812561861006693,0.503042;0.413827;0.362881;0.169697
BA(k=4),12,6,20291909,32,24.0,0.7916046466783723,fit:triangle:wgt,0.7995074340313594,0.8921491187607224,0.8714800010972673,0.9394358425219995,0.4985194403115793,0.29308520636679297,0.8055365778435368,1.0069207223044208,0.66638027543494,0.12522437124343222,0.24166097335306103,0.24166097335306097,37.7497693344334,2.5564246071486387,0.8836742946411247,0.05;0.58135;0.186377;0.140691
BA(k=4),12,6,20291909,32,24.0,0.7916046466783723,fit:normal:mse,0.5819665079505126,0.9998764066082051,0.9768818368180647,0.992691847115063,0.6666666666666666,0.12493798001170564,-0.40276828892176836,-0.28193780224523785,0.6666666666666675,0.12493798001170475,1.8527341290401345,0.04027682889217682,702.2472967656249,44.64561372959974,0.5819665079505126,16.4968;3.65116;4.1084
BA(k=4),12,6,20291909,32,24.0,0.7916046466783723,fit:normal:wgt,0.9988010332811038,0.9575639784489205,0.9298332313215911,0.984482187223421,0.6666842701450705,0.12492037653330179,2.658270706883671,-0.24166097335306103,0.6666666666666666,0.12493798001170564,-1.2888585245496587,1.1680280378731283,3.800987340604502e6,244496.3726208557,0.9514151753794715,11.6948;88.7154;0.01
BA(k=4),12,6,20291909,32,24.0,0.7916046466783723,paper:empP,0.8398265196202805,0.9594226624361297,0.9406473076974377,0.9673103545208976,0.7735804268918457,0.018024219786526574,0.08055365778435364,0.04027682889217682,0.7336618284496744,0.057942818228697845,0.08055365778435375,0.08055365778435364,24.51343260648193,1.2876987995519154,NaN,
BA(k=4),12,6,20291909,32,24.0,0.7916046466783723,paper:binP,0.8398265196202805,0.9594226624361297,0.9406473076974377,0.9673103545208976,0.7795191460649956,0.012085500613376654,0.16110731556870733,0.0805536577843537,0.7184199984340175,0.07318464824435478,0.08055365778435375,0.12083048667653046,24.225479392053,1.2077303022586687,NaN,
BA(k=4),12,7,20291910,32,22.0,0.8459681992091532,exactN,0.0,0.0,0.0,0.0,0.823094998267075,0.02287320094207823,0.0,0.0,0.8358235287448227,0.01014467046433054,0.0,0.0,17.789085440008332,0.9804654949883923,NaN,
BA(k=4),12,7,20291910,32,22.0,0.8459681992091532,pert:lowd:0.01,0.00999952641289114,0.8801993509018231,0.9822607970642279,0.9373660328956196,0.7272727272727273,0.11869547193642593,-0.40276828892176836,-0.28193780224523785,0.7455208930200482,0.10044730618910502,0.8055365778435368,0.24166097335306103,4851.193209438063,303.6266810883989,NaN,
BA(k=4),12,7,20291910,32,22.0,0.8459681992091532,pert:lowd:0.05,0.04993828109118095,0.9934966047914203,0.9980225516273231,0.9978298026105209,0.7272727272727273,0.11869547193642593,-0.40276828892176836,-0.28193780224523785,0.6469313308476198,0.19903686836153345,-0.48332194670612194,0.4027682889217684,110391.84997071944,6909.6908618482275,NaN,
BA(k=4),12,7,20291910,32,22.0,0.8459681992091532,pert:lowd:0.2,0.1961262125586355,0.9993882101891569,0.9939409518322955,0.9999623054326512,0.7272727272727273,0.11869547193642593,-0.40276828892176836,-0.28193780224523785,0.6274072629128491,0.21856093629630413,0.1611073155687075,0.4027682889217684,1.7345176587358152e6,108569.12529348643,NaN,
BA(k=4),12,7,20291910,32,22.0,0.8459681992091532,pert:lowd:0.5,0.4472614152611165,0.999818150420628,0.9928643609868193,0.9999961405439364,0.7272727272727273,0.11869547193642593,-0.40276828892176836,-0.28193780224523785,0.5766157846972978,0.26935241451185543,-0.16110731556870728,0.4430451178139452,1.080126144110422e7,676088.1224641834,NaN,
BA(k=4),12,7,20291910,32,22.0,0.8459681992091532,pert:highd:0.01,0.00458778835493432,0.02250323618440282,0.003517925692106201,0.00569365490493488,0.7272727272727273,0.11869547193642593,-0.40276828892176836,0.5235987755982989,0.8358235287448227,0.01014467046433054,0.0,0.0,21.043159206331854,1.315443633176559,NaN,
BA(k=4),12,7,20291910,32,22.0,0.8459681992091532,pert:highd:0.05,0.02215489872462065,0.11107268378947271,0.017634646630311602,0.02864383038942456,0.7272727272727273,0.11869547193642593,-0.40276828892176836,0.5235987755982989,0.8246647255466673,0.021303473662485972,0.08055365778435375,0.040276828892176875,48.27253567739931,3.0189246100268265,NaN,
BA(k=4),12,7,20291910,32,22.0,0.8459681992091532,pert:highd:0.2,0.07838804902846679,0.3994536107212332,0.07109328346607673,0.11671161005402367,0.7272727272727273,0.11869547193642593,-0.40276828892176836,0.5235987755982989,0.8358235287448227,0.01014467046433054,0.0,0.0,250.94123739569258,15.701295102267418,NaN,
BA(k=4),12,7,20291910,32,22.0,0.8459681992091532,pert:highd:0.5,0.15833092558073414,0.7197524250917746,0.17898072951072144,0.2955772161612487,0.7272727272727273,0.11869547193642593,-0.40276828892176836,0.5235987755982989,0.837924525785139,0.008043673424014242,0.0,-0.04027682889217682,1132.6085669197073,70.88122106646907,NaN,
BA(k=4),12,7,20291910,32,22.0,0.8459681992091532,pert:nulled:0.01,0.004829141251190392,0.03944346766315745,0.00027092589767726405,0.0003583388984775223,0.7272727272727273,0.11869547193642593,-0.40276828892176836,1.2888585245496587,0.8358235287448227,0.01014467046433054,0.0,0.0,24.15353058835642,1.510006479803365,NaN,
BA(k=4),12,7,20291910,32,22.0,0.8459681992091532,pert:nulled:0.05,0.023331433820372467,0.19327901620232166,0.0013543832652474744,0.0017918703551831104,0.7272727272727273,0.11869547193642593,-0.40276828892176836,1.2888585245496587,0.8358235287448227,0.01014467046433054,0.0,0.0,73.49867754267335,4.5972867621287214,NaN,
BA(k=4),12,7,20291910,32,22.0,0.8459681992091532,pert:nulled:0.2,0.08265679698007455,0.6161890774605997,0.00541378638768942,0.007169989256114973,0.7272727272727273,0.11869547193642593,-0.40276828892176836,1.2888585245496587,0.8358235287448227,0.01014467046433054,0.0,0.0,496.96007918406247,31.09796249519335,NaN,
BA(k=4),12,7,20291910,32,22.0,0.8459681992091532,pert:nulled:0.5,0.1671525603381088,0.8877431414140696,0.013515105593805617,0.01793596645063747,0.7272727272727273,0.11869547193642593,-0.40276828892176836,1.2888585245496587,0.8358235287448227,0.01014467046433054,0.0,0.0,2473.227043027001,154.7889834713757,NaN,
BA(k=4),12,7,20291910,32,22.0,0.8459681992091532,pert:random:0.01,0.009538933531238688,0.6469989514013749,0.6306471778245079,0.57301227351357,0.7272727272727273,0.11869547193642593,-0.40276828892176836,1.2888585245496587,0.7735693948575869,0.07239880435156631,0.8055365778435368,0.0805536577843537,924.3132205441121,57.84439500120352,NaN,
BA(k=4),12,7,20291910,32,22.0,0.8459681992091532,pert:random:0.05,0.04709722620146489,0.9727426211297306,0.9994699174675693,0.9959045281429515,0.7272727272727273,0.11869547193642593,-0.40276828892176836,1.2888585245496587,0.6837383768175748,0.16222982239157846,-0.724982920059183,0.4430451178139452,18499.46472439675,1157.8950186423504,NaN,
BA(k=4),12,7,20291910,32,22.0,0.8459681992091532,pert:random:0.2,0.17793245228016422,0.9980765556553738,0.9820523473026945,0.9873842153974769,0.7272727272727273,0.11869547193642593,-0.40276828892176836,1.2888585245496587,0.6020797304702433,0.2438884687389099,-0.4027682889217683,0.4430451178139452,283078.33822272986,17718.675729114395,NaN,
BA(k=4),12,7,20291910,32,22.0,0.8459681992091532,pert:random:0.5,0.38534144866070874,0.9996395062185066,0.9730499202509819,0.9785361164664473,0.7272727272727273,0.11869547193642593,-0.40276828892176836,1.2888585245496587,0.681904530560996,0.16406366864815725,0.7249829200591831,0.4430451178139452,1.7533142421825388e6,109745.66759551092,NaN,
BA(k=4),12,7,20291910,32,22.0,0.8459681992091532,fit:triangle:mse,0.6971315857610474,0.9787654990867585,0.9798645265653921,0.9854774398756858,0.5258165329199955,0.3201516662891577,0.6444292622748293,1.0069207223044208,0.7353973310414901,0.11057086816766315,0.8055365778435368,0.2819378022452379,7775.778016972869,532.5361761805635,0.6971315857610474,1.58227;0.576458;0.227244;0.283879
BA(k=4),12,7,20291910,32,22.0,0.8459681992091532,fit:triangle:wgt,0.8440188647585712,0.8890621750527902,0.8683077399208646,0.8941681547788325,0.5751772310765659,0.2707909681325873,0.9666438934122441,1.0069207223044208,0.7335975435568772,0.112370655652276,0.7249829200591831,0.2819378022452379,47.8786928879558,3.2427289132016073,0.8816483679131044,0.0620392;0.571838;0.283134;0.159589
BA(k=4),12,7,20291910,32,22.0,0.8459681992091532,fit:normal:mse,0.5783543788067804,0.9976220240863836,0.979782767809967,0.9725483185588243,0.7272727272727273,0.11869547193642593,-0.40276828892176836,-0.28193780224523785,0.7385535099329327,0.10741468927622055,2.0943951023931957,0.040276828892176875,190.11824353875184,11.990955063702899,0.5783543788067804,16.5983;3.21059;3.36716
BA(k=4),12,7,20291910,32,22.0,0.8459681992091532,fit:normal:wgt,0.999939676197782,0.9621059491968591,0.9248833219482179,0.9575674425991798,0.7379957689224977,0.10797243028665549,1.4499658401183662,-0.24166097335306103,0.6381893029717228,0.2077788962374304,0.4027682889217685,0.4430451178139452,2.0911827950032598e6,138739.34288186525,0.9564245651520018,7.20744;119.513;0.01
BA(k=4),12,7,20291910,32,22.0,0.8459681992091532,paper:empP,0.8820192853216582,0.971654804955653,0.9612410588723227,0.9692027350190134,0.823094998267075,0.02287320094207823,0.0,0.0,0.7765983191717651,0.06936988003738809,0.24166097335306103,0.16110731556870733,23.020910396329143,1.2502153427233,NaN,
BA(k=4),12,7,20291910,32,22.0,0.8459681992091532,paper:binP,0.8820192853216582,0.971654804955653,0.9612410588723227,0.9692027350190134,0.8353080629439492,0.010660136265204012,0.16110731556870733,0.0805536577843537,0.7577448202948783,0.0882233789142749,0.3222146311374148,0.20138414446088415,24.225479392053,1.2077303022586687,NaN,
BA(k=4),12,8,20291911,32,23.0,0.8178561225170704,exactN,0.0,0.0,0.0,0.0,0.7908289972866543,0.02702712523041606,0.0,0.0,0.790941600247068,0.02691452227000235,0.0,0.0,17.880932825857087,0.9810669143698583,NaN,
BA(k=4),12,8,20291911,32,23.0,0.8178561225170704,pert:lowd:0.01,0.00999954182134543,0.8940315249494631,0.990191992799795,0.8793721652348994,0.6956521739130435,0.12220394860402695,-0.40276828892176836,-0.28193780224523785,0.7095341916221709,0.1083219308948995,0.6444292622748293,0.24166097335306103,4851.1412122378415,303.5633979599796,NaN,
BA(k=4),12,8,20291911,32,23.0,0.8178561225170704,pert:lowd:0.05,0.049938675975414015,0.9949356462287025,0.9937916424827975,0.9850914325646982,0.6956521739130435,0.12220394860402695,-0.40276828892176836,-0.28193780224523785,0.691467629091269,0.12638849342580138,0.6444292622748293,0.32221463113741466,110390.61049544917,6908.178966743956,NaN,
BA(k=4),12,8,20291911,32,23.0,0.8178561225170704,pert:lowd:0.2,0.196132224016006,0.9996618948340339,0.9875330455070113,0.9944437394732163,0.6956521739130435,0.12220394860402695,-0.40276828892176836,-0.28193780224523785,0.6819337325125494,0.135922390004521,0.6444292622748293,0.36249146002959154,1.7344980084956966e6,108545.14552113668,NaN,
BA(k=4),12,8,20291911,32,23.0,0.8178561225170704,pert:lowd:0.5,0.44728996133652266,0.9999394213553484,0.9860363696124766,0.9957853991756663,0.6956521739130435,0.12220394860402695,-0.40276828892176836,-0.28193780224523785,0.66609284318636,0.15176327933071043,0.5638756044904758,0.4027682889217683,1.080113885380874e7,675938.5120736462,NaN,
BA(k=4),12,8,20291911,32,23.0,0.8178561225170704,pert:highd:0.01,0.00463320472618831,0.023941951284881795,0.003559040919759862,0.008650629804248614,0.6956521739130435,0.12220394860402695,-0.40276828892176836,0.5235987755982989,0.7963700271118662,0.021486095405204186,-0.08055365778435353,0.0,21.043128202307905,1.315407401061629,NaN,
BA(k=4),12,8,20291911,32,23.0,0.8178561225170704,pert:highd:0.05,0.022376153817109213,0.1183782972207142,0.017839660678912156,0.04377493644694823,0.6956521739130435,0.12220394860402695,-0.40276828892176836,0.5235987755982989,0.7963700271118662,0.021486095405204186,-0.08055365778435353,0.0,48.27230047154793,3.0186455817181086,NaN,
BA(k=4),12,8,20291911,32,23.0,0.8178561225170704,pert:highd:0.2,0.07918945662670233,0.4247057544719253,0.07190017326444043,0.18119766679490895,0.6956521739130435,0.12220394860402695,-0.40276828892176836,0.5235987755982989,0.7963700271118662,0.021486095405204186,-0.08055365778435353,0.0,250.93909378631278,15.698710973021551,NaN,
BA(k=4),12,8,20291911,32,23.0,0.8178561225170704,pert:highd:0.5,0.15998448492777567,0.750571419314813,0.18087728979740567,0.4565889612243646,0.6956521739130435,0.12220394860402695,-0.40276828892176836,0.5235987755982989,0.8066806633042287,0.011175459212841687,-0.16110731556870728,-0.0805536577843537,1132.597193966386,70.8674206632994,NaN,
BA(k=4),12,8,20291911,32,23.0,0.8178561225170704,pert:nulled:0.01,0.00484599727215485,0.04189344442451251,0.00027122467070906726,0.0009220069905576685,0.6956521739130435,0.12220394860402695,-0.40276828892176836,1.2888585245496587,0.790941600247068,0.02691452227000235,0.0,0.0,24.153478970393234,1.509945989005309,NaN,
BA(k=4),12,8,20291911,32,23.0,0.8178561225170704,pert:nulled:0.05,0.023413672005674634,0.20552630319410323,0.0013558021458866842,0.004609929173693255,0.6956521739130435,0.12220394860402695,-0.40276828892176836,1.2888585245496587,0.790941600247068,0.02691452227000235,0.0,0.0,73.4982293382272,4.596752270746035,NaN,
BA(k=4),12,8,20291911,32,23.0,0.8178561225170704,pert:nulled:0.2,0.08295585848933311,0.6456327853916286,0.005418339233759571,0.018435897560336135,0.6956521739130435,0.12220394860402695,-0.40276828892176836,1.2888585245496587,0.790941600247068,0.02691452227000235,0.0,0.0,496.9554346468243,31.092343968776486,NaN,
BA(k=4),12,8,20291911,32,23.0,0.8178561225170704,pert:nulled:0.5,0.1677718994516271,0.9060635575867627,0.013520900349089598,0.04604428634689997,0.6956521739130435,0.12220394860402695,-0.40276828892176836,1.2888585245496587,0.790941600247068,0.02691452227000235,0.0,0.0,2473.201173086639,154.75753435090294,NaN,
BA(k=4),12,8,20291911,32,23.0,0.8178561225170704,pert:random:0.01,0.009934112491365454,0.3575931067098235,0.5465824966977852,0.43236479714378956,0.6956521739130435,0.12220394860402695,-0.40276828892176836,-0.28193780224523785,0.7344070451645917,0.08344907735247875,0.5638756044904758,0.12083048667653046,128.00803430067737,8.007092695214691,NaN,
BA(k=4),12,8,20291911,32,23.0,0.8178561225170704,pert:random:0.05,0.0494055998476679,0.8917033246031153,0.9981650741253714,0.9647365908217261,0.6956521739130441,0.12220394860402628,-0.40276828892176836,-0.20138414446088418,0.7007479001766114,0.11710822234045903,0.6444292622748293,0.2819378022452378,1664.7821140670596,104.17152928098788,NaN,
BA(k=4),12,8,20291911,32,23.0,0.8178561225170704,pert:random:0.2,0.1912243366813602,0.9936653910278638,0.9776135012654489,0.9977606013111224,0.6956521739130433,0.12220394860402706,-0.40276828892176836,-0.12083048667653051,0.691467629091269,0.12638849342580138,0.6444292622748293,0.32221463113741466,24409.522693196483,1527.5461556507612,NaN,
BA(k=4),12,8,20291911,32,23.0,0.8178561225170704,pert:random:0.5,0.4272172428893542,0.9994158077510229,0.965330657323788,0.9910086909694192,0.6956521739130435,0.12220394860402695,-0.40276828892176836,1.2888585245496587,0.46985137783257414,0.34800474468449627,-0.6444292622748293,0.6444292622748294,153832.51775761577,9627.030133579314,NaN,
BA(k=4),12,8,20291911,32,23.0,0.8178561225170704,fit:triangle:mse,0.6973798787150404,0.9732945506998967,0.9671085810689016,0.9847392726138046,0.5013749722442516,0.31648115027281876,0.6444292622748293,1.0069207223044208,0.7076567275527887,0.11019939496428166,0.4027682889217683,0.24166097335306103,722.5574127286072,49.70460613698843,0.6973798787150404,0.47775;0.591129;0.202511;0.29405
BA(k=4),12,8,20291911,32,23.0,0.8178561225170704,fit:triangle:wgt,0.8222656389145364,0.8929778451654061,0.8677128447979104,0.9205799798982511,0.5334967350939013,0.28435938742316913,0.8860902356278904,1.0069207223044208,0.7060402600820213,0.11181586243504915,0.3222146311374148,0.24166097335306103,36.64549449845465,2.488298668829741,0.8846647126820247,0.05;0.817304;0.122664;0.30996
BA(k=4),12,8,20291911,32,23.0,0.8178561225170704,fit:normal:mse,0.6056673645723305,0.9999998262827448,0.9684076081500396,0.9617525044599776,0.6956521739130435,0.12220394860402695,-0.40276828892176836,-0.28193780224523785,0.6956521739130435,0.12220394860402695,1.8527341290401345,0.4027682889217683,891.3695187299459,55.60429700102918,0.6056673645723305,16.5986;3.82043;3.76513
BA(k=4),12,8,20291911,32,23.0,0.8178561225170704,fit:normal:wgt,0.9993902586263708,0.9573100557848995,0.9259046496845648,0.9750792618533445,0.6962197810006461,0.12163634151642433,2.5777170490993173,-0.24166097335306103,0.6956521739130435,0.12220394860402695,-1.2888585245496587,1.208304866765305,3.4667495694508567e6,225468.2471645864,0.951040336099357,10.721;86.5706;0.01
BA(k=4),12,8,20291911,32,23.0,0.8178561225170704,paper:empP,0.8617452768262941,0.9672588782904422,0.9518954226049773,0.9697544516579002,0.8012056312565737,0.01665049126049667,0.08055365778435364,0.0,0.7540484507072582,0.06380767180981217,0.08055365778435375,0.12083048667653046,23.740198629468352,1.2650178784908226,NaN,
BA(k=4),12,8,20291911,32,23.0,0.8178561225170704,paper:binP,0.8617452768262941,0.9672588782904422,0.9518954226049773,0.9697544516579002,0.8073075434083696,0.010548579108700773,0.16110731556870733,0.0805536577843537,0.7377103784174395,0.08014574409963093,0.08055365778435375,0.16110731556870728,24.225479392053,1.2077303022586687,NaN,
BA(k=4),12,9,20291912,32,23.0,0.8268096681374048,exactN,0.0,0.0,0.0,0.0,0.7943309018121086,0.032478766325296116,0.0,0.0,0.7906354660428304,0.03617420209457434,0.0,0.0,17.952248358613502,0.9804908837427395,NaN,
BA(k=4),12,9,20291912,32,23.0,0.8268096681374048,pert:lowd:0.01,0.009999541135821586,0.8857764319302417,0.9866305513040365,0.7633798281485785,0.6956521739130435,0.1311574942243613,-0.40276828892176836,-0.28193780224523785,0.7123800537565846,0.11442961438082011,0.48332194670612205,0.2013841444608842,4850.524689039734,303.50021807896456,NaN,
BA(k=4),12,9,20291912,32,23.0,0.8268096681374048,pert:lowd:0.05,0.04993865829418204,0.9942439222173454,0.9950927456036298,0.9450972555322369,0.6956521739130435,0.1311574942243613,-0.40276828892176836,-0.28193780224523785,0.6900608988401001,0.13674876929730462,0.48332194670612205,0.28193780224523785,110375.90330845428,6906.671739456392,NaN,
BA(k=4),12,9,20291912,32,23.0,0.8268096681374048,pert:lowd:0.2,0.19613195453187224,0.9995585667571935,0.9890737673565457,0.9696962983775818,0.6956521739130435,0.1311574942243613,-0.40276828892176836,-0.28193780224523785,0.6982048659756287,0.12860480216177606,1.53051949790272,0.3222146311374147,1.7342648111826512e6,108521.24669374908,NaN,
BA(k=4),12,9,20291912,32,23.0,0.8268096681374048,pert:lowd:0.5,0.4472886813359958,0.9999003926730885,0.9875983538814805,0.9738734777542422,0.6956521739130435,0.1311574942243613,-0.40276828892176836,-0.28193780224523785,0.7038192734907298,0.12299039464667494,0.7249829200591833,0.24166097335306097,1.0799684017700793e7,675789.4154139903,NaN,
BA(k=4),12,9,20291912,32,23.0,0.8268096681374048,pert:highd:0.01,0.004665790683747342,0.02304951346111495,0.0033988151930261726,0.01133359310994973,0.6956521739130435,0.1311574942243613,-0.40276828892176836,0.5235987755982989,0.7906354660428304,0.03617420209457434,0.0,0.0,21.042765419093314,1.3153702542005037,NaN,
BA(k=4),12,9,20291912,32,23.0,0.8268096681374048,pert:highd:0.05,0.022534941751090047,0.11430606106360884,0.017034392660094527,0.057579582863896125,0.6956521739130435,0.1311574942243613,-0.40276828892176836,0.5235987755982989,0.7965325387627253,0.030277129374679412,-0.08055365778435353,0.0,48.26953491183768,3.018362319546818,NaN,
BA(k=4),12,9,20291912,32,23.0,0.8268096681374048,pert:highd:0.2,0.07976498253352572,0.4156525219969865,0.06863330688449669,0.2398965637844292,0.6956521739130435,0.1311574942243613,-0.40276828892176836,0.5235987755982989,0.8101680384198089,0.016641629717595863,-0.16110731556870728,-0.04027682889217682,250.9137568929124,15.696115006351453,NaN,
BA(k=4),12,9,20291912,32,23.0,0.8268096681374048,pert:highd:0.5,0.16117270574340806,0.7478883472510524,0.17268941783725622,0.584441737396797,0.6956521739130435,0.1311574942243613,-0.40276828892176836,0.5235987755982989,0.8133293129570455,0.013480355180359282,-0.16110731556870728,-0.12083048667653051,1132.4624784600876,70.85361615669942,NaN,
BA(k=4),12,9,20291912,32,23.0,0.8268096681374048,pert:nulled:0.01,0.0048720003141118524,0.04028573354825193,0.00025951115068538,0.000928214377213571,0.6956521739130435,0.1311574942243613,-0.40276828892176836,1.2888585245496587,0.7906354660428304,0.03617420209457434,0.0,0.0,24.152874437681092,1.5098840849684014,NaN,
BA(k=4),12,9,20291912,32,23.0,0.8268096681374048,pert:nulled:0.05,0.023540555541622873,0.19834279661093457,0.00129727588278366,0.004638667765435888,0.6956521739130435,0.1311574942243613,-0.40276828892176836,1.2888585245496587,0.7906354660428304,0.03617420209457434,0.0,0.0,73.49295039571811,4.596211518972748,NaN,
BA(k=4),12,9,20291912,32,23.0,0.8268096681374048,pert:nulled:0.2,0.08341745469420518,0.634647406043891,0.005184860129027327,0.018516437478722947,0.6956521739130435,0.1311574942243613,-0.40276828892176836,1.2888585245496587,0.8042661118276034,0.022543556309801316,-0.08055365778435353,-0.04027682889217682,496.9004746925624,31.086712487852093,NaN,
BA(k=4),12,9,20291912,32,23.0,0.8268096681374048,pert:nulled:0.5,0.1687281863146295,0.9040111172391027,0.01294040096064181,0.04607475820576874,0.6956521739130435,0.1311574942243613,-0.40276828892176836,1.2888585245496587,0.8042661118276034,0.022543556309801316,-0.08055365778435353,-0.04027682889217682,2472.894552279854,154.72611327943568,NaN,
BA(k=4),12,9,20291912,32,23.0,0.8268096681374048,pert:random:0.01,0.009432255118330034,0.6264464365124949,0.6558765005136765,0.3498895782017364,0.6956521739130435,0.1311574942243613,-0.40276828892176836,1.2888585245496587,0.7380224433944914,0.08878722474291334,0.3222146311374148,0.12083048667653046,624.2088352103254,39.0522046415682,NaN,
BA(k=4),12,9,20291912,32,23.0,0.8268096681374048,pert:random:0.05,0.04776333354810684,0.9665403595810437,0.9848924185533549,0.776176251721356,0.6956521739130435,0.1311574942243613,-0.40276828892176836,1.2888585245496587,0.7123800537565846,0.11442961438082011,0.48332194670612205,0.2013841444608842,11863.781726817459,742.342790124444,NaN,
BA(k=4),12,9,20291912,32,23.0,0.8268096681374048,pert:random:0.2,0.1977864246071015,0.99666648613406,0.9999754383613002,0.9075791565661024,0.6956521739130435,0.1311574942243613,-0.40276828892176836,1.2888585245496587,0.6677831261337858,0.159026542003619,-1.0471975511965976,0.40276828892176836,179508.1901687573,11232.597664246821,NaN,
BA(k=4),12,9,20291912,32,23.0,0.8268096681374048,pert:random:0.5,0.49300083414436024,0.99898233594534,0.9990519406796305,0.9308016033759585,0.6956521739130435,0.1311574942243613,-0.40276828892176836,1.2888585245496587,0.5961524169909527,0.23065725114645208,-0.724982920059183,0.40276828892176836,1.10925179172933e6,69411.12667936225,NaN,
BA(k=4),12,9,20291912,32,23.0,0.8268096681374048,fit:triangle:mse,0.693649034313019,0.9795811471915563,0.9749433180832189,0.9944090741710462,0.4963827701408865,0.33042689799651825,0.5638756044904756,1.0069207223044208,0.7120669564547543,0.11474271168265049,0.3222146311374148,0.2013841444608842,692.9272852374113,47.27929394982235,0.693649034313019,0.468107;0.72024;0.143317;0.48
BA(k=4),12,9,20291912,32,23.0,0.8268096681374048,fit:triangle:wgt,0.8317771144746842,0.8938340146594214,0.8635787519060093,0.9339984167481963,0.5221201260812856,0.3046895420561192,0.8055365778435368,1.0069207223044208,0.7098767389542339,0.11693292918317089,0.1611073155687075,0.2013841444608842,42.111400016677926,2.8360418165186405,0.8859282476824174,0.05;0.966172;0.0919467;0.457047
BA(k=4),12,9,20291912,32,23.0,0.8268096681374048,fit:normal:mse,0.605639348098987,0.9999548099061564,0.9781639452442126,0.9932065568799173,0.6956521739130435,0.1311574942243613,-0.40276828892176836,1.2888585245496587,0.706302072304808,0.12050759583259674,1.8527341290401345,0.04027682889217682,714.5431320156689,45.194237513908355,0.605639348098987,16.347;3.66457;4.06695
BA(k=4),12,9,20291912,32,23.0,0.8268096681374048,fit:normal:wgt,0.9995812669120988,0.9569335448843492,0.920162093322929,0.980466721298627,0.6974499984243548,0.1293596697130499,2.4166097335306103,-0.24166097335306103,0.6956521739130435,0.1311574942243613,1.8527341290401345,1.1680280378731283,3.2137164871069933e6,209719.12273009846,0.9510533047049221,10.2355;95.2331;0.01
BA(k=4),12,9,20291912,32,23.0,0.8268096681374048,paper:empP,0.8591228985853734,0.9667908214824944,0.9510007184042628,0.9746667644904967,0.8087979665215991,0.018011701615805675,0.08055365778435364,0.04027682889217682,0.7618928432681917,0.06491682486921302,0.08055365778435375,0.08055365778435364,24.90230050958987,1.3051506644644588,NaN,
BA(k=4),12,9,20291912,32,23.0,0.8268096681374048,paper:binP,0.8591228985853734,0.9667908214824944,0.9510007184042628,0.9746667644904967,0.8153794260989496,0.011430242038455107,0.16110731556870733,0.0805536577843537,0.7463002050592216,0.08050946307818319,0.08055365778435375,0.12083048667653046,24.225479392053,1.2077303022586687,NaN,
BA(k=4),12,10,20291913,32,23.0,0.8218524306745134,exactN,0.0,0.0,0.0,0.0,0.792498161770201,0.029354268904312364,0.0,0.0,0.7928023565328455,0.029050074141667936,0.0,0.0,17.95321584622147,0.9830428307877392,NaN,
BA(k=4),12,10,20291913,32,23.0,0.8218524306745134,pert:lowd:0.01,0.009999543046811365,0.8901026748357188,0.9868839116577922,0.8711363521964611,0.6956521739130435,0.12620025676146995,-0.40276828892176836,-0.28193780224523785,0.7101115853655543,0.11174084530895911,0.6444292622748293,0.20138414446088415,4848.709558119817,303.3782126472415,NaN,
BA(k=4),12,10,20291913,32,23.0,0.8218524306745134,pert:lowd:0.05,0.049938707609634675,0.9946193647943983,0.994719101916876,0.9851258583677065,0.6956521739130435,0.12620025676146995,-0.40276828892176836,-0.28193780224523785,0.6759248817785553,0.14592754889595816,0.48332194670612205,0.32221463113741466,110332.59527060625,6903.759067643959,NaN,
BA(k=4),12,10,20291913,32,23.0,0.8218524306745134,pert:lowd:0.2,0.19613270623551138,0.9996170997360357,0.9884679933698258,0.9948938897855069,0.6956521739130435,0.12620025676146995,-0.40276828892176836,-0.28193780224523785,0.6968155183125286,0.12503691236198478,1.4499658401183662,0.20138414446088415,1.7335780932825322e6,108475.0563366921,NaN,
BA(k=4),12,10,20291913,32,23.0,0.8218524306745134,pert:lowd:0.5,0.4472922518675135,0.9999233048854792,0.9869431316706843,0.9962499511994767,0.6956521739130435,0.12620025676146995,-0.40276828892176836,-0.28193780224523785,0.696328573617911,0.1255238570566024,1.53051949790272,0.20138414446088415,1.0795399794206867e7,675501.2411723117,NaN,
BA(k=4),12,10,20291913,32,23.0,0.8218524306745134,pert:highd:0.01,0.004661954804288264,0.023518399838467464,0.0033734373590702297,0.008161479271976257,0.6956521739130435,0.12620025676146995,-0.40276828892176836,0.5235987755982989,0.7928023565328455,0.029050074141667936,0.0,0.0,21.04170087952245,1.3152994473903308,NaN,
BA(k=4),12,10,20291913,32,23.0,0.8218524306745134,pert:highd:0.05,0.022516248217281334,0.11658568671506923,0.01690709026376516,0.04126581814941397,0.6956521739130435,0.12620025676146995,-0.40276828892176836,0.5235987755982989,0.7989148182530222,0.02293761242149117,-0.08055365778435353,0.0,48.26140978542966,3.017819779861388,NaN,
BA(k=4),12,10,20291913,32,23.0,0.8218524306745134,pert:highd:0.2,0.07969721127953057,0.42239192755824806,0.06812039361260482,0.17049723484944698,0.6956521739130435,0.12620025676146995,-0.40276828892176836,0.5235987755982989,0.7989148182530222,0.02293761242149117,-0.08055365778435353,0.0,250.83921995897416,15.691117263091227,NaN,
BA(k=4),12,10,20291913,32,23.0,0.8218524306745134,pert:highd:0.5,0.16103275452947363,0.7539541585394645,0.17141975292174005,0.43115717967180295,0.6956521739130435,0.12620025676146995,-0.40276828892176836,0.5235987755982989,0.8102757239038688,0.011576706770644596,-0.16110731556870728,-0.0805536577843537,1132.0659539837109,70.82698387595633,NaN,
BA(k=4),12,10,20291913,32,23.0,0.8218524306745134,pert:nulled:0.01,0.0048652332009950965,0.041108143753025475,0.0002573657618605759,0.0008684689238713526,0.6956521739130435,0.12620025676146995,-0.40276828892176836,1.2888585245496587,0.7928023565328455,0.029050074141667936,0.0,0.0,24.15110011238752,1.509765982112068,NaN,
BA(k=4),12,10,20291913,32,23.0,0.8218524306745134,pert:nulled:0.05,0.02350753282598827,0.20228307267656387,0.0012865473456117155,0.004342329060635285,0.6956521739130435,0.12620025676146995,-0.40276828892176836,1.2888585245496587,0.7928023565328455,0.029050074141667936,0.0,0.0,73.47743441173832,4.595174071324159,NaN,
BA(k=4),12,10,20291913,32,23.0,0.8218524306745134,pert:nulled:0.2,0.08329729845665856,0.6427597081669484,0.005141923393148737,0.017367216416631723,0.6956521739130435,0.12620025676146995,-0.40276828892176836,1.2888585245496587,0.7928023565328455,0.029050074141667936,0.0,0.0,496.7387453939638,31.07585869675393,NaN,
BA(k=4),12,10,20291913,32,23.0,0.8218524306745134,pert:nulled:0.5,0.1684792183507194,0.9078219501956014,0.012832961621464002,0.0433854813306992,0.6956521739130435,0.12620025676146995,-0.40276828892176836,1.2888585245496587,0.7928023565328455,0.029050074141667936,0.0,0.0,2471.991902219963,154.66545879917126,NaN,
BA(k=4),12,10,20291913,32,23.0,0.8218524306745134,pert:random:0.01,0.009694567101709989,0.5649609784007681,0.1915029459379437,0.10345102894545002,0.6956521739130433,0.12620025676147006,-0.40276828892176836,1.0874743800887745,0.7621030174686977,0.05974941320581573,0.1611073155687075,0.08055365778435364,397.94456027806456,24.89685356641831,NaN,
BA(k=4),12,10,20291913,32,23.0,0.8218524306745134,pert:random:0.05,0.0489166179044819,0.9579811373597988,0.6973106339188103,0.4141512958658423,0.6956521739130435,0.12620025676146995,-0.40276828892176836,1.2888585245496587,0.7452286955257803,0.07662373514873311,0.24166097335306103,0.12083048667653046,10257.783021962136,641.8922337423046,NaN,
BA(k=4),12,10,20291913,32,23.0,0.8218524306745134,pert:random:0.2,0.19968139728935064,0.9966782957966905,0.967902362699548,0.7781583732174138,0.6956521739130435,0.12620025676146995,-0.40276828892176836,1.2888585245496587,0.7283262799644301,0.0935261507100833,0.5638756044904758,0.12083048667653046,173991.3872353518,10887.315117141978,NaN,
BA(k=4),12,10,20291913,32,23.0,0.8218524306745134,pert:random:0.5,0.48464469107747404,0.9992722999760459,0.9944276288965748,0.8839412957683221,0.6956521739130435,0.12620025676146995,-0.40276828892176836,1.2888585245496587,0.7155198472933104,0.106332583381203,0.8860902356278904,0.08055365778435364,1.0999957438258955e6,68830.5187037187,NaN,
BA(k=4),12,10,20291913,32,23.0,0.8218524306745134,fit:triangle:mse,0.6915871500006437,0.9824021748055002,0.9755100509939019,0.9882119095146884,0.48837003640073495,0.33348239427377846,0.483321946706122,1.0069207223044208,0.7005754239837951,0.12127700669071828,0.4027682889217683,0.24166097335306103,7821.3450503410595,527.2212087048371,0.6915871500006437,1.5527;0.404996;0.387957;0.165014
BA(k=4),12,10,20291913,32,23.0,0.8218524306745134,fit:triangle:wgt,0.8187372100065956,0.8873202660074784,0.8590644947564642,0.9140222224787672,0.5133436985666195,0.30850873210789387,0.8055365778435368,1.0069207223044208,0.6977536604490994,0.12409877022541405,0.24166097335306103,0.24166097335306103,39.04630100166528,2.648805250068728,0.879219282466491,0.05;0.382748;0.422987;0.0982962
BA(k=4),12,10,20291913,32,23.0,0.8218524306745134,fit:normal:mse,0.6079010691828621,0.9999402340157583,0.9730686965434394,0.9718522437829755,0.6956521739130435,0.12620025676146995,-0.40276828892176836,-0.28193780224523785,0.6956521739130429,0.1262002567614705,1.8527341290401345,0.7652597489513598,917.0048140350849,57.6797624392471,0.6079010691828621,16.6452;3.80635;3.97499
BA(k=4),12,10,20291913,32,23.0,0.8218524306745134,fit:normal:wgt,0.9988555602176535,0.9530387444355044,0.915989957340865,0.964778676810571,0.6956700389389981,0.12618239173551526,2.658270706883671,-0.24166097335306103,0.6956521739130435,0.12620025676146995,-1.2888585245496587,1.208304866765305,3.7323324819389307e6,242644.7402856825,0.9467974620604966,11.1952;77.9238;0.01
BA(k=4),12,10,20291913,32,23.0,0.8218524306745134,paper:empP,0.8597097620164695,0.964965810872388,0.9486420502191031,0.9677446728212394,0.8034517891588691,0.018400641515644356,0.08055365778435364,0.0,0.7526014635521293,0.0692509671223841,0.08055365778435375,0.12083048667653046,23.674165814537467,1.2649895484114508,NaN,
BA(k=4),12,10,20291913,32,23.0,0.8218524306745134,paper:binP,0.8597097620164695,0.964965810872388,0.9486420502191031,0.9677446728212394,0.8108205937102487,0.011031836964264685,0.16110731556870733,0.0805536577843537,0.7352118567476161,0.08664057392689728,0.08055365778435375,0.16110731556870728,24.225479392053,1.2077303022586687,NaN,
BA(k=4),12,11,20291914,32,23.0,0.8112136718886976,exactN,0.0,0.0,0.0,0.0,0.7880265926136256,0.02318707927507202,0.0,0.0,0.7980461484793011,0.013167523409396531,0.0,0.0,17.82619633990402,0.9816289309952176,NaN,
BA(k=4),12,11,20291914,32,23.0,0.8112136718886976,pert:lowd:0.01,0.009999534517134276,0.880550170036331,0.9827099645953377,0.9392693186642219,0.6956521739130435,0.11556149797565418,-0.40276828892176836,-0.28193780224523785,0.7029729838324583,0.10824068805623932,0.7249829200591831,0.2819378022452379,4851.196362412378,303.64044780470084,NaN,
BA(k=4),12,11,20291914,32,23.0,0.8112136718886976,pert:lowd:0.05,0.04993848812801668,0.9939204393973154,0.9969894005798692,0.9989280396928492,0.6956521739130435,0.11556149797565418,-0.40276828892176836,-0.28193780224523785,0.6815410898888906,0.12967258199980702,0.7249829200591831,0.36249146002959154,110391.9361174891,6910.020016148073,NaN,
BA(k=4),12,11,20291914,32,23.0,0.8112136718886976,pert:lowd:0.2,0.19612936250673324,0.9995314426030351,0.9919470973532889,0.9999091782659041,0.6956521739130435,0.11556149797565418,-0.40276828892176836,-0.28193780224523785,0.7050654935193962,0.10614817836930146,2.0138414446088415,0.20138414446088415,1.7345190590513642e6,108574.34672146081,NaN,
BA(k=4),12,11,20291914,32,23.0,0.8112136718886976,pert:lowd:0.5,0.44727637124778286,0.9998935408713608,0.9906570495329814,0.9996765074944225,0.6956521739130435,0.11556149797565418,-0.40276828892176836,-0.28193780224523785,0.7040717930633444,0.1071418788253532,2.0138414446088415,0.24166097335306103,1.0801270220535448e7,676120.7000879947,NaN,
BA(k=4),12,11,20291914,32,23.0,0.8112136718886976,pert:highd:0.01,0.004628334715349436,0.02239229083797193,0.0033687772483993027,0.0054679225762790445,0.6956521739130435,0.11556149797565418,-0.40276828892176836,0.5235987755982989,0.7980461484793011,0.013167523409396531,0.0,0.0,21.043156224759482,1.3154514027297906,NaN,
BA(k=4),12,11,20291914,32,23.0,0.8112136718886976,pert:highd:0.05,0.022352425565831918,0.1107345132719087,0.016883191910899382,0.027497160029507074,0.6956521739130435,0.11556149797565418,-0.40276828892176836,0.5235987755982989,0.7874448051936542,0.02376886669504341,0.08055365778435375,0.040276828892176875,48.272526531340205,3.0189847689067553,NaN,
BA(k=4),12,11,20291914,32,23.0,0.8112136718886976,pert:highd:0.2,0.07910348115641501,0.4006917701993942,0.06801616534111102,0.11191077110746525,0.6956521739130435,0.11556149797565418,-0.40276828892176836,0.5235987755982989,0.7919018052823744,0.019311866606323225,0.0,0.040276828892176875,250.94128723849784,15.701855404493754,NaN,
BA(k=4),12,11,20291914,32,23.0,0.8112136718886976,pert:highd:0.5,0.159807033909456,0.7254052330459807,0.17112177978434825,0.2833363740620274,0.6956521739130435,0.11556149797565418,-0.40276828892176836,0.5235987755982989,0.799680643882109,0.01153302800658862,0.0,-0.04027682889217682,1132.609123661929,70.88422015556803,NaN,
BA(k=4),12,11,20291914,32,23.0,0.8112136718886976,pert:nulled:0.01,0.004850234579458687,0.03920097327528245,0.00025826619437360873,0.00034283135607424066,0.6956521739130435,0.11556149797565418,-0.40276828892176836,1.2888585245496587,0.7980461484793011,0.013167523409396531,0.0,0.0,24.15352617067053,1.5100194645054126,NaN,
BA(k=4),12,11,20291914,32,23.0,0.8112136718886976,pert:nulled:0.05,0.023434346704083276,0.19252959308653886,0.001291084235595128,0.0017143718939015332,0.6956521739130435,0.11556149797565418,-0.40276828892176836,1.2888585245496587,0.7980461484793011,0.013167523409396531,0.0,0.0,73.4986691150659,4.597402212764339,NaN,
BA(k=4),12,11,20291914,32,23.0,0.8112136718886976,pert:nulled:0.2,0.08303105706593046,0.6177033687671671,0.005160590306904753,0.0068606011401791496,0.6956521739130435,0.11556149797565418,-0.40276828892176836,1.2888585245496587,0.7980461484793011,0.013167523409396531,0.0,0.0,496.9602503859622,31.099182204616486,NaN,
BA(k=4),12,11,20291914,32,23.0,0.8112136718886976,pert:nulled:0.5,0.1679276591672528,0.8914196509962539,0.012882206744824253,0.01716572499192093,0.6956521739130435,0.11556149797565418,-0.40276828892176836,1.2888585245496587,0.7980461484793011,0.013167523409396531,0.0,0.0,2473.2284955933983,154.7958222793369,NaN,
BA(k=4),12,11,20291914,32,23.0,0.8112136718886976,pert:random:0.01,0.0099997462496342,0.7618716958644595,0.9213272697519337,0.8415970155597786,0.6956521739130435,0.11556149797565418,-0.40276828892176836,-0.28193780224523785,0.7127322610574337,0.09848141083126394,0.7249829200591831,0.24166097335306103,1758.5171781612412,110.06046999076041,NaN,
BA(k=4),12,11,20291914,32,23.0,0.8112136718886976,pert:random:0.05,0.049972991545511186,0.9853805008542668,0.9994052086137668,0.9952585861578993,0.6956521739130435,0.11556149797565418,-0.40276828892176836,-0.28193780224523785,0.6947518079102771,0.11646186397842051,0.8055365778435366,0.32221463113741466,37509.44310436287,2347.884058959596,NaN,
BA(k=4),12,11,20291914,32,23.0,0.8112136718886976,pert:random:0.2,0.19673628269568705,0.9989480321088612,0.9928653152615642,0.9999908453138863,0.6956521739130435,0.11556149797565418,-0.40276828892176836,-0.28193780224523785,0.7050654935193962,0.10614817836930146,2.0138414446088415,0.20138414446088415,581702.6306208014,36412.26187092529,NaN,
BA(k=4),12,11,20291914,32,23.0,0.8112136718886976,pert:random:0.5,0.4502424641962461,0.9997898029092859,0.9907166990006866,0.9996955803187845,0.6956521739130435,0.11556149797565418,-0.40276828892176836,-0.28193780224523785,0.6892966117097697,0.1219170601789279,1.8527341290401342,0.6041524333826526,3.6127968675687527e6,226147.7828527478,NaN,
BA(k=4),12,11,20291914,32,23.0,0.8112136718886976,fit:triangle:mse,0.6910869723177433,0.9822881496983831,0.978310256779631,0.9835761107821879,0.4945868473316233,0.31662682455707436,0.5638756044904756,1.0069207223044208,0.7029729838324583,0.10824068805623932,0.7249829200591831,0.2819378022452379,160857.90948818717,10921.19907318714,0.6910869723177433,7.17143;0.482066;0.308617;0.208133
BA(k=4),12,11,20291914,32,23.0,0.8112136718886976,fit:triangle:wgt,0.8162652061510759,0.898404397938322,0.8745669480965036,0.9028352918485469,0.533308313586483,0.27790535830221463,0.8860902356278904,1.0069207223044208,0.6973365443653471,0.11387712752335055,0.48332194670612205,0.2819378022452379,38.39163725780265,2.602464451249864,0.8906837802622953,0.0512863;0.3753;0.458441;0.1001
BA(k=4),12,11,20291914,32,23.0,0.8112136718886976,fit:normal:mse,0.5823832972943592,0.9999628105973605,0.9697384635611586,0.9610277850548482,0.6956521739130435,0.11556149797565418,-0.40276828892176836,1.2888585245496587,0.6947775372965574,0.1164361345921402,2.0138414446088415,0.48332194670612205,979.5292590877353,60.53343018022967,0.5823832972943592,16.7466;3.89033;3.58209
BA(k=4),12,11,20291914,32,23.0,0.8112136718886976,fit:normal:wgt,0.9995885096857116,0.9630112244107558,0.9342401350275923,0.9623487386582951,0.6977774648970633,0.11343620699163437,2.3360560757462565,-0.24166097335306103,0.6956521739130435,0.11556149797565418,2.0138414446088415,1.248581695657482,2.9400839261184135e6,191460.00341601315,0.9573950552311566,9.75902;107.868;0.01
BA(k=4),12,11,20291914,32,23.0,0.8112136718886976,paper:empP,0.8650582669958369,0.969146259196826,0.9554569717758549,0.965061038869333,0.7880265926136256,0.02318707927507202,0.0,0.0,0.7439026983131167,0.06731097357558091,0.24166097335306103,0.16110731556870733,22.952211377699804,1.2483460852516732,NaN,
BA(k=4),12,11,20291914,32,23.0,0.8112136718886976,paper:binP,0.8650582669958369,0.969146259196826,0.9554569717758549,0.965061038869333,0.8006980222362836,0.010515649652414027,0.16110731556870733,0.0805536577843537,0.7270061974805383,0.08420747440815934,0.24166097335306103,0.20138414446088415,24.225479392053,1.2077303022586687,NaN,
BA(k=4),12,12,20291915,32,23.0,0.8083254071721713,exactN,0.0,0.0,0.0,0.0,0.786648191865,0.02167721530717126,0.0,0.0,0.7950063061075945,0.013319101064576788,0.0,0.0,17.794065310669772,0.9816924183129976,NaN,
BA(k=4),12,12,20291915,32,23.0,0.8083254071721713,pert:lowd:0.01,0.009999532331679873,0.8875609122820118,0.986257907983979,0.9446999202105284,0.6956521739130435,0.11267323325912781,-0.40276828892176836,-0.28193780224523785,0.7036396204087308,0.10468578676344042,1.0471975511965976,0.24166097335306103,4849.318590748666,303.491146926381,NaN,
BA(k=4),12,12,20291915,32,23.0,0.8083254071721713,pert:lowd:0.05,0.049938432154759384,0.9942332278277951,0.9965114072610892,0.9989140022749698,0.6956521739130435,0.11267323325912781,-0.40276828892176836,-0.28193780224523785,0.6161908888634621,0.1921345183087092,-0.5638756044904757,0.4027682889217684,110347.13475614853,6906.456293666933,NaN,
BA(k=4),12,12,20291915,32,23.0,0.8083254071721713,pert:lowd:0.2,0.1961285105051737,0.9995271498450065,0.9915461476719905,0.9999529663171531,0.6956521739130435,0.11267323325912781,-0.40276828892176836,-0.28193780224523785,0.6875169698350894,0.12080843733708191,1.2888585245496589,0.4027682889217684,1.7338086660606721e6,108517.83356019319,NaN,
BA(k=4),12,12,20291915,32,23.0,0.8083254071721713,pert:lowd:0.5,0.44727232552444257,0.9998823092888679,0.990303199930733,0.9997802534903457,0.6956521739130435,0.11267323325912781,-0.40276828892176836,-0.28193780224523785,0.6875169698350894,0.12080843733708191,1.2888585245496589,0.4027682889217684,1.0796838300332075e7,675768.1258281103,NaN,
BA(k=4),12,12,20291915,32,23.0,0.8083254071721713,pert:highd:0.01,0.004606184242585649,0.023264110149376047,0.0035614756072555992,0.00577643832672728,0.6956521739130435,0.11267323325912781,-0.40276828892176836,0.5235987755982989,0.7950063061075945,0.013319101064576788,0.0,0.0,21.04205439426777,1.3153644974668246,NaN,
BA(k=4),12,12,20291915,32,23.0,0.8083254071721713,pert:highd:0.05,0.0222445104938657,0.1148977548300924,0.017854581557943384,0.02907020794683201,0.6956521739130435,0.11267323325912781,-0.40276828892176836,0.5235987755982989,0.7883671190284519,0.01995828814371936,0.0,0.040276828892176875,48.26411834001225,3.018319611485732,NaN,
BA(k=4),12,12,20291915,32,23.0,0.8083254071721713,pert:highd:0.2,0.07871255776337098,0.4123445603770613,0.07200148929464684,0.11858579518246752,0.6956521739130435,0.11267323325912781,-0.40276828892176836,0.5235987755982989,0.7883671190284519,0.01995828814371936,0.0,0.040276828892176875,250.86416889014535,15.695735308216745,NaN,
BA(k=4),12,12,20291915,32,23.0,0.8083254071721713,pert:highd:0.5,0.15900034946962463,0.7351568444998371,0.18133454793566925,0.30076880716389487,0.6956521739130435,0.11267323325912781,-0.40276828892176836,0.5235987755982989,0.7971381336262463,0.01118727354592497,0.0,-0.04027682889217682,1132.1988998758445,70.85162258191092,NaN,
BA(k=4),12,12,20291915,32,23.0,0.8083254071721713,pert:nulled:0.01,0.004834245728466448,0.040746659999235435,0.00027344847934959976,0.0003639843539636199,0.6956521739130435,0.11267323325912781,-0.40276828892176836,1.2888585245496587,0.7950063061075945,0.013319101064576788,0.0,0.0,24.15168975380713,1.5098745397968296,NaN,
BA(k=4),12,12,20291915,32,23.0,0.8083254071721713,pert:nulled:0.05,0.0233563368749048,0.19975576103309176,0.001366958541021538,0.0018201596711872438,0.6956521739130435,0.11267323325912781,-0.40276828892176836,1.2888585245496587,0.7950063061075945,0.013319101064576788,0.0,0.0,73.48261361709363,4.596130779376484,NaN,
BA(k=4),12,12,20291915,32,23.0,0.8083254071721713,pert:nulled:0.2,0.08274734797316327,0.6317063399168152,0.005463522441352953,0.0072840717089733675,0.6956521739130435,0.11267323325912781,-0.40276828892176836,1.2888585245496587,0.7950063061075945,0.013319101064576788,0.0,0.0,496.7929271892447,31.085894323390967,NaN,
BA(k=4),12,12,20291915,32,23.0,0.8083254071721713,pert:nulled:0.5,0.1673400675948626,0.8974385481177182,0.01363661457725481,0.01822573253184034,0.6956521739130435,0.11267323325912781,-0.40276828892176836,1.2888585245496587,0.7950063061075945,0.013319101064576788,0.0,0.0,2472.294681577462,154.72159183790257,NaN,
BA(k=4),12,12,20291915,32,23.0,0.8083254071721713,pert:random:0.01,0.009888190147038853,0.7750727850446484,0.8362350918331957,0.7326254806170203,0.6956521739130435,0.11267323325912781,-0.40276828892176836,1.2888585245496587,0.7121659998240786,0.0961594073480927,0.8860902356278906,0.20138414446088415,1407.8791333440545,88.10477792998702,NaN,
BA(k=4),12,12,20291915,32,23.0,0.8083254071721713,pert:random:0.05,0.04911037525270226,0.9863302853197079,0.9997998383414775,0.9935119875864458,0.6956521739130435,0.11267323325912781,-0.40276828892176836,1.2888585245496587,0.6684165700712912,0.1399088371008801,-0.9666438934122441,0.5235987755982988,29449.551209416986,1843.171344278659,NaN,
BA(k=4),12,12,20291915,32,23.0,0.8083254071721713,pert:random:0.2,0.18919955922108136,0.9989650862821378,0.989407546998298,0.9992688851759441,0.6956521739130435,0.11267323325912781,-0.40276828892176836,1.2888585245496587,0.5900243373914036,0.2183010697807677,-0.5638756044904757,0.4430451178139452,454862.5379781187,28469.3971965455,NaN,
BA(k=4),12,12,20291915,32,23.0,0.8083254071721713,pert:random:0.5,0.4200578996701784,0.9997748463713004,0.9855184366402068,0.9976412297390493,0.6956521739130435,0.11267323325912781,-0.40276828892176836,1.2888585245496587,0.6852980311865968,0.12302737598557445,1.2083048667653051,0.4027682889217684,2.822694010647551e6,176670.55208851807,NaN,
BA(k=4),12,12,20291915,32,23.0,0.8083254071721713,fit:triangle:mse,0.6945946980019692,0.9768099019536316,0.9726930295365198,0.9798919972034235,0.5001573496529506,0.3081680575192207,0.6444292622748293,1.0069207223044208,0.695882754979957,0.11244265219221428,0.7249829200591831,0.2819378022452379,4197.762260856368,288.1314626574306,0.6945946980019692,1.17079;0.603664;0.205546;0.317143
BA(k=4),12,12,20291915,32,23.0,0.8083254071721713,fit:triangle:wgt,0.8278838092516503,0.8835563079738603,0.8484422554162073,0.8801556334514651,0.5316753280875417,0.2766500790846296,0.8860902356278904,1.0069207223044208,0.6905240691599839,0.1178013380121874,0.48332194670612205,0.2819378022452379,37.507055494649606,2.54414540887137,0.875652756366359,0.05;0.897953;0.108052;0.419591
BA(k=4),12,12,20291915,32,23.0,0.8083254071721713,fit:normal:mse,0.5777001034406136,0.99759987013506,0.9794303398923139,0.9725394982680156,0.6956521739130435,0.11267323325912781,-0.40276828892176836,-0.28193780224523785,0.6956521739130437,0.11267323325912759,-1.1277512089809514,0.0805536577843537,175.26445535542672,11.09810691068251,0.5777001034406136,16.7282;3.18075;3.37404
BA(k=4),12,12,20291915,32,23.0,0.8083254071721713,fit:normal:wgt,0.9996468134811778,0.9569996922442533,0.9107542684683253,0.9441460694814352,0.6975841733579844,0.11074123381418688,2.4166097335306103,-0.24166097335306103,0.6956521739130435,0.11267323325912781,2.0138414446088415,1.248581695657482,2.943111018805247e6,191491.77897085788,0.9511834705108246,9.76449;108.006;0.01
BA(k=4),12,12,20291915,32,23.0,0.8083254071721713,paper:empP,0.8659898694485378,0.9660174790775264,0.948049290464528,0.9589965322443527,0.786648191865,0.02167721530717126,0.0,0.0,0.7408781230024166,0.06744728416975465,0.16110731556870728,0.16110731556870733,22.725747160294972,1.2387784034579208,NaN,
BA(k=4),12,12,20291915,32,23.0,0.8083254071721713,paper:binP,0.8659898694485378,0.9660174790775264,0.948049290464528,0.9589965322443527,0.7976134575806987,0.010711949591472592,0.16110731556870733,0.0805536577843537,0.7218556443891203,0.08646976278305096,0.24166097335306103,0.20138414446088415,24.225479392053,1.2077303022586687,NaN,
BA(k=4),12,13,20291916,32,24.0,0.7862424701181071,exactN,0.0,0.0,0.0,0.0,0.7587327688169813,0.027509701301125844,0.0,0.0,0.7651558805859473,0.021086589532159805,0.0,0.0,17.890329404476354,0.9805553083278024,NaN,
BA(k=4),12,13,20291916,32,24.0,0.7862424701181071,pert:lowd:0.01,0.009999533846426262,0.8900175711329017,0.9850473739641794,0.8629878573335273,0.6666666666666666,0.11957580345144048,-0.40276828892176836,-0.28193780224523785,0.6745274132586146,0.11171505685949246,0.6444292622748293,0.24166097335306103,4850.062773033201,303.4523722405879,NaN,
BA(k=4),12,13,20291916,32,24.0,0.7862424701181071,pert:lowd:0.05,0.049938470938780774,0.9943178975371776,0.9965390846189713,0.9797625655164862,0.6666666666666666,0.11957580345144048,-0.40276828892176836,-0.28193780224523785,0.6694815157979184,0.11676095432018874,1.1277512089809514,0.2819378022452378,110364.89622053325,6905.529788311264,NaN,
BA(k=4),12,13,20291916,32,24.0,0.7862424701181071,pert:lowd:0.2,0.19612910082775878,0.9995172563407568,0.9914197703850827,0.99129260866602,0.6666666666666666,0.11957580345144048,-0.40276828892176836,-0.28193780224523785,0.666730846050699,0.11951162406740812,1.2083048667653051,0.32221463113741466,1.7340903202126413e6,108503.13805986989,NaN,
BA(k=4),12,13,20291916,32,24.0,0.7862424701181071,pert:lowd:0.5,0.44727512863459684,0.9998738049417237,0.9901319821275613,0.9930471558574654,0.6666666666666666,0.11957580345144048,-0.40276828892176836,-0.28193780224523785,0.6637961183751112,0.1224463517429959,1.2083048667653051,0.36249146002959154,1.0798595477184147e7,675676.4396827992,NaN,
BA(k=4),12,13,20291916,32,24.0,0.7862424701181071,pert:highd:0.01,0.004627283752168489,0.02365931517429693,0.0034594004382399873,0.008320722348585252,0.6666666666666666,0.11957580345144048,-0.40276828892176836,0.5235987755982989,0.7651558805859473,0.021086589532159805,0.0,0.0,21.042488330232494,1.3153423596343177,NaN,
BA(k=4),12,13,20291916,32,24.0,0.7862424701181071,pert:highd:0.05,0.022347305031930845,0.11714669020274962,0.017343638880049122,0.04210053272178826,0.6666666666666666,0.11957580345144048,-0.40276828892176836,0.5235987755982989,0.7702595710138086,0.01598289910429851,-0.08055365778435375,0.0,48.26743744744802,3.0181489455282513,NaN,
BA(k=4),12,13,20291916,32,24.0,0.7862424701181071,pert:highd:0.2,0.07908492866382139,0.42265358108833806,0.06996034107744596,0.1743433291478409,0.6666666666666666,0.11957580345144048,-0.40276828892176836,0.5235987755982989,0.7702595710138086,0.01598289910429851,-0.08055365778435375,0.0,250.89468673406904,15.694152992462564,NaN,
BA(k=4),12,13,20291916,32,24.0,0.7862424701181071,pert:highd:0.5,0.15976874385279263,0.7515923760760658,0.17638042404332352,0.44168655344834273,0.6666666666666666,0.11957580345144048,-0.40276828892176836,0.5235987755982989,0.7752502804807081,0.010992189637399008,-0.08055365778435375,-0.0805536577843537,1132.3614015565554,70.84316853290407,NaN,
BA(k=4),12,13,20291916,32,24.0,0.7862424701181071,pert:nulled:0.01,0.004847068035213346,0.04137477032267268,0.00026589246039744504,0.0008891611222880619,0.6666666666666666,0.11957580345144048,-0.40276828892176836,1.2888585245496587,0.7651558805859473,0.021086589532159805,0.0,0.0,24.152413305243545,1.5098375726208018,NaN,
BA(k=4),12,13,20291916,32,24.0,0.7862424701181071,pert:nulled:0.05,0.023418896424351326,0.20337361987054353,0.0013291896513129727,0.004445300995663996,0.6666666666666666,0.11957580345144048,-0.40276828892176836,1.2888585245496587,0.7651558805859473,0.021086589532159805,0.0,0.0,73.48895658487146,4.5958037428084655,NaN,
BA(k=4),12,13,20291916,32,24.0,0.7862424701181071,pert:nulled:0.2,0.08297486033818922,0.643624351721364,0.005312619424510115,0.0177716392406184,0.6666666666666666,0.11957580345144048,-0.40276828892176836,1.2888585245496587,0.7651558805859473,0.021086589532159805,0.0,0.0,496.8591772192915,31.082453166800693,NaN,
BA(k=4),12,13,20291916,32,24.0,0.7862424701181071,pert:nulled:0.5,0.16781125715234738,0.9070819524324595,0.013260272147099557,0.04435778561754197,0.6666666666666666,0.11957580345144048,-0.40276828892176836,1.2888585245496587,0.7749660360290451,0.011276434089061982,-0.08055365778435375,-0.040276828892176875,2472.6646974472565,154.70232389483584,NaN,
BA(k=4),12,13,20291916,32,24.0,0.7862424701181071,pert:random:0.01,0.009754613844589309,0.40934745179895365,0.12719479858275956,0.0926982280476215,0.6666666666666669,0.11957580345144025,-0.40276828892176836,1.0471975511965976,0.7702595710138086,0.01598289910429851,-0.08055365778435375,0.0,197.56065312195022,12.357919812002656,NaN,
BA(k=4),12,13,20291916,32,24.0,0.7862424701181071,pert:random:0.05,0.04831222079259411,0.9136986668980212,0.576897087667224,0.4770495273040554,0.6666666666666666,0.11957580345144048,-0.40276828892176836,1.2888585245496587,0.7342141659038223,0.05202830421428484,0.32221463113741455,0.04027682889217682,3911.5817620530893,244.76924701496213,NaN,
BA(k=4),12,13,20291916,32,24.0,0.7862424701181071,pert:random:0.2,0.1843918045564098,0.9939760715737262,0.9768054414530631,0.9852358417559471,0.6666666666666666,0.11957580345144048,-0.40276828892176836,1.2888585245496587,0.7117529924002478,0.0744894777178593,0.48332194670612183,-0.2013841444608842,68733.32632502253,4300.779536841367,NaN,
BA(k=4),12,13,20291916,32,24.0,0.7862424701181071,pert:random:0.5,0.4044289986760251,0.9990613491361492,0.9997976554818729,0.9874496277623658,0.6666666666666666,0.11957580345144048,-0.40276828892176836,1.2888585245496587,0.6785917106597043,0.10765075945840286,1.0471975511965976,-0.24166097335306103,437484.3121966069,27373.961586011003,NaN,
BA(k=4),12,13,20291916,32,24.0,0.7862424701181071,fit:triangle:mse,0.6727584396465943,0.9710546590415435,0.9669334228024832,0.9840125512701156,0.4734517254446214,0.3127907446734857,0.5638756044904756,1.0069207223044208,0.67273866404201,0.11350380607609711,0.4027682889217683,0.24166097335306103,936.445590564457,63.95661176272297,0.6727584396465943,0.547042;0.560845;0.22177;0.266763
BA(k=4),12,13,20291916,32,24.0,0.7862424701181071,fit:triangle:wgt,0.8069038315445324,0.8714921873166651,0.8417875735719867,0.8991039674797748,0.5087382879967624,0.27750418212134476,0.8860902356278904,1.0069207223044208,0.671508481292978,0.11473398882512909,0.32221463113741455,0.24166097335306103,37.788675312551575,2.555116188613,0.8627568809944343,0.05;0.73198;0.140929;0.217857
BA(k=4),12,13,20291916,32,24.0,0.7862424701181071,fit:normal:mse,0.553215071912931,0.9998272106237395,0.9645322040197436,0.9518142158445002,0.6666666666666666,0.11957580345144048,-0.40276828892176836,-0.28193780224523785,0.6666666666666666,0.11957580345144048,1.933287786824488,0.4430451178139452,671.5563006291252,41.63553008592005,0.553215071912931,16.5851;3.71765;3.47454
BA(k=4),12,13,20291916,32,24.0,0.7862424701181071,fit:normal:wgt,0.99897284458346,0.9525022770481896,0.9084957972643651,0.9619774605928966,0.6668103500502891,0.119432120067818,2.658270706883671,-0.24166097335306103,0.6666666666666666,0.11957580345144048,-1.2083048667653051,1.208304866765305,3.5582915629085847e6,229393.6224956536,0.9462773569113347,11.1978;95.0366;0.01
BA(k=4),12,13,20291916,32,24.0,0.7862424701181071,paper:empP,0.8429177829819386,0.9562565826943358,0.9353068094889462,0.9571645199058179,0.7710872757102702,0.015155194407836858,0.08055365778435364,0.04027682889217682,0.7226199440516483,0.0636225260664588,0.16110731556870728,0.12083048667653046,24.228159155777412,1.2738060276964418,NaN,
BA(k=4),12,13,20291916,32,24.0,0.7862424701181071,paper:binP,0.8429177829819386,0.9562565826943358,0.9353068094889462,0.9571645199058179,0.7756825981587226,0.01055987195938446,0.16110731556870733,0.0805536577843537,0.706614320029837,0.07962815008827007,0.16110731556870728,0.16110731556870728,24.225479392053,1.2077303022586687,NaN,
BA(k=4),12,14,20291917,32,23.0,0.8344626427419084,exactN,0.0,0.0,0.0,0.0,0.8091769572657737,0.025285685476134745,0.0,0.0,0.7922559630079354,0.04220667973397296,0.0,0.0,18.06295856032077,0.9666297273611613,NaN,
BA(k=4),12,14,20291917,32,23.0,0.8344626427419084,pert:lowd:0.01,0.009999551794924838,0.892842709960987,0.9901052976882352,0.779846080956743,0.6956521739130435,0.13881046882886494,-0.483321946706122,-0.28193780224523785,0.7233499934117215,0.11111264933018694,0.4027682889217683,0.16110731556870733,4850.415171188495,303.47265346836144,NaN,
BA(k=4),12,14,20291917,32,23.0,0.8344626427419084,pert:lowd:0.05,0.04993893443811973,0.9951004763338637,0.9919770879104867,0.9541458879351198,0.6956521739130435,0.13881046882886494,-0.483321946706122,-0.28193780224523785,0.6888710476437568,0.14559159509815156,0.4027682889217683,0.28193780224523785,110373.29016018216,6906.01299780268,NaN,
BA(k=4),12,14,20291917,32,23.0,0.8344626427419084,pert:lowd:0.2,0.19613616671884854,0.9997261957230047,0.9845401650299174,0.9762230514150956,0.6956521739130435,0.13881046882886494,-0.483321946706122,-0.28193780224523785,0.6952060858722888,0.13925655686961957,0.7249829200591829,0.28193780224523785,1.7342233752043243e6,108510.79794812379,NaN,
BA(k=4),12,14,20291917,32,23.0,0.8344626427419084,pert:lowd:0.5,0.44730869194994727,0.9999662512712326,0.9827824848657356,0.9798749332339792,0.6956521739130435,0.13881046882886494,-0.483321946706122,-0.28193780224523785,0.6969016206463721,0.13756102209553633,1.3694121823340124,-0.0805536577843537,1.0799425510828782e7,675724.2246548748,NaN,
BA(k=4),12,14,20291917,32,23.0,0.8344626427419084,pert:highd:0.01,0.00469345046837152,0.023692882829555624,0.003366169404660563,0.01148718509214755,0.6956521739130435,0.13881046882886494,-0.483321946706122,0.5235987755982989,0.7922559630079354,0.04220667973397296,0.0,0.0,21.042701238444167,1.3153545592840175,NaN,
BA(k=4),12,14,20291917,32,23.0,0.8344626427419084,pert:highd:0.05,0.02266975070802128,0.1175757952283981,0.01686726867095105,0.05840425008996159,0.6956521739130435,0.13881046882886494,-0.483321946706122,0.5235987755982989,0.7993487821415579,0.03511386060035049,-0.08055365778435375,0.0,48.26904491193506,3.0182412000468495,NaN,
BA(k=4),12,14,20291917,32,23.0,0.8344626427419084,pert:highd:0.2,0.08025384939695399,0.4269041284893982,0.06790884327453484,0.243897911949705,0.6956521739130435,0.13881046882886494,-0.483321946706122,0.5235987755982989,0.8133006752719266,0.02116196746998178,-0.16110731556870728,-0.04027682889217682,250.9092604434482,15.694990854588507,NaN,
BA(k=4),12,14,20291917,32,23.0,0.8344626427419084,pert:highd:0.5,0.16218249528168008,0.7609289091867647,0.17063951362861943,0.5943896500258506,0.6956521739130435,0.13881046882886494,-0.483321946706122,0.5235987755982989,0.8089621213646702,0.02550052137723824,-0.08055365778435375,-0.0805536577843537,1132.4385550871586,70.8476074084767,NaN,
BA(k=4),12,14,20291917,32,23.0,0.8344626427419084,pert:nulled:0.01,0.0048827828174907795,0.04139674658925714,0.0002548858976893685,0.0009482554792599069,0.6956521739130435,0.13881046882886494,-0.483321946706122,1.2888585245496587,0.7922559630079354,0.04220667973397296,0.0,0.0,24.152767458693027,1.5098578715781414,NaN,
BA(k=4),12,14,20291917,32,23.0,0.8344626427419084,pert:nulled:0.05,0.023593176022474658,0.20388043324148233,0.0012741225667732298,0.0047393709235399465,0.6956521739130435,0.13881046882886494,-0.483321946706122,1.2888585245496587,0.7922559630079354,0.04220667973397296,0.0,0.0,73.49201458470763,4.595979343974352,NaN,
BA(k=4),12,14,20291917,32,23.0,0.8344626427419084,pert:nulled:0.2,0.08360895016669344,0.6475768399209336,0.005091844689495739,0.01892652683485331,0.6956521739130435,0.13881046882886494,-0.483321946706122,1.2888585245496587,0.775953246243945,0.058509396497963384,0.08055365778435375,0.04027682889217682,496.8907177074682,31.084267167152078,NaN,
BA(k=4),12,14,20291917,32,23.0,0.8344626427419084,pert:nulled:0.5,0.16912503130213855,0.9113508023968483,0.012705894204374613,0.04713406347724921,0.6956521739130435,0.13881046882886494,-0.483321946706122,1.2888585245496587,0.775953246243945,0.058509396497963384,0.08055365778435375,0.04027682889217682,2472.8400911118592,154.71241687415358,NaN,
BA(k=4),12,14,20291917,32,23.0,0.8344626427419084,pert:random:0.01,0.008447566380396709,0.5086272231482609,0.5674735506741571,0.39142158650303793,0.6956521739130433,0.13881046882886505,-0.483321946706122,-0.12083048667653051,0.775953246243945,0.058509396497963384,0.08055365778435375,0.04027682889217682,314.7392297361381,19.6905730916359,NaN,
BA(k=4),12,14,20291917,32,23.0,0.8344626427419084,pert:random:0.05,0.04133484007416231,0.9471441655009025,0.9163808515904066,0.9625087046628922,0.6956521739130435,0.13881046882886494,-0.483321946706122,-0.28193780224523785,0.7346896794313605,0.09977296331054786,0.48332194670612205,0.08055365778435364,8323.778347849646,520.8491901253952,NaN,
BA(k=4),12,14,20291917,32,23.0,0.8344626427419084,pert:random:0.2,0.15184520346781857,0.9964215898569434,0.9708953834796937,0.9944137222396607,0.6956521739130435,0.13881046882886494,-0.483321946706122,-0.28193780224523785,0.45796181173246603,0.37650083100944237,-0.3222146311374148,0.6041524333826527,142082.89403467462,8890.303168329463,NaN,
BA(k=4),12,14,20291917,32,23.0,0.8344626427419084,pert:random:0.5,0.31844821391697514,0.9994208444413522,0.9789178417872896,0.9835358963261177,0.6956521739130435,0.13881046882886494,-0.483321946706122,-0.28193780224523785,0.6956739851892343,0.1387886575526741,1.4499658401183662,0.2013841444608842,899362.1383030667,56273.789959963055,NaN,
BA(k=4),12,14,20291917,32,23.0,0.8344626427419084,fit:triangle:mse,0.6987460200769172,0.9886967859195991,0.9821268891105771,0.9954009661068729,0.4947518214822506,0.3397108212596578,0.3222146311374147,1.0069207223044208,0.7141913488958531,0.12027129384605528,0.16110731556870728,0.2013841444608842,33221.10650020153,2215.541741565212,0.6987460200769172,3.15227;0.67135;0.157111;0.393263
BA(k=4),12,14,20291917,32,23.0,0.8344626427419084,fit:triangle:wgt,0.8259422407500856,0.9003961508889784,0.8739274412833644,0.9454952225158736,0.5049391777931411,0.3295234649487673,0.6444292622748293,1.0069207223044208,0.6934881107278913,0.1409745320140171,0.08055365778435375,0.24166097335306097,41.67963778422878,2.8180492172416725,0.8923350701947136,0.05;0.593124;0.186117;0.137541
BA(k=4),12,14,20291917,32,23.0,0.8344626427419084,fit:normal:mse,0.634332280103645,0.999615379509013,0.9713867876683642,0.9854702148857326,0.6956521739130435,0.13881046882886494,-0.483321946706122,-0.28193780224523785,0.6956521739130435,0.13881046882886494,-1.3694121823340124,0.40276828892176836,2761.1632671100188,173.04647713535883,0.634332280103645,16.5021;4.39332;4.52617
BA(k=4),12,14,20291917,32,23.0,0.8344626427419084,fit:normal:wgt,0.9988281281100116,0.9545467552235588,0.9258080403411543,0.9802235516580174,0.6956538357214067,0.1388088070205017,2.5777170490993173,-0.24166097335306103,0.6600481786024688,0.17441446413943962,0.48332194670612205,0.40276828892176836,3.730617247509771e6,243070.53860786118,0.9482036033596709,11.1897;78.0308;0.01
BA(k=4),12,14,20291917,32,23.0,0.8344626427419084,paper:empP,0.8567767983063648,0.9678247701976398,0.9528784118184802,0.9767769296924168,0.8127625440868703,0.02170009865503808,0.0,0.04027682889217682,0.769302234334109,0.06516040840779935,0.0,0.08055365778435364,25.146350917708478,1.3169470227566418,NaN,
BA(k=4),12,14,20291917,32,23.0,0.8344626427419084,paper:binP,0.8567767983063648,0.9678247701976398,0.9528784118184802,0.9767769296924168,0.821159647638463,0.013302995103445348,0.0805536577843537,0.0805536577843537,0.7530863705383046,0.08137627220360377,0.0,0.12083048667653046,24.225479392053,1.2077303022586687,NaN,
BA(k=4),12,15,20291918,32,23.0,0.8195135674496868,exactN,0.0,0.0,0.0,0.0,0.7911178032630098,0.028395764186676997,0.0,0.0,0.7936697048634322,0.025843862586254596,0.0,0.0,17.91063530424533,0.9824261494324,NaN,
BA(k=4),12,15,20291918,32,23.0,0.8195135674496868,pert:lowd:0.01,0.009999542803843903,0.8911038263162775,0.9870750170740448,0.8722482322255618,0.6956521739130435,0.12386139353664338,-0.40276828892176836,-0.28193780224523785,0.7051489849174551,0.1143645825322317,0.48332194670612205,0.24166097335306103,4850.708888368019,303.5433583259282,NaN,
BA(k=4),12,15,20291918,32,23.0,0.8195135674496868,pert:lowd:0.05,0.049938701334943235,0.9947160928627563,0.9947001295176523,0.9850969872866223,0.6956521739130435,0.12386139353664338,-0.40276828892176836,-0.28193780224523785,0.67928702712586,0.14022654032382686,0.48332194670612205,0.32221463113741466,110380.29706786835,6907.700229243781,NaN,
BA(k=4),12,15,20291918,32,23.0,0.8195135674496868,pert:lowd:0.2,0.19613261057902,0.9996336548994594,0.9884690342444186,0.9948171508686409,0.6956521739130435,0.12386139353664338,-0.40276828892176836,-0.28193780224523785,0.6843551829024734,0.1351583845472134,0.8055365778435366,0.36249146002959154,1.734334477661897e6,108537.55248118723,NaN,
BA(k=4),12,15,20291918,32,23.0,0.8195135674496868,pert:lowd:0.5,0.44729179749371684,0.9999298084489969,0.9869503121989477,0.9961736751259429,0.6956521739130435,0.12386139353664338,-0.40276828892176836,-0.28193780224523785,0.6240911377551717,0.19542242969451518,0.24166097335306103,0.4027682889217683,1.0800118641106863e7,675891.1390240288,NaN,
BA(k=4),12,15,20291918,32,23.0,0.8195135674496868,pert:highd:0.01,0.004652388679880366,0.023617681877846127,0.0033878920189850726,0.008234953610790302,0.6956521739130435,0.12386139353664338,-0.40276828892176836,0.5235987755982989,0.7990925610076217,0.020421006442065126,-0.08055365778435353,0.0,21.042873951308046,1.3153959148622358,NaN,
BA(k=4),12,15,20291918,32,23.0,0.8195135674496868,pert:highd:0.05,0.02246963124591703,0.11700867958516209,0.016979161609361946,0.04163805933914316,0.6956521739130435,0.12386139353664338,-0.40276828892176836,0.5235987755982989,0.7990925610076217,0.020421006442065126,-0.08055365778435353,0.0,48.270361870077735,3.018557161659728,NaN,
BA(k=4),12,15,20291918,32,23.0,0.8195135674496868,pert:highd:0.2,0.07952822622242664,0.42296705355221725,0.06840413149862495,0.17201418928070647,0.6956521739130435,0.12386139353664338,-0.40276828892176836,0.5235987755982989,0.7990925610076217,0.020421006442065126,-0.08055365778435353,0.0,250.92132918336767,15.697892456866805,NaN,
BA(k=4),12,15,20291918,32,23.0,0.8195135674496868,pert:highd:0.5,0.16068382859459204,0.7532143390845516,0.17208878570466926,0.4344727287369114,0.6956521739130435,0.12386139353664338,-0.40276828892176836,0.5235987755982989,0.804238325288878,0.015275242160808888,-0.08055365778435353,-0.0805536577843537,1132.502731473702,70.86305019330639,NaN,
BA(k=4),12,15,20291918,32,23.0,0.8195135674496868,pert:nulled:0.01,0.004861212824219034,0.0412905096785749,0.00025838958948256637,0.0008756398119501289,0.6956521739130435,0.12386139353664338,-0.40276828892176836,1.2888585245496587,0.7936697048634322,0.025843862586254596,0.0,0.0,24.153055276710862,1.5099268138762505,NaN,
BA(k=4),12,15,20291918,32,23.0,0.8195135674496868,pert:nulled:0.05,0.023487914576865537,0.2030423592865723,0.0012916649088692955,0.004378160090929346,0.6956521739130435,0.12386139353664338,-0.40276828892176836,1.2888585245496587,0.7936697048634322,0.025843862586254596,0.0,0.0,73.49452863909926,4.5965829222542265,NaN,
BA(k=4),12,15,20291918,32,23.0,0.8195135674496868,pert:nulled:0.2,0.0832259226946024,0.6434742536537751,0.005162369475163476,0.01751014295592439,0.6956521739130435,0.12386139353664338,-0.40276828892176836,1.2888585245496587,0.7936697048634322,0.025843862586254596,0.0,0.0,496.9168983895713,31.0905644821115,NaN,
BA(k=4),12,15,20291918,32,23.0,0.8195135674496868,pert:nulled:0.5,0.16833133887441445,0.9074524989181505,0.012883949542199047,0.04374026606187311,0.6956521739130435,0.12386139353664338,-0.40276828892176836,1.2888585245496587,0.8090478837516741,0.010465683698012707,-0.16110731556870728,-0.040276828892176875,2472.9861651397996,154.74757517075176,NaN,
BA(k=4),12,15,20291918,32,23.0,0.8195135674496868,pert:random:0.01,0.009498058937405452,0.5481195917776519,0.719769548227574,0.5293650396553321,0.6956521739130435,0.12386139353664338,-0.40276828892176836,-0.28193780224523785,0.7274814843695552,0.09203208308013167,0.48332194670612205,0.16110731556870728,443.08353127253577,27.721985670408863,NaN,
BA(k=4),12,15,20291918,32,23.0,0.8195135674496868,pert:random:0.05,0.04687236141387905,0.9533575165997125,0.998824535344981,0.9368021127311433,0.6956521739130435,0.12386139353664338,-0.40276828892176836,-0.28193780224523785,0.6924982397001365,0.12701532774955038,0.48332194670612205,0.2819378022452378,7965.18264039985,498.4465474629386,NaN,
BA(k=4),12,15,20291918,32,23.0,0.8195135674496868,pert:random:0.2,0.1768024079878301,0.9959867957807355,0.9924944903264253,0.9899315874810114,0.6956521739130435,0.12386139353664338,-0.40276828892176836,-0.28193780224523785,0.6717329134681723,0.14778065398151452,0.5638756044904758,0.36249146002959154,119019.20532215701,7448.335476515168,NaN,
BA(k=4),12,15,20291918,32,23.0,0.8195135674496868,pert:random:0.5,0.382158642073835,0.9990108584229711,0.987813425833522,0.9953388400694904,0.6956521739130435,0.12386139353664338,-0.40276828892176836,-0.28193780224523785,0.67764340966532,0.14187015778436685,0.8055365778435366,0.4027682889217683,733556.3871081806,45907.08512460499,NaN,
BA(k=4),12,15,20291918,32,23.0,0.8195135674496868,fit:triangle:mse,0.6947942844533447,0.9838271964184199,0.9775881451887993,0.9882106481348482,0.48999408715524295,0.3295194802944439,0.483321946706122,1.0069207223044208,0.7043605110930409,0.11515305635664597,0.4027682889217683,0.24166097335306103,73762.32014104977,4968.001231277548,0.6947942844533447,4.74242;0.654778;0.169611;0.371663
BA(k=4),12,15,20291918,32,23.0,0.8195135674496868,fit:triangle:wgt,0.8168626645740826,0.8917588922036275,0.8717322542048842,0.9219331876879524,0.5270485872345761,0.2924649802151107,0.8860902356278904,1.0069207223044208,0.7012469630316234,0.11826660441806347,0.24166097335306103,0.24166097335306103,37.863349542757724,2.5616603242186993,0.8835908609030523,0.05;0.76909;0.130169;0.245006
BA(k=4),12,15,20291918,32,23.0,0.8195135674496868,fit:normal:mse,0.6085640129180211,0.9998310288823462,0.9788888468526885,0.982858358677589,0.6956521739130435,0.12386139353664338,-0.40276828892176836,-0.28193780224523785,0.6956521739130435,0.12386139353664338,-1.2888585245496587,0.4027682889217683,1071.9383640975645,68.28938398929547,0.6085640129180211,16.669;3.84227;4.30392
BA(k=4),12,15,20291918,32,23.0,0.8195135674496868,fit:normal:wgt,0.9989973666852022,0.9576631497977087,0.9321824200392473,0.9768698046663714,0.6956627051858066,0.1238508622638802,2.658270706883671,-0.24166097335306103,0.6956521739130435,0.12386139353664338,-1.2888585245496587,1.208304866765305,3.644340480914776e6,235695.62578707433,0.951401518257335,11.1959;86.877;0.01
BA(k=4),12,15,20291918,32,23.0,0.8195135674496868,paper:empP,0.8607249973044415,0.96689831195446,0.9529552113319624,0.9702985737629362,0.8016821821753944,0.0178313852742924,0.08055365778435364,0.0,0.7548529642204798,0.06466060322920708,0.08055365778435375,0.12083048667653046,23.46895965766969,1.2552360293893317,NaN,
BA(k=4),12,15,20291918,32,23.0,0.8195135674496868,paper:binP,0.8607249973044415,0.96689831195446,0.9529552113319624,0.9702985737629362,0.8080560543528791,0.011457513096807759,0.16110731556870733,0.0805536577843537,0.7376761676222386,0.0818373998274482,0.08055365778435375,0.16110731556870728,24.225479392053,1.2077303022586687,NaN,
