family,n,instance,seed,m,c_opt,ceil_p1,variant,mse_rel,ew_avg,ew_star_raw,ew_star_nrm,ar_raw,regret_raw,dgamma_raw,dbeta_raw,ar_nrm,regret_nrm,dgamma_nrm,dbeta_nrm,pred_raw,normw_raw,fit_obj,fit_params
WS(k=4;b=0.1),12,1,20301904,24,18.0,0.840888616266094,exactN,0.0,0.0,0.0,0.0,0.8082661503475398,0.03262246591855422,0.0,0.0,0.7879572156158843,0.05293140065020974,0.0,0.0,14.127554035328208,0.9669749009644437,NaN,
WS(k=4;b=0.1),12,1,20301904,24,18.0,0.840888616266094,pert:lowd:0.01,0.009999557783219594,0.899480591715301,0.9609845446065527,0.6731145669522907,0.6666666666666666,0.17422194959942738,-0.5638756044904757,-0.32221463113741466,0.7016571375528339,0.13923147871326014,0.3222146311374148,0.1611073155687074,3636.722942486236,303.23474565406565,NaN,
WS(k=4;b=0.1),12,1,20301904,24,18.0,0.840888616266094,pert:lowd:0.05,0.049939090741676795,0.9954144655545681,0.9996529909519012,0.9047577470236732,0.6666666666666666,0.17422194959942738,-0.5638756044904757,-0.32221463113741466,0.662840704405159,0.17804791186093505,0.16110731556870728,0.24166097335306103,82753.97882562286,6900.330733575256,NaN,
WS(k=4;b=0.1),12,1,20301904,24,18.0,0.840888616266094,pert:lowd:0.2,0.1961385541473385,0.9997349483699185,0.9963850287741887,0.9429645001121016,0.6666666666666666,0.17422194959942738,-0.5638756044904757,-0.32221463113741466,0.6668344969135499,0.1740541193525441,1.5305194979027197,0.12083048667653051,1.3002553770003666e6,108420.67801387493,NaN,
WS(k=4;b=0.1),12,1,20301904,24,18.0,0.840888616266094,pert:lowd:0.5,0.44732003709726714,0.9999645961170084,0.9953243967117068,0.9497750874199918,0.6666666666666666,0.17422194959942738,-0.5638756044904757,-0.32221463113741466,0.6667796941450046,0.17410892212108942,1.5305194979027197,0.20138414446088415,8.096997750990293e6,675161.9704325567,NaN,
WS(k=4;b=0.1),12,1,20301904,24,18.0,0.840888616266094,pert:highd:0.01,0.00472763119152523,0.02464044510780674,0.005575477482356083,0.015443594643889027,0.6666666666666666,0.17422194959942738,-0.5638756044904757,0.48332194670612205,0.7879572156158843,0.05293140065020974,0.0,0.0,15.781396123199327,1.315217647017914,NaN,
WS(k=4;b=0.1),12,1,20301904,24,18.0,0.840888616266094,pert:highd:0.05,0.02283637457796386,0.12259799030767475,0.028042922560968915,0.07896389489712838,0.6666666666666666,0.17422194959942738,-0.5638756044904757,0.48332194670612205,0.8062511516283244,0.03463746463776962,-0.08055365778435353,-0.04027682889217682,36.19695261044796,3.0171888424933866,NaN,
WS(k=4;b=0.1),12,1,20301904,24,18.0,0.840888616266094,pert:highd:0.2,0.08085841292958057,0.4461547908349844,0.11418727147404228,0.33087553021515653,0.6666666666666666,0.17422194959942738,-0.5638756044904757,0.48332194670612205,0.8200142166084645,0.020874399657629494,-0.16110731556870728,-0.08055365778435364,188.1373903585581,15.685264481030476,NaN,
WS(k=4;b=0.1),12,1,20301904,24,18.0,0.840888616266094,pert:highd:0.5,0.16343188552131835,0.785416548562805,0.2891089234092683,0.7441931579456015,0.6666666666666666,0.17422194959942738,-0.5638756044904757,0.48332194670612205,0.8122881947762727,0.028600421489821337,-0.08055365778435353,-0.12083048667653051,849.0913754802251,70.79570675786074,NaN,
WS(k=4;b=0.1),12,1,20301904,24,18.0,0.840888616266094,pert:nulled:0.01,0.004901627078609272,0.04303037862609375,0.0003463745642043351,0.00022760936612295003,0.6666666666666666,0.17422194959942738,-0.5638756044904757,1.248581695657482,0.7879572156158843,0.05293140065020974,0.0,0.0,18.113524887390017,1.50962937368457,NaN,
WS(k=4;b=0.1),12,1,20301904,24,18.0,0.840888616266094,pert:nulled:0.05,0.023685148556625207,0.21227594534382968,0.0017322781418497493,0.0011378164449580904,0.6666666666666666,0.17422194959942738,-0.5638756044904757,1.248581695657482,0.7879572156158843,0.05293140065020974,0.0,0.0,55.109769396289806,4.5939648359875855,NaN,
WS(k=4;b=0.1),12,1,20301904,24,18.0,0.840888616266094,pert:nulled:0.2,0.08394374656924256,0.6682400139385186,0.006935080274194683,0.0045477798169313915,0.6666666666666666,0.17422194959942738,-0.5638756044904757,1.248581695657482,0.7879572156158843,0.05293140065020974,0.0,0.0,372.57125197525494,31.06312885742137,NaN,
WS(k=4;b=0.1),12,1,20301904,24,18.0,0.840888616266094,pert:nulled:0.5,0.16981902222147124,0.9235401344464569,0.01736620012450064,0.01135166524681809,0.6666666666666666,0.17422194959942738,-0.5638756044904757,1.248581695657482,0.7667592596498511,0.07412935661624287,0.08055365778435375,0.04027682889217682,1854.0890018886157,154.59416971090857,NaN,
WS(k=4;b=0.1),12,1,20301904,24,18.0,0.840888616266094,pert:random:0.01,0.009125988442460759,0.8009099314922106,0.5280504112679403,0.28276748186512485,0.6666666666666666,0.17422194959942738,-0.5638756044904757,1.248581695657482,0.75068161982631,0.09020699643978403,0.24166097335306103,0.04027682889217682,1454.5752668592331,121.28188299797527,NaN,
WS(k=4;b=0.1),12,1,20301904,24,18.0,0.840888616266094,pert:random:0.05,0.04486991596464619,0.9904310765222287,0.9804951221107319,0.752240294383862,0.6666666666666666,0.17422194959942738,-0.5638756044904757,1.248581695657482,0.6987480018812255,0.14214061438486847,0.4027682889217683,0.1611073155687074,31271.72824529924,2607.539308913488,NaN,
WS(k=4;b=0.1),12,1,20301904,24,18.0,0.840888616266094,pert:random:0.2,0.1672770374125569,0.9996804264377692,0.9979899441694777,0.9271580163408238,0.6666666666666666,0.17422194959942738,-0.5638756044904757,1.248581695657482,0.6274399452207842,0.21344867104530985,-0.16110731556870728,0.2819378022452379,485753.6916462431,40504.105644508134,NaN,
WS(k=4;b=0.1),12,1,20301904,24,18.0,0.840888616266094,pert:random:0.5,0.35661100975125204,0.9999969332880738,0.993306044531435,0.9552255637251102,0.6666666666666666,0.17422194959942738,-0.5638756044904757,1.248581695657482,0.6392510215267766,0.20163759473931742,0.16110731556870728,0.2819378022452379,3.017880122440838e6,251643.50615554117,NaN,
WS(k=4;b=0.1),12,1,20301904,24,18.0,0.840888616266094,fit:triangle:mse,0.6605957538894139,0.9816423223041603,0.9757730311997818,0.991848114496179,0.6174757718509838,0.22341284441511022,-0.40276828892176836,0.966643893412244,0.7100709942637481,0.13081762200234592,0.08055365778435375,0.1611073155687074,137547.1387045616,11585.159138932908,0.6605957538894139,8.0;0.744793;0.158572;0.46846
WS(k=4;b=0.1),12,1,20301904,24,18.0,0.840888616266094,fit:triangle:wgt,0.7826896076645834,0.8784880471027009,0.8890529681569921,0.9438348077395003,0.4987098963014644,0.3421787199646296,0.8860902356278905,1.0069207223044208,0.7016571375528339,0.13923147871326014,0.3222146311374148,0.1611073155687074,22.171917455577855,2.0264523512171375,0.8700054222930236,0.0523335;0.764054;0.158567;0.259524
WS(k=4;b=0.1),12,1,20301904,24,18.0,0.840888616266094,fit:normal:mse,0.5883746805298675,0.9999809529957204,0.9776307915935583,0.9977842718274859,0.6666666666666666,0.17422194959942738,-0.5638756044904757,-0.32221463113741466,0.6666666666666659,0.17422194959942816,1.6110731556870734,0.6847060911670062,368.10488527187596,31.283528583553075,0.5883746805298675,12.2712;3.47992;4.18748
WS(k=4;b=0.1),12,1,20301904,24,18.0,0.840888616266094,fit:normal:wgt,0.9949129508478515,0.9550635495507953,0.9567578061879851,0.9834176596417143,0.6666666666666666,0.17422194959942738,-0.5638756044904757,-0.32221463113741466,0.6407595233039941,0.2001290929620999,0.6444292622748293,0.36249146002959154,3.7036149624245116e6,323326.5142490893,0.9486936814250715,9.13236;43.6272;0.01
WS(k=4;b=0.1),12,1,20301904,24,18.0,0.840888616266094,paper:empP,0.9998734933550086,0.9999764994121929,0.9999643240591747,0.999984169350952,0.8355325993422578,0.005356016923836249,0.4027682889217683,0.0805536577843537,0.6608981463011673,0.17999046996492674,0.6444292622748293,0.2819378022452379,11801.134383989327,683.546002570989,NaN,
WS(k=4;b=0.1),12,1,20301904,24,18.0,0.840888616266094,paper:binP,0.9998734933550086,0.9999764994121929,0.9999643240591747,0.999984169350952,0.8355325993422578,0.005356016923836249,0.4027682889217683,0.0805536577843537,0.6857162134355335,0.15517240283056055,0.16110731556870728,0.20138414446088415,579.5293465718083,32.30753471819928,NaN,
WS(k=4;b=0.1),12,2,20301905,24,19.0,0.8018779095434752,exactN,0.0,0.0,0.0,0.0,0.7676988141198202,0.03417909542365494,0.0,0.0,0.754296398662453,0.04758151088102214,0.0,0.0,14.145577296747678,0.9654978065481115,NaN,
WS(k=4;b=0.1),12,2,20301905,24,19.0,0.8018779095434752,pert:lowd:0.01,0.009999556550379514,0.8957237846300221,0.9552989134186233,0.66474024456765,0.631578947368421,0.17029896217505414,-0.5638756044904757,-0.32221463113741466,0.6720749670958792,0.12980294244759594,0.3222146311374148,0.1611073155687074,3637.327377089227,303.2790523704454,NaN,
WS(k=4;b=0.1),12,2,20301905,24,19.0,0.8018779095434752,pert:lowd:0.05,0.049939058492949835,0.9952452698541099,0.9998814042441717,0.9034071447338948,0.631578947368421,0.17029896217505414,-0.5638756044904757,-0.32221463113741466,0.6385253998866368,0.16335250965683834,0.16110731556870728,0.24166097335306103,82768.4034055508,6901.388344500336,NaN,
WS(k=4;b=0.1),12,2,20301905,24,19.0,0.8018779095434752,pert:lowd:0.2,0.19613806137812667,0.9997322354138214,0.997100516701857,0.9430028075466834,0.631578947368421,0.17029896217505414,-0.5638756044904757,-0.32221463113741466,0.6164578685799874,0.18542004096348774,0.16110731556870728,0.2819378022452379,1.300484111423773e6,108437.44961772299,NaN,
WS(k=4;b=0.1),12,2,20301905,24,19.0,0.8018779095434752,pert:lowd:0.5,0.4473176952432832,0.9999663634764295,0.9961067361354717,0.9500369663917099,0.631578947368421,0.17029896217505414,-0.5638756044904757,-0.32221463113741466,0.6139139080977062,0.18796400144576897,0.08055365778435375,0.2819378022452379,8.098424767567283e6,675266.6052429158,NaN,
WS(k=4;b=0.1),12,2,20301905,24,19.0,0.8018779095434752,pert:highd:0.01,0.004736253651250562,0.024094603890586926,0.00537513187280402,0.01490447370281329,0.631578947368421,0.17029896217505414,-0.5638756044904757,0.48332194670612205,0.754296398662453,0.04758151088102214,0.0,0.0,15.781749241604224,1.3152434211343202,NaN,
WS(k=4;b=0.1),12,2,20301905,24,19.0,0.8018779095434752,pert:highd:0.05,0.022878413070686932,0.12003040124502945,0.02703489217332948,0.07617625474623482,0.631578947368421,0.17029896217505414,-0.5638756044904757,0.48332194670612205,0.754296398662453,0.04758151088102214,0.0,0.0,36.199651658682114,3.0173861584127684,NaN,
WS(k=4;b=0.1),12,2,20301905,24,19.0,0.8018779095434752,pert:highd:0.2,0.08101099880001315,0.4397688657594297,0.11011365137511825,0.3195974854347489,0.631578947368421,0.17029896217505414,-0.5638756044904757,0.48332194670612205,0.7621902630610349,0.039687646482440275,0.0,-0.04027682889217682,188.1621883946395,15.687080424768228,NaN,
WS(k=4;b=0.1),12,2,20301905,24,19.0,0.8018779095434752,pert:highd:0.5,0.16374732869540226,0.7822089696689093,0.2794105898497782,0.7286498118229154,0.631578947368421,0.17029896217505414,-0.5638756044904757,0.48332194670612205,0.7744738252090263,0.027404084334448853,-0.08055365778435353,-0.12083048667653051,849.2233797861525,70.80538001750625,NaN,
WS(k=4;b=0.1),12,2,20301905,24,19.0,0.8018779095434752,pert:nulled:0.01,0.0049072850124728265,0.04207449686305544,0.0003350873511426588,0.00022017639567022105,0.631578947368421,0.17029896217505414,-0.5638756044904757,1.248581695657482,0.754296398662453,0.04758151088102214,0.0,0.0,18.114113605420787,1.5096723568851005,NaN,
WS(k=4;b=0.1),12,2,20301905,24,19.0,0.8018779095434752,pert:nulled:0.05,0.023712765352692268,0.20800964759647728,0.0016757998639019178,0.001100669134655398,0.631578947368421,0.17029896217505414,-0.5638756044904757,1.248581695657482,0.754296398662453,0.04758151088102214,0.0,0.0,55.11492614430287,4.59434203098599,NaN,
WS(k=4;b=0.1),12,2,20301905,24,19.0,0.8018779095434752,pert:nulled:0.2,0.08404429948479637,0.6622029116816313,0.006708544095057301,0.004399456485987195,0.631578947368421,0.17029896217505414,-0.5638756044904757,1.248581695657482,0.7346085903547133,0.06726931918876189,0.08055365778435375,0.04027682889217682,372.6250763351957,31.067071822351263,NaN,
WS(k=4;b=0.1),12,2,20301905,24,19.0,0.8018779095434752,pert:nulled:0.5,0.170027499882696,0.9228321596377302,0.01679686606447079,0.010982219012372405,0.631578947368421,0.17029896217505414,-0.5638756044904757,1.248581695657482,0.7346085903547133,0.06726931918876189,0.08055365778435375,0.04027682889217682,1854.38954962791,154.61619804791468,NaN,
WS(k=4;b=0.1),12,2,20301905,24,19.0,0.8018779095434752,pert:random:0.01,0.009997040226188062,0.407756398722633,0.11806327424075891,0.056476312241143876,0.6315789473684209,0.17029896217505425,-0.5638756044904757,1.0471975511965979,0.754296398662453,0.04758151088102214,0.0,0.0,163.1040980720908,13.597963762775535,NaN,
WS(k=4;b=0.1),12,2,20301905,24,19.0,0.8018779095434752,pert:random:0.05,0.04999384825732931,0.9134691812776865,0.48973539534999716,0.2991522231891162,0.631578947368421,0.17029896217505414,-0.5638756044904757,1.248581695657482,0.7454917903477946,0.056386119195680595,0.08055365778435375,0.0,3358.6278791855666,280.0609726128269,NaN,
WS(k=4;b=0.1),12,2,20301905,24,19.0,0.8018779095434752,pert:random:0.2,0.1973071929244713,0.9941005302442634,0.8809821759438569,0.9039455771828308,0.631578947368421,0.17029896217505414,-0.5638756044904757,1.248581695657482,0.7010594508461856,0.10081845869728956,0.4833219467061223,-0.04027682889217682,58664.18462080511,4891.609981706222,NaN,
WS(k=4;b=0.1),12,2,20301905,24,19.0,0.8018779095434752,pert:random:0.5,0.4532153829488751,0.9991259861289886,0.9608325689697014,0.9975428307402062,0.631578947368421,0.17029896217505414,-0.5638756044904757,1.248581695657482,0.548989200418682,0.2528887091247931,-0.16110731556870728,0.36249146002959154,372970.8270723269,31099.355410540124,NaN,
WS(k=4;b=0.1),12,2,20301905,24,19.0,0.8018779095434752,fit:triangle:mse,0.6397897885943745,0.9796792991166682,0.9730260709898579,0.9903558450276698,0.6315789473684215,0.1702989621750537,-0.5638756044904757,-0.04027682889217682,0.6900857700077347,0.11179213953574041,-0.08055365778435353,0.1611073155687074,54226.57961578622,4518.881634648852,0.6397897885943745,4.99064;0.75022;0.154059;0.477973
WS(k=4;b=0.1),12,2,20301905,24,19.0,0.8018779095434752,fit:triangle:wgt,0.7483384705715441,0.8783418674312681,0.8863510868799773,0.9480482339890952,0.45927241335844815,0.342605496185027,0.724982920059183,1.0069207223044208,0.6597851585153656,0.1420927510281096,0.16110731556870728,0.20138414446088415,21.646833958229493,1.9690068552137625,0.8695856387620239,0.05;0.650454;0.158044;0.17413
WS(k=4;b=0.1),12,2,20301905,24,19.0,0.8018779095434752,fit:normal:mse,0.5542420246493394,0.9999278496363941,0.9686470777475034,0.9996236469082673,0.631578947368421,0.17029896217505414,-0.5638756044904757,-0.32221463113741466,0.6315789473684217,0.17029896217505347,1.6110731556870734,0.0,452.7411219005563,38.192395012190815,0.5542420246493394,12.3265;3.58884;4.08997
WS(k=4;b=0.1),12,2,20301905,24,19.0,0.8018779095434752,fit:normal:wgt,0.9909871223004956,0.9571647884076289,0.9594229592128853,0.9844531576769607,0.631578947368421,0.17029896217505414,-0.5638756044904757,-0.32221463113741466,0.631578947368421,0.17029896217505414,1.6110731556870734,1.1277512089809514,3.9596033461541827e6,339332.60889604135,0.9509382964633661,9.83306;53.9534;0.01
WS(k=4;b=0.1),12,2,20301905,24,19.0,0.8018779095434752,paper:empP,0.9996299246006085,0.9998824446557348,0.9998130227364685,0.9998938517873354,0.7977630837850505,0.0041148257584247006,0.4027682889217683,0.0805536577843537,0.6260363087697352,0.17584160077374,0.4833219467061223,0.2819378022452379,18395.201639561674,1033.2092500089632,NaN,
WS(k=4;b=0.1),12,2,20301905,24,19.0,0.8018779095434752,paper:binP,0.9996299246006085,0.9998824446557348,0.9998130227364685,0.9998938517873354,0.7977630837850505,0.0041148257584247006,0.4027682889217683,0.0805536577843537,0.6597851585153656,0.1420927510281096,0.16110731556870728,0.20138414446088415,579.5293465718083,32.30753471819928,NaN,
WS(k=4;b=0.1),12,3,20301906,24,17.0,0.873402278049545,exactN,0.0,0.0,0.0,0.0,0.8475678212905161,0.025834456759028845,0.0,0.0,0.8526874447756223,0.02071483327392265,0.0,0.0,14.073970258418974,0.9737714372970876,NaN,
WS(k=4;b=0.1),12,3,20301906,24,17.0,0.873402278049545,pert:lowd:0.01,0.009999555342536175,0.8841634095550068,0.9515575394929636,0.8773852930074926,0.7058823529411765,0.16751992510836844,-0.5638756044904757,-0.32221463113741466,0.7146576014674165,0.15874467658212843,-0.48332194670612194,0.2819378022452378,3637.379548516553,303.36362174685354,NaN,
WS(k=4;b=0.1),12,3,20301906,24,17.0,0.873402278049545,pert:lowd:0.05,0.049939026933294405,0.9943991498893237,0.9999519600998502,0.9906552689976259,0.7058823529411765,0.16751992510836844,-0.5638756044904757,-0.32221463113741466,0.6337310314917907,0.2396712465577543,-0.4027682889217683,0.36249146002959154,82769.6349038441,6903.404799788763,NaN,
WS(k=4;b=0.1),12,3,20301906,24,17.0,0.873402278049545,pert:lowd:0.2,0.19613757923496386,0.9996318720536006,0.997401862292241,0.9981471859061167,0.7058823529411765,0.16751992510836844,-0.5638756044904757,-0.32221463113741466,0.6092028298376431,0.2641994482119019,0.0,0.36249146002959154,1.3005035970342967e6,108469.41956497249,NaN,
WS(k=4;b=0.1),12,3,20301906,24,17.0,0.873402278049545,pert:lowd:0.5,0.4473154039879649,0.9999360161760212,0.9964312408721845,0.9989612523081188,0.7058823529411765,0.16751992510836844,-0.5638756044904757,-0.32221463113741466,0.5732066532279112,0.30019562482163376,0.0,0.4027682889217683,8.098546279680343e6,675466.0507415184,NaN,
WS(k=4;b=0.1),12,3,20301906,24,17.0,0.873402278049545,pert:highd:0.01,0.004721420482137213,0.022742135789829285,0.005302079141394326,0.007848817630943375,0.7058823529411765,0.16751992510836844,-0.5638756044904757,0.4430451178139452,0.8526874447756223,0.02071483327392265,0.0,0.0,15.781785716287352,1.3152936052834168,NaN,
WS(k=4;b=0.1),12,3,20301906,24,17.0,0.873402278049545,pert:highd:0.05,0.022806095941279404,0.11299524239830074,0.026639507495706028,0.039613294990389195,0.7058823529411765,0.16751992510836844,-0.5638756044904757,0.48332194670612205,0.8526874447756223,0.02071483327392265,0.0,0.0,36.199913493480096,3.0177675396543604,NaN,
WS(k=4;b=0.1),12,3,20301906,24,17.0,0.873402278049545,pert:highd:0.2,0.08074852575112779,0.41387938922907475,0.1080842459604608,0.16266915371667948,0.7058823529411765,0.16751992510836844,-0.5638756044904757,0.48332194670612205,0.8526874447756223,0.02071483327392265,0.0,0.0,188.164427654566,15.69056285717621,NaN,
WS(k=4;b=0.1),12,3,20301906,24,17.0,0.873402278049545,pert:highd:0.5,0.16320474142727553,0.7504300689930801,0.2723871075137387,0.40858852084150166,0.7058823529411765,0.16751992510836844,-0.5638756044904757,0.48332194670612205,0.8503218793276074,0.023080398721937567,0.08055365778435375,-0.040276828892176875,849.2349375396425,70.82387063573432,NaN,
WS(k=4;b=0.1),12,3,20301906,24,17.0,0.873402278049545,pert:nulled:0.01,0.004903314453556794,0.03972558422915122,0.00032751977262474686,0.0008237399999193825,0.7058823529411765,0.16751992510836844,-0.5638756044904757,1.248581695657482,0.8526874447756223,0.02071483327392265,0.0,0.0,18.114173728332553,1.5097559345777893,NaN,
WS(k=4;b=0.1),12,3,20301906,24,17.0,0.873402278049545,pert:nulled:0.05,0.023693384647190407,0.19582779877161385,0.0016379180642308354,0.004119168205140852,0.7058823529411765,0.16751992510836844,-0.5638756044904757,1.248581695657482,0.8526874447756223,0.02071483327392265,0.0,0.0,55.11541515611158,4.595069231947756,NaN,
WS(k=4;b=0.1),12,3,20301906,24,17.0,0.873402278049545,pert:nulled:0.2,0.0839737331155487,0.6306950789849266,0.006556364275694788,0.016482104066128097,0.7058823529411765,0.16751992510836844,-0.5638756044904757,1.248581695657482,0.8526874447756223,0.02071483327392265,0.0,0.0,372.62985834117865,31.07462031367315,NaN,
WS(k=4;b=0.1),12,3,20301906,24,17.0,0.873402278049545,pert:nulled:0.5,0.1698811915798138,0.9032797790897412,0.016413225844415225,0.04121351693191755,0.7058823529411765,0.16751992510836844,-0.5638756044904757,1.248581695657482,0.8637960295797341,0.00960624846981084,-0.08055365778435353,-0.040276828892176875,1854.4156344366083,154.65826771359355,NaN,
WS(k=4;b=0.1),12,3,20301906,24,17.0,0.873402278049545,pert:random:0.01,0.009753699429595012,0.46944668173879595,0.17312012065104454,0.15937041344360514,0.7058823529411765,0.16751992510836844,-0.5638756044904757,1.248581695657482,0.8526874447756223,0.02071483327392265,0.0,0.0,385.64591582846793,32.160151259628854,NaN,
WS(k=4;b=0.1),12,3,20301906,24,17.0,0.873402278049545,pert:random:0.05,0.04916535494022181,0.938482810450548,0.6749952994268825,0.6749483361670086,0.7058823529411765,0.16751992510836844,-0.5638756044904757,1.248581695657482,0.8100220951893892,0.06338018286015579,0.4027682889217683,0.0,7112.055027585864,593.1660194999398,NaN,
WS(k=4;b=0.1),12,3,20301906,24,17.0,0.873402278049545,pert:random:0.2,0.1999045411492848,0.9964660309510992,0.9742735500411542,0.990781801477804,0.7058823529411765,0.16751992510836844,-0.5638756044904757,1.248581695657482,0.7598820834457556,0.11352019460378937,0.8055365778435366,-0.12083048667653054,106889.60183699631,8915.143026026693,NaN,
WS(k=4;b=0.1),12,3,20301906,24,17.0,0.873402278049545,pert:random:0.5,0.4818104851566216,0.9996204077178383,0.99826589549492,0.9985143729124637,0.7058823529411765,0.16751992510836844,-0.5638756044904757,1.248581695657482,0.7722228498587076,0.10117942819083736,0.6444292622748293,-0.16110731556870736,659592.913225755,55013.7523052014,NaN,
WS(k=4;b=0.1),12,3,20301906,24,17.0,0.873402278049545,fit:triangle:mse,0.691205607230297,0.9840817666632895,0.9833306408524605,0.9894387879273393,0.47964958776392164,0.3937526902856233,0.24166097335306103,0.966643893412244,0.7151143929077086,0.15828788514183634,0.6444292622748293,0.24166097335306103,1789.3349590663988,158.9870904259227,0.691205607230297,0.925186;0.409644;0.372638;0.190215
WS(k=4;b=0.1),12,3,20301906,24,17.0,0.873402278049545,fit:triangle:wgt,0.852616737093288,0.9119677785657968,0.9266285882142247,0.9425043595420987,0.5365793435700063,0.3368229344795387,1.1277512089809512,0.966643893412244,0.721292088929509,0.15211018912003593,1.0471975511965979,0.20138414446088415,26.730110403354153,2.468701681479677,0.9048610387475495,0.0607928;0.665533;0.260298;0.233369
WS(k=4;b=0.1),12,3,20301906,24,17.0,0.873402278049545,fit:normal:mse,0.6297828487099936,0.9999993068422107,0.985522492086282,0.9890610396244289,0.7058823529411765,0.16751992510836844,-0.5638756044904757,-0.32221463113741466,0.7058823529411772,0.16751992510836777,1.8527341290401345,0.08055365778435364,444.8901723267662,38.36140906631798,0.6297828487099936,12.6163;3.56238;4.25614
WS(k=4;b=0.1),12,3,20301906,24,17.0,0.873402278049545,fit:normal:wgt,0.9958027884118139,0.9684590746696861,0.9793854825409276,0.9893023516059121,0.7058823529411765,0.16751992510836844,-0.5638756044904757,-0.32221463113741466,0.6887005151238325,0.1847017629257125,1.1277512089809516,0.4430451178139452,3.558312533579108e6,312063.94662716356,0.9628840539525924,9.15116;36.2262;0.01
WS(k=4;b=0.1),12,3,20301906,24,17.0,0.873402278049545,paper:empP,0.9999581341704954,0.9999961636001263,0.9999942766688038,0.9999962378858107,0.8700428473243034,0.0033594307252415856,0.32221463113741466,0.040276828892176875,0.6956774950419296,0.1777247830076154,0.8860902356278904,0.32221463113741466,4351.139961636851,267.3562947654961,NaN,
WS(k=4;b=0.1),12,3,20301906,24,17.0,0.873402278049545,paper:binP,0.9999581341704954,0.9999961636001263,0.9999942766688038,0.9999962378858107,0.8602819874938066,0.013120290555738379,0.4027682889217683,0.0805536577843537,0.6874233953105945,0.18597888273895047,0.4027682889217683,0.2819378022452378,579.5293465718083,32.30753471819928,NaN,
WS(k=4;b=0.1),12,4,20301907,24,18.0,0.8294191736352222,exactN,0.0,0.0,0.0,0.0,0.8026569071605084,0.026762266474713803,0.0,0.0,0.8113077352960605,0.018111438339161734,0.0,0.0,14.073990896393365,0.9708663434568574,NaN,
WS(k=4;b=0.1),12,4,20301907,24,18.0,0.8294191736352222,pert:lowd:0.01,0.009999553452904231,0.8626500729092057,0.9235940104243399,0.8420304653544736,0.6666666666666666,0.1627525069685556,-0.5638756044904757,-0.32221463113741466,0.6833369742014813,0.1460821994337409,-0.48332194670612194,0.2819378022452378,3651.811079690027,304.57332873849145,NaN,
WS(k=4;b=0.1),12,4,20301907,24,18.0,0.8294191736352222,pert:lowd:0.05,0.04993897762878973,0.993221679280262,0.9996981859246048,0.9876409525514707,0.6666666666666666,0.1627525069685556,-0.5638756044904757,-0.32221463113741466,0.6082021046767632,0.22121706895845905,-0.4027682889217683,0.36249146002959154,83113.87489119069,6932.2616709292415,NaN,
WS(k=4;b=0.1),12,4,20301907,24,18.0,0.8294191736352222,pert:lowd:0.2,0.19613682619176634,0.999578779137781,0.9988188436608051,0.9976735256523873,0.6666666666666666,0.1627525069685556,-0.5638756044904757,-0.32221463113741466,0.5866688961409782,0.24275027749424405,0.0,0.36249146002959154,1.3059617919558715e6,108926.97209226871,NaN,
WS(k=4;b=0.1),12,4,20301907,24,18.0,0.8294191736352222,pert:lowd:0.5,0.4473118255492726,0.9999346260179273,0.9980031243166064,0.9987393921702332,0.6666666666666666,0.1627525069685556,-0.5638756044904757,-0.32221463113741466,0.5521380288283564,0.27728114480686583,-0.08055365778435353,0.4027682889217683,8.1325979418452205e6,678320.5572734305,NaN,
WS(k=4;b=0.1),12,4,20301907,24,18.0,0.8294191736352222,pert:highd:0.01,0.004781201299771225,0.020460255837687916,0.004526338457232855,0.006713734233995891,0.6666666666666666,0.1627525069685556,-0.5638756044904757,0.48332194670612205,0.8113077352960605,0.018111438339161734,0.0,0.0,15.790288692286413,1.3160057655766044,NaN,
WS(k=4;b=0.1),12,4,20301907,24,18.0,0.8294191736352222,pert:highd:0.05,0.02309759196893349,0.10191187360815397,0.022720709406360975,0.03381570207446247,0.6666666666666666,0.1627525069685556,-0.5638756044904757,0.48332194670612205,0.8113077352960605,0.018111438339161734,0.0,0.0,36.264702349820354,3.023195541896733,NaN,
WS(k=4;b=0.1),12,4,20301907,24,18.0,0.8294191736352222,pert:highd:0.2,0.08180692222377862,0.3806432985584863,0.09196337757380275,0.13814166447187087,0.6666666666666666,0.1627525069685556,-0.5638756044904757,0.48332194670612205,0.8042734872742346,0.025145686360987574,0.08055365778435375,0.0,188.75769272510217,15.740282877792287,NaN,
WS(k=4;b=0.1),12,4,20301907,24,18.0,0.8294191736352222,pert:highd:0.5,0.16539347591700193,0.7203150503531656,0.23198077589984872,0.34817366526731447,0.6666666666666666,0.1627525069685556,-0.5638756044904757,0.48332194670612205,0.8080206154829883,0.021398558152233904,0.08055365778435375,-0.040276828892176875,852.3886484418581,71.08821074550738,NaN,
WS(k=4;b=0.1),12,4,20301907,24,18.0,0.8294191736352222,pert:nulled:0.01,0.004957193124626193,0.03573152538203841,0.000279676916103133,0.0006996222737436841,0.6666666666666666,0.1627525069685556,-0.5638756044904757,1.248581695657482,0.8113077352960605,0.018111438339161734,0.0,0.0,18.1283416217347,1.5109426230618812,NaN,
WS(k=4;b=0.1),12,4,20301907,24,18.0,0.8294191736352222,pert:nulled:0.05,0.02395641722760746,0.17696540780504108,0.0013985794303662303,0.0034983634898770174,0.6666666666666666,0.1627525069685556,-0.5638756044904757,1.248581695657482,0.8113077352960605,0.018111438339161734,0.0,0.0,55.23906462673542,4.605429673760811,NaN,
WS(k=4;b=0.1),12,4,20301907,24,18.0,0.8294191736352222,pert:nulled:0.2,0.08493189884649668,0.5922983171324869,0.005597179921812937,0.013996260092960688,0.6666666666666666,0.1627525069685556,-0.5638756044904757,1.248581695657482,0.8113077352960605,0.018111438339161734,0.0,0.0,373.91660627786985,31.1824670718143,NaN,
WS(k=4;b=0.1),12,4,20301907,24,18.0,0.8294191736352222,pert:nulled:0.5,0.17186866210307142,0.8871935506692251,0.014006540174820444,0.0349931094317556,0.6666666666666666,0.1627525069685556,-0.5638756044904757,1.248581695657482,0.8113077352960605,0.018111438339161734,0.0,0.0,1861.5932545493156,155.25990956339103,NaN,
WS(k=4;b=0.1),12,4,20301907,24,18.0,0.8294191736352222,pert:random:0.01,0.009943751516546738,0.8174655917597892,0.7763054023246528,0.7495315856242468,0.6666666666666665,0.1627525069685557,-0.5638756044904757,-0.28193780224523785,0.7444558248548048,0.08496334878041745,0.48332194670612205,0.08055365778435364,1334.7253984382091,111.334721347622,NaN,
WS(k=4;b=0.1),12,4,20301907,24,18.0,0.8294191736352222,pert:random:0.05,0.0498906545437305,0.989725764494579,0.9735492632043975,0.9869459993294994,0.6666666666666666,0.1627525069685556,-0.5638756044904757,-0.32221463113741466,0.6565467774685371,0.17287239616668515,-1.1277512089809514,0.4430451178139452,38583.58642063911,3218.2198415656517,NaN,
WS(k=4;b=0.1),12,4,20301907,24,18.0,0.8294191736352222,pert:random:0.2,0.19928521483494407,0.9992231776307222,0.9921011831688302,0.9996031040732883,0.6666666666666666,0.1627525069685556,-0.5638756044904757,-0.32221463113741466,0.632065341639323,0.19735383199589918,-0.8055365778435366,0.4027682889217683,633775.8975956013,52862.00013211106,NaN,
WS(k=4;b=0.1),12,4,20301907,24,18.0,0.8294191736352222,pert:random:0.5,0.46632996615397915,0.9998301270232373,0.9945543631507074,0.9999993003722117,0.6666666666666666,0.1627525069685556,-0.5638756044904757,-0.32221463113741466,0.5952364910946845,0.23418268254053776,-0.5638756044904756,0.4027682889217683,3.981809503554227e6,332114.10415951983,NaN,
WS(k=4;b=0.1),12,4,20301907,24,18.0,0.8294191736352222,fit:triangle:mse,0.6708963995662933,0.9879573514991153,0.9857329242683582,0.9901199591382407,0.5438213273903977,0.28559784624482454,-0.16110731556870733,0.966643893412244,0.6803372851256666,0.14908188850955562,0.48332194670612205,0.24166097335306103,137150.01254665805,11753.4980806112,0.6708963995662933,8.0;0.349455;0.430948;0.169413
WS(k=4;b=0.1),12,4,20301907,24,18.0,0.8294191736352222,fit:triangle:wgt,0.7828072269569538,0.9309544841928316,0.9488509988214491,0.9612365103394599,0.4454521996043472,0.38396697403087504,0.724982920059183,0.966643893412244,0.6804313139229188,0.14898785971230344,0.4027682889217683,0.24166097335306103,27.975727615756302,2.5773277265509664,0.9244576135328895,0.0604567;0.687542;0.169481;0.196648
WS(k=4;b=0.1),12,4,20301907,24,18.0,0.8294191736352222,fit:normal:mse,0.5971870424446984,0.9999583433221816,0.9863276726152239,0.9892625713862072,0.6666666666666666,0.1627525069685556,-0.5638756044904757,-0.32221463113741466,0.6666666666666673,0.16275250696855492,1.8527341290401345,0.08055365778435364,467.22197963164786,40.1042759958735,0.5971870424446984,12.5014;3.58022;4.28696
WS(k=4;b=0.1),12,4,20301907,24,18.0,0.8294191736352222,fit:normal:wgt,0.9995121912581675,0.9766599641679448,0.9899515987178207,0.9953512711993365,0.666756185783059,0.16266298785216327,2.41660973353061,-0.28193780224523785,0.6040899896683531,0.22532918396686907,0.5638756044904758,0.4027682889217683,2.427302715489957e6,213287.5755127385,0.9722924963707755,6.15334;90.5639;0.01
WS(k=4;b=0.1),12,4,20301907,24,18.0,0.8294191736352222,paper:empP,0.9998780328581778,0.999983137496495,0.9999721566707443,0.9999791157685681,0.8266564620143415,0.002762711620880709,0.32221463113741466,0.040276828892176875,0.6600152028326458,0.1694039708025764,0.8860902356278904,0.32221463113741466,6022.500398657217,363.17605797733904,NaN,
WS(k=4;b=0.1),12,4,20301907,24,18.0,0.8294191736352222,paper:binP,0.9998780328581778,0.999983137496495,0.9999721566707443,0.9999791157685681,0.8187120619367035,0.010707111698518679,0.4027682889217683,0.0805536577843537,0.6572169234846019,0.1722022501506203,0.4027682889217683,0.2819378022452378,579.5293465718083,32.30753471819928,NaN,
WS(k=4;b=0.1),12,5,20301908,24,18.0,0.8333876651294074,exactN,0.0,0.0,0.0,0.0,0.8045435335562924,0.02884413157311505,0.0,0.0,0.7944971196145763,0.038890545514831176,0.0,0.0,14.070141063579387,0.9680407103230405,NaN,
WS(k=4;b=0.1),12,5,20301908,24,18.0,0.8333876651294074,pert:lowd:0.01,0.009999555541261824,0.8921846931769586,0.953906865159297,0.7768888030359227,0.6666666666666666,0.1667209984627408,-0.5638756044904757,-0.32221463113741466,0.6877480229642416,0.14563964216516578,-0.5638756044904758,0.24166097335306097,3637.587672571421,303.3356669695697,NaN,
WS(k=4;b=0.1),12,5,20301908,24,18.0,0.8333876651294074,pert:lowd:0.05,0.049939032123394435,0.9949219637584301,0.9999246161682014,0.9565421896190667,0.6666666666666666,0.1667209984627408,-0.5638756044904757,-0.32221463113741466,0.6132140180277162,0.22017364710169118,-0.48332194670612216,0.3222146311374147,82774.60352854215,6902.737927125195,NaN,
WS(k=4;b=0.1),12,5,20301908,24,18.0,0.8333876651294074,pert:lowd:0.2,0.19613765851858017,0.999682410800797,0.9973046592663593,0.9786459842200946,0.6666666666666666,0.1667209984627408,-0.5638756044904757,-0.32221463113741466,0.664566658863467,0.16882100626594043,1.4499658401183662,0.24166097335306097,1.3005823915994444e6,108458.84559266097,NaN,
WS(k=4;b=0.1),12,5,20301908,24,18.0,0.8333876651294074,pert:lowd:0.5,0.44731578075523387,0.9999498246704737,0.9963369860794752,0.9822298487250714,0.6666666666666666,0.1667209984627408,-0.5638756044904757,-0.32221463113741466,0.6657216185016229,0.1676660466277845,1.6110731556870732,0.24166097335306097,8.099037866424989e6,675400.0834024532,NaN,
WS(k=4;b=0.1),12,5,20301908,24,18.0,0.8333876651294074,pert:highd:0.01,0.004725433955370739,0.023703572373535632,0.0053719856212569375,0.011107742653016929,0.6666666666666666,0.1667209984627408,-0.5638756044904757,0.48332194670612205,0.7944971196145763,0.038890545514831176,0.0,0.0,15.781906494980678,1.3152771602847109,NaN,
WS(k=4;b=0.1),12,5,20301908,24,18.0,0.8333876651294074,pert:highd:0.05,0.022825662407356718,0.11791640831143382,0.02700557479823208,0.05642808918114009,0.6666666666666666,0.1667209984627408,-0.5638756044904757,0.48332194670612205,0.7944971196145763,0.038890545514831176,0.0,0.0,36.20083895239763,3.017642163804136,NaN,
WS(k=4;b=0.1),12,5,20301908,24,18.0,0.8333876651294074,pert:highd:0.2,0.08081953497135984,0.4311955281577257,0.10978596224929134,0.23522962694565797,0.6666666666666666,0.1667209984627408,-0.5638756044904757,0.48332194670612205,0.8099999615633432,0.023387703566064233,-0.08055365778435375,-0.04027682889217682,188.17295297200042,15.68941409092496,NaN,
WS(k=4;b=0.1),12,5,20301908,24,18.0,0.8333876651294074,pert:highd:0.5,0.1633515195808067,0.7707426994592361,0.27757131364004084,0.5758964615660707,0.6666666666666666,0.1667209984627408,-0.5638756044904757,0.48332194670612205,0.8043902412011353,0.028997423928272092,0.0,-0.0805536577843537,849.2803682420496,70.8177624058544,NaN,
WS(k=4;b=0.1),12,5,20301908,24,18.0,0.8333876651294074,pert:nulled:0.01,0.004903461126364468,0.04139600780482572,0.0003333281620353035,0.000915953948241525,0.6666666666666666,0.1667209984627408,-0.5638756044904757,1.248581695657482,0.7944971196145763,0.038890545514831176,0.0,0.0,18.114375183134236,1.5097285305333925,NaN,
WS(k=4;b=0.1),12,5,20301908,24,18.0,0.8333876651294074,pert:nulled:0.05,0.02369410056283143,0.20428733191660237,0.0016669837784094588,0.0045781961171564535,0.6666666666666666,0.1667209984627408,-0.5638756044904757,1.248581695657482,0.7944971196145763,0.038890545514831176,0.0,0.0,55.11718483878756,4.59482990413316,NaN,
WS(k=4;b=0.1),12,5,20301908,24,18.0,0.8333876651294074,pert:nulled:0.2,0.08397633971675265,0.6514038763813126,0.006672978778690955,0.01828704066229798,0.6666666666666666,0.1667209984627408,-0.5638756044904757,1.248581695657482,0.8099999615633432,0.023387703566064233,-0.08055365778435375,-0.04027682889217682,372.6483732018959,31.072128388525602,NaN,
WS(k=4;b=0.1),12,5,20301908,24,18.0,0.8333876651294074,pert:nulled:0.5,0.16988659577986334,0.9155346456760762,0.01670646185739299,0.04556391870210267,0.6666666666666666,0.1667209984627408,-0.5638756044904757,1.248581695657482,0.8099999615633432,0.023387703566064233,-0.08055365778435375,-0.04027682889217682,1854.519102238468,154.64436483127878,NaN,
WS(k=4;b=0.1),12,5,20301908,24,18.0,0.8333876651294074,pert:random:0.01,0.009915530634117525,0.28459658877481264,0.2724332627110835,0.229553882633803,0.6904736854451764,0.14291397968423103,-0.48332194670612205,-0.04027682889217682,0.7747080631287527,0.058679602000654696,0.08055365778435353,0.04027682889217682,58.87044703762813,4.822491275044582,NaN,
WS(k=4;b=0.1),12,5,20301908,24,18.0,0.8333876651294074,pert:random:0.05,0.04928383104246787,0.8201888603315414,0.7373923789629465,0.7417193093564836,0.6666666666666665,0.1667209984627409,-0.5638756044904757,1.1277512089809516,0.730519373177732,0.10286829195167546,0.4027682889217683,0.08055365778435364,704.7189481657543,58.769473537527944,NaN,
WS(k=4;b=0.1),12,5,20301908,24,18.0,0.8333876651294074,pert:random:0.2,0.1903636416554672,0.981195758732061,0.9201445582667637,0.9632575002946336,0.6666666666666666,0.1667209984627408,-0.5638756044904757,1.248581695657482,0.6964831484644051,0.13690451666500236,0.8860902356278904,-0.04027682889217682,13360.909518182325,1114.2265958844914,NaN,
WS(k=4;b=0.1),12,5,20301908,24,18.0,0.8333876651294074,pert:random:0.5,0.42412015823005833,0.9953709604532425,0.9503413600201726,0.9883880194446378,0.6666666666666666,0.1667209984627408,-0.5638756044904757,1.248581695657482,0.6674951389815553,0.1658925261478521,1.4499658401183662,-0.12083048667653051,86535.76573005175,7216.513199406879,NaN,
WS(k=4;b=0.1),12,5,20301908,24,18.0,0.8333876651294074,fit:triangle:mse,0.6652385407897882,0.9834377172066718,0.9786415691335918,0.9897169086989328,0.5923374455472693,0.24105021958213813,-0.32221463113741466,0.966643893412244,0.6894399780759838,0.14394768705342365,0.2416609733530608,0.2013841444608842,95756.33273561252,8110.608409914657,0.6652385407897882,6.66966;0.453054;0.314358;0.211318
WS(k=4;b=0.1),12,5,20301908,24,18.0,0.8333876651294074,fit:triangle:wgt,0.7870029501005781,0.8972003375071871,0.9125680677703225,0.9471824450942137,0.4926366049866478,0.34075106014275963,0.8860902356278905,1.0069207223044208,0.6862603078497846,0.14712735727962278,0.4027682889217683,0.2013841444608842,25.03729617583534,2.289516569398291,0.8891365842532489,0.0580656;0.855722;0.136323;0.332529
WS(k=4;b=0.1),12,5,20301908,24,18.0,0.8333876651294074,fit:normal:mse,0.5892990002950683,0.9999991378671269,0.9808780600649151,0.996507958334257,0.6666666666666666,0.1667209984627408,-0.5638756044904757,-0.32221463113741466,0.6665676628588538,0.1668200022705536,1.4499658401183662,0.04027682889217682,313.282049662774,26.849416412250438,0.5892990002950683,12.4635;3.42598;4.08979
WS(k=4;b=0.1),12,5,20301908,24,18.0,0.8333876651294074,fit:normal:wgt,0.9957888964526463,0.9649438461550356,0.9763153129833052,0.9930812872030484,0.6666666666666666,0.1667209984627408,-0.5638756044904757,-0.32221463113741466,0.6291658477934686,0.2042218173359388,0.7249829200591829,0.40276828892176836,3.7242376367470035e6,323726.2830334431,0.9589463769903448,9.15146;46.2118;0.01
WS(k=4;b=0.1),12,5,20301908,24,18.0,0.8333876651294074,paper:empP,0.99987560357014,0.9999798983308216,0.9999686876649577,0.9999825351197773,0.824750281041144,0.008637384088263422,0.4027682889217683,0.0805536577843537,0.6491478594162936,0.18423980571311382,0.7249829200591829,0.3222146311374147,10019.04856555155,580.7563108983893,NaN,
WS(k=4;b=0.1),12,5,20301908,24,18.0,0.8333876651294074,paper:binP,0.99987560357014,0.9999798983308216,0.9999686876649577,0.9999825351197773,0.824750281041144,0.008637384088263422,0.4027682889217683,0.0805536577843537,0.6668040530831479,0.1665836120462595,0.2416609733530608,0.24166097335306097,579.5293465718083,32.30753471819928,NaN,
WS(k=4;b=0.1),12,6,20301909,24,18.0,0.8288479623612398,exactN,0.0,0.0,0.0,0.0,0.8024610255979469,0.026386936763292956,0.0,0.0,0.8035418469414801,0.02530611541975969,0.0,0.0,14.070399200166136,0.9707078280664867,NaN,
WS(k=4;b=0.1),12,6,20301909,24,18.0,0.8288479623612398,pert:lowd:0.01,0.009999555694283836,0.884643545404231,0.9492508529179056,0.8735987733003856,0.6666666666666666,0.16218129569457318,-0.5638756044904757,-0.32221463113741466,0.6833928584456165,0.14545510391562333,-0.5638756044904757,0.2819378022452378,3637.2015413951253,303.3201211783449,NaN,
WS(k=4;b=0.1),12,6,20301909,24,18.0,0.8288479623612398,pert:lowd:0.05,0.04993903612049713,0.9944814318946447,0.999977462661318,0.9900995049208685,0.6666666666666666,0.16218129569457318,-0.5638756044904757,-0.32221463113741466,0.6085368974112533,0.22031106494998653,-0.48332194670612205,0.36249146002959154,82765.38810738888,6902.366707325042,NaN,
WS(k=4;b=0.1),12,6,20301909,24,18.0,0.8288479623612398,pert:lowd:0.2,0.19613771957981493,0.9996503868197719,0.9975521500220441,0.9979643610797603,0.6666666666666666,0.16218129569457318,-0.5638756044904757,-0.32221463113741466,0.5914613739559312,0.23738658840530857,0.08055365778435375,0.36249146002959154,1.300436258435754e6,108452.95835079993,NaN,
WS(k=4;b=0.1),12,6,20301909,24,18.0,0.8288479623612398,pert:lowd:0.5,0.44731607092890263,0.9999433914242061,0.9965916653000381,0.9988341074893738,0.6666666666666666,0.16218129569457318,-0.5638756044904757,-0.32221463113741466,0.6671443028536151,0.16170365950762466,1.53051949790272,0.2819378022452378,8.098126176120379e6,675363.3534844988,NaN,
WS(k=4;b=0.1),12,6,20301909,24,18.0,0.8288479623612398,pert:highd:0.01,0.004739489346902138,0.022777113011053996,0.00520272141356819,0.007695773904757825,0.6666666666666666,0.16218129569457318,-0.5638756044904757,0.48332194670612205,0.8105861527507852,0.01826180961045465,-0.08055365778435375,0.0,15.781681160664743,1.31526817821246,NaN,
WS(k=4;b=0.1),12,6,20301909,24,18.0,0.8288479623612398,pert:highd:0.05,0.02289418919537461,0.11338701729299827,0.02614623502996326,0.03885462933350021,0.6666666666666666,0.16218129569457318,-0.5638756044904757,0.48332194670612205,0.8105861527507852,0.01826180961045465,-0.08055365778435375,0.0,36.19911591467957,3.017573226862097,NaN,
WS(k=4;b=0.1),12,6,20301909,24,18.0,0.8288479623612398,pert:highd:0.2,0.08106826689737602,0.4176338165930594,0.10619088356678241,0.1598288776509263,0.6666666666666666,0.16218129569457318,-0.5638756044904757,0.48332194670612205,0.8035418469414801,0.02530611541975969,0.0,0.0,188.15711532905263,15.688777944445036,NaN,
WS(k=4;b=0.1),12,6,20301909,24,18.0,0.8288479623612398,pert:highd:0.5,0.16386573137667548,0.758838515115666,0.26834686902596644,0.40344044421245145,0.6666666666666666,0.16218129569457318,-0.5638756044904757,0.48332194670612205,0.7992700540840016,0.029577908277238163,0.08055365778435375,-0.040276828892176875,849.1960466743022,70.81437004609575,NaN,
WS(k=4;b=0.1),12,6,20301909,24,18.0,0.8288479623612398,pert:nulled:0.01,0.004916106577692127,0.03977703902495459,0.00032245392158199133,0.0008116359446864188,0.6666666666666666,0.16218129569457318,-0.5638756044904757,1.248581695657482,0.8035418469414801,0.02530611541975969,0.0,0.0,18.113999477891987,1.509713544181599,NaN,
WS(k=4;b=0.1),12,6,20301909,24,18.0,0.8288479623612398,pert:nulled:0.05,0.023755826208434618,0.19655774933462047,0.0016125812015045195,0.004058645243394754,0.6666666666666666,0.16218129569457318,-0.5638756044904757,1.248581695657482,0.8035418469414801,0.02530611541975969,0.0,0.0,55.113892371148225,4.594698007070898,NaN,
WS(k=4;b=0.1),12,6,20301909,24,18.0,0.8288479623612398,pert:nulled:0.2,0.08420110545901197,0.6359269449134984,0.006454907160612822,0.0162400412271751,0.6666666666666666,0.16218129569457318,-0.5638756044904757,1.248581695657482,0.8035418469414801,0.02530611541975969,0.0,0.0,372.6139942099175,31.070746320727146,NaN,
WS(k=4;b=0.1),12,6,20301909,24,18.0,0.8288479623612398,pert:nulled:0.5,0.17035264853882454,0.9089610478225542,0.01615908784820039,0.040609326022824715,0.6666666666666666,0.16218129569457318,-0.5638756044904757,1.248581695657482,0.8035418469414801,0.02530611541975969,0.0,0.0,1854.3271091514168,154.6366372640357,NaN,
WS(k=4;b=0.1),12,6,20301909,24,18.0,0.8288479623612398,pert:random:0.01,0.009767378430061917,0.28679257075572506,0.0178874572894864,0.03747116059759048,0.6666666666666666,0.16218129569457318,-0.5638756044904757,1.248581695657482,0.7946323964757016,0.0342155658855382,0.0,0.04027682889217682,106.66586477786953,8.893350114173627,NaN,
WS(k=4;b=0.1),12,6,20301909,24,18.0,0.8288479623612398,pert:random:0.05,0.04922197554430371,0.8350869918841765,0.0891944759259758,0.18620255860113513,0.6666666666666666,0.16218129569457318,-0.5638756044904757,1.248581695657482,0.8035418469414801,0.02530611541975969,0.0,0.0,1427.5718715279725,119.0474838626411,NaN,
WS(k=4;b=0.1),12,6,20301909,24,18.0,0.8288479623612398,pert:random:0.2,0.1999395529888729,0.9880567767221505,0.33847849484033216,0.6199669789219526,0.6666666666666665,0.1621812956945733,-0.5638756044904757,1.208304866765305,0.7992700540840016,0.029577908277238163,0.08055365778435375,-0.040276828892176875,19813.858421802972,1652.3979315636093,NaN,
WS(k=4;b=0.1),12,6,20301909,24,18.0,0.8288479623612398,pert:random:0.5,0.4810766431180178,0.9984693649222117,0.6717829473520571,0.9073153419909004,0.6666666666666665,0.1621812956945733,-0.5638756044904757,1.1680280378731283,0.7713745070666673,0.057473455294572484,0.32221463113741455,-0.040276828892176875,121013.83235940087,10092.202430280813,NaN,
WS(k=4;b=0.1),12,6,20301909,24,18.0,0.8288479623612398,fit:triangle:mse,0.664949994275106,0.9826702791311758,0.9774735747922434,0.9837084890327361,0.5674785717470532,0.2613693906141866,-0.24166097335306103,0.966643893412244,0.6795995427933186,0.14924841956792123,0.4027682889217683,0.24166097335306103,44062.73697323467,3754.174825160836,0.664949994275106,4.5063;0.457802;0.310521;0.211555
WS(k=4;b=0.1),12,6,20301909,24,18.0,0.8288479623612398,fit:triangle:wgt,0.7727836143436584,0.9035046541788132,0.9159455902660565,0.9361649493844961,0.47979311947546655,0.34905484288577326,0.8055365778435367,1.0069207223044208,0.6795995427933186,0.14924841956792123,0.4027682889217683,0.24166097335306103,24.70575763318765,2.2616122174349536,0.8958762422407079,0.0577752;0.366956;0.39176;0.117618
WS(k=4;b=0.1),12,6,20301909,24,18.0,0.8288479623612398,fit:normal:mse,0.5913043660274799,0.9999768516096103,0.9764505597045052,0.9796252354215955,0.6666666666666666,0.16218129569457318,-0.5638756044904757,-0.32221463113741466,0.6666666666666673,0.1621812956945725,1.7721804712557807,0.08055365778435364,464.79707249368175,39.4924345416619,0.5913043660274799,12.4256;3.59924;4.12504
WS(k=4;b=0.1),12,6,20301909,24,18.0,0.8288479623612398,fit:normal:wgt,0.9995491991970133,0.9668520552251165,0.9742182902520758,0.9855030265278303,0.6667893309108499,0.1620586314503899,2.41660973353061,-0.28193780224523785,0.6030755570932271,0.22577240526801268,0.48332194670612205,0.4027682889217683,2.4518766652372554e6,216025.84204639005,0.9616041846822968,6.15978;85.9817;0.01
WS(k=4;b=0.1),12,6,20301909,24,18.0,0.8288479623612398,paper:empP,0.999876151038585,0.999979020742655,0.9999659405993154,0.9999745324679976,0.8261751468241585,0.002672815537081319,0.32221463113741466,0.040276828892176875,0.6528959332964838,0.17595202906475604,0.8860902356278904,0.36249146002959154,5939.997130974948,357.39499937734024,NaN,
WS(k=4;b=0.1),12,6,20301909,24,18.0,0.8288479623612398,paper:binP,0.999876151038585,0.999979020742655,0.9999659405993154,0.9999745324679976,0.8182074541759087,0.010640508185331132,0.4027682889217683,0.0805536577843537,0.656685771166884,0.17216219119435583,0.32221463113741455,0.2819378022452378,579.5293465718083,32.30753471819928,NaN,
WS(k=4;b=0.1),12,7,20301910,24,20.0,0.7566444222479854,exactN,0.0,0.0,0.0,0.0,0.7274333884581712,0.029211033789814267,0.0,0.0,0.7242360365413669,0.032408385706618525,0.0,0.0,14.10700641475117,0.9659546165729986,NaN,
WS(k=4;b=0.1),12,7,20301910,24,20.0,0.7566444222479854,pert:lowd:0.01,0.009999553483139358,0.8918353492123151,0.9504547211484117,0.769449650871227,0.6,0.15664442224798547,-0.5638756044904757,-0.32221463113741466,0.6354068627433473,0.1212375595046381,0.16110731556870728,0.2013841444608842,3637.0950320793877,303.24411830338767,NaN,
WS(k=4;b=0.1),12,7,20301910,24,20.0,0.7566444222479854,pert:lowd:0.05,0.04993897841702249,0.994970299847673,0.9999957794329213,0.9532151934619802,0.6,0.15664442224798547,-0.5638756044904757,-0.32221463113741466,0.5907901352052282,0.1658542870427573,0.08055365778435353,0.28193780224523785,82762.86739443816,6900.554695886398,NaN,
WS(k=4;b=0.1),12,7,20301910,24,20.0,0.7566444222479854,pert:lowd:0.2,0.19613683822885655,0.9997012532464071,0.9979086577905685,0.9764493051415444,0.6,0.15664442224798547,-0.5638756044904757,-0.32221463113741466,0.5783971306914742,0.1782472915565112,0.48332194670612183,0.3222146311374147,1.300396353088371e6,108424.23034908752,NaN,
WS(k=4;b=0.1),12,7,20301910,24,20.0,0.7566444222479854,pert:lowd:0.5,0.4473118827472855,0.9999576491745665,0.9970372112883448,0.9802560991283821,0.6,0.15664442224798547,-0.5638756044904757,-0.32221463113741466,0.6000000000000005,0.15664442224798492,1.691626813471427,0.4430451178139451,8.097877300274019e6,675184.1337004285,NaN,
WS(k=4;b=0.1),12,7,20301910,24,20.0,0.7566444222479854,pert:highd:0.01,0.004732894295339315,0.02361801500652437,0.005280601272339337,0.010871794277625723,0.6,0.15664442224798547,-0.5638756044904757,0.48332194670612205,0.7242360365413669,0.032408385706618525,0.0,0.0,15.78160960672522,1.3152229952441874,NaN,
WS(k=4;b=0.1),12,7,20301910,24,20.0,0.7566444222479854,pert:highd:0.05,0.022862034372204784,0.1176716780379535,0.026559272766574795,0.05527674339909986,0.6,0.15664442224798547,-0.5638756044904757,0.48332194670612205,0.7317971025590218,0.024847319688963698,-0.08055365778435375,0.0,36.19859538406144,3.0172300818112148,NaN,
WS(k=4;b=0.1),12,7,20301910,24,20.0,0.7566444222479854,pert:highd:0.2,0.0809515467771794,0.4324690199536129,0.10819031481763375,0.2313846345426022,0.6,0.15664442224798547,-0.5638756044904757,0.48332194670612205,0.7371071702662663,0.019537251981719184,-0.08055365778435375,-0.04027682889217682,188.1525917927717,15.685646911098683,NaN,
WS(k=4;b=0.1),12,7,20301910,24,20.0,0.7566444222479854,pert:highd:0.5,0.1636244173245667,0.7755338700582755,0.27480894006751877,0.5723240009590892,0.6,0.15664442224798547,-0.5638756044904757,0.48332194670612205,0.730094931850381,0.02654949039760446,0.0,-0.0805536577843537,849.1725307645578,70.79775019701574,NaN,
WS(k=4;b=0.1),12,7,20301910,24,20.0,0.7566444222479854,pert:nulled:0.01,0.0049092626004595295,0.04124125180662652,0.00033014816887559206,0.0009041080494617356,0.6,0.15664442224798547,-0.5638756044904757,1.248581695657482,0.7242360365413669,0.032408385706618525,0.0,0.0,18.113881253336647,1.5096383048427249,NaN,
WS(k=4;b=0.1),12,7,20301910,24,20.0,0.7566444222479854,pert:nulled:0.05,0.02372241835951707,0.20403145693026595,0.0016510687468085556,0.004518925230930555,0.6,0.15664442224798547,-0.5638756044904757,1.248581695657482,0.7242360365413669,0.032408385706618525,0.0,0.0,55.11291535387878,4.594043865940719,NaN,
WS(k=4;b=0.1),12,7,20301910,24,20.0,0.7566444222479854,pert:nulled:0.2,0.08407944863678525,0.6544922611087807,0.006609095290368512,0.01804942266508216,0.6,0.15664442224798547,-0.5638756044904757,1.248581695657482,0.7242360365413669,0.032408385706618525,0.0,0.0,372.6042977234486,31.063960589669325,NaN,
WS(k=4;b=0.1),12,7,20301910,24,20.0,0.7566444222479854,pert:nulled:0.5,0.17010037989302407,0.9197944482991599,0.016545667975041776,0.044968221422187454,0.6,0.15664442224798547,-0.5638756044904757,1.248581695657482,0.6946634863248959,0.06198093592308951,0.08055365778435353,0.08055365778435364,1854.2739258482886,154.59882710370553,NaN,
WS(k=4;b=0.1),12,7,20301910,24,20.0,0.7566444222479854,pert:random:0.01,0.009914700207835934,0.7896234305313571,0.8861842661994022,0.6704887742678071,0.6,0.15664442224798547,-0.5638756044904757,-0.32221463113741466,0.6450665058308764,0.11157791641710901,0.32221463113741455,0.16110731556870733,1449.4052890004464,120.84248732175901,NaN,
WS(k=4;b=0.1),12,7,20301910,24,20.0,0.7566444222479854,pert:random:0.05,0.04979399352739333,0.9885687060480831,0.9999843996043908,0.9540516220170461,0.6,0.15664442224798547,-0.5638756044904757,-0.32221463113741466,0.5675087742917864,0.18913564795619908,-0.4027682889217685,0.3222146311374147,31151.886834726745,2597.3533447481173,NaN,
WS(k=4;b=0.1),12,7,20301910,24,20.0,0.7566444222479854,pert:random:0.2,0.19963572352683182,0.9993736349285621,0.9945671363539949,0.9865820342533771,0.6,0.15664442224798547,-0.5638756044904757,-0.32221463113741466,0.5340625390489351,0.22258188319905037,-0.08055365778435375,0.3624914600295915,483864.45318477467,40343.5270010823,NaN,
WS(k=4;b=0.1),12,7,20301910,24,20.0,0.7566444222479854,pert:random:0.5,0.46992804298432783,0.9999281303603003,0.9923410442769369,0.9909088182145004,0.6,0.15664442224798547,-0.5638756044904757,-0.32221463113741466,0.5061300318495601,0.2505143903984254,-0.08055365778435375,0.40276828892176836,3.006107662191275e6,250642.88561315488,NaN,
WS(k=4;b=0.1),12,7,20301910,24,20.0,0.7566444222479854,fit:triangle:mse,0.6222916133682657,0.9680939801523704,0.9641423777389154,0.980886493729124,0.6214948284276649,0.13514959382032055,-0.48332194670612205,-0.04027682889217682,0.6418818127602681,0.11476260948771733,0.0,0.2013841444608842,1197.7068184878544,99.25514743626903,0.6222916133682657,0.749636;0.318986;0.438684;0.161566
WS(k=4;b=0.1),12,7,20301910,24,20.0,0.7566444222479854,fit:triangle:wgt,0.7306722182380844,0.8744270557341988,0.8796782437363693,0.9294615341514998,0.42808804277546225,0.3285563794725232,0.6444292622748294,1.0069207223044208,0.6138897101328036,0.14275471211518187,0.16110731556870728,0.24166097335306097,21.393117525874676,1.9467569488889624,0.8654255551682702,0.05;0.685237;0.141669;0.18413
WS(k=4;b=0.1),12,7,20301910,24,20.0,0.7566444222479854,fit:normal:mse,0.5248403982283815,0.9997568613490189,0.9633672523158,0.9825731226903396,0.6,0.15664442224798547,-0.5638756044904757,-0.32221463113741466,0.6000000000000005,0.15664442224798492,1.691626813471427,0.04027682889217682,615.9336098794186,51.87901462633235,0.5248403982283815,12.3491;3.73014;4.15488
WS(k=4;b=0.1),12,7,20301910,24,20.0,0.7566444222479854,fit:normal:wgt,0.9969341059889575,0.9578814913824693,0.9572472281168029,0.9794624840638045,0.5999999999999994,0.15664442224798603,2.5777170490993173,-0.28193780224523785,0.555059002091294,0.20158542015669145,0.5638756044904758,0.40276828892176836,2.9045204567760257e6,248911.37095455214,0.952100899780894,8.16593;96.7406;0.01
WS(k=4;b=0.1),12,7,20301910,24,20.0,0.7566444222479854,paper:empP,0.9989211654860184,0.9994825745624778,0.9992556242506857,0.9994033881946535,0.7420346901293214,0.01460973211866401,0.4027682889217683,0.12083048667653051,0.5730747564854017,0.1835696657625837,0.32221463113741455,0.3222146311374147,31209.56437848182,1658.077230040345,NaN,
WS(k=4;b=0.1),12,7,20301910,24,20.0,0.7566444222479854,paper:binP,0.9989211654860184,0.9994825745624778,0.9992556242506857,0.9994033881946535,0.7517956057688402,0.004848816479145257,0.4027682889217683,0.0805536577843537,0.612476036068407,0.1441683861795785,0.2416609733530608,0.24166097335306097,579.5293465718083,32.30753471819928,NaN,
WS(k=4;b=0.1),12,8,20301911,24,18.0,0.8319087082381306,exactN,0.0,0.0,0.0,0.0,0.8042849976664996,0.027623710571630933,0.0,0.0,0.7899794162116511,0.04192929202647944,0.0,0.0,14.097165839951526,0.9700922582488305,NaN,
WS(k=4;b=0.1),12,8,20301911,24,18.0,0.8319087082381306,pert:lowd:0.01,0.009999557547166662,0.883344348805913,0.9471189303181328,0.7683151051547016,0.6666666666666666,0.16524204157146394,-0.5638756044904757,-0.32221463113741466,0.694698882802767,0.13720982543536353,0.48332194670612183,0.16110731556870733,3637.536501022071,303.3450928226293,NaN,
WS(k=4;b=0.1),12,8,20301911,24,18.0,0.8319087082381306,pert:lowd:0.05,0.049939084564168866,0.9944804258315167,0.9999704560374523,0.9586677923471937,0.6666666666666666,0.16524204157146394,-0.5638756044904757,-0.32221463113741466,0.6091754914113692,0.2227332168267614,-0.48332194670612216,0.3222146311374147,82773.38083863391,6902.962879160838,NaN,
WS(k=4;b=0.1),12,8,20301911,24,18.0,0.8319087082381306,pert:lowd:0.2,0.19613845974560803,0.999667486943821,0.9973711641022764,0.9812836895444135,0.6666666666666666,0.16524204157146394,-0.5638756044904757,-0.32221463113741466,0.6365864362063095,0.19532227203182106,0.5638756044904758,0.3222146311374147,1.300562998357389e6,108462.41274235873,NaN,
WS(k=4;b=0.1),12,8,20301911,24,18.0,0.8319087082381306,pert:lowd:0.5,0.4473195884511896,0.9999514674769097,0.9963524065892954,0.9848409557882644,0.6666666666666666,0.16524204157146394,-0.5638756044904757,-0.32221463113741466,0.6666666666666666,0.16524204157146394,1.691626813471427,0.40276828892176836,8.098916870907739e6,675422.3379844737,NaN,
WS(k=4;b=0.1),12,8,20301911,24,18.0,0.8319087082381306,pert:highd:0.01,0.004750849987788619,0.022587172210433756,0.005082583636619211,0.010507415696509018,0.6666666666666666,0.16524204157146394,-0.5638756044904757,0.48332194670612205,0.7899794162116511,0.04192929202647944,0.0,0.0,15.781877264537359,1.3152826634575805,NaN,
WS(k=4;b=0.1),12,8,20301911,24,18.0,0.8319087082381306,pert:highd:0.05,0.02294958235126605,0.11248942512157985,0.02553737818762725,0.05329287435986453,0.6666666666666666,0.16524204157146394,-0.5638756044904757,0.48332194670612205,0.7899794162116511,0.04192929202647944,0.0,0.0,36.20061365062153,3.0176842371010073,NaN,
WS(k=4;b=0.1),12,8,20301911,24,18.0,0.8319087082381306,pert:highd:0.2,0.08126937259197754,0.4152901028887726,0.10365851966489122,0.2212716003345951,0.6666666666666666,0.16524204157146394,-0.5638756044904757,0.48332194670612205,0.8063581443396874,0.025550563898443124,-0.08055365778435375,-0.04027682889217682,188.17086452150295,15.689800745600241,NaN,
WS(k=4;b=0.1),12,8,20301911,24,18.0,0.8319087082381306,pert:highd:0.5,0.16428157012535125,0.7574625902589781,0.26189796258286857,0.5442930422145035,0.6666666666666666,0.16524204157146394,-0.5638756044904757,0.48332194670612205,0.8012556586932299,0.030653049544900668,0.0,-0.0805536577843537,849.2692108988402,70.81982084998155,NaN,
WS(k=4;b=0.1),12,8,20301911,24,18.0,0.8319087082381306,pert:nulled:0.01,0.00492216146078434,0.03944453038188785,0.00031457683381695396,0.0008622257124618812,0.6666666666666666,0.16524204157146394,-0.5638756044904757,1.248581695657482,0.7899794162116511,0.04192929202647944,0.0,0.0,18.114326373998068,1.5097377058129382,NaN,
WS(k=4;b=0.1),12,8,20301911,24,18.0,0.8319087082381306,pert:nulled:0.05,0.023785383524161267,0.19503619887547205,0.0015731856139981357,0.004309918309777176,0.6666666666666666,0.16524204157146394,-0.5638756044904757,1.248581695657482,0.8063581443396874,0.025550563898443124,-0.08055365778435375,-0.04027682889217682,55.116753135166356,4.59491029516142,NaN,
WS(k=4;b=0.1),12,8,20301911,24,18.0,0.8319087082381306,pert:nulled:0.2,0.08430875328350032,0.633345108267071,0.006297179261740584,0.017219725095289972,0.6666666666666666,0.16524204157146394,-0.5638756044904757,1.248581695657482,0.8063581443396874,0.025550563898443124,-0.08055365778435375,-0.04027682889217682,372.6438315183052,31.072967672096574,NaN,
WS(k=4;b=0.1),12,8,20301911,24,18.0,0.8319087082381306,pert:nulled:0.5,0.1705758930261184,0.9083200877094271,0.015764120081434376,0.042928580170367305,0.6666666666666666,0.16524204157146394,-0.5638756044904757,1.248581695657482,0.8063581443396874,0.025550563898443124,-0.08055365778435375,-0.04027682889217682,1854.4936736839618,154.64905163749583,NaN,
WS(k=4;b=0.1),12,8,20301911,24,18.0,0.8319087082381306,pert:random:0.01,0.009945307904808909,0.44685970944494185,0.4011837960891313,0.3492042870922839,0.6666666666666666,0.16524204157146394,-0.5638756044904757,1.248581695657482,0.7531665339157395,0.07874217432239106,0.2416609733530608,0.04027682889217682,186.06105056313692,15.51384415262219,NaN,
WS(k=4;b=0.1),12,8,20301911,24,18.0,0.8319087082381306,pert:random:0.05,0.049481127467882205,0.9221502609023733,0.8368469620086852,0.8647254754489573,0.6666666666666666,0.16524204157146394,-0.5638756044904757,1.248581695657482,0.7068895765206333,0.12501913171749723,0.6444292622748291,0.08055365778435364,2953.460384761925,246.29673245485984,NaN,
WS(k=4;b=0.1),12,8,20301911,24,18.0,0.8319087082381306,pert:random:0.2,0.19178171341519235,0.9925476624186175,0.9442359623496901,0.9830349545183859,0.6666666666666666,0.16524204157146394,-0.5638756044904757,1.248581695657482,0.5002856493991967,0.33162305883893384,-0.4027682889217685,0.4430451178139451,42845.1685182413,3573.099605195673,NaN,
WS(k=4;b=0.1),12,8,20301911,24,18.0,0.8319087082381306,pert:random:0.5,0.4292714726752202,0.9979944573266198,0.9610373477625563,0.9942463427098502,0.6666666666666666,0.16524204157146394,-0.5638756044904757,1.248581695657482,0.4954382380399337,0.33647047019819687,-0.24166097335306103,0.4430451178139451,262431.5561915713,21885.812389870352,NaN,
WS(k=4;b=0.1),12,8,20301911,24,18.0,0.8319087082381306,fit:triangle:mse,0.6625824885728252,0.9793324879242811,0.9771354743906694,0.9892939569643229,0.5923292944723357,0.23957941376579484,-0.32221463113741466,0.966643893412244,0.6822053039362265,0.1497034043019041,0.2416609733530608,0.2013841444608842,1992.5931588691362,168.91288821270555,0.6625824885728252,0.965758;0.593568;0.215625;0.298952
WS(k=4;b=0.1),12,8,20301911,24,18.0,0.8319087082381306,fit:triangle:wgt,0.7681773601827598,0.9039482529252809,0.9172683705689005,0.9513575549816596,0.4811763018125403,0.3507324064255903,0.8055365778435367,1.0069207223044208,0.6605375533173318,0.1713711549207988,0.32221463113741455,0.24166097335306097,24.0528780253478,2.1959014745923278,0.8963392741025413,0.0554778;0.730686;0.154793;0.222625
WS(k=4;b=0.1),12,8,20301911,24,18.0,0.8319087082381306,fit:normal:mse,0.5930238931617621,0.9998162985645852,0.9839703207971408,0.9953317931322408,0.6666666666666666,0.16524204157146394,-0.5638756044904757,-0.32221463113741466,0.6666666666666665,0.16524204157146405,1.691626813471427,0.08055365778435364,689.548697184692,59.121495692961076,0.5930238931617621,12.3913;3.72729;4.6044
WS(k=4;b=0.1),12,8,20301911,24,18.0,0.8319087082381306,fit:normal:wgt,0.9995404231437218,0.966907191958828,0.974612267410203,0.991386389302541,0.6669853471252716,0.164923361112859,2.3360560757462565,-0.28193780224523785,0.6042654639258084,0.2276432443123222,0.4027682889217683,0.3624914600295915,2.4094131447208263e6,211431.80551155668,0.9616778857431689,6.14795;93.6288;0.01
WS(k=4;b=0.1),12,8,20301911,24,18.0,0.8319087082381306,paper:empP,0.9998753715501152,0.9999782554522793,0.9999642646209838,0.9999796999164626,0.8297815927485204,0.0021271154896101985,0.32221463113741466,0.040276828892176875,0.6582235439147226,0.17368516432340797,0.7249829200591829,0.28193780224523785,6147.41849503522,371.2877491456299,NaN,
WS(k=4;b=0.1),12,8,20301911,24,18.0,0.8319087082381306,paper:binP,0.9998753715501152,0.9999782554522793,0.9999642646209838,0.9999796999164626,0.8226187408556009,0.00928996738252963,0.4027682889217683,0.0805536577843537,0.6591693565227845,0.17273935171534605,0.2416609733530608,0.24166097335306097,579.5293465718083,32.30753471819928,NaN,
WS(k=4;b=0.1),12,9,20301912,24,18.0,0.8321938708749435,exactN,0.0,0.0,0.0,0.0,0.8043360803853216,0.027857790489621892,0.0,0.0,0.8070356980258515,0.025158172849091942,0.0,0.0,14.119060325712141,0.9714667470885859,NaN,
WS(k=4;b=0.1),12,9,20301912,24,18.0,0.8321938708749435,pert:lowd:0.01,0.00999955872012783,0.8816382355560769,0.946741708513617,0.8712399265071404,0.6666666666666666,0.16552720420827682,-0.5638756044904757,-0.32221463113741466,0.6985508476416518,0.1336430232332917,0.48332194670612205,0.20138414446088415,3637.9250098697694,303.38348912106466,NaN,
WS(k=4;b=0.1),12,9,20301912,24,18.0,0.8321938708749435,pert:lowd:0.05,0.049939115273764656,0.9944381963867674,0.9999546467125826,0.9910005445635552,0.6666666666666666,0.16552720420827682,-0.5638756044904757,-0.32221463113741466,0.664841215780936,0.16735265509400743,0.5638756044904756,0.2819378022452378,82782.64840133858,6903.879071907925,NaN,
WS(k=4;b=0.1),12,9,20301912,24,18.0,0.8321938708749435,pert:lowd:0.2,0.19613892907127325,0.9996774858324643,0.9971933346983142,0.998503925002936,0.6666666666666666,0.16552720420827682,-0.5638756044904757,-0.32221463113741466,0.6247600343005709,0.20743383657437253,0.48332194670612205,0.36249146002959154,1.3007099438852002e6,108476.94068217074,NaN,
WS(k=4;b=0.1),12,9,20301912,24,18.0,0.8321938708749435,pert:lowd:0.5,0.44732181896771694,0.9999567382716184,0.9961336690022544,0.9992520054774878,0.6666666666666666,0.16552720420827682,-0.5638756044904757,-0.32221463113741466,0.6668100175447138,0.16538385333022965,1.691626813471427,0.12083048667653046,8.09983361111223e6,675512.973678122,NaN,
WS(k=4;b=0.1),12,9,20301912,24,18.0,0.8321938708749435,pert:highd:0.01,0.00475616385161151,0.022363533218359512,0.005042406913406528,0.007478395362181204,0.6666666666666666,0.16552720420827682,-0.5638756044904757,0.48332194670612205,0.8070356980258515,0.025158172849091942,0.0,0.0,15.782106023378745,1.31530514767705,NaN,
WS(k=4;b=0.1),12,9,20301912,24,18.0,0.8321938708749435,pert:highd:0.05,0.022975493537446535,0.11138272933129463,0.025332688096627736,0.037737105935534775,0.6666666666666666,0.16552720420827682,-0.5638756044904757,0.48332194670612205,0.8143849424882955,0.017808928386647938,-0.08055365778435375,0.0,36.20235710628809,3.0178559456363603,NaN,
WS(k=4;b=0.1),12,9,20301912,24,18.0,0.8321938708749435,pert:highd:0.2,0.08136345739494306,0.41178386072117873,0.10279043468994672,0.15499707199812712,0.6666666666666666,0.16552720420827682,-0.5638756044904757,0.48332194670612205,0.8070356980258515,0.025158172849091942,0.0,0.0,188.1868332660641,15.691376891311775,NaN,
WS(k=4;b=0.1),12,9,20301912,24,18.0,0.8321938708749435,pert:highd:0.5,0.1644761416943492,0.7540046537616533,0.2596013390873303,0.39120703451304506,0.6666666666666666,0.16552720420827682,-0.5638756044904757,0.48332194670612205,0.8018347274524369,0.030359143422506563,0.08055365778435375,-0.040276828892176875,849.3541073697174,70.82820777211099,NaN,
WS(k=4;b=0.1),12,9,20301912,24,18.0,0.8321938708749435,pert:nulled:0.01,0.004925396963007977,0.03905404324494031,0.00031172584199685375,0.000786385112575065,0.6666666666666666,0.16552720420827682,-0.5638756044904757,1.248581695657482,0.8070356980258515,0.025158172849091942,0.0,0.0,18.114707555166785,1.5097751854078987,NaN,
WS(k=4;b=0.1),12,9,20301912,24,18.0,0.8321938708749435,pert:nulled:0.05,0.023801178349790137,0.1931430005721469,0.0015589292854964886,0.00393247226323601,0.6666666666666666,0.16552720420827682,-0.5638756044904757,1.248581695657482,0.8070356980258515,0.025158172849091942,0.0,0.0,55.120080795408875,4.595238259408128,NaN,
WS(k=4;b=0.1),12,9,20301912,24,18.0,0.8321938708749435,pert:nulled:0.2,0.08436628308132674,0.6292428866988442,0.006240135803093426,0.01573670615432056,0.6666666666666666,0.16552720420827682,-0.5638756044904757,1.248581695657482,0.8070356980258515,0.025158172849091942,0.0,0.0,372.67846847526005,31.07638802316205,NaN,
WS(k=4;b=0.1),12,9,20301912,24,18.0,0.8321938708749435,pert:nulled:0.5,0.17069521033807913,0.9063540195907485,0.015621449246689754,0.03935940839110306,0.6666666666666666,0.16552720420827682,-0.5638756044904757,1.248581695657482,0.8070356980258515,0.025158172849091942,0.0,0.0,1854.686897656272,154.66814498555277,NaN,
WS(k=4;b=0.1),12,9,20301912,24,18.0,0.8321938708749435,pert:random:0.01,0.008946966437935201,0.5077177850600418,0.10940706698328878,0.10268121306479132,0.6666666666666665,0.16552720420827693,-0.5638756044904757,1.0874743800887745,0.7822773502444602,0.04991652063048324,0.16110731556870728,0.04027682889217682,292.92790894944727,24.427558608315156,NaN,
WS(k=4;b=0.1),12,9,20301912,24,18.0,0.8321938708749435,pert:random:0.05,0.04392607855867982,0.9460224362663562,0.4347035832072506,0.41259409446411854,0.6666666666666666,0.16552720420827682,-0.5638756044904757,1.248581695657482,0.7337193629033929,0.09847450797155055,0.4027682889217683,0.12083048667653046,7930.848441068821,661.4410023482869,NaN,
WS(k=4;b=0.1),12,9,20301912,24,18.0,0.8321938708749435,pert:random:0.2,0.16302477579737792,0.9960918916396378,0.7974499176046319,0.7788340624308615,0.6666666666666666,0.16552720420827682,-0.5638756044904757,1.248581695657482,0.7073305286323005,0.12486334224264295,0.7249829200591829,0.12083048667653046,134405.44687946027,11209.291176779489,NaN,
WS(k=4;b=0.1),12,9,20301912,24,18.0,0.8321938708749435,pert:random:0.5,0.3457753607594936,0.9992831472755686,0.8966993123528544,0.8854493436572347,0.6666666666666666,0.16552720420827682,-0.5638756044904757,1.248581695657482,0.7073305286323005,0.12486334224264295,0.7249829200591829,0.12083048667653046,849585.8827745754,70854.36377888039,NaN,
WS(k=4;b=0.1),12,9,20301912,24,18.0,0.8321938708749435,fit:triangle:mse,0.6604813664201142,0.9799652768196084,0.9763745422234896,0.9830148925020906,0.5923309211077855,0.23986294976715794,-0.32221463113741466,0.966643893412244,0.6835276439637368,0.14866622691120668,0.32221463113741455,0.24166097335306103,4819.1040573916725,408.38379562699356,0.6604813664201142,1.48578;0.498005;0.271872;0.231164
WS(k=4;b=0.1),12,9,20301912,24,18.0,0.8321938708749435,fit:triangle:wgt,0.765003983412621,0.9041442818814831,0.9163870730700328,0.936298542782058,0.4815090721697184,0.35068479870522506,0.8055365778435367,1.0069207223044208,0.6618205196898469,0.17037335118509656,0.4027682889217683,0.2819378022452378,24.302225368452664,2.2215121078829574,0.8966261327687828,0.0567236;1.0;0.104334;0.475422
WS(k=4;b=0.1),12,9,20301912,24,18.0,0.8321938708749435,fit:normal:mse,0.5942327066978803,0.9998113139498142,0.9791617037750087,0.9828730731737758,0.6666666666666666,0.16552720420827682,-0.5638756044904757,-0.32221463113741466,0.6666666666666665,0.16552720420827693,1.7721804712557807,0.12083048667653046,832.3811795477199,70.72273927671776,0.5942327066978803,12.4318;3.84399;4.48735
WS(k=4;b=0.1),12,9,20301912,24,18.0,0.8321938708749435,fit:normal:wgt,0.9949835941968201,0.9670642919421159,0.9768199846396187,0.9871553570257982,0.6666666666666666,0.16552720420827682,-0.5638756044904757,-0.32221463113741466,0.6666666666666666,0.16552720420827682,1.7721804712557807,1.208304866765305,3.942088759748808e6,339966.53719700454,0.9614694579195527,9.67569;44.3435;0.01
WS(k=4;b=0.1),12,9,20301912,24,18.0,0.8321938708749435,paper:empP,0.9998749458012287,0.9999785474270402,0.9999631070597497,0.9999723888392589,0.8300549469601809,0.0021389239147625583,0.32221463113741466,0.040276828892176875,0.6530519080730794,0.179141962801864,0.8860902356278904,0.36249146002959154,5711.462205838101,345.0381662855784,NaN,
WS(k=4;b=0.1),12,9,20301912,24,18.0,0.8321938708749435,paper:binP,0.9998749458012287,0.9999785474270402,0.9999631070597497,0.9999723888392589,0.8230297302653445,0.009164140609598914,0.4027682889217683,0.0805536577843537,0.6605648118901777,0.17162905898476577,0.32221463113741455,0.2819378022452378,579.5293465718083,32.30753471819928,NaN,
WS(k=4;b=0.1),12,10,20301913,24,18.0,0.8290682406071688,exactN,0.0,0.0,0.0,0.0,0.8025088009389285,0.02655943966824026,0.0,0.0,0.8108902976524005,0.018177942954768267,0.0,0.0,14.054036972310554,0.9696320682577639,NaN,
WS(k=4;b=0.1),12,10,20301913,24,18.0,0.8290682406071688,pert:lowd:0.01,0.009999555177824516,0.8877922516245039,0.9516207956335768,0.876872875440472,0.6666666666666666,0.16240157394050214,-0.5638756044904757,-0.32221463113741466,0.6837620227379393,0.14530621786922948,-0.48332194670612194,0.2819378022452378,3637.3525031016834,303.328552001324,NaN,
WS(k=4;b=0.1),12,10,20301913,24,18.0,0.8290682406071688,pert:lowd:0.05,0.049939022632246706,0.9946646918816929,0.9999618341953161,0.9901551937594445,0.6666666666666666,0.16240157394050214,-0.5638756044904757,-0.32221463113741466,0.6090376159364893,0.22003062467067946,-0.4027682889217683,0.36249146002959154,82768.99267849802,6902.568135515326,NaN,
WS(k=4;b=0.1),12,10,20301913,24,18.0,0.8290682406071688,pert:lowd:0.2,0.19613751353441258,0.9996632658542381,0.9974947426053254,0.9978890157233355,0.6666666666666666,0.16240157394050214,-0.5638756044904757,-0.32221463113741466,0.5890186174923504,0.24004962311481837,0.08055365778435375,0.36249146002959154,1.300493423158836e6,108456.15317469189,NaN,
WS(k=4;b=0.1),12,10,20301913,24,18.0,0.8290682406071688,pert:lowd:0.5,0.44731509177140194,0.9999458561620034,0.9965440070876652,0.9987611607649317,0.6666666666666666,0.16240157394050214,-0.5638756044904757,-0.32221463113741466,0.664975808976289,0.16409243163087972,1.691626813471427,0.2819378022452378,8.098482820121309e6,675383.2860998826,NaN,
WS(k=4;b=0.1),12,10,20301913,24,18.0,0.8290682406071688,pert:highd:0.01,0.004726885046615943,0.023153915575871147,0.00529917818432366,0.0078445357434745,0.6666666666666666,0.16240157394050214,-0.5638756044904757,0.48332194670612205,0.8108902976524005,0.018177942954768267,0.0,0.0,15.781768499241847,1.3152730017967411,NaN,
WS(k=4;b=0.1),12,10,20301913,24,18.0,0.8290682406071688,pert:highd:0.05,0.02283273688564203,0.11518794254821146,0.026635351376350244,0.03961886003832407,0.6666666666666666,0.16240157394050214,-0.5638756044904757,0.48332194670612205,0.8108902976524005,0.018177942954768267,0.0,0.0,36.19978590292052,3.0176103837300925,NaN,
WS(k=4;b=0.1),12,10,20301913,24,18.0,0.8290682406071688,pert:highd:0.2,0.0808452103907654,0.42256983351924543,0.10822846378067118,0.16312087117318166,0.6666666666666666,0.16240157394050214,-0.5638756044904757,0.48332194670612205,0.8037888466157369,0.025279393991431864,0.08055365778435375,0.0,188.16329471234715,15.689122156115832,NaN,
WS(k=4;b=0.1),12,10,20301913,24,18.0,0.8290682406071688,pert:highd:0.5,0.16340459378558267,0.7623034193225804,0.2735378054859939,0.41165581402983303,0.6666666666666666,0.16240157394050214,-0.5638756044904757,0.48332194670612205,0.807471663555304,0.021596577051864796,0.08055365778435375,-0.040276828892176875,849.2289922841919,70.8162084962668,NaN,
WS(k=4;b=0.1),12,10,20301913,24,18.0,0.8290682406071688,pert:nulled:0.01,0.004905383664116836,0.040436745266449046,0.00032864825727130145,0.0008285341607529765,0.6666666666666666,0.16240157394050214,-0.5638756044904757,1.248581695657482,0.8108902976524005,0.018177942954768267,0.0,0.0,18.114145186601323,1.5097215977239062,NaN,
WS(k=4;b=0.1),12,10,20301913,24,18.0,0.8290682406071688,pert:nulled:0.05,0.023703484610423563,0.19963469772491388,0.0016435674350621695,0.004143144392468341,0.6666666666666666,0.16240157394050214,-0.5638756044904757,1.248581695657482,0.8108902976524005,0.018177942954768267,0.0,0.0,55.11517404128397,4.594769189191507,NaN,
WS(k=4;b=0.1),12,10,20301913,24,18.0,0.8290682406071688,pert:nulled:0.2,0.08401050706710012,0.6415883120503127,0.006579065104971055,0.0165780615921984,0.6666666666666666,0.16240157394050214,-0.5638756044904757,1.248581695657482,0.8108902976524005,0.018177942954768267,0.0,0.0,372.62741778929626,31.07149476534567,NaN,
WS(k=4;b=0.1),12,10,20301913,24,18.0,0.8290682406071688,pert:nulled:0.5,0.16995743534767763,0.9108983228103716,0.016470484133362412,0.04145334244848272,0.6666666666666666,0.16240157394050214,-0.5638756044904757,1.248581695657482,0.8037888466157369,0.025279393991431864,0.08055365778435375,0.0,1854.4021525940427,154.64082695626237,NaN,
WS(k=4;b=0.1),12,10,20301913,24,18.0,0.8290682406071688,pert:random:0.01,0.009307175785523966,0.6624877464530281,0.7994315262291818,0.6899278599800707,0.6666666666666666,0.16240157394050214,-0.5638756044904757,-0.32221463113741466,0.7099087541994284,0.11915948640774032,-0.4027682889217683,0.24166097335306103,785.3436487820081,65.48858677431102,NaN,
WS(k=4;b=0.1),12,10,20301913,24,18.0,0.8290682406071688,pert:random:0.05,0.047195463501992226,0.9765699363344528,0.9994983429676734,0.9833875058074804,0.6666666666666666,0.16240157394050214,-0.5638756044904757,-0.32221463113741466,0.6559470105882108,0.17312123001895796,-0.8055365778435366,0.36249146002959154,15942.491692253443,1329.5176216706634,NaN,
WS(k=4;b=0.1),12,10,20301913,24,18.0,0.8290682406071688,pert:random:0.2,0.19655438705489855,0.9987684312796236,0.9947095001935529,0.9997476863252578,0.6666666666666666,0.16240157394050214,-0.5638756044904757,-0.32221463113741466,0.6079114667146767,0.2211567738924921,-0.6444292622748293,0.4027682889217683,244690.56849416482,20406.19080366928,NaN,
WS(k=4;b=0.1),12,10,20301913,24,18.0,0.8290682406071688,pert:random:0.5,0.4954743762070033,0.9998793009062696,0.9916218029962405,0.999950450551603,0.6666666666666666,0.16240157394050214,-0.5638756044904757,-0.32221463113741466,0.6230475893457211,0.20602065126144764,-0.8860902356278904,0.4430451178139452,1.5164914298611672e6,126469.57859410632,NaN,
WS(k=4;b=0.1),12,10,20301913,24,18.0,0.8290682406071688,fit:triangle:mse,0.6665002633867777,0.9812007572920863,0.9783038684601647,0.9849527941999566,0.567483458604926,0.2615847820022428,-0.24166097335306103,0.966643893412244,0.6784679789983321,0.15060026160883666,0.48332194670612205,0.24166097335306103,3960.7702695086527,337.66752784591233,0.6665002633867777,1.36926;0.704012;0.173031;0.413998
WS(k=4;b=0.1),12,10,20301913,24,18.0,0.8290682406071688,fit:triangle:wgt,0.7812592185929691,0.9016003115839312,0.9162674051329511,0.9362071196460151,0.48964833454323003,0.33941990606393874,0.8860902356278905,1.0069207223044208,0.6778312435351739,0.1512369970719949,0.5638756044904758,0.24166097335306103,22.874921045262706,2.0951555364683245,0.893745745138637,0.0546;0.371829;0.417188;0.121376
WS(k=4;b=0.1),12,10,20301913,24,18.0,0.8290682406071688,fit:normal:mse,0.5907002434054649,0.9999462909224456,0.9778153398862041,0.9815252549861577,0.6666666666666666,0.16240157394050214,-0.5638756044904757,-0.32221463113741466,0.6666666666666673,0.16240157394050148,1.8527341290401345,0.08055365778435364,573.2029749098224,48.84364828531169,0.5907002434054649,12.5313;3.68359;4.25484
WS(k=4;b=0.1),12,10,20301913,24,18.0,0.8290682406071688,fit:normal:wgt,0.9958196676146526,0.9660639009624508,0.9758127411756125,0.9867847132817931,0.6666666666666666,0.16240157394050214,-0.5638756044904757,-0.32221463113741466,0.6321807176283335,0.19688752297883527,0.9666438934122441,0.4430451178139452,3.72067260821019e6,323320.31633261987,0.9603069973770398,9.15372;45.7044;0.01
WS(k=4;b=0.1),12,10,20301913,24,18.0,0.8290682406071688,paper:empP,0.9998765149607385,0.9999802656277073,0.9999676178338194,0.9999761304253036,0.818524929239562,0.010543311367606778,0.4027682889217683,0.0805536577843537,0.6441255118714335,0.18494272873573525,0.8860902356278904,0.36249146002959154,8048.69528995968,470.46052090048,NaN,
WS(k=4;b=0.1),12,10,20301913,24,18.0,0.8290682406071688,paper:binP,0.9998765149607385,0.9999802656277073,0.9999676178338194,0.9999761304253036,0.818524929239562,0.010543311367606778,0.4027682889217683,0.0805536577843537,0.6559690683864776,0.17309917222069116,0.4027682889217683,0.2819378022452378,579.5293465718083,32.30753471819928,NaN,
WS(k=4;b=0.1),12,11,20301914,24,18.0,0.8322135909252208,exactN,0.0,0.0,0.0,0.0,0.804337152287506,0.02787643863771483,0.0,0.0,0.8071510595017131,0.025062531423507783,0.0,0.0,14.096452835244932,0.9700961497564294,NaN,
WS(k=4;b=0.1),12,11,20301914,24,18.0,0.8322135909252208,pert:lowd:0.01,0.009999556878873408,0.8864873622219659,0.950029105748917,0.8751815676759077,0.6666666666666666,0.16554692425855422,-0.5638756044904757,-0.32221463113741466,0.6853971468205862,0.14681644410463468,-0.48332194670612205,0.2819378022452378,3637.5655435400804,303.34671487696943,NaN,
WS(k=4;b=0.1),12,11,20301914,24,18.0,0.8322135909252208,pert:lowd:0.05,0.04993906708216488,0.9946243217179113,0.9999502323926894,0.9905879330147194,0.6666666666666666,0.16554692425855422,-0.5638756044904757,-0.32221463113741466,0.6100080219969056,0.22220556892831522,-0.4027682889217684,0.36249146002959154,82774.07351185972,6903.001535960127,NaN,
WS(k=4;b=0.1),12,11,20301914,24,18.0,0.8322135909252208,pert:lowd:0.2,0.1961381926138633,0.9996685553636608,0.9973129249703626,0.9981786074019843,0.6666666666666666,0.16554692425855422,-0.5638756044904757,-0.32221463113741466,0.6023888786825251,0.22982471224269574,0.16110731556870728,0.36249146002959154,1.3005739809598285e6,108463.02556746973,NaN,
WS(k=4;b=0.1),12,11,20301914,24,18.0,0.8322135909252208,pert:lowd:0.5,0.44731831892268153,0.9999491819869278,0.9963093934090519,0.9989939632798522,0.6666666666666666,0.16554692425855422,-0.5638756044904757,-0.32221463113741466,0.5965535832234777,0.2356600077017431,0.0,0.36249146002959154,8.098985386961522e6,675426.1610368203,NaN,
WS(k=4;b=0.1),12,11,20301914,24,18.0,0.8322135909252208,pert:highd:0.01,0.004742080584784085,0.022977533752937013,0.005194962376089461,0.00770070537348424,0.6666666666666666,0.16554692425855422,-0.5638756044904757,0.48332194670612205,0.8071510595017131,0.025062531423507783,0.0,0.0,15.781894414875998,1.3152836344658114,NaN,
WS(k=4;b=0.1),12,11,20301914,24,18.0,0.8322135909252208,pert:highd:0.05,0.022906823407650868,0.11440031107883088,0.02610773775245805,0.038883265844879306,0.6666666666666666,0.16554692425855422,-0.5638756044904757,0.48332194670612205,0.8144755366914606,0.017738054233760292,-0.08055365778435375,0.0,36.20074422009172,3.0176915928287356,NaN,
WS(k=4;b=0.1),12,11,20301914,24,18.0,0.8322135909252208,pert:highd:0.2,0.08111413205193052,0.42107411853385807,0.10604345586101946,0.16000363304751927,0.6666666666666666,0.16554692425855422,-0.5638756044904757,0.48332194670612205,0.8071510595017131,0.025062531423507783,0.0,0.0,188.1720590660384,15.689867678809744,NaN,
WS(k=4;b=0.1),12,11,20301914,24,18.0,0.8322135909252208,pert:highd:0.5,0.16396056280724194,0.7626450449159001,0.26803391254001546,0.4041136329221278,0.6666666666666666,0.16554692425855422,-0.5638756044904757,0.48332194670612205,0.8019516490091865,0.030261941916034374,0.08055365778435375,-0.040276828892176875,849.2755585934526,70.82017573449829,NaN,
WS(k=4;b=0.1),12,11,20301914,24,18.0,0.8322135909252208,pert:nulled:0.01,0.00491598041835372,0.040126515687499247,0.00032188244401895047,0.000812718776601015,0.6666666666666666,0.16554692425855422,-0.5638756044904757,1.248581695657482,0.8071510595017131,0.025062531423507783,0.0,0.0,18.114354945970593,1.5097393219935022,NaN,
WS(k=4;b=0.1),12,11,20301914,24,18.0,0.8322135909252208,pert:nulled:0.05,0.023755210366313277,0.19829385496354504,0.0016097308049079341,0.0040641172339130095,0.6666666666666666,0.16554692425855422,-0.5638756044904757,1.248581695657482,0.8071510595017131,0.025062531423507783,0.0,0.0,55.11700225477025,4.594924305013109,NaN,
WS(k=4;b=0.1),12,11,20301914,24,18.0,0.8322135909252208,pert:nulled:0.2,0.08419886268988185,0.6399602799740125,0.006443611147025409,0.016262791195158686,0.6666666666666666,0.16554692425855422,-0.5638756044904757,1.248581695657482,0.8071510595017131,0.025062531423507783,0.0,0.0,372.6464218928402,31.073112645736412,NaN,
WS(k=4;b=0.1),12,11,20301914,24,18.0,0.8322135909252208,pert:nulled:0.5,0.1703479976419479,0.911142967694889,0.01613138387403066,0.04067043681849539,0.6666666666666666,0.16554692425855422,-0.5638756044904757,1.248581695657482,0.8071510595017131,0.025062531423507783,0.0,0.0,1854.5081191008962,154.64985874276087,NaN,
WS(k=4;b=0.1),12,11,20301914,24,18.0,0.8322135909252208,pert:random:0.01,0.009717354468784658,0.7219898459146982,0.04189431057110388,0.041209365466334004,0.6666666666666665,0.16554692425855433,-0.5638756044904757,1.1277512089809516,0.8144755366914606,0.017738054233760292,-0.08055365778435375,0.0,777.7127891489462,64.85786619085785,NaN,
WS(k=4;b=0.1),12,11,20301914,24,18.0,0.8322135909252208,pert:random:0.05,0.04901317065257511,0.9836486035363574,0.21446347558251108,0.213760152363493,0.6666666666666666,0.16554692425855422,-0.5638756044904757,1.248581695657482,0.8071510595017131,0.025062531423507783,0.0,0.0,21605.17263959078,1801.8278717423475,NaN,
WS(k=4;b=0.1),12,11,20301914,24,18.0,0.8322135909252208,pert:random:0.2,0.19978002114344057,0.9992887820345145,0.7298582981045941,0.7504097258516558,0.6666666666666666,0.16554692425855422,-0.5638756044904757,1.248581695657482,0.761354484543919,0.07085910638130188,0.4027682889217683,-0.0805536577843537,358010.9559066276,29856.983265517512,NaN,
WS(k=4;b=0.1),12,11,20301914,24,18.0,0.8322135909252208,pert:random:0.5,0.48361185357372616,0.9999624700622375,0.9780432162604796,0.9899328531403305,0.6666666666666666,0.16554692425855422,-0.5638756044904757,1.248581695657482,0.7392415237441908,0.09297206718103002,0.48332194670612205,-0.16110731556870736,2.2531407165078917e6,187904.31705653443,NaN,
WS(k=4;b=0.1),12,11,20301914,24,18.0,0.8322135909252208,fit:triangle:mse,0.6628128301031428,0.9811027461356078,0.9776050045072012,0.9840773234517394,0.5680499144253814,0.2641636764998394,-0.24166097335306103,0.966643893412244,0.6839778974636993,0.14823569346152154,0.32221463113741455,0.24166097335306103,7110.163097508538,605.9938702695937,0.6628128301031428,1.81668;0.737024;0.161067;0.450401
WS(k=4;b=0.1),12,11,20301914,24,18.0,0.8322135909252208,fit:triangle:wgt,0.7711510499648465,0.9010384052488577,0.9133484620973444,0.9342746917359648,0.481565730232852,0.35064786069236886,0.8055365778435367,1.0069207223044208,0.6829572720518645,0.14925631887335633,0.4027682889217683,0.24166097335306103,24.26816383101991,2.216017011459654,0.8932570895388527,0.0557796;0.861963;0.126099;0.315215
WS(k=4;b=0.1),12,11,20301914,24,18.0,0.8322135909252208,fit:normal:mse,0.5923909261631468,0.9999797243871689,0.9790018227666851,0.9824221812526456,0.6666666666666666,0.16554692425855422,-0.5638756044904757,-0.32221463113741466,0.6666666666666673,0.16554692425855355,1.7721804712557807,0.08055365778435364,420.9175232370873,35.88387446762682,0.5923909261631468,12.4368;3.5475;4.16029
WS(k=4;b=0.1),12,11,20301914,24,18.0,0.8322135909252208,fit:normal:wgt,0.9955209341260169,0.9659273739128348,0.9756032340612248,0.986499577768477,0.6666666666666666,0.16554692425855422,-0.5638756044904757,-0.32221463113741466,0.6445629558726503,0.1876506350525705,0.9666438934122441,0.4430451178139452,3.7311954042348894e6,323807.2506147436,0.9601631379489454,9.16333;48.6649;0.01
WS(k=4;b=0.1),12,11,20301914,24,18.0,0.8322135909252208,paper:empP,0.9998753412094552,0.9999784326684354,0.9999649866340325,0.9999736999473753,0.8233093444150222,0.00890424651019861,0.32221463113741466,0.0805536577843537,0.6536264577313678,0.178587133193853,0.8860902356278904,0.36249146002959154,6948.368430029974,414.0618876216772,NaN,
WS(k=4;b=0.1),12,11,20301914,24,18.0,0.8322135909252208,paper:binP,0.9998753412094552,0.9999784326684354,0.9999649866340325,0.9999736999473753,0.8230581517020172,0.00915543922320361,0.4027682889217683,0.0805536577843537,0.661039960982044,0.17117362994317686,0.32221463113741455,0.2819378022452378,579.5293465718083,32.30753471819928,NaN,
WS(k=4;b=0.1),12,12,20301915,24,18.0,0.8325207324252444,exactN,0.0,0.0,0.0,0.0,0.804389349229235,0.028131383196009385,0.0,0.0,0.7920279813708436,0.040492751054400755,0.0,0.0,14.103076476759352,0.9703132085555224,NaN,
WS(k=4;b=0.1),12,12,20301915,24,18.0,0.8325207324252444,pert:lowd:0.01,0.009999557542933007,0.8837353393503612,0.9467888708830825,0.7684425269608536,0.6666666666666666,0.16585406575857775,-0.5638756044904757,-0.32221463113741466,0.6946363920194651,0.13788434040577924,0.5638756044904758,0.16110731556870733,3637.5626979072513,303.34429132519637,NaN,
WS(k=4;b=0.1),12,12,20301915,24,18.0,0.8325207324252444,pert:lowd:0.05,0.04993908445338625,0.9945032677021164,0.9999737646724902,0.9585672029985486,0.6666666666666666,0.16585406575857775,-0.5638756044904757,-0.32221463113741466,0.610846720629804,0.22167401179544033,-0.48332194670612216,0.3222146311374147,82774.00502041598,6902.943670042057,NaN,
WS(k=4;b=0.1),12,12,20301915,24,18.0,0.8325207324252444,pert:lowd:0.2,0.19613845805271463,0.9996690609060576,0.9973935765078826,0.9811871905446391,0.6666666666666666,0.16585406575857775,-0.5638756044904757,-0.32221463113741466,0.6755360655888071,0.1569846668364373,0.9666438934122441,0.2013841444608842,1.30057289304486e6,108462.10788140938,NaN,
WS(k=4;b=0.1),12,12,20301915,24,18.0,0.8325207324252444,pert:lowd:0.5,0.4473195804057147,0.9999517558146894,0.9963765323089383,0.9847488204846063,0.6666666666666666,0.16585406575857775,-0.5638756044904757,-0.32221463113741466,0.6769788635989396,0.15554186882630483,1.0471975511965974,0.16110731556870733,8.098978597428131e6,675420.435709729,NaN,
WS(k=4;b=0.1),12,12,20301915,24,18.0,0.8325207324252444,pert:highd:0.01,0.004755605057795379,0.022632287041968874,0.005069355129186553,0.010507680369219596,0.6666666666666666,0.16585406575857775,-0.5638756044904757,0.48332194670612205,0.7920279813708436,0.040492751054400755,0.0,0.0,15.781893009742038,1.3152822313667991,NaN,
WS(k=4;b=0.1),12,12,20301915,24,18.0,0.8325207324252444,pert:highd:0.05,0.022972768733832787,0.11273071509467836,0.025471828029401258,0.05330436634009749,0.6666666666666666,0.16585406575857775,-0.5638756044904757,0.48332194670612205,0.7998701731122411,0.03265055931300331,-0.08055365778435375,0.0,36.200732752167205,3.0176808321679687,NaN,
WS(k=4;b=0.1),12,12,20301915,24,18.0,0.8325207324252444,pert:highd:0.2,0.08135356308173511,0.4162630294676671,0.10340864082631748,0.22148003084973036,0.6666666666666666,0.16585406575857775,-0.5638756044904757,0.48332194670612205,0.8079699765679942,0.024550755857250195,-0.08055365778435375,-0.04027682889217682,188.17194656052024,15.689768458681142,NaN,
WS(k=4;b=0.1),12,12,20301915,24,18.0,0.8325207324252444,pert:highd:0.5,0.16445567901484848,0.7588104311987266,0.26137179853592507,0.5453941012810628,0.6666666666666666,0.16585406575857775,-0.5638756044904757,0.48332194670612205,0.8026770438399731,0.02984368858527131,0.0,-0.0805536577843537,849.2749441605573,70.81964679674913,NaN,
WS(k=4;b=0.1),12,12,20301915,24,18.0,0.8325207324252444,pert:nulled:0.01,0.004923170913216004,0.03952299214881562,0.00031392431081998806,0.0008634953602611669,0.6666666666666666,0.16585406575857775,-0.5638756044904757,1.248581695657482,0.7920279813708436,0.040492751054400755,0.0,0.0,18.11435257382472,1.5097369812860966,NaN,
WS(k=4;b=0.1),12,12,20301915,24,18.0,0.8325207324252444,pert:nulled:0.05,0.023790311353483844,0.19545839979246732,0.0015699221104875749,0.004316269566636253,0.6666666666666666,0.16585406575857775,-0.5638756044904757,1.248581695657482,0.7920279813708436,0.040492751054400755,0.0,0.0,55.116979861773046,4.594903721956269,NaN,
WS(k=4;b=0.1),12,12,20301915,24,18.0,0.8325207324252444,pert:nulled:0.2,0.08432670163714547,0.6345777303039095,0.006284112456905789,0.0172451671584362,0.6666666666666666,0.16585406575857775,-0.5638756044904757,1.248581695657482,0.7920279813708436,0.040492751054400755,0.0,0.0,372.6461743368338,31.072897120711872,NaN,
WS(k=4;b=0.1),12,12,20301915,24,18.0,0.8325207324252444,pert:nulled:0.5,0.17061311734903467,0.9091818312899497,0.01573139552540191,0.04299227341342583,0.6666666666666666,0.16585406575857775,-0.5638756044904757,1.248581695657482,0.8079699765679942,0.024550755857250195,-0.08055365778435375,-0.04027682889217682,1854.5067102907926,154.6486539662137,NaN,
WS(k=4;b=0.1),12,12,20301915,24,18.0,0.8325207324252444,pert:random:0.01,0.009894628706498732,0.34734755299160053,0.37985016128261484,0.30414309122422584,0.6666666666666666,0.16585406575857775,-0.5638756044904757,-0.32221463113741466,0.7355746081765377,0.09694612424870663,0.32221463113741455,0.08055365778435364,81.95644576169094,6.832844345398004,NaN,
WS(k=4;b=0.1),12,12,20301915,24,18.0,0.8325207324252444,pert:random:0.05,0.04915073266830424,0.8640586621464575,0.8241055067918629,0.7363209871789217,0.6666666666666663,0.16585406575857808,-0.5638756044904757,0.0,0.7057956655247599,0.12672506690048446,0.5638756044904758,0.12083048667653046,1047.583792252077,87.36113401289025,NaN,
WS(k=4;b=0.1),12,12,20301915,24,18.0,0.8325207324252444,pert:random:0.2,0.18946491379135347,0.9832036915726494,0.9410097808612955,0.8930094769085268,0.6666666666666671,0.1658540657585773,-0.5638756044904757,-0.04027682889217682,0.5902331793785766,0.24228755304666783,-0.9666438934122441,0.4430451178139451,16351.778760225467,1363.6757831059072,NaN,
WS(k=4;b=0.1),12,12,20301915,24,18.0,0.8325207324252444,pert:random:0.5,0.4209721849342009,0.9944041068312396,0.9593848425687171,0.9216657886605307,0.6666666666666665,0.16585406575857786,-0.5638756044904757,-0.08055365778435367,0.5177268407340267,0.31479389169121763,-0.5638756044904758,0.4430451178139451,104270.80091734024,8695.800905022199,NaN,
WS(k=4;b=0.1),12,12,20301915,24,18.0,0.8325207324252444,fit:triangle:mse,0.6624432461577231,0.9838571329978001,0.9794676792165691,0.9901603603901311,0.5923325597780971,0.2401881726471473,-0.32221463113741466,0.966643893412244,0.6859021711933573,0.1466185612318871,0.2416609733530608,0.2013841444608842,37435.86168142925,3171.089530655357,0.6624432461577231,4.15958;0.50289;0.272294;0.236994
WS(k=4;b=0.1),12,12,20301915,24,18.0,0.8325207324252444,fit:triangle:wgt,0.7655538055635845,0.9043551084308017,0.918340478756645,0.9520159115333232,0.4819679290994665,0.3505528033257779,0.8055365778435367,1.0069207223044208,0.6643476626353688,0.16817306978987556,0.32221463113741455,0.24166097335306097,24.093811230706148,2.2001618306542765,0.8967341562896035,0.0560824;0.582133;0.20652;0.163096
WS(k=4;b=0.1),12,12,20301915,24,18.0,0.8325207324252444,fit:normal:mse,0.59096540126482,0.9999968646482575,0.9796986137981724,0.9947622413565552,0.6666666666666666,0.16585406575857775,-0.5638756044904757,-0.32221463113741466,0.6666666666666662,0.1658540657585782,1.691626813471427,0.7249829200591831,330.4643013350768,28.189598935468553,0.59096540126482,12.3841;3.45043;4.07476
WS(k=4;b=0.1),12,12,20301915,24,18.0,0.8325207324252444,fit:normal:wgt,0.991758102395003,0.967257693182191,0.9777074117487567,0.99312170702953,0.6666666666666666,0.16585406575857775,-0.5638756044904757,-0.32221463113741466,0.6653080904135611,0.1672126420116833,1.2888585245496587,0.3624914600295915,4.1363447179073314e6,353026.35587316775,0.9616112984777576,10.1707;45.6702;0.01
WS(k=4;b=0.1),12,12,20301915,24,18.0,0.8325207324252444,paper:empP,0.9998753728342061,0.999978331556064,0.9999621410646302,0.9999787733000247,0.8303606527822452,0.0021600796429991354,0.32221463113741466,0.040276828892176875,0.6548169530833726,0.17770377934187176,0.8055365778435366,0.3222146311374147,5790.397476182406,351.20868141338167,NaN,
WS(k=4;b=0.1),12,12,20301915,24,18.0,0.8325207324252444,paper:binP,0.9998753728342061,0.999978331556064,0.9999621410646302,0.9999787733000247,0.8235008180527471,0.009019914372497273,0.4027682889217683,0.0805536577843537,0.6630706324043109,0.16945010002093353,0.2416609733530608,0.24166097335306097,579.5293465718083,32.30753471819928,NaN,
WS(k=4;b=0.1),12,13,20301916,24,18.0,0.8282706808743872,exactN,0.0,0.0,0.0,0.0,0.8021646435535855,0.026106037320801634,0.0,0.0,0.8106990444964577,0.017571636377929467,0.0,0.0,14.082749682484499,0.9718287477910672,NaN,
WS(k=4;b=0.1),12,13,20301916,24,18.0,0.8282706808743872,pert:lowd:0.01,0.009999551077655594,0.8813781569972112,0.9428248673135734,0.8654147562643957,0.6666666666666666,0.16160401420772053,-0.5638756044904757,-0.32221463113741466,0.6787643715554166,0.14950630931897058,-0.4027682889217683,0.2819378022452378,3636.733280909473,303.2747368846126,NaN,
WS(k=4;b=0.1),12,13,20301916,24,18.0,0.8282706808743872,pert:lowd:0.05,0.0499389157731664,0.9941451444605676,0.9999518535411321,0.9879472384118979,0.6666666666666666,0.16160401420772053,-0.5638756044904757,-0.32221463113741466,0.6036190254954198,0.22465165537896736,-0.32221463113741466,0.36249146002959154,82754.21709500688,6901.283915715207,NaN,
WS(k=4;b=0.1),12,13,20301916,24,18.0,0.8282706808743872,pert:lowd:0.2,0.196135881781388,0.9995921255573381,0.9985112214933982,0.9970104571077367,0.6666666666666666,0.16160401420772053,-0.5638756044904757,-0.32221463113741466,0.6085924283934196,0.2196782524809675,0.3222146311374148,0.36249146002959154,1.3002591287369207e6,108435.78913224298,NaN,
WS(k=4;b=0.1),12,13,20301916,24,18.0,0.8282706808743872,pert:lowd:0.5,0.44730733807712036,0.9999213055244787,0.9977285398801974,0.9981042895334546,0.6666666666666666,0.16160401420772053,-0.5638756044904757,-0.32221463113741466,0.5678401722003282,0.2604305086740589,0.1611073155687075,0.4027682889217683,8.097021123626765e6,675256.2401775182,NaN,
WS(k=4;b=0.1),12,13,20301916,24,18.0,0.8282706808743872,pert:highd:0.01,0.004732475355573029,0.02247165640597951,0.005101691381112794,0.00756163802138169,0.6666666666666666,0.16160401420772053,-0.5638756044904757,0.48332194670612205,0.8106990444964577,0.017571636377929467,0.0,0.0,15.78140590284176,1.315241537748487,NaN,
WS(k=4;b=0.1),12,13,20301916,24,18.0,0.8282706808743872,pert:highd:0.05,0.02285999183660408,0.11186280373034486,0.025640031972613084,0.03817681681548491,0.6666666666666666,0.16160401420772053,-0.5638756044904757,0.48332194670612205,0.8106990444964577,0.017571636377929467,0.0,0.0,36.197016782778206,3.017369958870659,NaN,
WS(k=4;b=0.1),12,13,20301916,24,18.0,0.8282706808743872,pert:highd:0.2,0.0809441329497912,0.412665058998536,0.10417470629983205,0.15708168009521734,0.6666666666666666,0.16160401420772053,-0.5638756044904757,0.48332194670612205,0.8038589824573424,0.024411698417044714,0.08055365778435375,0.0,188.13787615964978,15.686913887405652,NaN,
WS(k=4;b=0.1),12,13,20301916,24,18.0,0.8282706808743872,pert:highd:0.5,0.1636090904173974,0.7536594885082931,0.2636506985407227,0.3973399224252802,0.6666666666666666,0.16160401420772053,-0.5638756044904757,0.48332194670612205,0.7993274645301991,0.02894321634418806,0.1611073155687075,-0.040276828892176875,849.0937355418082,70.80445497812914,NaN,
WS(k=4;b=0.1),12,13,20301916,24,18.0,0.8282706808743872,pert:nulled:0.01,0.0049154725868098504,0.03924373084881784,0.00031742378001528104,0.0007989488173520189,0.6666666666666666,0.16160401420772053,-0.5638756044904757,1.248581695657482,0.8106990444964577,0.017571636377929467,0.0,0.0,18.113540763090455,1.5096691437672705,NaN,
WS(k=4;b=0.1),12,13,20301916,24,18.0,0.8282706808743872,pert:nulled:0.05,0.023752731410913757,0.19399973369422213,0.0015873910423170056,0.003995027950913139,0.6666666666666666,0.16160401420772053,-0.5638756044904757,1.248581695657482,0.8106990444964577,0.017571636377929467,0.0,0.0,55.10988498863261,4.594309884307032,NaN,
WS(k=4;b=0.1),12,13,20301916,24,18.0,0.8282706808743872,pert:nulled:0.2,0.0841898349025042,0.630614695222405,0.0063535582337921675,0.01598291631061305,0.6666666666666666,0.16160401420772053,-0.5638756044904757,1.248581695657482,0.8106990444964577,0.017571636377929467,0.0,0.0,372.57225755223544,31.066702019288297,NaN,
WS(k=4;b=0.1),12,13,20301916,24,18.0,0.8282706808743872,pert:nulled:0.5,0.1703292765545923,0.9065901090475068,0.015902816483085634,0.039954082231793836,0.6666666666666666,0.16160401420772053,-0.5638756044904757,1.248581695657482,0.8038589824573424,0.024411698417044714,0.08055365778435375,0.0,1854.0942318691139,154.6140674585216,NaN,
WS(k=4;b=0.1),12,13,20301916,24,18.0,0.8282706808743872,pert:random:0.01,0.009925182704918115,0.27069269972828114,0.3266475271521178,0.3134981602544977,0.6918502001911383,0.13642048068324886,-0.48332194670612205,0.0,0.7687278061828621,0.05954287469152508,0.24166097335306103,0.08055365778435364,75.75466559508023,6.217521344760555,NaN,
WS(k=4;b=0.1),12,13,20301916,24,18.0,0.8282706808743872,pert:random:0.05,0.04983003797122799,0.809829508018044,0.776288242871169,0.785372401780913,0.6666666666666671,0.16160401420772008,-0.5638756044904757,-0.04027682889217682,0.7171252446951459,0.11114543617924122,0.8055365778435366,0.08055365778435364,892.40759430329,74.41730495359856,NaN,
WS(k=4;b=0.1),12,13,20301916,24,18.0,0.8282706808743872,pert:random:0.2,0.1995302524919599,0.9817971035738238,0.9213979454290078,0.9384597448053528,0.6666666666666671,0.16160401420772008,-0.5638756044904757,-0.04027682889217682,0.7138096735766801,0.11446100729770703,0.8860902356278904,0.04027682889217682,12238.0725759685,1020.5823998741456,NaN,
WS(k=4;b=0.1),12,13,20301916,24,18.0,0.8282706808743872,pert:random:0.5,0.46873153899420855,0.9962145473849677,0.9456956494820099,0.9619565491639813,0.6666666666666665,0.16160401420772064,-0.5638756044904757,-0.08055365778435367,0.5520231949577263,0.2762474859166608,-0.6444292622748293,1.0471975511965979,74803.50215516324,6238.25997479322,NaN,
WS(k=4;b=0.1),12,13,20301916,24,18.0,0.8282706808743872,fit:triangle:mse,0.6448159823418752,0.9787319853582294,0.9757117032417315,0.9818560295502353,0.5675978538397488,0.26067282703463834,-0.24166097335306103,0.966643893412244,0.6851695985637385,0.14310108231064866,0.4027682889217683,0.24166097335306103,51405.73805966447,4379.855360853994,0.6448159823418752,4.80298;0.604219;0.210918;0.300904
WS(k=4;b=0.1),12,13,20301916,24,18.0,0.8282706808743872,fit:triangle:wgt,0.7597887019631846,0.8898247247194595,0.9045659425209426,0.9240145222676147,0.4709026248454248,0.3573680560289624,0.8860902356278905,0.966643893412244,0.6847656385099946,0.14350504236439254,0.5638756044904758,0.24166097335306103,27.519416946180122,2.5425785905511384,0.8819976451159958,0.0632272;0.809034;0.146148;0.293465
WS(k=4;b=0.1),12,13,20301916,24,18.0,0.8282706808743872,fit:normal:mse,0.5653673657559981,0.999799910751297,0.9701807346699539,0.9737184178986379,0.6666666666666666,0.16160401420772053,-0.5638756044904757,-0.32221463113741466,0.6666666666666666,0.16160401420772053,1.8527341290401345,0.12083048667653046,977.4631415599381,82.24430653834709,0.5653673657559981,12.4729;3.95974;4.28477
WS(k=4;b=0.1),12,13,20301916,24,18.0,0.8282706808743872,fit:normal:wgt,0.9977459867394083,0.9655903817115746,0.975082844408622,0.9864956902429999,0.6666666666666661,0.16160401420772108,2.5777170490993173,-0.28193780224523785,0.6233038171611242,0.204966863713263,0.8055365778435366,0.4430451178139452,3.2967929873252003e6,287550.28165439423,0.9599282401345359,8.1647;58.2221;0.01
WS(k=4;b=0.1),12,13,20301916,24,18.0,0.8282706808743872,paper:empP,0.999883965758446,0.9999811924809388,0.9999688519628795,0.999976827265772,0.8184882283591643,0.009782452515222806,0.32221463113741466,0.0805536577843537,0.6566604000545039,0.17161028081988328,0.9666438934122441,0.36249146002959154,5983.643181464859,356.3020612130873,NaN,
WS(k=4;b=0.1),12,13,20301916,24,18.0,0.8282706808743872,paper:binP,0.999883965758446,0.9999811924809388,0.9999688519628795,0.999976827265772,0.8180828472212149,0.010187833653172218,0.4027682889217683,0.0805536577843537,0.662628426061807,0.1656422548125801,0.4027682889217683,0.2819378022452378,579.5293465718083,32.30753471819928,NaN,
WS(k=4;b=0.1),12,14,20301917,24,20.0,0.7564339930407875,exactN,0.0,0.0,0.0,0.0,0.7276003511560564,0.028833641884731143,0.0,0.0,0.7224728025998568,0.03396119044093071,0.0,0.0,14.106884205598272,0.9656306620546496,NaN,
WS(k=4;b=0.1),12,14,20301917,24,20.0,0.7564339930407875,pert:lowd:0.01,0.009999549744459062,0.865267034667189,0.9230996328001984,0.7357565919978968,0.6,0.15643399304078753,-0.5638756044904757,-0.32221463113741466,0.6257188612241037,0.13071513181668382,-0.4027682889217685,0.24166097335306097,3652.804761719228,304.58521885494025,NaN,
WS(k=4;b=0.1),12,14,20301917,24,20.0,0.7564339930407875,pert:lowd:0.05,0.049938881112432304,0.9932185559672377,0.9994803600741574,0.9528830228410133,0.6,0.15643399304078753,-0.5638756044904757,-0.32221463113741466,0.5675533659614016,0.1888806270793859,-0.48332194670612216,0.3222146311374147,83137.59383073653,6932.5457055007955,NaN,
WS(k=4;b=0.1),12,14,20301917,24,20.0,0.7564339930407875,pert:lowd:0.2,0.1961353527423804,0.9995390951193345,0.9992083392581567,0.9795432911877784,0.6,0.15643399304078753,-0.5638756044904757,-0.32221463113741466,0.5563728349525044,0.20006115808828306,-0.08055365778435375,0.3222146311374147,1.3063379256550525e6,108931.4769903946,NaN,
WS(k=4;b=0.1),12,14,20301917,24,20.0,0.7564339930407875,pert:lowd:0.5,0.44730482445289704,0.9999150554532797,0.998532917112249,0.9836897551237137,0.6,0.15643399304078753,-0.5638756044904757,-0.32221463113741466,0.5830084674262601,0.1734255256145274,0.5638756044904758,0.3222146311374147,8.1349445657981625e6,678348.6633179436,NaN,
WS(k=4;b=0.1),12,14,20301917,24,20.0,0.7564339930407875,pert:highd:0.01,0.004780565164098193,0.020769580819273555,0.004577061037657798,0.009443956621953818,0.6,0.15643399304078753,-0.5638756044904757,0.48332194670612205,0.7301048367964839,0.026329156244303653,-0.08055365778435375,0.0,15.790866943429883,1.316012587213151,NaN,
WS(k=4;b=0.1),12,14,20301917,24,20.0,0.7564339930407875,pert:highd:0.05,0.023094489520496118,0.10354331384073696,0.022984178333219894,0.047783704871066965,0.6,0.15643399304078753,-0.5638756044904757,0.48332194670612205,0.7301048367964839,0.026329156244303653,-0.08055365778435375,0.0,36.269128614614004,3.0232480356116636,NaN,
WS(k=4;b=0.1),12,14,20301917,24,20.0,0.7564339930407875,pert:highd:0.2,0.08179565159969604,0.387183373830051,0.09315943634411165,0.1972502259956326,0.6,0.15643399304078753,-0.5638756044904757,0.48332194670612205,0.7359527259040932,0.020481267136694292,-0.08055365778435375,-0.04027682889217682,188.79842292042065,15.740768635634952,NaN,
WS(k=4;b=0.1),12,14,20301917,24,20.0,0.7564339930407875,pert:highd:0.5,0.1653701572401709,0.7299404028747976,0.23555763194216572,0.48909150746727653,0.6,0.15643399304078753,-0.5638756044904757,0.48332194670612205,0.7293350471401582,0.027098945900629334,0.0,-0.0805536577843537,852.6055996108735,71.09080405502878,NaN,
WS(k=4;b=0.1),12,14,20301917,24,20.0,0.7564339930407875,pert:nulled:0.01,0.0049568121218933475,0.03626892307069388,0.0002841948721424402,0.0007677719132235673,0.6,0.15643399304078753,-0.5638756044904757,1.248581695657482,0.7224728025998568,0.03396119044093071,0.0,0.0,18.129305940842777,1.5109540103789323,NaN,
WS(k=4;b=0.1),12,14,20301917,24,20.0,0.7564339930407875,pert:nulled:0.05,0.023954556849182573,0.17980150358270916,0.0014211656236520643,0.003837759705590541,0.6,0.15643399304078753,-0.5638756044904757,1.248581695657482,0.7224728025998568,0.03396119044093071,0.0,0.0,55.24752561892445,4.605530201126923,NaN,
WS(k=4;b=0.1),12,14,20301917,24,20.0,0.7564339930407875,pert:nulled:0.2,0.08492511851354302,0.6008002353079048,0.005687467718679217,0.015333279445478517,0.6,0.15643399304078753,-0.5638756044904757,1.248581695657482,0.7224728025998568,0.03396119044093071,0.0,0.0,374.0050411963564,31.183523042991634,NaN,
WS(k=4;b=0.1),12,14,20301917,24,20.0,0.7564339930407875,pert:nulled:0.5,0.17185459143928647,0.8935465738116706,0.014231937172378379,0.03822964233471085,0.6,0.15643399304078753,-0.5638756044904757,1.248581695657482,0.7224728025998568,0.03396119044093071,0.0,0.0,1862.0872965941837,155.26581879989877,NaN,
WS(k=4;b=0.1),12,14,20301917,24,20.0,0.7564339930407875,pert:random:0.01,0.009801360905742061,0.25992257323558854,0.11873781186605242,0.07837697840107452,0.6,0.15643399304078753,-0.5638756044904757,1.248581695657482,0.7224728025998568,0.03396119044093071,0.0,0.0,105.61944967799542,8.805356853473786,NaN,
WS(k=4;b=0.1),12,14,20301917,24,20.0,0.7564339930407875,pert:random:0.05,0.04936080281283319,0.8014597424074392,0.5058017142432986,0.33706420162151446,0.6,0.15643399304078753,-0.5638756044904757,1.248581695657482,0.6635874903673677,0.09284650267341976,0.2416609733530608,0.12083048667653046,1408.4509277543254,117.43947904734408,NaN,
WS(k=4;b=0.1),12,14,20301917,24,20.0,0.7564339930407875,pert:random:0.2,0.19999343887491688,0.9825077956512364,0.9094016491495011,0.7315493944435078,0.6,0.15643399304078753,-0.5638756044904757,1.248581695657482,0.655403557704771,0.10103043533601652,0.48332194670612183,0.08055365778435364,19523.10890148253,1627.9483378890031,NaN,
WS(k=4;b=0.1),12,14,20301917,24,20.0,0.7564339930407875,pert:random:0.5,0.4790970026209663,0.9969559927754548,0.979099457830052,0.8726034535744571,0.6,0.15643399304078753,-0.5638756044904757,1.248581695657482,0.64833334075972,0.10810065228106747,0.5638756044904758,0.08055365778435364,118416.29820603249,9874.322953220644,NaN,
WS(k=4;b=0.1),12,14,20301917,24,20.0,0.7564339930407875,fit:triangle:mse,0.6510075660969936,0.985812546116603,0.9826369428895282,0.9912687695275723,0.5779498425607847,0.17848415048000277,-0.48332194670612205,0.966643893412244,0.6341746864214428,0.1222593066193447,0.08055365778435353,0.2013841444608842,138599.88949691612,11611.198894289193,0.6510075660969936,8.0;0.654757;0.187282;0.363686
WS(k=4;b=0.1),12,14,20301917,24,20.0,0.7564339930407875,fit:triangle:wgt,0.7544313033953105,0.924612448243374,0.9433857470744386,0.9672211413408444,0.40376167549789493,0.3526723175428926,0.6444292622748294,0.966643893412244,0.608933342388992,0.14750065065179552,0.2416609733530608,0.24166097335306097,26.079545678840926,2.396349841877264,0.9175535359240332,0.0589724;0.692497;0.14865;0.19308
WS(k=4;b=0.1),12,14,20301917,24,20.0,0.7564339930407875,fit:normal:mse,0.5632407054777105,0.9999701446656557,0.9721778462070864,0.9920331411476231,0.6,0.15643399304078753,-0.5638756044904757,-0.32221463113741466,0.6000000000000003,0.1564339930407872,1.691626813471427,0.0,322.2015668184174,27.022896998809703,0.5632407054777105,12.3559;3.48661;3.71743
WS(k=4;b=0.1),12,14,20301917,24,20.0,0.7564339930407875,fit:normal:wgt,0.997299137658097,0.976372897678051,0.9917110300004678,0.9985333269498594,0.5999999999999993,0.1564339930407882,2.5777170490993173,-0.28193780224523785,0.5576363279546982,0.19879766508608931,0.5638756044904758,0.40276828892176836,3.164204026020214e6,273646.37024905515,0.9717518177492488,8.15825;74.4629;0.01
WS(k=4;b=0.1),12,14,20301917,24,20.0,0.7564339930407875,paper:empP,0.9993617020150598,0.9997761633218089,0.9996667784497988,0.9997457234881865,0.7410797787257497,0.015354214315037806,0.4027682889217683,0.12083048667653051,0.5703102618418212,0.1861237311989663,0.32221463113741455,0.3222146311374147,25765.050405236165,1379.7438295432546,NaN,
WS(k=4;b=0.1),12,14,20301917,24,20.0,0.7564339930407875,paper:binP,0.9993617020150598,0.9997761633218089,0.9996667784497988,0.9997457234881865,0.7511909592959928,0.005243033744794734,0.4027682889217683,0.0805536577843537,0.608933342388992,0.14750065065179552,0.2416609733530608,0.24166097335306097,579.5293465718083,32.30753471819928,NaN,
WS(k=4;b=0.1),12,15,20301918,24,17.0,0.877542022811397,exactN,0.0,0.0,0.0,0.0,0.8497604393113878,0.027781583500009255,0.0,0.0,0.8574063544128185,0.0201356683985785,0.0,0.0,14.083546234687349,0.9717706049298239,NaN,
WS(k=4;b=0.1),12,15,20301918,24,17.0,0.877542022811397,pert:lowd:0.01,0.009999549304543982,0.8623709482015611,0.9261929723914831,0.844163532995255,0.7058823529411765,0.17165966987022052,-0.5638756044904757,-0.32221463113741466,0.7225565986998873,0.15498542411150973,-0.48332194670612194,0.2819378022452378,3650.8865206752344,304.4795986118617,NaN,
WS(k=4;b=0.1),12,15,20301918,24,17.0,0.877542022811397,pert:lowd:0.05,0.04993886968453754,0.9928124462743667,0.999575402602863,0.9865466264142944,0.7058823529411765,0.17165966987022052,-0.5638756044904757,-0.32221463113741466,0.6425715661124752,0.2349704566989218,-0.4027682889217683,0.36249146002959154,83091.81054342893,6930.024177441983,NaN,
WS(k=4;b=0.1),12,15,20301918,24,17.0,0.877542022811397,pert:lowd:0.2,0.19613517833961824,0.9994535387657988,0.999131076671729,0.9969943230575691,0.7058823529411765,0.17165966987022052,-0.5638756044904757,-0.32221463113741466,0.6185998099739888,0.25894221283740826,0.08055365778435375,0.36249146002959154,1.3056119112745072e6,108891.48947550805,NaN,
WS(k=4;b=0.1),12,15,20301918,24,17.0,0.877542022811397,pert:lowd:0.5,0.4473039958384887,0.9998786832773272,0.998441933674848,0.9981983975775335,0.7058823529411765,0.17165966987022052,-0.5638756044904757,-0.32221463113741466,0.5813733618723719,0.29616866093902516,-0.08055365778435353,0.4027682889217683,8.130415123690224e6,678099.1875174707,NaN,
WS(k=4;b=0.1),12,15,20301918,24,17.0,0.877542022811397,pert:highd:0.01,0.004760578982908439,0.020580840579764552,0.004677844715303022,0.006903433116846771,0.7058823529411765,0.17165966987022052,-0.5638756044904757,0.48332194670612205,0.8574063544128185,0.0201356683985785,0.0,0.0,15.789748611582079,1.3159513006077828,NaN,
WS(k=4;b=0.1),12,15,20301918,24,17.0,0.877542022811397,pert:highd:0.05,0.022997023054955976,0.10244948598236818,0.023482629774160966,0.03477455929359551,0.7058823529411765,0.17165966987022052,-0.5638756044904757,0.48332194670612205,0.8574063544128185,0.0201356683985785,0.0,0.0,36.26057409639064,3.0227784110166147,NaN,
WS(k=4;b=0.1),12,15,20301918,24,17.0,0.877542022811397,pert:highd:0.2,0.08144163887159805,0.3816860421059807,0.09504928138504151,0.1420553101897591,0.7058823529411765,0.17165966987022052,-0.5638756044904757,0.48332194670612205,0.8574063544128185,0.0201356683985785,0.0,0.0,188.71976196276245,15.736442263731632,NaN,
WS(k=4;b=0.1),12,15,20301918,24,17.0,0.877542022811397,pert:highd:0.5,0.16463783739225338,0.7199420713760627,0.23953126728510987,0.3573151521572932,0.7058823529411765,0.17165966987022052,-0.5638756044904757,0.48332194670612205,0.8540729299614827,0.023469092849914386,0.08055365778435375,-0.040276828892176875,852.1867327929042,71.06774875765487,NaN,
WS(k=4;b=0.1),12,15,20301918,24,17.0,0.877542022811397,pert:nulled:0.01,0.004944845576780391,0.03594458724986532,0.0002891297629483427,0.0007188913286271755,0.7058823529411765,0.17165966987022052,-0.5638756044904757,1.248581695657482,0.8574063544128185,0.0201356683985785,0.0,0.0,18.127441193968977,1.5108517855718542,NaN,
WS(k=4;b=0.1),12,15,20301918,24,17.0,0.877542022811397,pert:nulled:0.05,0.023896128540593597,0.17780242778523797,0.001445842071956307,0.0035946020090016377,0.7058823529411765,0.17165966987022052,-0.5638756044904757,1.248581695657482,0.8574063544128185,0.0201356683985785,0.0,0.0,55.231177157975736,4.60463216156405,NaN,
WS(k=4;b=0.1),12,15,20301918,24,17.0,0.877542022811397,pert:nulled:0.2,0.08471219563117184,0.592573769033047,0.005786199958905466,0.014379529530010982,0.7058823529411765,0.17165966987022052,-0.5638756044904757,1.248581695657482,0.8574063544128185,0.0201356683985785,0.0,0.0,373.83427645386575,31.17412715182788,NaN,
WS(k=4;b=0.1),12,15,20301918,24,17.0,0.877542022811397,pert:nulled:0.5,0.17141277823628626,0.885652521827422,0.014478858787009947,0.03594188718565234,0.7058823529411765,0.17165966987022052,-0.5638756044904757,1.248581695657482,0.8574063544128185,0.0201356683985785,0.0,0.0,1861.1335302444784,155.21331040742805,NaN,
WS(k=4;b=0.1),12,15,20301918,24,17.0,0.877542022811397,pert:random:0.01,0.009998506274618292,0.18211373250592566,0.21724139296944728,0.2008575727488908,0.7058823529411764,0.17165966987022063,-0.5638756044904757,1.0874743800887745,0.8497824305022226,0.027759592309174463,0.08055365778435375,0.0,39.13696438404925,3.262668510679924,NaN,
WS(k=4;b=0.1),12,15,20301918,24,17.0,0.877542022811397,pert:random:0.05,0.04998709014315468,0.6885829243063363,0.8204144751944755,0.8051765186741986,0.7058823529411766,0.1716596698702204,-0.5638756044904757,1.0069207223044208,0.6855197658139609,0.19202225699743614,-1.0471975511965976,0.4430451178139452,394.8281074489636,32.92888808236442,NaN,
WS(k=4;b=0.1),12,15,20301918,24,17.0,0.877542022811397,pert:random:0.2,0.1970797757854953,0.9727797769988454,0.9998892892369918,0.9992071005718342,0.7058823529411764,0.17165966987022063,-0.5638756044904757,0.966643893412244,0.5699277809428756,0.3076142418685215,-0.4027682889217683,0.4430451178139452,6482.841056660516,540.6961342435727,NaN,
WS(k=4;b=0.1),12,15,20301918,24,17.0,0.877542022811397,pert:random:0.5,0.4520066180775007,0.9971817447880482,0.987861914087083,0.981490843257186,0.7058823529411766,0.1716596698702204,-0.5638756044904757,0.9263670645200671,0.5455823130740773,0.3319597097373197,-0.08055365778435353,0.4430451178139452,41862.370724255816,3491.483425598656,NaN,
WS(k=4;b=0.1),12,15,20301918,24,17.0,0.877542022811397,fit:triangle:mse,0.6956034222351344,0.987837299145997,0.9884850495858939,0.9927260597735879,0.48142763755537366,0.3961143852560234,0.24166097335306103,0.966643893412244,0.7163809471778156,0.1611610756335814,0.5638756044904758,0.24166097335306103,2594.033287247307,230.26728561977973,0.6956034222351344,1.11;0.501468;0.287108;0.23397
WS(k=4;b=0.1),12,15,20301918,24,17.0,0.877542022811397,fit:triangle:wgt,0.8610374596001228,0.9349250885771361,0.9542160993427024,0.9639858884312895,0.5372642916952503,0.3402777311161468,1.1277512089809512,0.966643893412244,0.7231316529575603,0.15441036985383672,0.9666438934122441,0.20138414446088415,29.163152656451224,2.6857567053155247,0.9288004120548875,0.0638704;0.712599;0.232446;0.258449
WS(k=4;b=0.1),12,15,20301918,24,17.0,0.877542022811397,fit:normal:mse,0.6354832326001544,0.9999989883264003,0.9895557853543879,0.9923834051146645,0.7058823529411765,0.17165966987022052,-0.5638756044904757,-0.32221463113741466,0.705254980471266,0.17228704234013104,1.691626813471427,0.7652597489513598,403.4306392701998,34.7864742826197,0.6354832326001544,12.51;3.51347;4.27394
WS(k=4;b=0.1),12,15,20301918,24,17.0,0.877542022811397,fit:normal:wgt,0.9961803134872951,0.9782353992188343,0.9939877274411142,0.9980513388909852,0.7058823529411765,0.17165966987022052,-0.5638756044904757,-0.32221463113741466,0.6823241800324824,0.19521784277891463,1.0471975511965979,0.4430451178139452,3.6452744177023014e6,318699.12242204224,0.9736006320254692,9.14509;39.6744;0.01
WS(k=4;b=0.1),12,15,20301918,24,17.0,0.877542022811397,paper:empP,0.9999584340701464,0.9999972581344975,0.9999966567067542,0.9999978250278836,0.8746554292337023,0.0028865935776947182,0.32221463113741466,0.040276828892176875,0.6959922953401219,0.18154972747127518,0.8860902356278904,0.32221463113741466,5652.3149878716595,342.3760840902526,NaN,
WS(k=4;b=0.1),12,15,20301918,24,17.0,0.877542022811397,paper:binP,0.9999584340701464,0.9999972581344975,0.9999966567067542,0.9999978250278836,0.8659109846193854,0.011631038192011611,0.4027682889217683,0.0805536577843537,0.691412363443288,0.186129659368109,0.4027682889217683,0.2819378022452378,579.5293465718083,32.30753471819928,NaN,
