family,n,instance,model,tag,pearson,spearman_grid,dgamma,dbeta,same_argmax,slicesum_min,slicesum_max
ER(0.5),12,1,emp,raw,0.999375,0.9993750000000001,0.0,0.0,1,4096.0,4096.0
ER(0.5),12,1,emp,cal,0.999375,0.9993750000000001,0.0,0.0,1,4096.0,4096.0
ER(0.5),12,1,paper,raw,0.0007413561339720984,0.44424951286509123,0.40276828892176836,0.8055365778435366,0,750.9651361546955,2.108067303494905e6
ER(0.5),12,1,paper,cal,0.9857529833185094,0.9865869694462692,0.16110731556870736,0.0,0,750.9651361546955,2.108067303494905e6
ER(0.5),12,1,tri_init,raw,0.19978442181576234,0.19031124292006935,0.5638756044904756,0.0,0,7784.0,7784.000000000001
ER(0.5),12,1,tri_init,cal,0.19978442181576225,0.1903121054431995,0.5638756044904756,0.0,0,7784.0,7784.000000000001
ER(0.5),12,1,tri_25,raw,0.33653614810861626,0.3546183761006489,0.24166097335306097,1.0069207223044208,0,13805.011407011429,13805.011407011432
ER(0.5),12,1,tri_25,cal,0.3365361481086162,0.3546152760505724,0.24166097335306097,1.0069207223044208,0,13805.011407011429,13805.011407011432
ER(0.5),12,1,tri_50,raw,0.3365432707999866,0.3546464041350071,0.24166097335306097,1.0069207223044208,0,13809.776372341352,13809.776372341355
ER(0.5),12,1,tri_50,cal,0.33654327079998686,0.3546444192528612,0.24166097335306097,1.0069207223044208,0,13809.776372341352,13809.776372341355
ER(0.5),12,1,tri_fit,raw,0.336543312419093,0.3546463677941281,0.24166097335306097,1.0069207223044208,0,13809.763576677895,13809.763576677897
ER(0.5),12,1,tri_fit,cal,0.33654331241909324,0.35464461090462224,0.24166097335306097,1.0069207223044208,0,13809.763576677895,13809.763576677897
ER(0.5),12,1,norm_init,raw,-0.10288157263115533,-0.5158955964932348,0.40276828892176836,0.483321946706122,0,4096.000043757047,4096.000043757047
ER(0.5),12,1,norm_init,cal,-0.1028815726311554,-0.5158938684643842,0.40276828892176836,0.5235987755982989,0,4096.000043757047,4096.000043757047
ER(0.5),12,1,norm_25,raw,0.4301184423830483,0.7108009933438443,0.40276828892176836,0.28193780224523785,0,3974.8845830465584,4020.57846403347
ER(0.5),12,1,norm_25,cal,0.4301276121614411,0.7108060383241521,0.40276828892176836,0.28193780224523785,0,3974.8845830465584,4020.57846403347
ER(0.5),12,1,norm_50,raw,0.43015767803035604,0.710844436392496,0.40276828892176836,0.28193780224523785,0,3974.79457713077,4020.6756020449848
ER(0.5),12,1,norm_50,cal,0.4301669176646078,0.7108424658343142,0.40276828892176836,0.28193780224523785,0,3974.79457713077,4020.6756020449848
ER(0.5),12,1,norm_fit,raw,0.4301585299210389,0.710844436392496,0.40276828892176836,0.28193780224523785,0,3974.78858477754,4020.6771732445495
ER(0.5),12,1,norm_fit,cal,0.43016777223809766,0.7108424658343142,0.40276828892176836,0.28193780224523785,0,3974.78858477754,4020.6771732445495
ER(0.5),12,2,emp,raw,0.9993750000000001,0.999375,0.0,0.0,1,4096.0,4096.0
ER(0.5),12,2,emp,cal,0.9993750000000001,0.999375,0.0,0.0,1,4096.0,4096.0
ER(0.5),12,2,paper,raw,0.04024586372595303,0.4984183920642591,0.40276828892176836,0.8055365778435366,0,866.4687833595366,488258.4871968853
ER(0.5),12,2,paper,cal,0.9896281134269297,0.9899378009723288,0.0805536577843537,0.04027682889217685,0,866.4687833595366,488258.4871968853
ER(0.5),12,2,tri_init,raw,0.2057519260713409,0.190735420338102,0.5638756044904756,0.0,0,7783.999999999999,7784.0
ER(0.5),12,2,tri_init,cal,0.2057519260713409,0.19073186941584724,0.5638756044904756,0.0,0,7783.999999999999,7784.0
ER(0.5),12,2,tri_25,raw,0.3411572399190199,0.35785337597753075,0.24166097335306097,1.0069207223044208,0,12130.58728307606,12137.021617155433
ER(0.5),12,2,tri_25,cal,0.34115466561342966,0.35784915305568266,0.24166097335306097,1.0069207223044208,0,12130.58728307606,12137.021617155433
ER(0.5),12,2,tri_50,raw,0.3411577725683905,0.35785337650174415,0.24166097335306097,1.0069207223044208,0,12130.627888077255,12137.061853881256
ER(0.5),12,2,tri_50,cal,0.34115519860361576,0.3578486254913123,0.24166097335306097,1.0069207223044208,0,12130.627888077255,12137.061853881256
ER(0.5),12,2,tri_fit,raw,0.3411579631053639,0.35785337864351746,0.24166097335306097,1.0069207223044208,0,12130.650837554182,12137.084302682502
ER(0.5),12,2,tri_fit,cal,0.3411553893549166,0.3578520874066765,0.24166097335306097,1.0069207223044208,0,12130.650837554182,12137.084302682502
ER(0.5),12,2,norm_init,raw,-0.08823773582277372,-0.5004941015526514,0.40276828892176836,0.5235987755982989,0,4095.9999999251268,4095.9999999251268
ER(0.5),12,2,norm_init,cal,-0.08823773582277385,-0.5004919955469381,0.40276828892176836,0.5235987755982989,0,4095.9999999251268,4095.9999999251268
ER(0.5),12,2,norm_25,raw,0.4469442877863537,0.7226510527551311,0.40276828892176836,0.28193780224523785,0,3601.1757853770214,4038.7579104524607
ER(0.5),12,2,norm_25,cal,0.44724191315481754,0.7226444909844593,0.40276828892176836,0.28193780224523785,0,3601.1757853770214,4038.7579104524607
ER(0.5),12,2,norm_50,raw,0.425968116747374,0.7160780266409745,0.40276828892176836,1.2888585245496587,0,3986.1272040740014,4025.303072665708
ER(0.5),12,2,norm_50,cal,0.4259754133708699,0.716078313590339,0.40276828892176836,1.2888585245496587,0,3986.1272040740014,4025.303072665708
ER(0.5),12,2,norm_fit,raw,0.4261339633177648,0.7166838792313365,0.40276828892176836,1.2888585245496587,0,3992.74589196783,4026.7378811778935
ER(0.5),12,2,norm_fit,cal,0.4261397363995929,0.7166969354274209,0.40276828892176836,1.2888585245496587,0,3992.74589196783,4026.7378811778935
ER(0.5),12,3,emp,raw,0.9993749999999999,0.9993750000000001,0.0,0.0,1,4095.9999999999995,4096.0
ER(0.5),12,3,emp,cal,0.9993749999999999,0.9993672138584071,0.0,0.0,1,4095.9999999999995,4096.0
ER(0.5),12,3,paper,raw,0.4326423218954146,0.6672857539501306,0.40276828892176836,0.8458134067357135,0,1758.0442278179398,36533.27108928458
ER(0.5),12,3,paper,cal,0.9889969482244249,0.9898283958461377,0.0805536577843537,0.04027682889217685,0,1758.0442278179398,36533.27108928458
ER(0.5),12,3,tri_init,raw,0.2191486109252472,0.20366932702051313,0.483321946706122,0.0,0,7783.999999999999,7784.0
ER(0.5),12,3,tri_init,cal,0.21914861092524723,0.20367031265332358,0.483321946706122,0.0,0,7783.999999999999,7784.0
ER(0.5),12,3,tri_25,raw,0.33150193448070403,0.3375485835368601,0.24166097335306097,1.0069207223044208,0,12432.776321963242,12442.666103979243
ER(0.5),12,3,tri_25,cal,0.3315000648172593,0.3375432064336822,0.24166097335306097,1.0069207223044208,0,12432.776321963242,12442.666103979243
ER(0.5),12,3,tri_50,raw,0.3325544799542466,0.3397036859908361,0.24166097335306097,1.0069207223044208,0,12477.255919192816,12488.665265433661
ER(0.5),12,3,tri_50,cal,0.3325509502764174,0.33969311413492964,0.24166097335306097,1.0069207223044208,0,12477.255919192816,12488.665265433661
ER(0.5),12,3,tri_fit,raw,0.3325541584158334,0.3397036859908361,0.24166097335306097,1.0069207223044208,0,12477.261373232062,12488.670740571622
ER(0.5),12,3,tri_fit,cal,0.3325506290498755,0.339692434566637,0.24166097335306097,1.0069207223044208,0,12477.261373232062,12488.670740571622
ER(0.5),12,3,norm_init,raw,-0.09432915996024537,-0.5038742203857616,0.40276828892176836,0.5235987755982989,0,4095.9999999251268,4095.9999999251268
ER(0.5),12,3,norm_init,cal,-0.0943291599602454,-0.5038840088159999,0.40276828892176836,0.5235987755982989,0,4095.9999999251268,4095.9999999251268
ER(0.5),12,3,norm_25,raw,0.4312431468327776,0.7171414818205534,0.40276828892176836,0.28193780224523785,0,3848.086381043309,4026.1483849667156
ER(0.5),12,3,norm_25,cal,0.4313218786990262,0.7171488165457214,0.40276828892176836,0.28193780224523785,0,3848.086381043309,4026.1483849667156
ER(0.5),12,3,norm_50,raw,0.4209197694934268,0.7139375274655326,0.40276828892176836,0.28193780224523785,0,3970.1824015104644,4013.201813844979
ER(0.5),12,3,norm_50,cal,0.4209275976334388,0.7139480244674196,0.40276828892176836,0.28193780224523785,0,3970.1824015104644,4013.201813844979
ER(0.5),12,3,norm_fit,raw,0.42218514309715033,0.7184275826902361,0.40276828892176836,1.2888585245496587,0,4014.3630213161646,4024.0691305114165
ER(0.5),12,3,norm_fit,cal,0.4221856978123333,0.7184276178266441,0.40276828892176836,1.2888585245496587,0,4014.3630213161646,4024.0691305114165
ER(0.5),12,4,emp,raw,0.9993750000000002,0.999375,0.0,0.0,1,4096.0,4096.0
ER(0.5),12,4,emp,cal,0.9993750000000002,0.999375,0.0,0.0,1,4096.0,4096.0
ER(0.5),12,4,paper,raw,0.026346992645044774,0.48915727063582687,0.40276828892176836,0.8055365778435366,0,1105.494654631128,488258.4871968853
ER(0.5),12,4,paper,cal,0.9803515806847655,0.981086210821812,0.16110731556870736,0.04027682889217685,0,1105.494654631128,488258.4871968853
ER(0.5),12,4,tri_init,raw,0.2218499967409529,0.20479914405050365,0.483321946706122,0.0,0,7784.0,7784.0
ER(0.5),12,4,tri_init,cal,0.22184999674095288,0.20480181082184204,0.483321946706122,0.0,0,7784.0,7784.0
ER(0.5),12,4,tri_25,raw,0.3263834961204299,0.3360653666873579,0.3222146311374147,1.0069207223044208,0,12735.68670714747,12786.435795594689
ER(0.5),12,4,tri_25,cal,0.32637744438893934,0.3360611506427199,0.3222146311374147,1.0069207223044208,0,12735.68670714747,12786.435795594689
ER(0.5),12,4,tri_50,raw,0.33701794390872636,0.3482683129423563,0.3222146311374147,1.0069207223044208,0,13131.962768399693,13164.343915697358
ER(0.5),12,4,tri_50,cal,0.3370102127708376,0.34825844750498536,0.3222146311374147,1.0069207223044208,0,13131.962768399693,13164.343915697358
ER(0.5),12,4,tri_fit,raw,0.337200110009527,0.35178493903619845,0.3222146311374147,1.0069207223044208,0,13374.122296029767,13402.885176354102
ER(0.5),12,4,tri_fit,cal,0.3372043132859458,0.35178623177217777,0.3222146311374147,1.0069207223044208,0,13374.122296029767,13402.885176354102
ER(0.5),12,4,norm_init,raw,-0.10320853200548288,-0.5139692985528909,0.40276828892176836,0.5235987755982989,0,4095.9999999251268,4095.9999999251268
ER(0.5),12,4,norm_init,cal,-0.10320853200548297,-0.5139668434281248,0.40276828892176836,0.5235987755982989,0,4095.9999999251268,4095.9999999251268
ER(0.5),12,4,norm_25,raw,0.4378507772407715,0.7159965094828294,0.40276828892176836,0.28193780224523785,0,2955.132229180909,3949.373492298195
ER(0.5),12,4,norm_25,cal,0.4386792593806822,0.7159469205204532,0.40276828892176836,0.28193780224523785,0,2955.132229180909,3949.373492298195
ER(0.5),12,4,norm_50,raw,0.4295599000598545,0.710215789508224,0.40276828892176836,0.28193780224523785,0,3048.7856231415017,3938.392569601873
ER(0.5),12,4,norm_50,cal,0.43028179389485205,0.710116781408685,0.40276828892176836,0.28193780224523785,0,3048.7856231415017,3938.392569601873
ER(0.5),12,4,norm_fit,raw,0.4164941031410758,0.7011533392894768,0.40276828892176836,0.28193780224523785,0,3266.2990899826686,3917.0442275843343
ER(0.5),12,4,norm_fit,cal,0.4169584870556355,0.700938580666753,0.40276828892176836,0.28193780224523785,0,3266.2990899826686,3917.0442275843343
ER(0.5),12,5,emp,raw,0.999375,0.9993750000000002,0.0,0.0,1,4095.9999999999995,4096.0
ER(0.5),12,5,emp,cal,0.999375,0.9993750000000002,0.0,0.0,1,4095.9999999999995,4096.0
ER(0.5),12,5,paper,raw,0.016212161448718336,0.4637006227903325,0.32221463113741466,0.7652597489513597,0,556.4486155549885,2.2602808938703724e10
ER(0.5),12,5,paper,cal,0.9787016181095227,0.9797271000652484,0.08055365778435367,0.08055365778435367,0,556.4486155549885,2.2602808938703724e10
ER(0.5),12,5,tri_init,raw,0.18294497872862525,0.1777792442074054,0.6444292622748293,0.0,0,7784.0,7784.0
ER(0.5),12,5,tri_init,cal,0.1829449787286253,0.17777870827765133,0.6444292622748293,0.0,0,7784.0,7784.0
ER(0.5),12,5,tri_25,raw,0.3165339489163022,0.34789448618963303,0.4027682889217684,1.0069207223044208,0,11402.728556977863,11402.728556977865
ER(0.5),12,5,tri_25,cal,0.31653394891630227,0.3478917193024499,0.4027682889217684,1.0069207223044208,0,11402.728556977863,11402.728556977865
ER(0.5),12,5,tri_50,raw,0.31653414958266035,0.34789437276061774,0.4027682889217684,1.0069207223044208,0,11402.654200844909,11402.65420084491
ER(0.5),12,5,tri_50,cal,0.31653414958266046,0.3478967691511425,0.4027682889217684,1.0069207223044208,0,11402.654200844909,11402.65420084491
ER(0.5),12,5,tri_fit,raw,0.31653197524862314,0.3478944998754212,0.4027682889217684,1.0069207223044208,0,11402.605256820692,11402.605256820694
ER(0.5),12,5,tri_fit,cal,0.316531975248623,0.34789373554072955,0.4027682889217684,1.0069207223044208,0,11402.605256820692,11402.605256820694
ER(0.5),12,5,norm_init,raw,-0.10763342517034381,-0.5268749009027235,0.32221463113741466,0.5235987755982989,0,4095.9999999251268,4095.9999999251268
ER(0.5),12,5,norm_init,cal,-0.10763342517034377,-0.5268738093681286,0.32221463113741466,0.5235987755982989,0,4095.9999999251268,4095.9999999251268
ER(0.5),12,5,norm_25,raw,0.4506758056216472,0.7111576911355701,0.32221463113741466,0.28193780224523785,0,3881.9572311041247,4036.961959899198
ER(0.5),12,5,norm_25,cal,0.4507453327711708,0.7111851148638618,0.32221463113741466,0.28193780224523785,0,3881.9572311041247,4036.961959899198
ER(0.5),12,5,norm_50,raw,0.4472759978388209,0.7086804465546374,0.32221463113741466,0.28193780224523785,0,3894.7702052707928,4030.0889198301797
ER(0.5),12,5,norm_50,cal,0.4473321351376229,0.7086865778045885,0.32221463113741466,0.28193780224523785,0,3894.7702052707928,4030.0889198301797
ER(0.5),12,5,norm_fit,raw,0.4443095818426863,0.7069255387605786,0.32221463113741466,0.28193780224523785,0,3914.2308801242593,4024.1372630479455
ER(0.5),12,5,norm_fit,cal,0.44434957493585386,0.7069442077432382,0.32221463113741466,0.28193780224523785,0,3914.2308801242593,4024.1372630479455
ER(0.5),12,6,emp,raw,0.999375,0.9993750000000001,0.0,0.0,1,4095.9999999999995,4096.0
ER(0.5),12,6,emp,cal,0.999375,0.9993749956076221,0.0,0.0,1,4095.9999999999995,4096.0
ER(0.5),12,6,paper,raw,0.003410629837242254,0.4507995679180423,0.40276828892176836,0.8055365778435366,0,553.3427319034643,2.108067303494905e6
ER(0.5),12,6,paper,cal,0.9874353423307927,0.9878836462943209,0.16110731556870736,0.0,0,553.3427319034643,2.108067303494905e6
ER(0.5),12,6,tri_init,raw,0.193103029028124,0.18291815507728404,0.5638756044904756,0.0,0,7784.0,7784.000000000001
ER(0.5),12,6,tri_init,cal,0.19310302902812407,0.1829185322004257,0.5638756044904756,0.0,0,7784.0,7784.000000000001
ER(0.5),12,6,tri_25,raw,0.32899520828364437,0.34455359185756906,0.24166097335306097,1.0069207223044208,0,12232.894259403249,12257.475943287438
ER(0.5),12,6,tri_25,cal,0.32900725558043414,0.3445501161032619,0.24166097335306097,1.0069207223044208,0,12232.894259403249,12257.475943287438
ER(0.5),12,6,tri_50,raw,0.3291007692841922,0.3446595228232765,0.24166097335306097,1.0069207223044208,0,12236.393781695439,12260.873647094624
ER(0.5),12,6,tri_50,cal,0.3291127522932962,0.3446586638864607,0.24166097335306097,1.0069207223044208,0,12236.393781695439,12260.873647094624
ER(0.5),12,6,tri_fit,raw,0.3291027445293784,0.34466028533820475,0.24166097335306097,1.0069207223044208,0,12238.633458894146,12262.920403194612
ER(0.5),12,6,tri_fit,cal,0.3291146975452948,0.3446728178089133,0.24166097335306097,1.0069207223044208,0,12238.633458894146,12262.920403194612
ER(0.5),12,6,norm_init,raw,-0.09544551309179841,-0.5095558264588199,0.40276828892176836,0.483321946706122,0,4096.000043757047,4096.000043757047
ER(0.5),12,6,norm_init,cal,-0.09544551309179851,-0.5095528891889431,0.40276828892176836,0.5235987755982989,0,4096.000043757047,4096.000043757047
ER(0.5),12,6,norm_25,raw,0.43526477619399956,0.7193404072547284,0.40276828892176836,0.28193780224523785,0,4003.7574742539928,4036.65807080311
ER(0.5),12,6,norm_25,cal,0.4352708416821195,0.7193404072547284,0.40276828892176836,0.28193780224523785,0,4003.7574742539928,4036.65807080311
ER(0.5),12,6,norm_50,raw,0.4352241796796933,0.7193400793125938,0.40276828892176836,0.28193780224523785,0,4003.9683602465607,4036.595211871897
ER(0.5),12,6,norm_50,cal,0.43523015554321703,0.7193333623549472,0.40276828892176836,0.28193780224523785,0,4003.9683602465607,4036.595211871897
ER(0.5),12,6,norm_fit,raw,0.43521889712110845,0.719332401952982,0.40276828892176836,0.28193780224523785,0,4003.99274273123,4036.586541998113
ER(0.5),12,6,norm_fit,cal,0.43522486213643463,0.7193333623549472,0.40276828892176836,0.28193780224523785,0,4003.99274273123,4036.586541998113
ER(0.5),12,7,emp,raw,0.9993750000000002,0.9993750000000002,0.0,0.0,1,4096.0,4096.0
ER(0.5),12,7,emp,cal,0.9993750000000002,0.9993750000000002,0.0,0.0,1,4096.0,4096.0
ER(0.5),12,7,paper,raw,0.9898702184482315,0.9900407299550792,0.0805536577843537,0.0,0,4095.9999999999986,4096.0000000000655
ER(0.5),12,7,paper,cal,0.9898702184482314,0.9900239043673025,0.0805536577843537,0.0,0,4095.9999999999986,4096.0000000000655
ER(0.5),12,7,tri_init,raw,0.22973758467368113,0.2104110605151326,0.483321946706122,0.0,0,7784.0,7784.000000000001
ER(0.5),12,7,tri_init,cal,0.22973758467368116,0.21040624335196445,0.483321946706122,0.0,0,7784.0,7784.000000000001
ER(0.5),12,7,tri_25,raw,0.31605604539638826,0.305856515759602,0.24166097335306097,1.0069207223044208,0,11692.577398908104,11703.302259088989
ER(0.5),12,7,tri_25,cal,0.31605223795804005,0.30584956183974493,0.24166097335306097,1.0069207223044208,0,11692.577398908104,11703.302259088989
ER(0.5),12,7,tri_50,raw,0.3160598618138086,0.30586441964008226,0.24166097335306097,1.0069207223044208,0,11693.31964272037,11704.039869377313
ER(0.5),12,7,tri_50,cal,0.31605605920016594,0.305857873231174,0.24166097335306097,1.0069207223044208,0,11693.31964272037,11704.039869377313
ER(0.5),12,7,tri_fit,raw,0.3160741328358104,0.30587968452367054,0.24166097335306097,1.0069207223044208,0,11694.166894832753,11704.861082813179
ER(0.5),12,7,tri_fit,cal,0.31607034884765656,0.30588463748895495,0.24166097335306097,1.0069207223044208,0,11694.166894832753,11704.861082813179
ER(0.5),12,7,norm_init,raw,-0.08505496983614866,-0.4914165601138633,0.40276828892176836,0.5235987755982989,0,4095.9999999251268,4095.9999999251268
ER(0.5),12,7,norm_init,cal,-0.08505496983614871,-0.49143475250790164,0.40276828892176836,0.5235987755982989,0,4095.9999999251268,4095.9999999251268
ER(0.5),12,7,norm_25,raw,0.4264728048402019,0.7352803644025638,0.40276828892176836,1.2888585245496587,0,4052.11174454171,4054.5007830969876
ER(0.5),12,7,norm_25,cal,0.42647286044878946,0.7352803644025638,0.40276828892176836,1.2888585245496587,0,4052.11174454171,4054.5007830969876
ER(0.5),12,7,norm_50,raw,0.427735709453274,0.735548072878502,0.40276828892176836,1.2888585245496587,0,4049.4186001227868,4055.9865684884726
ER(0.5),12,7,norm_50,cal,0.4277361117618687,0.7355492733780714,0.40276828892176836,1.2888585245496587,0,4049.4186001227868,4055.9865684884726
ER(0.5),12,7,norm_fit,raw,0.42773789361939235,0.7355566754827337,0.40276828892176836,1.2888585245496587,0,4049.393483086743,4055.9832515165217
ER(0.5),12,7,norm_fit,cal,0.42773829842507727,0.7355566754827337,0.40276828892176836,1.2888585245496587,0,4049.393483086743,4055.9832515165217
ER(0.5),12,8,emp,raw,0.999375,0.9993749999999999,0.0,0.0,1,4096.0,4096.0
ER(0.5),12,8,emp,cal,0.999375,0.9993749999999999,0.0,0.0,1,4096.0,4096.0
ER(0.5),12,8,paper,raw,0.7331787318003262,0.8566340826682071,0.24166097335306108,0.0805536577843537,0,45.0289619128775,70389.64781986256
ER(0.5),12,8,paper,cal,0.9852455644808605,0.9848315095200257,0.08055365778435364,0.04027682889217685,0,45.0289619128775,70389.64781986256
ER(0.5),12,8,tri_init,raw,0.28096604693989263,0.24607855998544295,0.24166097335306108,0.0,0,7783.999999999999,7784.000000000001
ER(0.5),12,8,tri_init,cal,0.2809660469398926,0.24607293320023554,0.24166097335306108,0.0,0,7783.999999999999,7784.000000000001
ER(0.5),12,8,tri_25,raw,0.3133705251144294,0.2857435942891962,0.0805536577843537,1.0069207223044208,0,10205.313642231007,10226.459466781584
ER(0.5),12,8,tri_25,cal,0.3133618905956365,0.2857223958854342,0.0805536577843537,1.0069207223044208,0,10205.313642231007,10226.459466781584
ER(0.5),12,8,tri_50,raw,0.31336419188454184,0.28572956118765674,0.0805536577843537,1.0069207223044208,0,10205.592187677596,10226.740991625446
ER(0.5),12,8,tri_50,cal,0.31335555527059566,0.28571491802696725,0.0805536577843537,1.0069207223044208,0,10205.592187677596,10226.740991625446
ER(0.5),12,8,tri_fit,raw,0.31335562550266843,0.2857224487975544,0.0805536577843537,1.0069207223044208,0,10205.860470172733,10226.988118017718
ER(0.5),12,8,tri_fit,cal,0.31334700960033335,0.28571647397702393,0.0805536577843537,1.0069207223044208,0,10205.860470172733,10226.988118017718
ER(0.5),12,8,norm_init,raw,-0.0727188610559938,-0.4663508691930412,0.483321946706122,0.5235987755982989,0,4095.9999999251268,4095.9999999251268
ER(0.5),12,8,norm_init,cal,-0.07271886105599383,-0.466350166813963,0.483321946706122,0.5235987755982989,0,4095.9999999251268,4095.9999999251268
ER(0.5),12,8,norm_25,raw,0.40615993538045225,0.7503681767214602,0.483321946706122,0.28193780224523785,0,4061.4892635912265,4066.306191699934
ER(0.5),12,8,norm_25,cal,0.40616019820236576,0.7503681767214602,0.483321946706122,0.28193780224523785,0,4061.4892635912265,4066.306191699934
ER(0.5),12,8,norm_50,raw,0.40613647034474476,0.7503850771523904,0.483321946706122,0.28193780224523785,0,4061.6593538169777,4066.7428292872155
ER(0.5),12,8,norm_50,cal,0.4061367666618207,0.7503850771523904,0.483321946706122,0.28193780224523785,0,4061.6593538169777,4066.7428292872155
ER(0.5),12,8,norm_fit,raw,0.40613647034474476,0.7503850771523904,0.483321946706122,0.28193780224523785,0,4061.6593538169777,4066.7428292872155
ER(0.5),12,8,norm_fit,cal,0.4061367666618207,0.7503850771523904,0.483321946706122,0.28193780224523785,0,4061.6593538169777,4066.7428292872155
ER(0.5),12,9,emp,raw,0.999375,0.9993750000000001,0.0,0.0,1,4096.0,4096.0
ER(0.5),12,9,emp,cal,0.999375,0.9993750000000001,0.0,0.0,1,4096.0,4096.0
ER(0.5),12,9,paper,raw,0.45018216423639135,0.6740930865616669,0.48332194670612205,0.0805536577843537,0,5.339272812512761,3.274368006217814e6
ER(0.5),12,9,paper,cal,0.9965586915793124,0.9959043265825916,0.08055365778435364,0.0,0,5.339272812512761,3.274368006217814e6
ER(0.5),12,9,tri_init,raw,0.30338962911350537,0.2576107723740301,0.0,0.04027682889217682,0,7784.0,7784.0
ER(0.5),12,9,tri_init,cal,0.3033896291135055,0.2576112426533859,0.0,0.04027682889217682,0,7784.0,7784.0
ER(0.5),12,9,tri_25,raw,0.31464890552215014,0.27588942530428434,0.5638756044904757,0.04027682889217682,0,8557.244801385901,8574.529962484
ER(0.5),12,9,tri_25,cal,0.31465508265633496,0.2758900081017406,0.5638756044904757,0.04027682889217682,0,8557.244801385901,8574.529962484
ER(0.5),12,9,tri_50,raw,0.3134172650997096,0.27446964587834205,0.5638756044904757,0.04027682889217682,0,8513.967614397181,8534.791151294768
ER(0.5),12,9,tri_50,cal,0.3134248026971662,0.27445346171806845,0.5638756044904757,0.04027682889217682,0,8513.967614397181,8534.791151294768
ER(0.5),12,9,tri_fit,raw,0.313420319503425,0.27447268930498536,0.5638756044904757,0.04027682889217682,0,8514.288492990288,8535.130055845988
ER(0.5),12,9,tri_fit,cal,0.31342787262766864,0.27446081543058637,0.5638756044904757,0.04027682889217682,0,8514.288492990288,8535.130055845988
ER(0.5),12,9,norm_init,raw,-0.007856357054662049,-0.37922668946349797,0.6444292622748293,0.4430451178139452,0,4096.000043757046,4096.000043757046
ER(0.5),12,9,norm_init,cal,-0.00785635705466205,-0.3792210613125869,0.6444292622748293,0.48332194670612205,0,4096.000043757046,4096.000043757046
ER(0.5),12,9,norm_25,raw,0.3657048349438261,0.7611898692438525,0.6444292622748293,0.32221463113741466,0,4079.01784172978,4085.475371211274
ER(0.5),12,9,norm_25,cal,0.365705919555694,0.761179578778347,0.6444292622748293,0.32221463113741466,0,4079.01784172978,4085.475371211274
ER(0.5),12,9,norm_50,raw,0.3657041560877421,0.7611919935098146,0.6444292622748293,0.32221463113741466,0,4079.0173572600843,4085.4754744979077
ER(0.5),12,9,norm_50,cal,0.3657052408974005,0.7611854991998158,0.6444292622748293,0.32221463113741466,0,4079.0173572600843,4085.4754744979077
ER(0.5),12,9,norm_fit,raw,0.3657041560877421,0.7611919935098146,0.6444292622748293,0.32221463113741466,0,4079.0173572600843,4085.4754744979077
ER(0.5),12,9,norm_fit,cal,0.3657052408974005,0.7611854991998158,0.6444292622748293,0.32221463113741466,0,4079.0173572600843,4085.4754744979077
ER(0.5),12,10,emp,raw,0.9993750000000001,0.9993749999999999,0.0,0.0,1,4095.9999999999995,4096.0
ER(0.5),12,10,emp,cal,0.9993750000000001,0.9993601497450962,0.0,0.0,1,4095.9999999999995,4096.0
ER(0.5),12,10,paper,raw,0.0008840405576575483,0.4391386363546979,0.4027682889217684,0.8055365778435366,0,568.9934016568358,3.5965916147076416e8
ER(0.5),12,10,paper,cal,0.9806231761348082,0.9806065382362075,0.08055365778435367,0.04027682889217685,0,568.9934016568358,3.5965916147076416e8
ER(0.5),12,10,tri_init,raw,0.19292597536174144,0.18308811532548006,0.6444292622748293,0.0,0,7784.0,7784.000000000001
ER(0.5),12,10,tri_init,cal,0.19292597536174141,0.18308513762994624,0.6444292622748293,0.0,0,7784.0,7784.000000000001
ER(0.5),12,10,tri_25,raw,0.30890980802017665,0.3241097436395906,0.4027682889217684,1.0069207223044208,0,13330.182935631678,13358.49276774848
ER(0.5),12,10,tri_25,cal,0.3089165035758479,0.3241208033657436,0.4027682889217684,1.0069207223044208,0,13330.182935631678,13358.49276774848
ER(0.5),12,10,tri_50,raw,0.32184009383232615,0.33970661838822147,0.4027682889217684,1.0069207223044208,0,14005.457124682107,14005.457124682109
ER(0.5),12,10,tri_50,cal,0.3218400938323262,0.3397039582828771,0.4027682889217684,1.0069207223044208,0,14005.457124682107,14005.457124682109
ER(0.5),12,10,tri_fit,raw,0.3218424711441936,0.33970717593036903,0.4027682889217684,1.0069207223044208,0,14005.322473492619,14005.322473492623
ER(0.5),12,10,tri_fit,cal,0.3218424711441935,0.3397059618653172,0.4027682889217684,1.0069207223044208,0,14005.322473492619,14005.322473492623
ER(0.5),12,10,norm_init,raw,-0.10546354901839132,-0.5206136223501839,0.32221463113741466,0.5235987755982989,0,4095.9999999251268,4095.9999999251268
ER(0.5),12,10,norm_init,cal,-0.10546354901839136,-0.5206129606201486,0.32221463113741466,0.5235987755982989,0,4095.9999999251268,4095.9999999251268
ER(0.5),12,10,norm_25,raw,0.4360288898863522,0.7042169298786074,0.32221463113741466,0.28193780224523785,0,3943.8041736535515,4016.295813428046
ER(0.5),12,10,norm_25,cal,0.4360484346878009,0.7042270725013731,0.32221463113741466,0.28193780224523785,0,3943.8041736535515,4016.295813428046
ER(0.5),12,10,norm_50,raw,0.4360261969363388,0.7042163677009021,0.32221463113741466,0.28193780224523785,0,3943.7980558126815,4016.28732011144
ER(0.5),12,10,norm_50,cal,0.43604573969522775,0.7042270725013731,0.32221463113741466,0.28193780224523785,0,3943.7980558126815,4016.28732011144
ER(0.5),12,10,norm_fit,raw,0.4360261969363388,0.7042163677009021,0.32221463113741466,0.28193780224523785,0,3943.7980558126815,4016.28732011144
ER(0.5),12,10,norm_fit,cal,0.43604573969522775,0.7042270725013731,0.32221463113741466,0.28193780224523785,0,3943.7980558126815,4016.28732011144
ER(0.5),14,1,emp,raw,0.999375,0.9993749999999999,0.0,0.0,1,16383.999999999998,16384.0
ER(0.5),14,1,emp,cal,0.999375,0.9993749999999999,0.0,0.0,1,16383.999999999998,16384.0
ER(0.5),14,1,paper,raw,0.9265218121283822,0.9565625553575062,0.16110731556870733,0.04027682889217682,0,1642.6187974318057,44536.92642583306
ER(0.5),14,1,paper,cal,0.9804611337666784,0.9837948616243688,0.08055365778435367,0.04027682889217685,0,1642.6187974318057,44536.92642583306
ER(0.5),14,1,tri_init,raw,0.22886886517566676,0.23466607410058765,0.16110731556870733,0.04027682889217685,0,40983.99999999999,40984.0
ER(0.5),14,1,tri_init,cal,0.22886886517566668,0.23466633856733948,0.16110731556870733,0.04027682889217685,0,40983.99999999999,40984.0
ER(0.5),14,1,tri_25,raw,0.2976596663863702,0.31394699961460354,0.16110731556870733,1.0471975511965976,0,62223.75833861731,62379.00024480735
ER(0.5),14,1,tri_25,cal,0.29765524531937565,0.3139421558783243,0.16110731556870733,1.0471975511965976,0,62223.75833861731,62379.00024480735
ER(0.5),14,1,tri_50,raw,0.2976596245640179,0.31394700716458956,0.16110731556870733,1.0471975511965976,0,62223.75110015439,62378.99370470896
ER(0.5),14,1,tri_50,cal,0.2976552034809154,0.3139418009991254,0.16110731556870733,1.0471975511965976,0,62223.75110015439,62378.99370470896
ER(0.5),14,1,tri_fit,raw,0.29765962658196193,0.3139470767049728,0.16110731556870733,1.0471975511965976,0,62223.751709762735,62378.99428131044
ER(0.5),14,1,tri_fit,cal,0.29765520549898045,0.3139414270489612,0.16110731556870733,1.0471975511965976,0,62223.751709762735,62378.99428131044
ER(0.5),14,1,norm_init,raw,-0.09481778833856913,-0.5266327786747403,0.32221463113741466,0.483321946706122,0,16383.999999999833,16383.999999999833
ER(0.5),14,1,norm_init,cal,-0.09481778833856915,-0.5266407881865359,0.32221463113741466,0.483321946706122,0,16383.999999999833,16383.999999999833
ER(0.5),14,1,norm_25,raw,0.42182510243359184,0.7169487013178193,0.32221463113741466,0.28193780224523785,0,15402.913913360022,16202.70179733615
ER(0.5),14,1,norm_25,cal,0.4219109202017514,0.7169649458134983,0.32221463113741466,0.28193780224523785,0,15402.913913360022,16202.70179733615
ER(0.5),14,1,norm_50,raw,0.4143923462914581,0.7155366218862036,0.32221463113741466,0.28193780224523785,0,15994.85190355199,16197.069227693228
ER(0.5),14,1,norm_50,cal,0.41440336882319173,0.7155318873242872,0.32221463113741466,0.28193780224523785,0,15994.85190355199,16197.069227693228
ER(0.5),14,1,norm_fit,raw,0.41899274300151346,0.7217266999851406,0.32221463113741466,0.28193780224523785,0,16120.159250830682,16243.853965928076
ER(0.5),14,1,norm_fit,cal,0.41899839239717696,0.7217265945774541,0.32221463113741466,0.28193780224523785,0,16120.159250830682,16243.853965928076
ER(0.5),14,2,emp,raw,0.9993749999999999,0.9993750000000001,0.0,0.0,1,16383.999999999998,16384.0
ER(0.5),14,2,emp,cal,0.9993749999999998,0.9993606412881096,0.0,0.0,1,16383.999999999998,16384.0
ER(0.5),14,2,paper,raw,0.02279007574359639,0.5741213453312011,0.4027682889217684,0.8055365778435366,0,3511.2998440928645,2.990865865203059e6
ER(0.5),14,2,paper,cal,0.9730671756218254,0.9777410308838977,0.08055365778435367,0.08055365778435367,0,3511.2998440928645,2.990865865203059e6
ER(0.5),14,2,tri_init,raw,0.19660108068518445,0.21932608835561193,0.16110731556870733,0.04027682889217685,0,40984.0,40984.0
ER(0.5),14,2,tri_init,cal,0.19660108068518453,0.21932314084209248,0.16110731556870733,0.04027682889217685,0,40984.0,40984.0
ER(0.5),14,2,tri_25,raw,0.29106076311876433,0.32411136920806205,0.4027682889217684,1.0069207223044208,0,64561.40592530502,64709.63688777661
ER(0.5),14,2,tri_25,cal,0.29105392029606786,0.3241114507727823,0.4027682889217684,1.0069207223044208,0,64561.40592530502,64709.63688777661
ER(0.5),14,2,tri_50,raw,0.29106215736522967,0.3241113909306996,0.4027682889217684,1.0069207223044208,0,64562.03395637237,64710.27828117057
ER(0.5),14,2,tri_50,cal,0.291055315860622,0.3241102817765887,0.4027682889217684,1.0069207223044208,0,64562.03395637237,64710.27828117057
ER(0.5),14,2,tri_fit,raw,0.2910631307700229,0.32411152585625963,0.4027682889217684,1.0069207223044208,0,64562.29286025156,64710.53227663985
ER(0.5),14,2,tri_fit,cal,0.2910562904276914,0.32410877535598764,0.4027682889217684,1.0069207223044208,0,64562.29286025156,64710.53227663985
ER(0.5),14,2,norm_init,raw,-0.09979433022040589,-0.5367839866290488,0.32221463113741466,0.5235987755982989,0,16384.000175327514,16384.000175327514
ER(0.5),14,2,norm_init,cal,-0.09979433022040585,-0.5367788947075667,0.32221463113741466,0.5235987755982989,0,16384.000175327514,16384.000175327514
ER(0.5),14,2,norm_25,raw,0.4489851347455883,0.7209042708065224,0.32221463113741466,0.28193780224523785,0,13104.35950483134,16180.802476398207
ER(0.5),14,2,norm_25,cal,0.44956578302429345,0.7208922280220541,0.32221463113741466,0.28193780224523785,0,13104.35950483134,16180.802476398207
ER(0.5),14,2,norm_50,raw,0.45157372276198104,0.7235397505935591,0.32221463113741466,0.28193780224523785,0,14024.278520851436,16235.98829440404
ER(0.5),14,2,norm_50,cal,0.4519504812367879,0.7235210525090432,0.32221463113741466,0.28193780224523785,0,14024.278520851436,16235.98829440404
ER(0.5),14,2,norm_fit,raw,0.44440139179379684,0.7196400419556119,0.32221463113741466,0.28193780224523785,0,15166.277312367722,16238.630127131546
ER(0.5),14,2,norm_fit,cal,0.44454037351441145,0.7196949679448754,0.32221463113741466,0.28193780224523785,0,15166.277312367722,16238.630127131546
ER(0.5),14,3,emp,raw,0.9993749999999995,0.9993749999999999,0.0,0.0,1,16383.999999999998,16384.0
ER(0.5),14,3,emp,cal,0.9993749999999995,0.9993749999999999,0.0,0.0,1,16383.999999999998,16384.0
ER(0.5),14,3,paper,raw,0.623508151896481,0.7824315895613326,0.4027682889217684,0.8458134067357135,0,8408.985779564639,79191.72212018288
ER(0.5),14,3,paper,cal,0.9821626722075228,0.9857613394030775,0.08055365778435367,0.04027682889217685,0,8408.985779564639,79191.72212018288
ER(0.5),14,3,tri_init,raw,0.2071450657475583,0.22439840420222348,0.16110731556870733,0.04027682889217685,0,40984.0,40984.0
ER(0.5),14,3,tri_init,cal,0.20714506574755825,0.2243971674791306,0.16110731556870733,0.04027682889217685,0,40984.0,40984.0
ER(0.5),14,3,tri_25,raw,0.29373475825396156,0.3166852090026763,0.16110731556870733,1.0471975511965976,0,62477.94120632835,62643.55859073362
ER(0.5),14,3,tri_25,cal,0.2937251390021499,0.31668281711895047,0.16110731556870733,1.0471975511965976,0,62477.94120632835,62643.55859073362
ER(0.5),14,3,tri_50,raw,0.293737045144691,0.3166896854391824,0.16110731556870733,1.0471975511965976,0,62478.558762649634,62644.16084911935
ER(0.5),14,3,tri_50,cal,0.29372742699713017,0.3166864107371361,0.16110731556870733,1.0471975511965976,0,62478.558762649634,62644.16084911935
ER(0.5),14,3,tri_fit,raw,0.2937373645150923,0.31668967253120517,0.16110731556870733,1.0471975511965976,0,62478.841648600384,62644.44234952777
ER(0.5),14,3,tri_fit,cal,0.29372774607897073,0.3166876863172432,0.16110731556870733,1.0471975511965976,0,62478.841648600384,62644.44234952777
ER(0.5),14,3,norm_init,raw,-0.0978146194984698,-0.5340579116163481,0.32221463113741466,0.483321946706122,0,16383.999999999833,16383.999999999833
ER(0.5),14,3,norm_init,cal,-0.09781461949846978,-0.5340594338812843,0.32221463113741466,0.483321946706122,0,16383.999999999833,16383.999999999833
ER(0.5),14,3,norm_25,raw,0.42288718637417616,0.7119906516179838,0.32221463113741466,0.28193780224523785,0,16129.752048472581,16228.372618627443
ER(0.5),14,3,norm_25,cal,0.422891116792589,0.7119889704198914,0.32221463113741466,0.28193780224523785,0,16129.752048472581,16228.372618627443
ER(0.5),14,3,norm_50,raw,0.4227882679044418,0.7118502665720094,0.32221463113741466,0.28193780224523785,0,16130.185861888873,16227.734804937703
ER(0.5),14,3,norm_50,cal,0.4227921186891614,0.7118527053677222,0.32221463113741466,0.28193780224523785,0,16130.185861888873,16227.734804937703
ER(0.5),14,3,norm_fit,raw,0.42278764561894344,0.7118565963676466,0.32221463113741466,0.28193780224523785,0,16130.18692865034,16227.73054150495
ER(0.5),14,3,norm_fit,cal,0.4227914959896239,0.7118553029171876,0.32221463113741466,0.28193780224523785,0,16130.18692865034,16227.73054150495
ER(0.5),14,4,emp,raw,0.9993749999999996,0.9993750000000001,0.0,0.0,1,16383.999999999998,16384.0
ER(0.5),14,4,emp,cal,0.9993749999999996,0.9993750000000001,0.0,0.0,1,16383.999999999998,16384.0
ER(0.5),14,4,paper,raw,0.8429146256373036,0.9191649454162861,0.16110731556870733,0.0805536577843537,0,728.892090745185,74313.36491094493
ER(0.5),14,4,paper,cal,0.9850098023505113,0.9878596588218566,0.16110731556870736,0.0,0,728.892090745185,74313.36491094493
ER(0.5),14,4,tri_init,raw,0.22920928197943555,0.23766374662494563,0.08055365778435364,0.04027682889217685,0,40984.0,40984.0
ER(0.5),14,4,tri_init,cal,0.22920928197943538,0.23766147034111945,0.08055365778435364,0.04027682889217685,0,40984.0,40984.0
ER(0.5),14,4,tri_25,raw,0.2956109065099321,0.31146013687407303,0.08055365778435364,1.0471975511965976,0,59507.44610637984,59606.56385070762
ER(0.5),14,4,tri_25,cal,0.29561766645158744,0.31146076969193104,0.08055365778435364,1.0471975511965976,0,59507.44610637984,59606.56385070762
ER(0.5),14,4,tri_50,raw,0.29561017232352843,0.31146045356612684,0.08055365778435364,1.0471975511965976,0,59507.32036532013,59606.430483517484
ER(0.5),14,4,tri_50,cal,0.295616933174571,0.31146139246103693,0.08055365778435364,1.0471975511965976,0,59507.32036532013,59606.430483517484
ER(0.5),14,4,tri_fit,raw,0.29561056131909574,0.31146021886856534,0.08055365778435364,1.0471975511965976,0,59507.416843478764,59606.530351217516
ER(0.5),14,4,tri_fit,cal,0.29561732174556354,0.3114619531966131,0.08055365778435364,1.0471975511965976,0,59507.416843478764,59606.530351217516
ER(0.5),14,4,norm_init,raw,-0.09315796609683523,-0.5234730555094711,0.40276828892176836,0.5235987755982989,0,16384.00017532751,16384.00017532751
ER(0.5),14,4,norm_init,cal,-0.09315796609683528,-0.523464224512917,0.40276828892176836,0.5235987755982989,0,16384.00017532751,16384.00017532751
ER(0.5),14,4,norm_25,raw,0.4133883173652908,0.7216333652201733,0.40276828892176836,0.28193780224523785,0,16201.881199753972,16237.649005855686
ER(0.5),14,4,norm_25,cal,0.41338896057290103,0.7216371022725016,0.40276828892176836,0.28193780224523785,0,16201.881199753972,16237.649005855686
ER(0.5),14,4,norm_50,raw,0.41326346549974646,0.7211208743936355,0.40276828892176836,0.28193780224523785,0,16188.397456438937,16234.259537097312
ER(0.5),14,4,norm_50,cal,0.4132644633679043,0.7211214902076336,0.40276828892176836,0.28193780224523785,0,16188.397456438937,16234.259537097312
ER(0.5),14,4,norm_fit,raw,0.41326346806098374,0.7211217766226129,0.40276828892176836,0.28193780224523785,0,16188.39747864635,16234.259558483182
ER(0.5),14,4,norm_fit,cal,0.41326446592920146,0.721118733096181,0.40276828892176836,0.28193780224523785,0,16188.39747864635,16234.259558483182
ER(0.5),14,5,emp,raw,0.9993750000000001,0.9993749999999999,0.0,0.0,1,16383.999999999998,16384.0
ER(0.5),14,5,emp,cal,0.9993750000000001,0.9993635215137381,0.0,0.0,1,16383.999999999998,16384.0
ER(0.5),14,5,paper,raw,0.44075513653180565,0.7902118698127146,0.40276828892176836,0.16110731556870733,0,170.6352533696074,405877.21741065575
ER(0.5),14,5,paper,cal,0.992588485095574,0.9946876078384508,0.0805536577843537,0.0,0,170.6352533696074,405877.21741065575
ER(0.5),14,5,tri_init,raw,0.22650833573751505,0.23280094390899758,0.08055365778435364,0.04027682889217685,0,40984.0,40984.0
ER(0.5),14,5,tri_init,cal,0.2265083357375149,0.23279886821374335,0.08055365778435364,0.04027682889217685,0,40984.0,40984.0
ER(0.5),14,5,tri_25,raw,0.28955197944204125,0.29641345799780144,0.16110731556870736,1.0471975511965976,0,56948.53776659131,57070.45089224354
ER(0.5),14,5,tri_25,cal,0.28954568021511984,0.2964081187298473,0.16110731556870736,1.0471975511965976,0,56948.53776659131,57070.45089224354
ER(0.5),14,5,tri_50,raw,0.2895530171833405,0.29641345821490617,0.16110731556870736,1.0471975511965976,0,56948.745730777715,57070.65873606925
ER(0.5),14,5,tri_50,cal,0.2895467185991438,0.29640738632890296,0.16110731556870736,1.0471975511965976,0,56948.745730777715,57070.65873606925
ER(0.5),14,5,tri_fit,raw,0.28955203527088486,0.29641345821490617,0.16110731556870736,1.0471975511965976,0,56948.578806806676,57070.49225937622
ER(0.5),14,5,tri_fit,cal,0.28954573500040237,0.29641143337952336,0.16110731556870736,1.0471975511965976,0,56948.578806806676,57070.49225937622
ER(0.5),14,5,norm_init,raw,-0.07827338176390738,-0.5068683344352406,0.40276828892176836,0.5235987755982989,0,16384.00017532751,16384.00017532751
ER(0.5),14,5,norm_init,cal,-0.07827338176390737,-0.5068633853479827,0.40276828892176836,0.5235987755982989,0,16384.00017532751,16384.00017532751
ER(0.5),14,5,norm_25,raw,0.41393899835375036,0.732863893532147,0.40276828892176836,1.2888585245496587,0,16270.4729774703,16283.07665729268
ER(0.5),14,5,norm_25,cal,0.4139391170605115,0.7328631245378513,0.40276828892176836,1.2888585245496587,0,16270.4729774703,16283.07665729268
ER(0.5),14,5,norm_50,raw,0.41393004275505635,0.7328965869617343,0.40276828892176836,1.2888585245496587,0,16270.50133301372,16283.038706699379
ER(0.5),14,5,norm_50,cal,0.41393016023333096,0.7328942722198706,0.40276828892176836,1.2888585245496587,0,16270.50133301372,16283.038706699379
ER(0.5),14,5,norm_fit,raw,0.41393004275505635,0.7328965869617343,0.40276828892176836,1.2888585245496587,0,16270.50133301372,16283.038706699379
ER(0.5),14,5,norm_fit,cal,0.41393016023333096,0.7328942722198706,0.40276828892176836,1.2888585245496587,0,16270.50133301372,16283.038706699379
ER(0.5),14,6,emp,raw,0.9993750000000002,0.9993750000000001,0.0,0.0,1,16383.999999999998,16384.0
ER(0.5),14,6,emp,cal,0.999375,0.9993354525982409,0.0,0.0,1,16383.999999999998,16384.0
ER(0.5),14,6,paper,raw,0.0015232396691264546,0.4997175647435241,0.4027682889217684,0.7652597489513597,0,2803.7284943715185,4.961957042309769e7
ER(0.5),14,6,paper,cal,0.9740242120349136,0.979023067252278,0.08055365778435367,0.08055365778435367,0,2803.7284943715185,4.961957042309769e7
ER(0.5),14,6,tri_init,raw,0.19783932539997184,0.22055657932517386,0.16110731556870733,0.04027682889217685,0,40984.0,40984.0
ER(0.5),14,6,tri_init,cal,0.1978393253999719,0.22055790517706325,0.16110731556870733,0.04027682889217685,0,40984.0,40984.0
ER(0.5),14,6,tri_25,raw,0.3065435190840666,0.3370909052373772,0.4027682889217684,1.0069207223044208,0,70293.38010730266,70293.38010730267
ER(0.5),14,6,tri_25,cal,0.30654351908406663,0.337089214850172,0.4027682889217684,1.0069207223044208,0,70293.38010730266,70293.38010730267
ER(0.5),14,6,tri_50,raw,0.3065435190840666,0.3370909052373772,0.4027682889217684,1.0069207223044208,0,70293.38010730266,70293.38010730267
ER(0.5),14,6,tri_50,cal,0.30654351908406663,0.337089214850172,0.4027682889217684,1.0069207223044208,0,70293.38010730266,70293.38010730267
ER(0.5),14,6,tri_fit,raw,0.3065435190840666,0.3370909052373772,0.4027682889217684,1.0069207223044208,0,70293.38010730266,70293.38010730267
ER(0.5),14,6,tri_fit,cal,0.30654351908406663,0.337089214850172,0.4027682889217684,1.0069207223044208,0,70293.38010730266,70293.38010730267
ER(0.5),14,6,norm_init,raw,-0.10760568368168319,-0.5462662934978331,0.32221463113741466,0.5235987755982989,0,16384.000175327514,16384.000175327514
ER(0.5),14,6,norm_init,cal,-0.10760568368168312,-0.5462621536576835,0.32221463113741466,0.5235987755982989,0,16384.000175327514,16384.000175327514
ER(0.5),14,6,norm_25,raw,0.42649588873804667,0.6960994760744796,0.32221463113741466,0.28193780224523785,0,15177.167683206486,16153.264100350036
ER(0.5),14,6,norm_25,cal,0.4266133969277496,0.6961097415926112,0.32221463113741466,0.28193780224523785,0,15177.167683206486,16153.264100350036
ER(0.5),14,6,norm_50,raw,0.4219030420640522,0.6934720172942601,0.32221463113741466,0.28193780224523785,0,15546.574543842202,16130.75405527665
ER(0.5),14,6,norm_50,cal,0.4219589148126067,0.6934460665563247,0.32221463113741466,0.28193780224523785,0,15546.574543842202,16130.75405527665
ER(0.5),14,6,norm_fit,raw,0.42054294297237965,0.6926012919273856,0.32221463113741466,0.28193780224523785,0,15637.715148930685,16122.400533278538
ER(0.5),14,6,norm_fit,cal,0.42058456412274287,0.6925971351442998,0.32221463113741466,0.28193780224523785,0,15637.715148930685,16122.400533278538
ER(0.5),14,7,emp,raw,0.9993749999999998,0.999375,0.0,0.0,1,16383.999999999998,16384.0
ER(0.5),14,7,emp,cal,0.999375,0.9993372700742021,0.0,0.0,1,16383.999999999998,16384.0
ER(0.5),14,7,paper,raw,0.018569174320182753,0.5613297188226163,0.4027682889217684,0.8055365778435366,0,3511.2998440928645,2.990865865203059e6
ER(0.5),14,7,paper,cal,0.9763886247137371,0.9805936842834098,0.08055365778435367,0.08055365778435367,0,3511.2998440928645,2.990865865203059e6
ER(0.5),14,7,tri_init,raw,0.2038046306291653,0.22208459510577158,0.16110731556870733,0.04027682889217685,0,40984.0,40984.0
ER(0.5),14,7,tri_init,cal,0.2038046306291651,0.2220827724141413,0.16110731556870733,0.04027682889217685,0,40984.0,40984.0
ER(0.5),14,7,tri_25,raw,0.3053368915269423,0.3314403146212663,0.4027682889217684,1.0069207223044208,0,72148.98970052935,72251.81590559131
ER(0.5),14,7,tri_25,cal,0.3053332471190124,0.3314379291844472,0.4027682889217684,1.0069207223044208,0,72148.98970052935,72251.81590559131
ER(0.5),14,7,tri_50,raw,0.305210276949435,0.33133631071842506,0.4027682889217684,1.0069207223044208,0,72110.7218161037,72215.67899545307
ER(0.5),14,7,tri_50,cal,0.30520653395377445,0.33133304689685855,0.4027682889217684,1.0069207223044208,0,72110.7218161037,72215.67899545307
ER(0.5),14,7,tri_fit,raw,0.3052095846110587,0.3313338353381714,0.4027682889217684,1.0069207223044208,0,72110.77895555049,72215.74772265824
ER(0.5),14,7,tri_fit,cal,0.30520584140135254,0.33133452562032556,0.4027682889217684,1.0069207223044208,0,72110.77895555049,72215.74772265824
ER(0.5),14,7,norm_init,raw,-0.10597529906369768,-0.5425866563366117,0.32221463113741466,0.5235987755982989,0,16384.000175327514,16384.000175327514
ER(0.5),14,7,norm_init,cal,-0.10597529906369758,-0.5425817290889301,0.32221463113741466,0.5235987755982989,0,16384.000175327514,16384.000175327514
ER(0.5),14,7,norm_25,raw,0.3627570022234582,0.6965386586170684,0.32221463113741466,0.28193780224523785,0,13589.730928359433,16191.208555987549
ER(0.5),14,7,norm_25,cal,0.36458429144547455,0.6955893034178042,0.32221463113741466,0.28193780224523785,0,13589.730928359433,16191.208555987549
ER(0.5),14,7,norm_50,raw,0.38786884620011985,0.6862500808817469,0.32221463113741466,0.28193780224523785,0,15577.027912275515,16144.640246572055
ER(0.5),14,7,norm_50,cal,0.387984209655927,0.6863776588451171,0.32221463113741466,0.28193780224523785,0,15577.027912275515,16144.640246572055
ER(0.5),14,7,norm_fit,raw,0.4216680561349764,0.7018117916760004,0.32221463113741466,0.28193780224523785,0,15989.518880678243,16177.330562626144
ER(0.5),14,7,norm_fit,cal,0.42167824573900625,0.7018162506941871,0.32221463113741466,0.28193780224523785,0,15989.518880678243,16177.330562626144
ER(0.5),14,8,emp,raw,0.9993750000000001,0.999375,0.0,0.0,1,16383.999999999998,16384.0
ER(0.5),14,8,emp,cal,0.9993750000000001,0.9993710441601905,0.0,0.0,1,16383.999999999998,16384.0
ER(0.5),14,8,paper,raw,0.08636944295765892,0.6259748932224726,0.4027682889217684,0.8055365778435366,0,3755.1346029793503,827490.7466233221
ER(0.5),14,8,paper,cal,0.9825380563321888,0.9867030432255587,0.08055365778435367,0.04027682889217685,0,3755.1346029793503,827490.7466233221
ER(0.5),14,8,tri_init,raw,0.1982079767117328,0.2225098371517697,0.16110731556870733,0.04027682889217685,0,40984.0,40984.0
ER(0.5),14,8,tri_init,cal,0.1982079767117328,0.2225089678781212,0.16110731556870733,0.04027682889217685,0,40984.0,40984.0
ER(0.5),14,8,tri_25,raw,0.3031270805580006,0.32871147512434196,0.16110731556870733,1.0471975511965976,0,66879.55961621716,67069.28920020527
ER(0.5),14,8,tri_25,cal,0.3031257795915145,0.32870877360718537,0.16110731556870733,1.0471975511965976,0,66879.55961621716,67069.28920020527
ER(0.5),14,8,tri_50,raw,0.3031282650558178,0.3287144776104789,0.16110731556870733,1.0471975511965976,0,66880.99338553399,67070.72078324892
ER(0.5),14,8,tri_50,cal,0.3031269600680059,0.32871022620726703,0.16110731556870733,1.0471975511965976,0,66880.99338553399,67070.72078324892
ER(0.5),14,8,tri_fit,raw,0.30312524902739857,0.3287166618267797,0.16110731556870733,1.0471975511965976,0,66881.10592655095,67070.85334068123
ER(0.5),14,8,tri_fit,cal,0.30312394541808546,0.3287019878552672,0.16110731556870733,1.0471975511965976,0,66881.10592655095,67070.85334068123
ER(0.5),14,8,norm_init,raw,-0.10130822619764279,-0.5389545908347386,0.32221463113741466,0.483321946706122,0,16383.999999999834,16383.999999999834
ER(0.5),14,8,norm_init,cal,-0.10130822619764289,-0.5389559036346712,0.32221463113741466,0.483321946706122,0,16383.999999999834,16383.999999999834
ER(0.5),14,8,norm_25,raw,0.42305991934293874,0.7025231436387441,0.32221463113741466,0.28193780224523785,0,16002.822026474036,16191.144288890573
ER(0.5),14,8,norm_25,cal,0.4230706003176665,0.702528942048826,0.32221463113741466,0.28193780224523785,0,16002.822026474036,16191.144288890573
ER(0.5),14,8,norm_50,raw,0.42177705449560193,0.7018383714317169,0.32221463113741466,0.28193780224523785,0,16029.202085487857,16183.089521340651
ER(0.5),14,8,norm_50,cal,0.4217845957286465,0.70183718420147,0.32221463113741466,0.28193780224523785,0,16029.202085487857,16183.089521340651
ER(0.5),14,8,norm_fit,raw,0.4217519040961515,0.7018612095045591,0.32221463113741466,0.28193780224523785,0,16029.805780568635,16182.936721202579
ER(0.5),14,8,norm_fit,cal,0.42175938082477343,0.7018544934895338,0.32221463113741466,0.28193780224523785,0,16029.805780568635,16182.936721202579
ER(0.5),14,9,emp,raw,0.9993749999999998,0.9993750000000002,0.0,0.0,1,16383.999999999998,16384.0
ER(0.5),14,9,emp,cal,0.9993749999999998,0.9993667943897601,0.0,0.0,1,16383.999999999998,16384.0
ER(0.5),14,9,paper,raw,0.5384463885003515,0.7865352550008361,0.40276828892176836,0.040276828892176875,0,11.435044975383496,1.4495641626681632e6
ER(0.5),14,9,paper,cal,0.9860873439057426,0.9875388839889968,0.0805536577843537,0.04027682889217682,0,11.435044975383496,1.4495641626681632e6
ER(0.5),14,9,tri_init,raw,0.257389236827583,0.248483312219639,0.0,0.08055365778435367,0,40983.99999999999,40984.0
ER(0.5),14,9,tri_init,cal,0.25738923682758297,0.2484809551580261,0.0,0.08055365778435367,0,40983.99999999999,40984.0
ER(0.5),14,9,tri_25,raw,0.2935591149010634,0.2935029436389409,0.0,1.0069207223044208,0,54806.532368988315,54900.37039954118
ER(0.5),14,9,tri_25,cal,0.29354774593995814,0.29348609428783895,0.0,1.0069207223044208,0,54806.532368988315,54900.37039954118
ER(0.5),14,9,tri_50,raw,0.2935586305442147,0.29350351461088053,0.0,1.0069207223044208,0,54806.548450938484,54900.397614214446
ER(0.5),14,9,tri_50,cal,0.293547260250596,0.2934825012755436,0.0,1.0069207223044208,0,54806.548450938484,54900.397614214446
ER(0.5),14,9,tri_fit,raw,0.29355901043635163,0.29350382477039816,0.0,1.0069207223044208,0,54806.72909011388,54900.58038460888
ER(0.5),14,9,tri_fit,cal,0.2935476389172163,0.29348944348015066,0.0,1.0069207223044208,0,54806.72909011388,54900.58038460888
ER(0.5),14,9,norm_init,raw,-0.0766370362723181,-0.4975790258106163,0.40276828892176836,0.4430451178139452,0,16383.999999999834,16383.999999999834
ER(0.5),14,9,norm_init,cal,-0.07663703627231813,-0.49757537639007227,0.40276828892176836,0.4430451178139452,0,16383.999999999834,16383.999999999834
ER(0.5),14,9,norm_25,raw,0.4029036422751807,0.7429999428605792,0.40276828892176836,0.32221463113741466,0,16279.53182723168,16287.003054708606
ER(0.5),14,9,norm_25,cal,0.4029036839182827,0.7429999428605792,0.40276828892176836,0.32221463113741466,0,16279.53182723168,16287.003054708606
ER(0.5),14,9,norm_50,raw,0.4029267454390374,0.742988289285604,0.40276828892176836,0.32221463113741466,0,16279.588237950871,16286.82776317088
ER(0.5),14,9,norm_50,cal,0.40292678448837854,0.742988289285604,0.40276828892176836,0.32221463113741466,0,16279.588237950871,16286.82776317088
ER(0.5),14,9,norm_fit,raw,0.40292619743012986,0.7429974247514137,0.40276828892176836,0.32221463113741466,0,16279.586152334288,16286.829772446426
ER(0.5),14,9,norm_fit,cal,0.4029262365241626,0.742988289285604,0.40276828892176836,0.32221463113741466,0,16279.586152334288,16286.829772446426
ER(0.5),14,10,emp,raw,0.999375,0.9993750000000001,0.0,0.0,1,16383.999999999998,16384.0
ER(0.5),14,10,emp,cal,0.999375,0.9993660179077498,0.0,0.0,1,16383.999999999998,16384.0
ER(0.5),14,10,paper,raw,0.9900581031860517,0.9893362032473358,0.0,0.04027682889217685,0,10019.138109174031,19372.688724246276
ER(0.5),14,10,paper,cal,0.9740709830344583,0.9785053314404765,0.08055365778435367,0.08055365778435367,0,10019.138109174031,19372.688724246276
ER(0.5),14,10,tri_init,raw,0.22658023845724382,0.23305546786539091,0.16110731556870733,0.04027682889217685,0,40983.99999999999,40984.0
ER(0.5),14,10,tri_init,cal,0.22658023845724368,0.23305430772372446,0.16110731556870733,0.04027682889217685,0,40983.99999999999,40984.0
ER(0.5),14,10,tri_25,raw,0.29394787276357365,0.3167764842363916,0.4027682889217684,1.0069207223044208,0,64026.80517286295,64065.49336455583
ER(0.5),14,10,tri_25,cal,0.2939542616804868,0.31678383216987327,0.4027682889217684,1.0069207223044208,0,64026.80517286295,64065.49336455583
ER(0.5),14,10,tri_50,raw,0.29394592555688265,0.3167748955136266,0.4027682889217684,1.0069207223044208,0,64026.4118489559,64065.09853759752
ER(0.5),14,10,tri_50,cal,0.2939523118299203,0.31678381768271613,0.4027682889217684,1.0069207223044208,0,64026.4118489559,64065.09853759752
ER(0.5),14,10,tri_fit,raw,0.293945948599839,0.31677489967365063,0.4027682889217684,1.0069207223044208,0,64026.48533806286,64065.17149757083
ER(0.5),14,10,tri_fit,cal,0.29395233505457735,0.3167847922603265,0.4027682889217684,1.0069207223044208,0,64026.48533806286,64065.17149757083
ER(0.5),14,10,norm_init,raw,-0.1011944032926349,-0.5342797327884553,0.32221463113741466,0.483321946706122,0,16383.999999999833,16383.999999999833
ER(0.5),14,10,norm_init,cal,-0.10119440329263493,-0.5342823003060453,0.32221463113741466,0.483321946706122,0,16383.999999999833,16383.999999999833
ER(0.5),14,10,norm_25,raw,0.4200314516675318,0.7091148356418311,0.32221463113741466,0.28193780224523785,0,14718.992722163162,16125.091214586748
ER(0.5),14,10,norm_25,cal,0.4202071727573706,0.7090969572585082,0.32221463113741466,0.28193780224523785,0,14718.992722163162,16125.091214586748
ER(0.5),14,10,norm_50,raw,0.42253784127496946,0.7182176557954923,0.32221463113741466,0.28193780224523785,0,16003.560655887853,16229.0732605759
ER(0.5),14,10,norm_50,cal,0.4225521051538901,0.718220630646042,0.32221463113741466,0.28193780224523785,0,16003.560655887853,16229.0732605759
ER(0.5),14,10,norm_fit,raw,0.42107110224449873,0.7200043117421101,0.32221463113741466,0.28193780224523785,0,16140.651775325909,16235.676680050776
ER(0.5),14,10,norm_fit,cal,0.42107475189469185,0.7200095967866436,0.32221463113741466,0.28193780224523785,0,16140.651775325909,16235.676680050776
ER(0.25),12,1,emp,raw,0.9993750000000002,0.9993749999999998,0.0,0.0,1,4095.9999999999995,4096.0
ER(0.25),12,1,emp,cal,0.9993750000000002,0.9993749999999998,0.0,0.0,1,4095.9999999999995,4096.0
ER(0.25),12,1,paper,raw,0.36784170062752614,0.5732045753355929,0.5638756044904756,0.12083048667653051,0,5.977456229924371,4.850006562206986e7
ER(0.25),12,1,paper,cal,0.9931663437351312,0.9917833150732729,0.08055365778435375,0.0,0,5.977456229924371,4.850006562206986e7
ER(0.25),12,1,tri_init,raw,0.34286058544038445,0.2925431989218295,0.24166097335306108,0.04027682889217682,0,7784.0,7784.0
ER(0.25),12,1,tri_init,cal,0.34286058544038445,0.29254519609766355,0.24166097335306108,0.04027682889217682,0,7784.0,7784.0
ER(0.25),12,1,tri_25,raw,0.2938059911603847,0.2502670355632186,0.5638756044904758,0.04027682889217682,0,6701.552065832106,6767.234766567641
ER(0.25),12,1,tri_25,cal,0.29370598448441054,0.25018391368095116,0.5638756044904758,0.04027682889217682,0,6701.552065832106,6767.234766567641
ER(0.25),12,1,tri_50,raw,0.293806083091213,0.2502669552256323,0.5638756044904758,0.04027682889217682,0,6701.560994738644,6767.245122177631
ER(0.25),12,1,tri_50,cal,0.29370607365675405,0.2501898217202606,0.5638756044904758,0.04027682889217682,0,6701.560994738644,6767.245122177631
ER(0.25),12,1,tri_fit,raw,0.2938060830905427,0.25026702000896794,0.5638756044904758,0.04027682889217682,0,6701.560994676674,6767.245122105856
ER(0.25),12,1,tri_fit,cal,0.2937060736561029,0.25018167190690926,0.5638756044904758,0.04027682889217682,0,6701.560994676674,6767.245122105856
ER(0.25),12,1,norm_init,raw,-0.010091050049640416,-0.36671535189686916,0.7249829200591831,0.48332194670612205,0,4095.999999925126,4095.999999925126
ER(0.25),12,1,norm_init,cal,-0.010091050049640417,-0.3667222280029502,0.7249829200591831,0.48332194670612205,0,4095.999999925126,4095.999999925126
ER(0.25),12,1,norm_25,raw,0.34859350039029274,0.7539396736170806,0.7249829200591831,0.32221463113741466,0,4093.2269051551884,4093.6589102731177
ER(0.25),12,1,norm_25,cal,0.34859351361260427,0.7539396736170806,0.7249829200591831,0.32221463113741466,0,4093.2269051551884,4093.6589102731177
ER(0.25),12,1,norm_50,raw,0.3485936161205204,0.7539279178353037,0.7249829200591831,0.32221463113741466,0,4093.2270124448687,4093.6590531581032
ER(0.25),12,1,norm_50,cal,0.34859362934413546,0.7539279178353037,0.7249829200591831,0.32221463113741466,0,4093.2270124448687,4093.6590531581032
ER(0.25),12,1,norm_fit,raw,0.3485936161205204,0.7539279178353037,0.7249829200591831,0.32221463113741466,0,4093.2270124448687,4093.6590531581032
ER(0.25),12,1,norm_fit,cal,0.34859362934413546,0.7539279178353037,0.7249829200591831,0.32221463113741466,0,4093.2270124448687,4093.6590531581032
ER(0.25),12,2,emp,raw,0.9993749999999996,0.9993750000000001,0.0,0.0,1,4096.0,4096.0
ER(0.25),12,2,emp,cal,0.9993749999999996,0.9993750000000001,0.0,0.0,1,4096.0,4096.0
ER(0.25),12,2,paper,raw,0.4206546506373474,0.6291492750631755,0.48332194670612205,0.0805536577843537,0,4.940416521649711,1.3496581654000316e7
ER(0.25),12,2,paper,cal,0.9952572818089799,0.994919507294919,0.08055365778435375,0.0,0,4.940416521649711,1.3496581654000316e7
ER(0.25),12,2,tri_init,raw,0.3264593972507123,0.27537154470340214,0.24166097335306108,0.04027682889217682,0,7784.0,7784.0
ER(0.25),12,2,tri_init,cal,0.3264593972507121,0.2753718234227518,0.24166097335306108,0.04027682889217682,0,7784.0,7784.0
ER(0.25),12,2,tri_25,raw,0.28909870556039124,0.24389168188514412,0.6444292622748294,0.04027682889217682,0,7256.148682644236,7307.274969943172
ER(0.25),12,2,tri_25,cal,0.28907371649253083,0.24386718698988832,0.6444292622748294,0.04027682889217682,0,7256.148682644236,7307.274969943172
ER(0.25),12,2,tri_50,raw,0.2891073245316441,0.24390313106050132,0.6444292622748294,0.04027682889217682,0,7256.637126840539,7307.749706761516
ER(0.25),12,2,tri_50,cal,0.28908222207674633,0.24387414216444886,0.6444292622748294,0.04027682889217682,0,7256.637126840539,7307.749706761516
ER(0.25),12,2,tri_fit,raw,0.2891131119879372,0.24390361878077133,0.6444292622748294,0.04027682889217682,0,7257.223157677771,7308.302102605892
ER(0.25),12,2,tri_fit,cal,0.2890881368284656,0.24388736952740647,0.6444292622748294,0.04027682889217682,0,7257.223157677771,7308.302102605892
ER(0.25),12,2,norm_init,raw,-0.006980127983337776,-0.37084853822970587,0.7249829200591831,0.48332194670612205,0,4095.9999999251263,4095.9999999251263
ER(0.25),12,2,norm_init,cal,-0.006980127983337779,-0.3708668006145929,0.7249829200591831,0.48332194670612205,0,4095.9999999251263,4095.9999999251263
ER(0.25),12,2,norm_25,raw,0.3554214290107954,0.778670428686918,0.7249829200591831,0.32221463113741466,0,4090.0895895970566,4091.8880271691123
ER(0.25),12,2,norm_25,cal,0.35542162474728245,0.778671151908088,0.7249829200591831,0.32221463113741466,0,4090.0895895970566,4091.8880271691123
ER(0.25),12,2,norm_50,raw,0.35541017029298805,0.778645186218473,0.7249829200591831,0.32221463113741466,0,4090.0863456179204,4091.8883464696605
ER(0.25),12,2,norm_50,cal,0.3554103667965226,0.7786444542132402,0.7249829200591831,0.32221463113741466,0,4090.0863456179204,4091.8883464696605
ER(0.25),12,2,norm_fit,raw,0.3554101673565597,0.778645186218473,0.7249829200591831,0.32221463113741466,0,4090.0863448046453,4091.8883465761014
ER(0.25),12,2,norm_fit,cal,0.3554103638602935,0.7786444542132402,0.7249829200591831,0.32221463113741466,0,4090.0863448046453,4091.8883465761014
ER(0.25),12,3,emp,raw,0.9993749999999999,0.9993750000000001,0.0,0.0,1,4095.9999999999995,4096.0
ER(0.25),12,3,emp,cal,0.9993749999999997,0.9993588262524934,0.0,0.0,1,4095.9999999999995,4096.0
ER(0.25),12,3,paper,raw,0.33504868566047835,0.5555070315021241,0.48332194670612194,0.12083048667653051,0,5.977456229924371,1.6490022311503732e8
ER(0.25),12,3,paper,cal,0.9977177178922472,0.9964145524714099,0.0,0.040276828892176875,0,5.977456229924371,1.6490022311503732e8
ER(0.25),12,3,tri_init,raw,0.3216677790934197,0.2695620771911784,0.3222146311374147,0.04027682889217682,0,7784.0,7784.0
ER(0.25),12,3,tri_init,cal,0.32166777909341976,0.26956314048127755,0.3222146311374147,0.04027682889217682,0,7784.0,7784.0
ER(0.25),12,3,tri_25,raw,0.27619683124255495,0.2312422396073894,0.3222146311374147,0.04027682889217682,0,6368.096962564543,6395.416082995813
ER(0.25),12,3,tri_25,cal,0.2761468297579394,0.231169474508404,0.3222146311374147,0.04027682889217682,0,6368.096962564543,6395.416082995813
ER(0.25),12,3,tri_50,raw,0.2762069887265454,0.23123247647599562,0.3222146311374147,0.04027682889217682,0,6368.89956457822,6396.194887835618
ER(0.25),12,3,tri_50,cal,0.27615716720298167,0.23118969595741914,0.3222146311374147,0.04027682889217682,0,6368.89956457822,6396.194887835618
ER(0.25),12,3,tri_fit,raw,0.2761943834853444,0.23124261990628053,0.3222146311374147,0.04027682889217682,0,6368.794306492881,6396.117851722784
ER(0.25),12,3,tri_fit,cal,0.2761444348656624,0.23116590590644817,0.3222146311374147,0.04027682889217682,0,6368.794306492881,6396.117851722784
ER(0.25),12,3,norm_init,raw,0.036256342154064744,-0.31245216325578745,0.8055365778435367,0.48332194670612205,0,4095.999999925126,4095.999999925126
ER(0.25),12,3,norm_init,cal,0.036256342154064744,-0.3124587455567943,0.8055365778435367,0.48332194670612205,0,4095.999999925126,4095.999999925126
ER(0.25),12,3,norm_25,raw,0.3539457111599654,0.7179057710225399,0.8055365778435367,0.32221463113741466,0,4094.363631159387,4094.6055262995374
ER(0.25),12,3,norm_25,cal,0.35394569681164745,0.7179057710225399,0.8055365778435367,0.32221463113741466,0,4094.363631159387,4094.6055262995374
ER(0.25),12,3,norm_50,raw,0.3539432174699545,0.7179069217059852,0.8055365778435367,0.32221463113741466,0,4094.3632215225775,4094.6056577260747
ER(0.25),12,3,norm_50,cal,0.35394320305561905,0.7179069217059852,0.8055365778435367,0.32221463113741466,0,4094.3632215225775,4094.6056577260747
ER(0.25),12,3,norm_fit,raw,0.3539432174699545,0.7179069217059852,0.8055365778435367,0.32221463113741466,0,4094.3632215225775,4094.6056577260747
ER(0.25),12,3,norm_fit,cal,0.35394320305561905,0.7179069217059852,0.8055365778435367,0.32221463113741466,0,4094.3632215225775,4094.6056577260747
ER(0.25),12,4,emp,raw,0.9993749999999999,0.999375,0.0,0.0,1,4096.0,4096.0
ER(0.25),12,4,emp,cal,0.9993749999999999,0.999375,0.0,0.0,1,4096.0,4096.0
ER(0.25),12,4,paper,raw,0.4624487082926367,0.6277260176325865,0.48332194670612183,0.08055365778435364,0,29.93034382411015,4.9068504508134097e8
ER(0.25),12,4,paper,cal,0.9918926254377518,0.9895522043398142,0.1611073155687075,0.0,0,29.93034382411015,4.9068504508134097e8
ER(0.25),12,4,tri_init,raw,0.319970053871861,0.2846514943915144,0.6444292622748294,0.0805536577843537,0,7374.835119047619,7566.547619047619
ER(0.25),12,4,tri_init,cal,0.32037042984337083,0.28494670260026467,0.6444292622748294,0.0805536577843537,0,7374.835119047619,7566.547619047619
ER(0.25),12,4,tri_25,raw,0.30601874610553303,0.2791551891483038,0.7249829200591831,0.0805536577843537,0,4855.346584102925,4868.905925130861
ER(0.25),12,4,tri_25,cal,0.306045295890259,0.27919010134678146,0.7249829200591831,0.0805536577843537,0,4855.346584102925,4868.905925130861
ER(0.25),12,4,tri_50,raw,0.3060065537785861,0.27916548248733697,0.7249829200591831,0.0805536577843537,0,4855.585974361384,4869.186883602757
ER(0.25),12,4,tri_50,cal,0.3060325670674166,0.2792034839635311,0.7249829200591831,0.0805536577843537,0,4855.585974361384,4869.186883602757
ER(0.25),12,4,tri_fit,raw,0.30599347397645343,0.2791495015331504,0.7249829200591831,0.0805536577843537,0,4858.510511779203,4872.077316430298
ER(0.25),12,4,tri_fit,cal,0.30601946126696217,0.27918377260900373,0.7249829200591831,0.0805536577843537,0,4858.510511779203,4872.077316430298
ER(0.25),12,4,norm_init,raw,0.05805641903775578,-0.2118822363842134,1.2083048667653051,0.4430451178139452,0,4095.9991154774843,4095.9991154774843
ER(0.25),12,4,norm_init,cal,0.05805641903775574,-0.21192253698238575,1.2083048667653051,0.4430451178139452,0,4095.9991154774843,4095.9991154774843
ER(0.25),12,4,norm_25,raw,0.3414936547811662,0.3907564033925928,1.2083048667653051,0.36249146002959154,0,4088.5629070305076,4090.7209272411383
ER(0.25),12,4,norm_25,cal,0.34149376618226573,0.39074755511222575,1.2083048667653051,0.36249146002959154,0,4088.5629070305076,4090.7209272411383
ER(0.25),12,4,norm_50,raw,0.34149642541812547,0.3907204949510237,1.2083048667653051,0.36249146002959154,0,4088.562724676874,4090.7203028809427
ER(0.25),12,4,norm_50,cal,0.34149653474352964,0.3907204949510237,1.2083048667653051,0.36249146002959154,0,4088.562724676874,4090.7203028809427
ER(0.25),12,4,norm_fit,raw,0.34149642541812547,0.3907204949510237,1.2083048667653051,0.36249146002959154,0,4088.562724676874,4090.7203028809427
ER(0.25),12,4,norm_fit,cal,0.34149653474352964,0.3907204949510237,1.2083048667653051,0.36249146002959154,0,4088.562724676874,4090.7203028809427
ER(0.25),12,5,emp,raw,0.9993749999999999,0.9993749999999999,0.0,0.0,1,4096.0,4096.0
ER(0.25),12,5,emp,cal,0.9993749999999999,0.9993749999999999,0.0,0.0,1,4096.0,4096.0
ER(0.25),12,5,paper,raw,0.4677331214254942,0.6180303276408172,0.5638756044904757,0.08055365778435364,0,14.860167413760012,1.4511882240000007e8
ER(0.25),12,5,paper,cal,0.9955614352218621,0.9944903586587184,0.0,0.040276828892176875,0,14.860167413760012,1.4511882240000007e8
ER(0.25),12,5,tri_init,raw,0.33191612213473026,0.27525357374740034,0.483321946706122,0.0805536577843537,0,7665.732738095239,7747.428571428572
ER(0.25),12,5,tri_init,cal,0.3319441654114972,0.2752795421315579,0.483321946706122,0.0805536577843537,0,7665.732738095239,7747.428571428572
ER(0.25),12,5,tri_25,raw,0.29201430992087973,0.2464441878117262,0.5638756044904756,0.0805536577843537,0,5654.216037995953,5678.288838556187
ER(0.25),12,5,tri_25,cal,0.29177915377123764,0.2462764984335821,0.5638756044904756,0.0805536577843537,0,5654.216037995953,5678.288838556187
ER(0.25),12,5,tri_50,raw,0.2920030578226615,0.2464409565502695,0.5638756044904756,0.0805536577843537,0,5654.299796684802,5678.3797013420535
ER(0.25),12,5,tri_50,cal,0.2917678343190005,0.24626727061014309,0.5638756044904756,0.0805536577843537,0,5654.299796684802,5678.3797013420535
ER(0.25),12,5,tri_fit,raw,0.29201570760275714,0.24643298206094355,0.5638756044904756,0.0805536577843537,0,5654.443309096158,5678.516428076409
ER(0.25),12,5,tri_fit,cal,0.29178068184838263,0.2462733662999672,0.5638756044904756,0.0805536577843537,0,5654.443309096158,5678.516428076409
ER(0.25),12,5,norm_init,raw,0.057987210029706374,-0.24758213177406965,0.966643893412244,0.4430451178139452,0,4095.9999977362318,4095.9999977362318
ER(0.25),12,5,norm_init,cal,0.057987210029706415,-0.24759356963898518,0.966643893412244,0.4430451178139452,0,4095.9999977362318,4095.9999977362318
ER(0.25),12,5,norm_25,raw,0.30070180694300724,0.6075921047127064,0.966643893412244,0.36249146002959154,0,4092.0573356675545,4092.225588085777
ER(0.25),12,5,norm_25,cal,0.3007018220298266,0.6075921047127064,0.966643893412244,0.36249146002959154,0,4092.0573356675545,4092.225588085777
ER(0.25),12,5,norm_50,raw,0.3007043909718969,0.6075943094944988,0.966643893412244,0.36249146002959154,0,4092.057446053116,4092.2256753529105
ER(0.25),12,5,norm_50,cal,0.3007044060568455,0.6075943094944988,0.966643893412244,0.36249146002959154,0,4092.057446053116,4092.2256753529105
ER(0.25),12,5,norm_fit,raw,0.3007043909718969,0.6075943094944988,0.966643893412244,0.36249146002959154,0,4092.057446053116,4092.2256753529105
ER(0.25),12,5,norm_fit,cal,0.3007044060568455,0.6075943094944988,0.966643893412244,0.36249146002959154,0,4092.057446053116,4092.2256753529105
ER(0.25),12,6,emp,raw,0.9993749999999998,0.999375,0.0,0.0,1,4095.9999999999995,4096.0
ER(0.25),12,6,emp,cal,0.9993749999999998,0.999375,0.0,0.0,1,4095.9999999999995,4096.0
ER(0.25),12,6,paper,raw,0.3459331799075428,0.5994931258255995,0.48332194670612205,0.12083048667653051,0,4.9461297500809405,9.722402948323216e6
ER(0.25),12,6,paper,cal,0.996688737599263,0.9966581023477624,0.0,0.0,1,4.9461297500809405,9.722402948323216e6
ER(0.25),12,6,tri_init,raw,0.316696519321396,0.26890486026507415,0.08055365778435364,0.04027682889217682,0,7784.0,7784.0
ER(0.25),12,6,tri_init,cal,0.3166965193213959,0.2688990011792319,0.08055365778435364,0.04027682889217682,0,7784.0,7784.0
ER(0.25),12,6,tri_25,raw,0.2856334394886,0.2439137715955552,0.5638756044904757,0.04027682889217682,0,7481.638595143295,7502.095673039017
ER(0.25),12,6,tri_25,cal,0.2856557179937423,0.24392173720790042,0.5638756044904757,0.04027682889217682,0,7481.638595143295,7502.095673039017
ER(0.25),12,6,tri_50,raw,0.28564137205391343,0.2439199758034751,0.5638756044904757,0.04027682889217682,0,7481.949899506279,7502.351386811121
ER(0.25),12,6,tri_50,cal,0.28566359645822537,0.24392362363169973,0.5638756044904757,0.04027682889217682,0,7481.949899506279,7502.351386811121
ER(0.25),12,6,tri_fit,raw,0.2856416254227889,0.24391995568109015,0.5638756044904757,0.04027682889217682,0,7482.000693567091,7502.408821421378
ER(0.25),12,6,tri_fit,cal,0.28566384322305705,0.2439221223374143,0.5638756044904757,0.04027682889217682,0,7482.000693567091,7502.408821421378
ER(0.25),12,6,norm_init,raw,-0.02091573521189221,-0.39307231319094027,0.6444292622748293,0.48332194670612205,0,4095.9999999251268,4095.9999999251268
ER(0.25),12,6,norm_init,cal,-0.02091573521189224,-0.39305914900929745,0.6444292622748293,0.48332194670612205,0,4095.9999999251268,4095.9999999251268
ER(0.25),12,6,norm_25,raw,0.37040386742100173,0.7876485210099318,0.6444292622748293,0.32221463113741466,0,4089.7890290533383,4091.753550763313
ER(0.25),12,6,norm_25,cal,0.3704041232495064,0.7876485210099318,0.6444292622748293,0.32221463113741466,0,4089.7890290533383,4091.753550763313
ER(0.25),12,6,norm_50,raw,0.3703984976510889,0.787654078405867,0.6444292622748293,0.32221463113741466,0,4089.786705865833,4091.7533236803315
ER(0.25),12,6,norm_50,cal,0.37039875399583294,0.7876510039771357,0.6444292622748293,0.32221463113741466,0,4089.786705865833,4091.7533236803315
ER(0.25),12,6,norm_fit,raw,0.3703984976510889,0.787654078405867,0.6444292622748293,0.32221463113741466,0,4089.786705865833,4091.7533236803315
ER(0.25),12,6,norm_fit,cal,0.37039875399583294,0.7876510039771357,0.6444292622748293,0.32221463113741466,0,4089.786705865833,4091.7533236803315
ER(0.25),12,7,emp,raw,0.9993749999999999,0.9993750000000002,0.0,0.0,1,4095.9999999999995,4096.0
ER(0.25),12,7,emp,cal,0.9993749999999999,0.9993728068320283,0.0,0.0,1,4095.9999999999995,4096.0
ER(0.25),12,7,paper,raw,0.32689444225945596,0.5282598758565049,0.6444292622748293,0.12083048667653051,0,7.038956727768503,4.853018991392264e7
ER(0.25),12,7,paper,cal,0.9886584211719257,0.9892519344901679,0.08055365778435375,0.04027682889217682,0,7.038956727768503,4.853018991392264e7
ER(0.25),12,7,tri_init,raw,0.3379955128831919,0.2864019759766595,0.24166097335306108,0.04027682889217682,0,7784.0,7784.0
ER(0.25),12,7,tri_init,cal,0.33799551288319196,0.286403727213875,0.24166097335306108,0.04027682889217682,0,7784.0,7784.0
ER(0.25),12,7,tri_25,raw,0.29059580105206007,0.25252852618519606,0.6444292622748294,0.04027682889217682,0,6121.551536946804,6165.108069132613
ER(0.25),12,7,tri_25,cal,0.2906709892834016,0.2526020598322978,0.6444292622748294,0.04027682889217682,0,6121.551536946804,6165.108069132613
ER(0.25),12,7,tri_50,raw,0.29059967542996473,0.2525368356053385,0.6444292622748294,0.04027682889217682,0,6121.74058368719,6165.281290273712
ER(0.25),12,7,tri_50,cal,0.29067472694411217,0.2526172516663039,0.6444292622748294,0.04027682889217682,0,6121.74058368719,6165.281290273712
ER(0.25),12,7,tri_fit,raw,0.29059968947672393,0.25253683579030883,0.6444292622748294,0.04027682889217682,0,6121.741147539567,6165.281805110542
ER(0.25),12,7,tri_fit,cal,0.2906747406106631,0.2525887130772102,0.6444292622748294,0.04027682889217682,0,6121.741147539567,6165.281805110542
ER(0.25),12,7,norm_init,raw,-0.03150938360174918,-0.39347389874172517,0.7249829200591831,0.4430451178139452,0,4096.000043757004,4096.000043757004
ER(0.25),12,7,norm_init,cal,-0.03150938360174923,-0.39346949772861184,0.7249829200591831,0.48332194670612205,0,4096.000043757004,4096.000043757004
ER(0.25),12,7,norm_25,raw,0.37575903215367384,0.733773642230782,0.7249829200591831,1.248581695657482,0,4094.134150978779,4094.600046948587
ER(0.25),12,7,norm_25,cal,0.3757590320529955,0.733773642230782,0.7249829200591831,1.248581695657482,0,4094.134150978779,4094.600046948587
ER(0.25),12,7,norm_50,raw,0.37575476558324716,0.7337642199548442,0.7249829200591831,1.248581695657482,0,4094.13442964892,4094.5998157601034
ER(0.25),12,7,norm_50,cal,0.3757547654712368,0.7337630194784195,0.7249829200591831,1.248581695657482,0,4094.13442964892,4094.5998157601034
ER(0.25),12,7,norm_fit,raw,0.37575476558324716,0.7337642199548442,0.7249829200591831,1.248581695657482,0,4094.13442964892,4094.5998157601034
ER(0.25),12,7,norm_fit,cal,0.3757547654712368,0.7337630194784195,0.7249829200591831,1.248581695657482,0,4094.13442964892,4094.5998157601034
ER(0.25),12,8,emp,raw,0.9993749999999997,0.9993749999999999,0.0,0.0,1,4096.0,4096.0
ER(0.25),12,8,emp,cal,0.9993749999999997,0.9993749999999999,0.0,0.0,1,4096.0,4096.0
ER(0.25),12,8,paper,raw,0.4208091414323611,0.65430101044004,0.48332194670612205,0.0805536577843537,0,5.339272812512761,3.274368006217814e6
ER(0.25),12,8,paper,cal,0.9960415291617518,0.9951528135016638,0.08055365778435364,0.0,0,5.339272812512761,3.274368006217814e6
ER(0.25),12,8,tri_init,raw,0.3027225318122858,0.25789949964795933,0.0,0.04027682889217682,0,7784.0,7784.0
ER(0.25),12,8,tri_init,cal,0.30272253181228587,0.257901709461855,0.0,0.04027682889217682,0,7784.0,7784.0
ER(0.25),12,8,tri_25,raw,0.31171451766434904,0.27394808830540485,0.5638756044904757,0.04027682889217682,0,8176.7683853865365,8197.559822746662
ER(0.25),12,8,tri_25,cal,0.3117180581514435,0.27394021596834284,0.5638756044904757,0.04027682889217682,0,8176.7683853865365,8197.559822746662
ER(0.25),12,8,tri_50,raw,0.3117189490909398,0.2739549159605985,0.5638756044904757,0.04027682889217682,0,8176.968400885909,8197.752269253735
ER(0.25),12,8,tri_50,cal,0.31172249761184445,0.27393308091837276,0.5638756044904757,0.04027682889217682,0,8176.968400885909,8197.752269253735
ER(0.25),12,8,tri_fit,raw,0.31171309587478196,0.27395004815364676,0.5638756044904757,0.04027682889217682,0,8176.858826089541,8197.659981866549
ER(0.25),12,8,tri_fit,cal,0.3117166373554207,0.2739237850077167,0.5638756044904757,0.04027682889217682,0,8176.858826089541,8197.659981866549
ER(0.25),12,8,norm_init,raw,-0.01586717978323654,-0.38919993466544056,0.6444292622748293,0.4430451178139452,0,4096.000043757046,4096.000043757046
ER(0.25),12,8,norm_init,cal,-0.01586717978323654,-0.38919472673719974,0.6444292622748293,0.48332194670612205,0,4096.000043757046,4096.000043757046
ER(0.25),12,8,norm_25,raw,0.37061503379267846,0.7641312357303642,0.6444292622748293,0.32221463113741466,0,4079.4319488529686,4085.5957366567686
ER(0.25),12,8,norm_25,cal,0.3706160345188101,0.7641325094089938,0.6444292622748293,0.32221463113741466,0,4079.4319488529686,4085.5957366567686
ER(0.25),12,8,norm_50,raw,0.3706148919219659,0.7641312357303642,0.6444292622748293,0.32221463113741466,0,4079.4318987156225,4085.595802963685
ER(0.25),12,8,norm_50,cal,0.3706158926897707,0.7641325094089938,0.6444292622748293,0.32221463113741466,0,4079.4318987156225,4085.595802963685
ER(0.25),12,8,norm_fit,raw,0.3706148919219659,0.7641312357303642,0.6444292622748293,0.32221463113741466,0,4079.4318987156225,4085.595802963685
ER(0.25),12,8,norm_fit,cal,0.3706158926897707,0.7641325094089938,0.6444292622748293,0.32221463113741466,0,4079.4318987156225,4085.595802963685
ER(0.25),12,9,emp,raw,0.9993749999999999,0.9993749999999999,0.0,0.0,1,4096.0,4096.0
ER(0.25),12,9,emp,cal,0.9993749999999999,0.9993749999999999,0.0,0.0,1,4096.0,4096.0
ER(0.25),12,9,paper,raw,0.3163877742628401,0.5734620661850848,0.5638756044904758,0.12083048667653051,0,4.8224595441024265,3.153321917049872e7
ER(0.25),12,9,paper,cal,0.9975631392696324,0.9971812891317857,0.0,0.040276828892176875,0,4.8224595441024265,3.153321917049872e7
ER(0.25),12,9,tri_init,raw,0.30579095727015354,0.2581162198879404,0.08055365778435364,0.04027682889217682,0,7784.0,7784.000000000001
ER(0.25),12,9,tri_init,cal,0.3057909572701536,0.25810512059979956,0.08055365778435364,0.04027682889217682,0,7784.0,7784.000000000001
ER(0.25),12,9,tri_25,raw,0.27673586202225303,0.2352156294926489,0.4027682889217683,0.04027682889217682,0,7082.622316103831,7127.815909254354
ER(0.25),12,9,tri_25,cal,0.2768695898150051,0.2353085973157254,0.4027682889217683,0.04027682889217682,0,7082.622316103831,7127.815909254354
ER(0.25),12,9,tri_50,raw,0.27672022236895905,0.2352081043592776,0.4027682889217683,0.04027682889217682,0,7082.300304283227,7127.535891149306
ER(0.25),12,9,tri_50,cal,0.276853944504185,0.23530668859999446,0.4027682889217683,0.04027682889217682,0,7082.300304283227,7127.535891149306
ER(0.25),12,9,tri_fit,raw,0.2766906679907348,0.23519596459158992,0.4027682889217683,0.04027682889217682,0,7082.367012927476,7127.582116315906
ER(0.25),12,9,tri_fit,cal,0.2768242492620345,0.23527027246131388,0.4027682889217683,0.04027682889217682,0,7082.367012927476,7127.582116315906
ER(0.25),12,9,norm_init,raw,-0.0018747827405516406,-0.3713550324787547,0.6444292622748293,0.4430451178139452,0,4096.000043757047,4096.000043757047
ER(0.25),12,9,norm_init,cal,-0.0018747827405516762,-0.3713526409182269,0.6444292622748293,0.48332194670612205,0,4096.000043757047,4096.000043757047
ER(0.25),12,9,norm_25,raw,0.3682353536709832,0.7862951151808864,0.6444292622748293,0.32221463113741466,0,4092.2433704896007,4093.3467984652834
ER(0.25),12,9,norm_25,cal,0.36823545848261946,0.7862972584879734,0.6444292622748293,0.32221463113741466,0,4092.2433704896007,4093.3467984652834
ER(0.25),12,9,norm_50,raw,0.368234733598873,0.7862951151808864,0.6444292622748293,0.32221463113741466,0,4092.243325674748,4093.346897098255
ER(0.25),12,9,norm_50,cal,0.36823483843818394,0.7862951151808864,0.6444292622748293,0.32221463113741466,0,4092.243325674748,4093.346897098255
ER(0.25),12,9,norm_fit,raw,0.368234733598873,0.7862951151808864,0.6444292622748293,0.32221463113741466,0,4092.243325674748,4093.346897098255
ER(0.25),12,9,norm_fit,cal,0.36823483843818394,0.7862951151808864,0.6444292622748293,0.32221463113741466,0,4092.243325674748,4093.346897098255
ER(0.25),12,10,emp,raw,0.9993749999999999,0.9993750000000001,0.0,0.0,1,4095.9999999999995,4096.0
ER(0.25),12,10,emp,cal,0.9993749999999999,0.9993166426664758,0.0,0.0,1,4095.9999999999995,4096.0
ER(0.25),12,10,paper,raw,0.3347850036139076,0.5034006673749383,0.6444292622748293,0.12083048667653051,0,14.860167413760012,1.4511882240000007e8
ER(0.25),12,10,paper,cal,0.9947805186405022,0.9950325564495184,0.0,0.040276828892176875,0,14.860167413760012,1.4511882240000007e8
ER(0.25),12,10,tri_init,raw,0.34291507869879667,0.2877905629627949,0.40276828892176836,0.04027682889217682,0,7665.732738095239,7747.428571428572
ER(0.25),12,10,tri_init,cal,0.342934651588145,0.2877914353203179,0.40276828892176836,0.04027682889217682,0,7665.732738095239,7747.428571428572
ER(0.25),12,10,tri_25,raw,0.30652861698428324,0.26724203154610393,0.5638756044904757,0.04027682889217682,0,5434.020288165684,5467.070602478449
ER(0.25),12,10,tri_25,cal,0.3063495524221029,0.2670727106386942,0.5638756044904757,0.04027682889217682,0,5434.020288165684,5467.070602478449
ER(0.25),12,10,tri_50,raw,0.307689042323494,0.2683707562680665,0.5638756044904757,0.04027682889217682,0,5410.78517476251,5440.9005526690335
ER(0.25),12,10,tri_50,cal,0.3075235337183092,0.2682161915277158,0.5638756044904757,0.04027682889217682,0,5410.78517476251,5440.9005526690335
ER(0.25),12,10,tri_fit,raw,0.30768878376257175,0.268367279239575,0.5638756044904757,0.04027682889217682,0,5410.765591784058,5440.882181554522
ER(0.25),12,10,tri_fit,cal,0.3075232723419069,0.26821188286888825,0.5638756044904757,0.04027682889217682,0,5410.765591784058,5440.882181554522
ER(0.25),12,10,norm_init,raw,0.0189509089464491,-0.31538560319315584,0.8860902356278904,0.48332194670612205,0,4095.9999977362318,4095.9999977362318
ER(0.25),12,10,norm_init,cal,0.018950908946449088,-0.3153921609317868,0.8860902356278904,0.48332194670612205,0,4095.9999977362318,4095.9999977362318
ER(0.25),12,10,norm_25,raw,0.36034416183716766,0.5981731323763144,0.8860902356278904,1.248581695657482,0,4093.672077274168,4093.977657026762
ER(0.25),12,10,norm_25,cal,0.36034426887260934,0.5981721105072125,0.8860902356278904,1.248581695657482,0,4093.672077274168,4093.977657026762
ER(0.25),12,10,norm_50,raw,0.36034419440827725,0.5981724208743323,0.8860902356278904,1.248581695657482,0,4093.672047921685,4093.977631538874
ER(0.25),12,10,norm_50,cal,0.3603443014451431,0.5981724208743323,0.8860902356278904,1.248581695657482,0,4093.672047921685,4093.977631538874
ER(0.25),12,10,norm_fit,raw,0.36034419440827725,0.5981724208743323,0.8860902356278904,1.248581695657482,0,4093.672047921685,4093.977631538874
ER(0.25),12,10,norm_fit,cal,0.3603443014451431,0.5981724208743323,0.8860902356278904,1.248581695657482,0,4093.672047921685,4093.977631538874
ER(0.25),14,1,emp,raw,0.9993749999999997,0.9993749999999999,0.0,0.0,1,16383.999999999996,16384.0
ER(0.25),14,1,emp,cal,0.9993749999999997,0.9993749999999999,0.0,0.0,1,16383.999999999996,16384.0
ER(0.25),14,1,paper,raw,0.3293666740294467,0.592686576266093,0.48332194670612205,0.12083048667653051,0,1.7218315824228707,1.484793466977821e9
ER(0.25),14,1,paper,cal,0.9940212256846082,0.9923852236374194,0.16110731556870733,0.0,0,1.7218315824228707,1.484793466977821e9
ER(0.25),14,1,tri_init,raw,0.30269708816798624,0.26754475639713143,0.32221463113741466,0.08055365778435367,0,40984.0,40984.0
ER(0.25),14,1,tri_init,cal,0.302697088167986,0.2675445210559996,0.32221463113741466,0.08055365778435367,0,40984.0,40984.0
ER(0.25),14,1,tri_25,raw,0.2846587394844595,0.2539929354154629,0.6444292622748293,1.0069207223044208,0,40307.388666122366,40342.80197269114
ER(0.25),14,1,tri_25,cal,0.28466459345891487,0.25400844620701635,0.6444292622748293,1.0069207223044208,0,40307.388666122366,40342.80197269114
ER(0.25),14,1,tri_50,raw,0.2846594171830097,0.25399354446219596,0.6444292622748293,1.0069207223044208,0,40307.588689368094,40342.98909083618
ER(0.25),14,1,tri_50,cal,0.28466526585342655,0.2540049185180907,0.6444292622748293,1.0069207223044208,0,40307.588689368094,40342.98909083618
ER(0.25),14,1,tri_fit,raw,0.2846596370680972,0.25399337774601094,0.6444292622748293,1.0069207223044208,0,40307.52692708238,40342.92745982525
ER(0.25),14,1,tri_fit,cal,0.2846654890663956,0.25401072593525426,0.6444292622748293,1.0069207223044208,0,40307.52692708238,40342.92745982525
ER(0.25),14,1,norm_init,raw,-0.017508420941662974,-0.41023955945854823,0.6444292622748293,0.48332194670612205,0,16384.000175327514,16384.000175327514
ER(0.25),14,1,norm_init,cal,-0.01750842094166296,-0.41023438435523574,0.6444292622748293,0.48332194670612205,0,16384.000175327514,16384.000175327514
ER(0.25),14,1,norm_25,raw,0.35652494288009595,0.7650536217869109,0.6444292622748293,0.32221463113741466,0,16355.29717524376,16368.361602440145
ER(0.25),14,1,norm_25,cal,0.3565254208976038,0.7650503248625984,0.6444292622748293,0.32221463113741466,0,16355.29717524376,16368.361602440145
ER(0.25),14,1,norm_50,raw,0.3565252607105133,0.7650536217869109,0.6444292622748293,0.32221463113741466,0,16355.299059998939,16368.362619849848
ER(0.25),14,1,norm_50,cal,0.3565257386952594,0.7650536217869109,0.6444292622748293,0.32221463113741466,0,16355.299059998939,16368.362619849848
ER(0.25),14,1,norm_fit,raw,0.3565252607105133,0.7650536217869109,0.6444292622748293,0.32221463113741466,0,16355.299059998939,16368.362619849848
ER(0.25),14,1,norm_fit,cal,0.3565257386952594,0.7650536217869109,0.6444292622748293,0.32221463113741466,0,16355.299059998939,16368.362619849848
ER(0.25),14,2,emp,raw,0.9993749999999999,0.999375,0.0,0.0,1,16384.0,16384.0
ER(0.25),14,2,emp,cal,0.9993749999999999,0.999375,0.0,0.0,1,16384.0,16384.0
ER(0.25),14,2,paper,raw,0.26730115127851145,0.5781876191976543,0.5638756044904757,0.12083048667653051,0,1.5166947876366537,1.2536301084188523e9
ER(0.25),14,2,paper,cal,0.9951283680600671,0.9954515380980921,0.0805536577843537,0.0,0,1.5166947876366537,1.2536301084188523e9
ER(0.25),14,2,tri_init,raw,0.2934819373196653,0.25697359048096824,0.24166097335306103,0.08055365778435367,0,40984.0,40984.0
ER(0.25),14,2,tri_init,cal,0.2934819373196653,0.2569696736689081,0.24166097335306103,0.08055365778435367,0,40984.0,40984.0
ER(0.25),14,2,tri_25,raw,0.2823178221829303,0.24843131924360234,0.48332194670612205,0.08055365778435367,0,40884.81857581025,40884.818575810255
ER(0.25),14,2,tri_25,cal,0.2823178221829302,0.2484241705197172,0.48332194670612205,0.08055365778435367,0,40884.81857581025,40884.818575810255
ER(0.25),14,2,tri_50,raw,0.2823177304649739,0.24843177473076214,0.48332194670612205,0.08055365778435367,0,40884.77460636479,40884.774606364794
ER(0.25),14,2,tri_50,cal,0.28231773046497377,0.24843794119935741,0.48332194670612205,0.08055365778435367,0,40884.77460636479,40884.774606364794
ER(0.25),14,2,tri_fit,raw,0.28231889771085444,0.24843162082839604,0.48332194670612205,0.08055365778435367,0,40885.00271097686,40885.00271097687
ER(0.25),14,2,tri_fit,cal,0.28231889771085433,0.24843450159705785,0.48332194670612205,0.08055365778435367,0,40885.00271097686,40885.00271097687
ER(0.25),14,2,norm_init,raw,-0.030803331009275372,-0.4329459484014995,0.5638756044904757,0.48332194670612205,0,16384.000175327514,16384.000175327514
ER(0.25),14,2,norm_init,cal,-0.03080333100927531,-0.4329381448471389,0.5638756044904757,0.48332194670612205,0,16384.000175327514,16384.000175327514
ER(0.25),14,2,norm_25,raw,0.3690029749980234,0.7614330757713588,0.5638756044904757,0.32221463113741466,0,16357.127554975332,16368.834032847786
ER(0.25),14,2,norm_25,cal,0.3690033967590687,0.7614330757713588,0.5638756044904757,0.32221463113741466,0,16357.127554975332,16368.834032847786
ER(0.25),14,2,norm_50,raw,0.36900544975586635,0.7614393709079837,0.5638756044904757,0.32221463113741466,0,16357.127924830273,16368.830848788153
ER(0.25),14,2,norm_50,cal,0.36900587120539213,0.7614393709079837,0.5638756044904757,0.32221463113741466,0,16357.127924830273,16368.830848788153
ER(0.25),14,2,norm_fit,raw,0.36900544975586635,0.7614393709079837,0.5638756044904757,0.32221463113741466,0,16357.127924830273,16368.830848788153
ER(0.25),14,2,norm_fit,cal,0.36900587120539213,0.7614393709079837,0.5638756044904757,0.32221463113741466,0,16357.127924830273,16368.830848788153
ER(0.25),14,3,emp,raw,0.9993750000000002,0.9993750000000002,0.0,0.0,1,16383.999999999998,16384.0
ER(0.25),14,3,emp,cal,0.9993750000000002,0.9993682147273661,0.0,0.0,1,16383.999999999998,16384.0
ER(0.25),14,3,paper,raw,0.2496390429508361,0.5592987040517802,0.5638756044904757,0.12083048667653051,0,1.5884628788886899,4.13617212977391e9
ER(0.25),14,3,paper,cal,0.9978743820924451,0.997864273947554,0.0,0.040276828892176875,0,1.5884628788886899,4.13617212977391e9
ER(0.25),14,3,tri_init,raw,0.29373807726881707,0.2576202755417147,0.24166097335306103,0.08055365778435367,0,40983.99999999999,40984.0
ER(0.25),14,3,tri_init,cal,0.2937380772688171,0.25762182756971175,0.24166097335306103,0.08055365778435367,0,40983.99999999999,40984.0
ER(0.25),14,3,tri_25,raw,0.26601290742279043,0.23768791251977042,0.48332194670612205,0.08055365778435367,0,37825.122950596815,38113.73419246859
ER(0.25),14,3,tri_25,cal,0.2659819555040616,0.23765353672389752,0.48332194670612205,0.08055365778435367,0,37825.122950596815,38113.73419246859
ER(0.25),14,3,tri_50,raw,0.2660134456869145,0.23768806951845256,0.48332194670612205,0.08055365778435367,0,37825.16799442725,38113.77589095388
ER(0.25),14,3,tri_50,cal,0.2659824870941358,0.23766073300958002,0.48332194670612205,0.08055365778435367,0,37825.16799442725,38113.77589095388
ER(0.25),14,3,tri_fit,raw,0.26601488916518384,0.2376871557938047,0.48332194670612205,0.08055365778435367,0,37825.10413826054,38113.70923469112
ER(0.25),14,3,tri_fit,cal,0.2659839056368443,0.2376586250646239,0.48332194670612205,0.08055365778435367,0,37825.10413826054,38113.70923469112
ER(0.25),14,3,norm_init,raw,-0.013171481128920012,-0.409350200313482,0.5638756044904757,0.4430451178139452,0,16383.999999999834,16383.999999999834
ER(0.25),14,3,norm_init,cal,-0.01317148112892005,-0.40934831311850967,0.5638756044904757,0.4430451178139452,0,16383.999999999834,16383.999999999834
ER(0.25),14,3,norm_25,raw,0.36551980956446745,0.7888703211354811,0.5638756044904757,0.32221463113741466,0,16370.885419531243,16376.429857818055
ER(0.25),14,3,norm_25,cal,0.365520013325113,0.7888703211354811,0.5638756044904757,0.32221463113741466,0,16370.885419531243,16376.429857818055
ER(0.25),14,3,norm_50,raw,0.3655192149508408,0.788873629778341,0.5638756044904757,0.32221463113741466,0,16370.881144234467,16376.427518247247
ER(0.25),14,3,norm_50,cal,0.36551941879294797,0.788873629778341,0.5638756044904757,0.32221463113741466,0,16370.881144234467,16376.427518247247
ER(0.25),14,3,norm_fit,raw,0.3655192149508408,0.788873629778341,0.5638756044904757,0.32221463113741466,0,16370.881144234467,16376.427518247247
ER(0.25),14,3,norm_fit,cal,0.36551941879294797,0.788873629778341,0.5638756044904757,0.32221463113741466,0,16370.881144234467,16376.427518247247
ER(0.25),14,4,emp,raw,0.9993749999999999,0.9993750000000001,0.0,0.0,1,16384.0,16384.0
ER(0.25),14,4,emp,cal,0.9993749999999999,0.9993750000000001,0.0,0.0,1,16384.0,16384.0
ER(0.25),14,4,paper,raw,0.28202913906615146,0.582640401389615,0.48332194670612205,0.12083048667653051,0,1.5884628788886899,4.13617212977391e9
ER(0.25),14,4,paper,cal,0.998177319869804,0.997768599033539,0.08055365778435364,0.040276828892176875,0,1.5884628788886899,4.13617212977391e9
ER(0.25),14,4,tri_init,raw,0.2955818160122278,0.25742741953611564,0.32221463113741466,0.08055365778435367,0,40983.99999999999,40984.0
ER(0.25),14,4,tri_init,cal,0.2955818160122278,0.25742938595541964,0.32221463113741466,0.08055365778435367,0,40983.99999999999,40984.0
ER(0.25),14,4,tri_25,raw,0.27130775735269747,0.23981454137105065,0.5638756044904757,0.08055365778435367,0,38477.72386208346,38692.96664545218
ER(0.25),14,4,tri_25,cal,0.2712820430624896,0.23977803340455592,0.5638756044904757,0.08055365778435367,0,38477.72386208346,38692.96664545218
ER(0.25),14,4,tri_50,raw,0.27130723720178346,0.23981453167935965,0.5638756044904757,0.08055365778435367,0,38477.539360838295,38692.79995441249
ER(0.25),14,4,tri_50,cal,0.27128150971716564,0.23977076877952816,0.5638756044904757,0.08055365778435367,0,38477.539360838295,38692.79995441249
ER(0.25),14,4,tri_fit,raw,0.2713068431215766,0.23981437760740507,0.5638756044904757,0.08055365778435367,0,38477.823276994146,38693.078347098795
ER(0.25),14,4,tri_fit,cal,0.27128113796702175,0.23978962444926608,0.5638756044904757,0.08055365778435367,0,38477.823276994146,38693.078347098795
ER(0.25),14,4,norm_init,raw,-0.003069271985854567,-0.394094826563539,0.6444292622748293,0.4430451178139452,0,16383.999999999834,16383.999999999834
ER(0.25),14,4,norm_init,cal,-0.003069271985854604,-0.39409036813026554,0.6444292622748293,0.4430451178139452,0,16383.999999999834,16383.999999999834
ER(0.25),14,4,norm_25,raw,0.3565928386694796,0.7810735111070123,0.6444292622748293,0.32221463113741466,0,16368.468231029094,16375.370891668083
ER(0.25),14,4,norm_25,cal,0.35659310278975614,0.7810735111070123,0.6444292622748293,0.32221463113741466,0,16368.468231029094,16375.370891668083
ER(0.25),14,4,norm_50,raw,0.356460735254167,0.7812954307739551,0.6444292622748293,0.32221463113741466,0,16368.464150652273,16375.458298209724
ER(0.25),14,4,norm_50,cal,0.3564610083101791,0.7812954307739551,0.6444292622748293,0.32221463113741466,0,16368.464150652273,16375.458298209724
ER(0.25),14,4,norm_fit,raw,0.3564607354118021,0.7812954307739551,0.6444292622748293,0.32221463113741466,0,16368.464151088687,16375.458298377718
ER(0.25),14,4,norm_fit,cal,0.3564610084677988,0.7812954307739551,0.6444292622748293,0.32221463113741466,0,16368.464151088687,16375.458298377718
ER(0.25),14,5,emp,raw,0.9993750000000001,0.9993750000000001,0.0,0.0,1,16384.0,16384.0
ER(0.25),14,5,emp,cal,0.9993750000000001,0.9993750000000001,0.0,0.0,1,16384.0,16384.0
ER(0.25),14,5,paper,raw,0.36524482927300095,0.6530599080705151,0.48332194670612194,0.12083048667653051,0,1.5380447785202056,1.3988435771536434e8
ER(0.25),14,5,paper,cal,0.991285709681558,0.9920505932657059,0.16110731556870733,0.04027682889217682,0,1.5380447785202056,1.3988435771536434e8
ER(0.25),14,5,tri_init,raw,0.29445421946662187,0.26303198170326353,0.16110731556870733,0.04027682889217685,0,40984.0,40984.0
ER(0.25),14,5,tri_init,cal,0.29445421946662187,0.26302896476810184,0.16110731556870733,0.04027682889217685,0,40984.0,40984.0
ER(0.25),14,5,tri_25,raw,0.27770873942911345,0.2515820810015835,0.32221463113741466,1.0471975511965976,0,42840.60475253448,42976.594243892294
ER(0.25),14,5,tri_25,cal,0.2776858960012498,0.25156956903907013,0.32221463113741466,1.0471975511965976,0,42840.60475253448,42976.594243892294
ER(0.25),14,5,tri_50,raw,0.27770856686946277,0.2515820810015835,0.32221463113741466,1.0471975511965976,0,42841.520145679475,42977.50919955525
ER(0.25),14,5,tri_50,cal,0.27768572398097574,0.25157038958855676,0.32221463113741466,1.0471975511965976,0,42841.520145679475,42977.50919955525
ER(0.25),14,5,tri_fit,raw,0.27770758175929655,0.2515820810015835,0.32221463113741466,1.0471975511965976,0,42841.55201064167,42977.536606022884
ER(0.25),14,5,tri_fit,cal,0.27768474080474376,0.2515726132753122,0.32221463113741466,1.0471975511965976,0,42841.55201064167,42977.536606022884
ER(0.25),14,5,norm_init,raw,-0.05181176137364851,-0.4587136397767024,0.5638756044904757,0.5235987755982989,0,16384.00017532751,16384.00017532751
ER(0.25),14,5,norm_init,cal,-0.05181176137364851,-0.4587239148783216,0.5638756044904757,0.5235987755982989,0,16384.00017532751,16384.00017532751
ER(0.25),14,5,norm_25,raw,0.38030659663689714,0.757684378424026,0.5638756044904757,0.28193780224523785,0,16352.01866000826,16363.221931407783
ER(0.25),14,5,norm_25,cal,0.3803069102385482,0.757684378424026,0.5638756044904757,0.28193780224523785,0,16352.01866000826,16363.221931407783
ER(0.25),14,5,norm_50,raw,0.3803059378917422,0.757684378424026,0.5638756044904757,0.28193780224523785,0,16352.018364692736,16363.222895516601
ER(0.25),14,5,norm_50,cal,0.38030625157339115,0.757684378424026,0.5638756044904757,0.28193780224523785,0,16352.018364692736,16363.222895516601
ER(0.25),14,5,norm_fit,raw,0.3803059378917422,0.757684378424026,0.5638756044904757,0.28193780224523785,0,16352.018364692736,16363.222895516601
ER(0.25),14,5,norm_fit,cal,0.38030625157339115,0.757684378424026,0.5638756044904757,0.28193780224523785,0,16352.018364692736,16363.222895516601
ER(0.25),14,6,emp,raw,0.9993749999999999,0.9993749999999999,0.0,0.0,1,16383.999999999998,16384.000000000004
ER(0.25),14,6,emp,cal,0.9993749999999999,0.999370976791629,0.0,0.0,1,16383.999999999998,16384.000000000004
ER(0.25),14,6,paper,raw,0.31960059309515315,0.6085800075989583,0.48332194670612194,0.12083048667653051,0,1.5166947876366537,4.4906153137391573e8
ER(0.25),14,6,paper,cal,0.9924334572726534,0.992571486782263,0.0805536577843537,0.04027682889217682,0,1.5166947876366537,4.4906153137391573e8
ER(0.25),14,6,tri_init,raw,0.30450673688361896,0.2685791409697783,0.24166097335306103,0.08055365778435367,0,40984.0,40984.0
ER(0.25),14,6,tri_init,cal,0.30450673688361896,0.268578539497656,0.24166097335306103,0.08055365778435367,0,40984.0,40984.0
ER(0.25),14,6,tri_25,raw,0.28111437973505227,0.2504017486452761,0.40276828892176836,1.0069207223044208,0,40221.04835997788,40253.46908151327
ER(0.25),14,6,tri_25,cal,0.2811008853129064,0.25038504597257155,0.40276828892176836,1.0069207223044208,0,40221.04835997788,40253.46908151327
ER(0.25),14,6,tri_50,raw,0.2811158008245713,0.25040360811852747,0.40276828892176836,1.0069207223044208,0,40221.52469342602,40253.92868197106
ER(0.25),14,6,tri_50,cal,0.28110231335035657,0.25038883215565594,0.40276828892176836,1.0069207223044208,0,40221.52469342602,40253.92868197106
ER(0.25),14,6,tri_fit,raw,0.28111123907419017,0.25040568829013976,0.40276828892176836,1.0069207223044208,0,40222.176912613715,40254.621140191746
ER(0.25),14,6,tri_fit,cal,0.2810977472997023,0.25037476163352074,0.40276828892176836,1.0069207223044208,0,40222.176912613715,40254.621140191746
ER(0.25),14,6,norm_init,raw,-0.04161554158460931,-0.44248060065494466,0.5638756044904757,0.48332194670612205,0,16384.000175327514,16384.000175327514
ER(0.25),14,6,norm_init,cal,-0.04161554158460925,-0.44247226263913125,0.5638756044904757,0.48332194670612205,0,16384.000175327514,16384.000175327514
ER(0.25),14,6,norm_25,raw,0.37298037122403377,0.7728714326236954,0.5638756044904757,0.32221463113741466,0,16359.995203108263,16369.429962220924
ER(0.25),14,6,norm_25,cal,0.3729806682596687,0.7728695470007492,0.5638756044904757,0.32221463113741466,0,16359.995203108263,16369.429962220924
ER(0.25),14,6,norm_50,raw,0.3729775622667613,0.7728691078028579,0.5638756044904757,0.32221463113741466,0,16359.988280000545,16369.42767392006
ER(0.25),14,6,norm_50,cal,0.3729778595353086,0.7728691078028579,0.5638756044904757,0.32221463113741466,0,16359.988280000545,16369.42767392006
ER(0.25),14,6,norm_fit,raw,0.3729775622667613,0.7728691078028579,0.5638756044904757,0.32221463113741466,0,16359.988280000545,16369.42767392006
ER(0.25),14,6,norm_fit,cal,0.3729778595353086,0.7728691078028579,0.5638756044904757,0.32221463113741466,0,16359.988280000545,16369.42767392006
ER(0.25),14,7,emp,raw,0.999375,0.9993750000000002,0.0,0.0,1,16383.999999999998,16384.0
ER(0.25),14,7,emp,cal,0.999375,0.9993750000000002,0.0,0.0,1,16383.999999999998,16384.0
ER(0.25),14,7,paper,raw,0.3709235105626802,0.6039142986261258,0.48332194670612205,0.0805536577843537,0,3.302277739249779,4.360827645211457e9
ER(0.25),14,7,paper,cal,0.974836929793205,0.9732519837642829,0.24166097335306108,0.0,0,3.302277739249779,4.360827645211457e9
ER(0.25),14,7,tri_init,raw,0.3395443904004013,0.29488535407460864,0.4027682889217684,0.08055365778435367,0,40984.0,40984.0
ER(0.25),14,7,tri_init,cal,0.33954439040040124,0.2948855130686476,0.4027682889217684,0.08055365778435367,0,40984.0,40984.0
ER(0.25),14,7,tri_25,raw,0.293338749803617,0.26390712637530767,0.7249829200591831,1.0069207223044208,0,33809.773486148115,33992.37052438729
ER(0.25),14,7,tri_25,cal,0.2933389093487742,0.2639204154571207,0.7249829200591831,1.0069207223044208,0,33809.773486148115,33992.37052438729
ER(0.25),14,7,tri_50,raw,0.2933379039794056,0.2639024892482937,0.7249829200591831,1.0069207223044208,0,33810.198115332474,33992.749991550605
ER(0.25),14,7,tri_50,cal,0.2933380575966855,0.26389937080016734,0.7249829200591831,1.0069207223044208,0,33810.198115332474,33992.749991550605
ER(0.25),14,7,tri_fit,raw,0.2933382645761833,0.26390163149090023,0.7249829200591831,1.0069207223044208,0,33810.27068301884,33992.823960061505
ER(0.25),14,7,tri_fit,cal,0.2933384193954726,0.26390158534763236,0.7249829200591831,1.0069207223044208,0,33810.27068301884,33992.823960061505
ER(0.25),14,7,norm_init,raw,-0.03463402411490463,-0.41268663697252606,0.7249829200591831,0.48332194670612205,0,16384.000175327514,16384.000175327514
ER(0.25),14,7,norm_init,cal,-0.03463402411490459,-0.4126852142954594,0.7249829200591831,0.48332194670612205,0,16384.000175327514,16384.000175327514
ER(0.25),14,7,norm_25,raw,0.3391851808696829,0.7783951272588561,0.7249829200591831,0.32221463113741466,0,16377.429838705784,16378.502481243615
ER(0.25),14,7,norm_25,cal,0.33918519033389766,0.7783958153408707,0.7249829200591831,0.32221463113741466,0,16377.429838705784,16378.502481243615
ER(0.25),14,7,norm_50,raw,0.33836350609150223,0.7781645085196454,0.7249829200591831,0.32221463113741466,0,16377.25325444976,16378.618751462303
ER(0.25),14,7,norm_50,cal,0.3383635215870587,0.7781645085196454,0.7249829200591831,0.32221463113741466,0,16377.25325444976,16378.618751462303
ER(0.25),14,7,norm_fit,raw,0.3383635069208348,0.7781645085196454,0.7249829200591831,0.32221463113741466,0,16377.253255035645,16378.618751673235
ER(0.25),14,7,norm_fit,cal,0.33836352241638334,0.7781645085196454,0.7249829200591831,0.32221463113741466,0,16377.253255035645,16378.618751673235
ER(0.25),14,8,emp,raw,0.999375,0.999375,0.0,0.0,1,16384.0,16384.0
ER(0.25),14,8,emp,cal,0.999375,0.999375,0.0,0.0,1,16384.0,16384.0
ER(0.25),14,8,paper,raw,0.2279979430789888,0.5517286095390489,0.5638756044904757,0.12083048667653051,0,1.5166947876366537,3.499717386002611e9
ER(0.25),14,8,paper,cal,0.9970452752970006,0.9976079465744252,0.0,0.0,1,1.5166947876366537,3.499717386002611e9
ER(0.25),14,8,tri_init,raw,0.28718582314101615,0.25690976738997084,0.24166097335306103,0.08055365778435367,0,40984.0,40984.0
ER(0.25),14,8,tri_init,cal,0.2871858231410158,0.2569072003503359,0.24166097335306103,0.08055365778435367,0,40984.0,40984.0
ER(0.25),14,8,tri_25,raw,0.26341537928575653,0.23916361544812256,0.48332194670612205,0.08055365778435367,0,38237.200778706465,38411.20643345874
ER(0.25),14,8,tri_25,cal,0.26342928997333587,0.2391945133307903,0.48332194670612205,0.08055365778435367,0,38237.200778706465,38411.20643345874
ER(0.25),14,8,tri_50,raw,0.263415285218224,0.23916332135637397,0.48332194670612205,0.08055365778435367,0,38237.65207195543,38411.643591260945
ER(0.25),14,8,tri_50,cal,0.2634291759221603,0.2391847508781507,0.48332194670612205,0.08055365778435367,0,38237.65207195543,38411.643591260945
ER(0.25),14,8,tri_fit,raw,0.26341477195025376,0.2391633059842213,0.48332194670612205,0.08055365778435367,0,38237.16905480441,38411.18968684301
ER(0.25),14,8,tri_fit,cal,0.2634286876085266,0.23919484339301142,0.48332194670612205,0.08055365778435367,0,38237.16905480441,38411.18968684301
ER(0.25),14,8,norm_init,raw,-0.02531243536611187,-0.42642253761322596,0.5638756044904757,0.48332194670612205,0,16384.000175327514,16384.000175327514
ER(0.25),14,8,norm_init,cal,-0.025312435366111805,-0.4264145570754141,0.5638756044904757,0.48332194670612205,0,16384.000175327514,16384.000175327514
ER(0.25),14,8,norm_25,raw,0.37681378121462256,0.7914239316895613,0.5638756044904757,0.32221463113741466,0,16371.116538726867,16376.102880186534
ER(0.25),14,8,norm_25,cal,0.3768139444960203,0.7914239316895613,0.5638756044904757,0.32221463113741466,0,16371.116538726867,16376.102880186534
ER(0.25),14,8,norm_50,raw,0.37676748041384295,0.7915698829971942,0.5638756044904757,0.32221463113741466,0,16371.137445576052,16376.144359280408
ER(0.25),14,8,norm_50,cal,0.37676764573955035,0.7915698829971942,0.5638756044904757,0.32221463113741466,0,16371.137445576052,16376.144359280408
ER(0.25),14,8,norm_fit,raw,0.37676748041384295,0.7915698829971942,0.5638756044904757,0.32221463113741466,0,16371.137445576052,16376.144359280408
ER(0.25),14,8,norm_fit,cal,0.37676764573955035,0.7915698829971942,0.5638756044904757,0.32221463113741466,0,16371.137445576052,16376.144359280408
ER(0.25),14,9,emp,raw,0.9993749999999999,0.999375,0.0,0.0,1,16383.999999999998,16384.0
ER(0.25),14,9,emp,cal,0.9993749999999997,0.9993572438809006,0.0,0.0,1,16383.999999999998,16384.0
ER(0.25),14,9,paper,raw,0.3944251536590085,0.6081296818727042,0.4027682889217684,0.12083048667653051,0,3.302277739249779,4.360827645211457e9
ER(0.25),14,9,paper,cal,0.9918444641655727,0.989886692832317,0.1611073155687074,0.0,0,3.302277739249779,4.360827645211457e9
ER(0.25),14,9,tri_init,raw,0.3117804874949844,0.2599097891076777,0.48332194670612205,0.08055365778435367,0,40984.0,40984.0
ER(0.25),14,9,tri_init,cal,0.31178048749498416,0.25990896633213095,0.48332194670612205,0.08055365778435367,0,40984.0,40984.0
ER(0.25),14,9,tri_25,raw,0.2693496626535774,0.23247220221432388,0.6444292622748293,0.08055365778435367,0,34911.911288480245,35042.84446458893
ER(0.25),14,9,tri_25,cal,0.26933838882323047,0.23245323412103724,0.6444292622748293,0.08055365778435367,0,34911.911288480245,35042.84446458893
ER(0.25),14,9,tri_50,raw,0.2693510858898914,0.2324722004097384,0.6444292622748293,0.08055365778435367,0,34912.02901873163,35042.97085504801
ER(0.25),14,9,tri_50,cal,0.2693398055527403,0.2324531068555918,0.6444292622748293,0.08055365778435367,0,34912.02901873163,35042.97085504801
ER(0.25),14,9,tri_fit,raw,0.26935087100053595,0.23247220221432388,0.6444292622748293,0.08055365778435367,0,34912.0161593984,35042.95849882019
ER(0.25),14,9,tri_fit,cal,0.26933959128475937,0.23245253781354505,0.6444292622748293,0.08055365778435367,0,34912.0161593984,35042.95849882019
ER(0.25),14,9,norm_init,raw,0.023115746927527586,-0.34633412465476754,0.8055365778435367,0.48332194670612205,0,16384.000175327514,16384.000175327514
ER(0.25),14,9,norm_init,cal,0.023115746927527655,-0.34633374662589556,0.8055365778435367,0.48332194670612205,0,16384.000175327514,16384.000175327514
ER(0.25),14,9,norm_25,raw,0.32332742405408416,0.7737113944795192,0.8055365778435367,0.32221463113741466,0,16373.304514275813,16377.46324179067
ER(0.25),14,9,norm_25,cal,0.3233275320291644,0.7737113944795192,0.8055365778435367,0.32221463113741466,0,16373.304514275813,16377.46324179067
ER(0.25),14,9,norm_50,raw,0.32332197737106944,0.7737047214749457,0.8055365778435367,0.32221463113741466,0,16373.30185840171,16377.463674008648
ER(0.25),14,9,norm_50,cal,0.3233220855051965,0.7737047214749457,0.8055365778435367,0.32221463113741466,0,16373.30185840171,16377.463674008648
ER(0.25),14,9,norm_fit,raw,0.32332197737106944,0.7737047214749457,0.8055365778435367,0.32221463113741466,0,16373.30185840171,16377.463674008648
ER(0.25),14,9,norm_fit,cal,0.3233220855051965,0.7737047214749457,0.8055365778435367,0.32221463113741466,0,16373.30185840171,16377.463674008648
ER(0.25),14,10,emp,raw,0.9993749999999999,0.999375,0.0,0.0,1,16384.0,16384.0
ER(0.25),14,10,emp,cal,0.9993749999999999,0.999375,0.0,0.0,1,16384.0,16384.0
ER(0.25),14,10,paper,raw,0.28767673964182494,0.5756456658837803,0.48332194670612205,0.12083048667653051,0,1.7218315824228707,4.656852237339525e9
ER(0.25),14,10,paper,cal,0.9971943308867592,0.9971390910863117,0.08055365778435364,0.0,0,1.7218315824228707,4.656852237339525e9
ER(0.25),14,10,tri_init,raw,0.3050697319580366,0.26327108206862165,0.32221463113741466,0.08055365778435367,0,40984.0,40984.0
ER(0.25),14,10,tri_init,cal,0.3050697319580365,0.2632706067539149,0.32221463113741466,0.08055365778435367,0,40984.0,40984.0
ER(0.25),14,10,tri_25,raw,0.27776580197043976,0.24456184234320166,0.483321946706122,0.08055365778435367,0,36995.43739400679,37189.295986961864
ER(0.25),14,10,tri_25,cal,0.2778326326244589,0.24460166045452433,0.483321946706122,0.08055365778435367,0,36995.43739400679,37189.295986961864
ER(0.25),14,10,tri_50,raw,0.27776537278838315,0.24456127430830876,0.483321946706122,0.08055365778435367,0,36995.561438663775,37189.42785293402
ER(0.25),14,10,tri_50,cal,0.27783220531318226,0.24460599307963307,0.483321946706122,0.08055365778435367,0,36995.561438663775,37189.42785293402
ER(0.25),14,10,tri_fit,raw,0.2777652333323793,0.24456127120116755,0.483321946706122,0.08055365778435367,0,36995.58826504971,37189.449629136
ER(0.25),14,10,tri_fit,cal,0.2778320646817161,0.24460659565864223,0.483321946706122,0.08055365778435367,0,36995.58826504971,37189.449629136
ER(0.25),14,10,norm_init,raw,-0.014372933819971932,-0.4050127990386194,0.6444292622748293,0.48332194670612205,0,16384.000175327514,16384.000175327514
ER(0.25),14,10,norm_init,cal,-0.014372933819971874,-0.4050071297362386,0.6444292622748293,0.48332194670612205,0,16384.000175327514,16384.000175327514
ER(0.25),14,10,norm_25,raw,0.3566917026566012,0.7890311587416418,0.6444292622748293,0.32221463113741466,0,16372.263286223617,16377.121784828234
ER(0.25),14,10,norm_25,cal,0.35669186372572387,0.7890311587416418,0.6444292622748293,0.32221463113741466,0,16372.263286223617,16377.121784828234
ER(0.25),14,10,norm_50,raw,0.35669603376159137,0.7890112309064733,0.6444292622748293,0.32221463113741466,0,16372.263580668661,16377.119745963404
ER(0.25),14,10,norm_50,cal,0.3566961946452677,0.7890112309064733,0.6444292622748293,0.32221463113741466,0,16372.263580668661,16377.119745963404
ER(0.25),14,10,norm_fit,raw,0.35669603633577723,0.7890112309064733,0.6444292622748293,0.32221463113741466,0,16372.263581511193,16377.11974515973
ER(0.25),14,10,norm_fit,cal,0.35669619721933576,0.7890112309064733,0.6444292622748293,0.32221463113741466,0,16372.263581511193,16377.11974515973
BA(k=2),12,1,emp,raw,0.9993750000000001,0.999375,0.0,0.0,1,4096.0,4096.0
BA(k=2),12,1,emp,cal,0.9993750000000001,0.999375,0.0,0.0,1,4096.0,4096.0
BA(k=2),12,1,paper,raw,0.336820202393988,0.6086734559942663,0.48332194670612205,0.12083048667653051,0,5.339272812512761,7.531046414300947e6
BA(k=2),12,1,paper,cal,0.9954139939340173,0.9955427738141825,0.08055365778435364,0.0,0,5.339272812512761,7.531046414300947e6
BA(k=2),12,1,tri_init,raw,0.30897134467942994,0.26138693895565995,0.0,0.04027682889217682,0,7784.0,7784.0
BA(k=2),12,1,tri_init,cal,0.3089713446794301,0.26138835278009287,0.0,0.04027682889217682,0,7784.0,7784.0
BA(k=2),12,1,tri_25,raw,0.2889395415810727,0.24907521463870394,0.5638756044904757,0.04027682889217682,0,7543.650031686739,7548.553659403684
BA(k=2),12,1,tri_25,cal,0.2889444979247231,0.24907607688907166,0.5638756044904757,0.04027682889217682,0,7543.650031686739,7548.553659403684
BA(k=2),12,1,tri_50,raw,0.2889330271597559,0.24907330256000287,0.5638756044904757,0.04027682889217682,0,7544.107732739986,7549.033745584142
BA(k=2),12,1,tri_50,cal,0.2889379988847918,0.24908967669059917,0.5638756044904757,0.04027682889217682,0,7544.107732739986,7549.033745584142
BA(k=2),12,1,tri_fit,raw,0.28894884621610556,0.2490763147067533,0.5638756044904757,0.04027682889217682,0,7544.931535036409,7549.82483606053
BA(k=2),12,1,tri_fit,cal,0.2889538042308304,0.2490817951704304,0.5638756044904757,0.04027682889217682,0,7544.931535036409,7549.82483606053
BA(k=2),12,1,norm_init,raw,-0.030146991030834416,-0.40748013033142466,0.6444292622748293,0.4430451178139452,0,4096.000043757046,4096.000043757046
BA(k=2),12,1,norm_init,cal,-0.03014699103083441,-0.40747927580918836,0.6444292622748293,0.48332194670612205,0,4096.000043757046,4096.000043757046
BA(k=2),12,1,norm_25,raw,0.38115418049456296,0.7949625181529668,0.6444292622748293,0.32221463113741466,0,4089.8225048425843,4091.674145839486
BA(k=2),12,1,norm_25,cal,0.3811544059990883,0.7949625181529668,0.6444292622748293,0.32221463113741466,0,4089.8225048425843,4091.674145839486
BA(k=2),12,1,norm_50,raw,0.38107059373779295,0.7951606167722454,0.6444292622748293,0.32221463113741466,0,4089.8671889472816,4091.7325801739657
BA(k=2),12,1,norm_50,cal,0.38107082499232664,0.7951606167722454,0.6444292622748293,0.32221463113741466,0,4089.8671889472816,4091.7325801739657
BA(k=2),12,1,norm_fit,raw,0.38107059373779295,0.7951606167722454,0.6444292622748293,0.32221463113741466,0,4089.8671889472816,4091.7325801739657
BA(k=2),12,1,norm_fit,cal,0.38107082499232664,0.7951606167722454,0.6444292622748293,0.32221463113741466,0,4089.8671889472816,4091.7325801739657
BA(k=2),12,2,emp,raw,0.999375,0.999375,0.0,0.0,1,4095.9999999999995,4096.0
BA(k=2),12,2,emp,cal,0.999375,0.9993382762035139,0.0,0.0,1,4095.9999999999995,4096.0
BA(k=2),12,2,paper,raw,0.5492113810764668,0.7323639128859442,0.4027682889217683,0.0805536577843537,0,5.339272812512761,1.4236382635729688e6
BA(k=2),12,2,paper,cal,0.9881488064026694,0.9852471124637184,0.16110731556870733,0.0,0,5.339272812512761,1.4236382635729688e6
BA(k=2),12,2,tri_init,raw,0.31732608492005593,0.2675988688629198,0.08055365778435364,0.04027682889217682,0,7784.0,7784.0
BA(k=2),12,2,tri_init,cal,0.3173260849200558,0.26759746494022235,0.08055365778435364,0.04027682889217682,0,7784.0,7784.0
BA(k=2),12,2,tri_25,raw,0.34368830076896734,0.3027653737201592,0.5638756044904757,0.966643893412244,0,9725.325162660112,9740.227647605956
BA(k=2),12,2,tri_25,cal,0.34366416359286134,0.3027442042292364,0.5638756044904757,0.966643893412244,0,9725.325162660112,9740.227647605956
BA(k=2),12,2,tri_50,raw,0.34368853602930544,0.3027653265813932,0.5638756044904757,0.966643893412244,0,9725.3610213631,9740.262957945593
BA(k=2),12,2,tri_50,cal,0.34366439865733484,0.30273551858008474,0.5638756044904757,0.966643893412244,0,9725.3610213631,9740.262957945593
BA(k=2),12,2,tri_fit,raw,0.3436882492290015,0.30276524685623746,0.5638756044904757,0.966643893412244,0,9725.360533893496,9740.262944171298
BA(k=2),12,2,tri_fit,cal,0.3436641112757517,0.3027369690230949,0.5638756044904757,0.966643893412244,0,9725.360533893496,9740.262944171298
BA(k=2),12,2,norm_init,raw,-0.025102178095217514,-0.3981341162006198,0.6444292622748293,0.4430451178139452,0,4096.000043757046,4096.000043757046
BA(k=2),12,2,norm_init,cal,-0.02510217809521749,-0.3981256791431822,0.6444292622748293,0.48332194670612205,0,4096.000043757046,4096.000043757046
BA(k=2),12,2,norm_25,raw,0.35817632935568583,0.7461908271327554,0.6444292622748293,0.32221463113741466,0,4056.6495495971476,4071.6908809394017
BA(k=2),12,2,norm_25,cal,0.35817866006485083,0.7461880162443897,0.6444292622748293,0.32221463113741466,0,4056.6495495971476,4071.6908809394017
BA(k=2),12,2,norm_50,raw,0.35822875544927624,0.7462058712415292,0.6444292622748293,0.32221463113741466,0,4056.6865668265127,4071.6233775630676
BA(k=2),12,2,norm_50,cal,0.35823105003354244,0.7462060703461217,0.6444292622748293,0.32221463113741466,0,4056.6865668265127,4071.6233775630676
BA(k=2),12,2,norm_fit,raw,0.35822875544927624,0.7462058712415292,0.6444292622748293,0.32221463113741466,0,4056.6865668265127,4071.6233775630676
BA(k=2),12,2,norm_fit,cal,0.35823105003354244,0.7462060703461217,0.6444292622748293,0.32221463113741466,0,4056.6865668265127,4071.6233775630676
BA(k=2),12,3,emp,raw,0.9993749999999999,0.9993750000000001,0.0,0.0,1,4096.0,4096.0
BA(k=2),12,3,emp,cal,0.9993749999999999,0.9993750000000001,0.0,0.0,1,4096.0,4096.0
BA(k=2),12,3,paper,raw,0.48779822621989694,0.6885087035171974,0.4027682889217683,0.0805536577843537,0,5.339272812512761,1.4236382635729688e6
BA(k=2),12,3,paper,cal,0.9954980167461542,0.9951149736186025,0.08055365778435364,0.04027682889217682,0,5.339272812512761,1.4236382635729688e6
BA(k=2),12,3,tri_init,raw,0.30383732893698173,0.25961450466956093,0.08055365778435364,0.04027682889217682,0,7784.0,7784.0
BA(k=2),12,3,tri_init,cal,0.30383732893698184,0.25961429473639797,0.08055365778435364,0.04027682889217682,0,7784.0,7784.0
BA(k=2),12,3,tri_25,raw,0.2889574136237584,0.25724381952202247,0.483321946706122,0.966643893412244,0,8030.775825967205,8064.5061772225845
BA(k=2),12,3,tri_25,cal,0.28889499087747894,0.2571669487475205,0.483321946706122,0.966643893412244,0,8030.775825967205,8064.5061772225845
BA(k=2),12,3,tri_50,raw,0.288967465237207,0.25724222612082936,0.483321946706122,0.966643893412244,0,8031.245361060894,8064.987856957652
BA(k=2),12,3,tri_50,cal,0.28890502279785074,0.25718147746061865,0.483321946706122,0.966643893412244,0,8031.245361060894,8064.987856957652
BA(k=2),12,3,tri_fit,raw,0.28895220665598204,0.25723891498487134,0.483321946706122,0.966643893412244,0,8031.174141947985,8064.901163641928
BA(k=2),12,3,tri_fit,cal,0.2888897957240023,0.257162796387537,0.483321946706122,0.966643893412244,0,8031.174141947985,8064.901163641928
BA(k=2),12,3,norm_init,raw,-0.02751148751268325,-0.4052156381002736,0.6444292622748293,0.4430451178139452,0,4096.000043757046,4096.000043757046
BA(k=2),12,3,norm_init,cal,-0.027511487512683248,-0.4052132419340997,0.6444292622748293,0.48332194670612205,0,4096.000043757046,4096.000043757046
BA(k=2),12,3,norm_25,raw,0.38492989792172794,0.7800645402202401,0.6444292622748293,0.32221463113741466,0,4083.496582155596,4087.076814681792
BA(k=2),12,3,norm_25,cal,0.38493030686602,0.7800645402202401,0.6444292622748293,0.32221463113741466,0,4083.496582155596,4087.076814681792
BA(k=2),12,3,norm_50,raw,0.3849069915617002,0.7801358643637454,0.6444292622748293,0.32221463113741466,0,4083.500188404946,4087.0941764121853
BA(k=2),12,3,norm_50,cal,0.38490740429315934,0.7801323799953078,0.6444292622748293,0.32221463113741466,0,4083.500188404946,4087.0941764121853
BA(k=2),12,3,norm_fit,raw,0.3849069751872434,0.7801358643637454,0.6444292622748293,0.32221463113741466,0,4083.5001902645486,4087.094188202334
BA(k=2),12,3,norm_fit,cal,0.38490738792141127,0.7801323799953078,0.6444292622748293,0.32221463113741466,0,4083.5001902645486,4087.094188202334
BA(k=2),12,4,emp,raw,0.999375,0.999375,0.0,0.0,1,4096.0,4096.0
BA(k=2),12,4,emp,cal,0.999375,0.999375,0.0,0.0,1,4096.0,4096.0
BA(k=2),12,4,paper,raw,0.5223028572399793,0.7174584173630293,0.4027682889217683,0.0805536577843537,0,5.339272812512761,1.4236382635729688e6
BA(k=2),12,4,paper,cal,0.9895630932280988,0.9883640065879934,0.16110731556870733,0.0,0,5.339272812512761,1.4236382635729688e6
BA(k=2),12,4,tri_init,raw,0.31266361292045886,0.265267485460049,0.08055365778435364,0.04027682889217682,0,7784.0,7784.0
BA(k=2),12,4,tri_init,cal,0.31266361292045897,0.26526487370305624,0.08055365778435364,0.04027682889217682,0,7784.0,7784.0
BA(k=2),12,4,tri_25,raw,0.3133201179951095,0.2764746145877753,0.5638756044904757,0.966643893412244,0,8695.368613604805,8716.102601564846
BA(k=2),12,4,tri_25,cal,0.31328031243301674,0.27644128974478005,0.5638756044904757,0.966643893412244,0,8695.368613604805,8716.102601564846
BA(k=2),12,4,tri_50,raw,0.31332633657971815,0.2764776410787157,0.5638756044904757,0.966643893412244,0,8695.67515102961,8716.396166737153
BA(k=2),12,4,tri_50,cal,0.3132865384333656,0.2764420921132121,0.5638756044904757,0.966643893412244,0,8695.67515102961,8716.396166737153
BA(k=2),12,4,tri_fit,raw,0.3133268500322468,0.276477659581683,0.5638756044904757,0.966643893412244,0,8695.94382815178,8716.66393777105
BA(k=2),12,4,tri_fit,cal,0.31328705179902644,0.27642864341600193,0.5638756044904757,0.966643893412244,0,8695.94382815178,8716.66393777105
BA(k=2),12,4,norm_init,raw,-0.030671270975631295,-0.40520095777681825,0.6444292622748293,0.4430451178139452,0,4096.000043757046,4096.000043757046
BA(k=2),12,4,norm_init,cal,-0.03067127097563129,-0.40519704731037914,0.6444292622748293,0.48332194670612205,0,4096.000043757046,4096.000043757046
BA(k=2),12,4,norm_25,raw,0.3613143578391906,0.7707801642395732,0.6444292622748293,0.32221463113741466,0,4066.654578834546,4089.63008483328
BA(k=2),12,4,norm_25,cal,0.36133077224397453,0.770798648721311,0.6444292622748293,0.32221463113741466,0,4066.654578834546,4089.63008483328
BA(k=2),12,4,norm_50,raw,0.3757314843393959,0.7615276797528058,0.6444292622748293,0.32221463113741466,0,4075.280627041642,4081.919546355603
BA(k=2),12,4,norm_50,cal,0.3757323133823513,0.7615197887852336,0.6444292622748293,0.32221463113741466,0,4075.280627041642,4081.919546355603
BA(k=2),12,4,norm_fit,raw,0.37565035560443705,0.7615867170734587,0.6444292622748293,0.32221463113741466,0,4075.2337674249593,4081.9548677034927
BA(k=2),12,4,norm_fit,cal,0.3756512065419919,0.7615867170734587,0.6444292622748293,0.32221463113741466,0,4075.2337674249593,4081.9548677034927
BA(k=2),12,5,emp,raw,0.9993750000000001,0.9993749999999999,0.0,0.0,1,4095.9999999999995,4096.0
BA(k=2),12,5,emp,cal,0.9993749999999999,0.9993439240717016,0.0,0.0,1,4095.9999999999995,4096.0
BA(k=2),12,5,paper,raw,0.36258580837812154,0.6178574447914577,0.48332194670612205,0.12083048667653051,0,5.339272812512761,7.531046414300947e6
BA(k=2),12,5,paper,cal,0.9895763204680553,0.9931304345920795,0.08055365778435364,0.0,0,5.339272812512761,7.531046414300947e6
BA(k=2),12,5,tri_init,raw,0.28713040981379134,0.24826612303324636,0.0,0.04027682889217682,0,7784.0,7784.0
BA(k=2),12,5,tri_init,cal,0.28713040981379107,0.24826547506565586,0.0,0.04027682889217682,0,7784.0,7784.0
BA(k=2),12,5,tri_25,raw,0.28421601597475293,0.2494276912227391,0.483321946706122,0.04027682889217682,0,7936.88545907223,7939.9982594123285
BA(k=2),12,5,tri_25,cal,0.2842227700907997,0.24943344171325932,0.483321946706122,0.04027682889217682,0,7936.88545907223,7939.9982594123285
BA(k=2),12,5,tri_50,raw,0.2842160199687138,0.2494277602149102,0.483321946706122,0.04027682889217682,0,7936.885701484338,7939.998508926081
BA(k=2),12,5,tri_50,cal,0.28422277412708086,0.2494314692500436,0.483321946706122,0.04027682889217682,0,7936.885701484338,7939.998508926081
BA(k=2),12,5,tri_fit,raw,0.2842160199687138,0.2494277602149102,0.483321946706122,0.04027682889217682,0,7936.885701484338,7939.998508926081
BA(k=2),12,5,tri_fit,cal,0.28422277412708086,0.2494314692500436,0.483321946706122,0.04027682889217682,0,7936.885701484338,7939.998508926081
BA(k=2),12,5,norm_init,raw,0.014618092679369627,-0.3536569607116101,0.6444292622748293,0.4430451178139452,0,4096.000043757046,4096.000043757046
BA(k=2),12,5,norm_init,cal,0.014618092679369624,-0.3536518269766343,0.6444292622748293,0.48332194670612205,0,4096.000043757046,4096.000043757046
BA(k=2),12,5,norm_25,raw,0.3949447096293992,0.8057274386140514,0.6444292622748293,0.32221463113741466,0,4086.423474795377,4089.7489304457886
BA(k=2),12,5,norm_25,cal,0.39494523421738986,0.8057274386140514,0.6444292622748293,0.32221463113741466,0,4086.423474795377,4089.7489304457886
BA(k=2),12,5,norm_50,raw,0.39494533344135574,0.8057267534614024,0.6444292622748293,0.32221463113741466,0,4086.424448448377,4089.7494267142506
BA(k=2),12,5,norm_50,cal,0.3949458579209586,0.8057267534614024,0.6444292622748293,0.32221463113741466,0,4086.424448448377,4089.7494267142506
BA(k=2),12,5,norm_fit,raw,0.39494533344135574,0.8057267534614024,0.6444292622748293,0.32221463113741466,0,4086.424448448377,4089.7494267142506
BA(k=2),12,5,norm_fit,cal,0.3949458579209586,0.8057267534614024,0.6444292622748293,0.32221463113741466,0,4086.424448448377,4089.7494267142506
BA(k=2),12,6,emp,raw,0.9993750000000001,0.9993749999999998,0.0,0.0,1,4096.0,4096.0
BA(k=2),12,6,emp,cal,0.9993750000000001,0.9993749999999998,0.0,0.0,1,4096.0,4096.0
BA(k=2),12,6,paper,raw,0.3339893891001051,0.5995827041336393,0.48332194670612205,0.12083048667653051,0,5.339272812512761,7.531046414300947e6
BA(k=2),12,6,paper,cal,0.9965305711666836,0.9969618520841754,0.08055365778435364,0.0,0,5.339272812512761,7.531046414300947e6
BA(k=2),12,6,tri_init,raw,0.2971702485316742,0.2553300885184528,0.0,0.04027682889217682,0,7784.0,7784.0
BA(k=2),12,6,tri_init,cal,0.29717024853167423,0.25532872934904477,0.0,0.04027682889217682,0,7784.0,7784.0
BA(k=2),12,6,tri_25,raw,0.29792673701026007,0.2613799406660275,0.483321946706122,0.04027682889217682,0,8240.022931988522,8271.581998637717
BA(k=2),12,6,tri_25,cal,0.29795379649930925,0.2614176098948917,0.483321946706122,0.04027682889217682,0,8240.022931988522,8271.581998637717
BA(k=2),12,6,tri_50,raw,0.2979230320919879,0.26138005779035545,0.483321946706122,0.04027682889217682,0,8240.150061307915,8271.705896951527
BA(k=2),12,6,tri_50,cal,0.29795007910006815,0.2614132907056917,0.483321946706122,0.04027682889217682,0,8240.150061307915,8271.705896951527
BA(k=2),12,6,tri_fit,raw,0.29791810926422946,0.2613747626669156,0.483321946706122,0.04027682889217682,0,8240.335228225013,8271.898639739853
BA(k=2),12,6,tri_fit,cal,0.2979451116870911,0.26140742931783895,0.483321946706122,0.04027682889217682,0,8240.335228225013,8271.898639739853
BA(k=2),12,6,norm_init,raw,-0.023725979688195824,-0.401789617005686,0.6444292622748293,0.4430451178139452,0,4096.000043757046,4096.000043757046
BA(k=2),12,6,norm_init,cal,-0.02372597968819583,-0.40178319290625186,0.6444292622748293,0.48332194670612205,0,4096.000043757046,4096.000043757046
BA(k=2),12,6,norm_25,raw,0.3798956378337972,0.7773896608345013,0.6444292622748293,0.32221463113741466,0,4085.6943029571253,4089.0994218219203
BA(k=2),12,6,norm_25,cal,0.3798961348020835,0.7773896608345013,0.6444292622748293,0.32221463113741466,0,4085.6943029571253,4089.0994218219203
BA(k=2),12,6,norm_50,raw,0.3794610234848891,0.7776793634447131,0.6444292622748293,0.32221463113741466,0,4085.6003587118876,4089.2288834428755
BA(k=2),12,6,norm_50,cal,0.37946159471596874,0.7776857172784539,0.6444292622748293,0.32221463113741466,0,4085.6003587118876,4089.2288834428755
BA(k=2),12,6,norm_fit,raw,0.37946102304918905,0.7776793634447131,0.6444292622748293,0.32221463113741466,0,4085.6003588211665,4089.2288837333685
BA(k=2),12,6,norm_fit,cal,0.37946159428034565,0.7776857172784539,0.6444292622748293,0.32221463113741466,0,4085.6003588211665,4089.2288837333685
BA(k=2),12,7,emp,raw,0.9993749999999999,0.9993749999999999,0.0,0.0,1,4096.0,4096.0
BA(k=2),12,7,emp,cal,0.9993749999999999,0.9993749999999999,0.0,0.0,1,4096.0,4096.0
BA(k=2),12,7,paper,raw,0.5521231519337874,0.7361836521464973,0.4027682889217683,0.0805536577843537,0,5.339272812512761,1.4236382635729688e6
BA(k=2),12,7,paper,cal,0.9852837054714487,0.983620275218532,0.16110731556870733,0.04027682889217682,0,5.339272812512761,1.4236382635729688e6
BA(k=2),12,7,tri_init,raw,0.324198988828549,0.2740267655080194,0.08055365778435364,0.04027682889217682,0,7784.0,7784.0
BA(k=2),12,7,tri_init,cal,0.3241989888285491,0.27403312395199997,0.08055365778435364,0.04027682889217682,0,7784.0,7784.0
BA(k=2),12,7,tri_25,raw,0.29928295117919834,0.26468750813772585,0.4027682889217683,0.966643893412244,0,7996.179803511783,8036.030203869232
BA(k=2),12,7,tri_25,cal,0.2992120725347784,0.26464378793004883,0.4027682889217683,0.966643893412244,0,7996.179803511783,8036.030203869232
BA(k=2),12,7,tri_50,raw,0.2992854964021622,0.2646950508510729,0.4027682889217683,0.966643893412244,0,7997.183285483117,8037.04442764606
BA(k=2),12,7,tri_50,cal,0.299214611865523,0.26465598229497067,0.4027682889217683,0.966643893412244,0,7997.183285483117,8037.04442764606
BA(k=2),12,7,tri_fit,raw,0.29929343296142863,0.264702092644032,0.4027682889217683,0.966643893412244,0,7997.762191607486,8037.638956775488
BA(k=2),12,7,tri_fit,cal,0.29922252895949286,0.2646567704344061,0.4027682889217683,0.966643893412244,0,7997.762191607486,8037.638956775488
BA(k=2),12,7,norm_init,raw,-0.038595962920011766,-0.41201379433973256,0.6444292622748293,0.4430451178139452,0,4096.000043757046,4096.000043757046
BA(k=2),12,7,norm_init,cal,-0.03859596292001177,-0.41201006480962077,0.6444292622748293,0.48332194670612205,0,4096.000043757046,4096.000043757046
BA(k=2),12,7,norm_25,raw,0.3766487934460372,0.7761085224849187,0.6444292622748293,0.32221463113741466,0,4081.807652886534,4086.3847530346466
BA(k=2),12,7,norm_25,cal,0.376649364153886,0.7761085224849187,0.6444292622748293,0.32221463113741466,0,4081.807652886534,4086.3847530346466
BA(k=2),12,7,norm_50,raw,0.3766411546662852,0.7761080715687106,0.6444292622748293,0.32221463113741466,0,4081.807886607163,4086.3902516453963
BA(k=2),12,7,norm_50,cal,0.3766417269473399,0.7761080715687106,0.6444292622748293,0.32221463113741466,0,4081.807886607163,4086.3902516453963
BA(k=2),12,7,norm_fit,raw,0.3766402937681393,0.7761163578860389,0.6444292622748293,0.32221463113741466,0,4081.807697086549,4086.39066269963
BA(k=2),12,7,norm_fit,cal,0.3766408662161295,0.7761163578860389,0.6444292622748293,0.32221463113741466,0,4081.807697086549,4086.39066269963
BA(k=2),12,8,emp,raw,0.9993749999999999,0.9993750000000002,0.0,0.0,1,4095.9999999999995,4096.0
BA(k=2),12,8,emp,cal,0.9993750000000001,0.9993724436807002,0.0,0.0,1,4095.9999999999995,4096.0
BA(k=2),12,8,paper,raw,0.3454863855832816,0.6052015079612246,0.5638756044904757,0.12083048667653051,0,5.339272812512761,7.531046414300947e6
BA(k=2),12,8,paper,cal,0.9842973605726536,0.9863785929164374,0.0805536577843537,0.04027682889217682,0,5.339272812512761,7.531046414300947e6
BA(k=2),12,8,tri_init,raw,0.29230039987979217,0.2572479470158382,0.0,0.04027682889217682,0,7784.0,7784.0
BA(k=2),12,8,tri_init,cal,0.292300399879792,0.2572509480087533,0.0,0.04027682889217682,0,7784.0,7784.0
BA(k=2),12,8,tri_25,raw,0.2801351885951345,0.25320686499481776,0.5638756044904757,0.04027682889217682,0,7536.350792885636,7543.803443621899
BA(k=2),12,8,tri_25,cal,0.28011859561620206,0.25319470111514464,0.5638756044904757,0.04027682889217682,0,7536.350792885636,7543.803443621899
BA(k=2),12,8,tri_50,raw,0.2801456825422327,0.2532204857191656,0.5638756044904757,0.04027682889217682,0,7536.821682527669,7544.247648219364
BA(k=2),12,8,tri_50,cal,0.280129186751756,0.2531965604303731,0.5638756044904757,0.04027682889217682,0,7536.821682527669,7544.247648219364
BA(k=2),12,8,tri_fit,raw,0.2801511649360773,0.2532196398294149,0.5638756044904757,0.04027682889217682,0,7537.127453858179,7544.56596579249
BA(k=2),12,8,tri_fit,cal,0.28013463744647316,0.2532226425615042,0.5638756044904757,0.04027682889217682,0,7537.127453858179,7544.56596579249
BA(k=2),12,8,norm_init,raw,-0.006337023563752809,-0.3763642572374588,0.5638756044904757,0.4430451178139452,0,4096.000043757046,4096.000043757046
BA(k=2),12,8,norm_init,cal,-0.00633702356375281,-0.37635888239595894,0.5638756044904757,0.48332194670612205,0,4096.000043757046,4096.000043757046
BA(k=2),12,8,norm_25,raw,0.37755179864652694,0.7986933005296672,0.5638756044904757,0.32221463113741466,0,4059.2189079693353,4089.4875894106417
BA(k=2),12,8,norm_25,cal,0.37758243145417714,0.7986981844792804,0.5638756044904757,0.32221463113741466,0,4059.2189079693353,4089.4875894106417
BA(k=2),12,8,norm_50,raw,0.39652990629652113,0.8158134002927296,0.5638756044904757,0.32221463113741466,0,4086.1418502709153,4090.7652660291847
BA(k=2),12,8,norm_50,cal,0.3965311053674911,0.8158134002927296,0.5638756044904757,0.32221463113741466,0,4086.1418502709153,4090.7652660291847
BA(k=2),12,8,norm_fit,raw,0.40224320851547346,0.8152797965892035,0.5638756044904757,0.32221463113741466,0,4088.108965121622,4090.1380594270545
BA(k=2),12,8,norm_fit,cal,0.4022434305553601,0.8152797965892035,0.5638756044904757,0.32221463113741466,0,4088.108965121622,4090.1380594270545
BA(k=2),12,9,emp,raw,0.999375,0.9993750000000001,0.0,0.0,1,4096.0,4096.0
BA(k=2),12,9,emp,cal,0.999375,0.9993750000000001,0.0,0.0,1,4096.0,4096.0
BA(k=2),12,9,paper,raw,0.47222123613406475,0.6921026796421268,0.4027682889217683,0.0805536577843537,0,5.339272812512761,3.274368006217814e6
BA(k=2),12,9,paper,cal,0.9870262908682514,0.9859888835509811,0.16110731556870733,0.04027682889217682,0,5.339272812512761,3.274368006217814e6
BA(k=2),12,9,tri_init,raw,0.3211132898467783,0.2723279538747193,0.08055365778435364,0.04027682889217682,0,7784.0,7784.0
BA(k=2),12,9,tri_init,cal,0.3211132898467783,0.2723294206116144,0.08055365778435364,0.04027682889217682,0,7784.0,7784.0
BA(k=2),12,9,tri_25,raw,0.3131008002484397,0.27341606793659806,0.5638756044904757,0.966643893412244,0,8319.31819008035,8352.919885574735
BA(k=2),12,9,tri_25,cal,0.31305325508166454,0.2733459555868094,0.5638756044904757,0.966643893412244,0,8319.31819008035,8352.919885574735
BA(k=2),12,9,tri_50,raw,0.31310801094651886,0.27342974042081664,0.5638756044904757,0.966643893412244,0,8319.845023338534,8353.444532548547
BA(k=2),12,9,tri_50,cal,0.3130604745729183,0.27334824623346693,0.5638756044904757,0.966643893412244,0,8319.845023338534,8353.444532548547
BA(k=2),12,9,tri_fit,raw,0.3131025735543191,0.27341617095526677,0.5638756044904757,0.966643893412244,0,8319.991941327866,8353.592107847093
BA(k=2),12,9,tri_fit,cal,0.3130550433925505,0.27333575879976835,0.5638756044904757,0.966643893412244,0,8319.991941327866,8353.592107847093
BA(k=2),12,9,norm_init,raw,-0.04274867472211279,-0.41685708106719865,0.6444292622748293,0.4430451178139452,0,4096.000043757046,4096.000043757046
BA(k=2),12,9,norm_init,cal,-0.04274867472211279,-0.4168498942076951,0.6444292622748293,0.48332194670612205,0,4096.000043757046,4096.000043757046
BA(k=2),12,9,norm_25,raw,0.3806084141818157,0.7775675877725334,0.6444292622748293,0.32221463113741466,0,4083.4562640365725,4087.085183784594
BA(k=2),12,9,norm_25,cal,0.38060882255195055,0.7775675877725334,0.6444292622748293,0.32221463113741466,0,4083.4562640365725,4087.085183784594
BA(k=2),12,9,norm_50,raw,0.3805882835147547,0.7775852906655347,0.6444292622748293,0.32221463113741466,0,4083.4494427007767,4087.0910165468085
BA(k=2),12,9,norm_50,cal,0.3805886948963694,0.7775852906655347,0.6444292622748293,0.32221463113741466,0,4083.4494427007767,4087.0910165468085
BA(k=2),12,9,norm_fit,raw,0.3805882835147547,0.7775852906655347,0.6444292622748293,0.32221463113741466,0,4083.4494427007767,4087.0910165468085
BA(k=2),12,9,norm_fit,cal,0.3805886948963694,0.7775852906655347,0.6444292622748293,0.32221463113741466,0,4083.4494427007767,4087.0910165468085
BA(k=2),12,10,emp,raw,0.9993750000000001,0.999375,0.0,0.0,1,4095.9999999999995,4096.0
BA(k=2),12,10,emp,cal,0.9993750000000001,0.999375,0.0,0.0,1,4095.9999999999995,4096.0
BA(k=2),12,10,paper,raw,0.34051547953969036,0.6102921797553325,0.48332194670612205,0.12083048667653051,0,5.339272812512761,7.531046414300947e6
BA(k=2),12,10,paper,cal,0.9952162573714282,0.9947645656934226,0.08055365778435364,0.0,0,5.339272812512761,7.531046414300947e6
BA(k=2),12,10,tri_init,raw,0.3035980291154449,0.25832159266803056,0.0,0.04027682889217682,0,7784.0,7784.0
BA(k=2),12,10,tri_init,cal,0.303598029115445,0.2583216396277353,0.0,0.04027682889217682,0,7784.0,7784.0
BA(k=2),12,10,tri_25,raw,0.3061786587878594,0.2659623447673042,0.483321946706122,0.04027682889217682,0,8225.511258375423,8255.256970883005
BA(k=2),12,10,tri_25,cal,0.30621349618920113,0.2659710892355367,0.483321946706122,0.04027682889217682,0,8225.511258375423,8255.256970883005
BA(k=2),12,10,tri_50,raw,0.30617866198071086,0.2659621235041013,0.483321946706122,0.04027682889217682,0,8225.511181357233,8255.256887134903
BA(k=2),12,10,tri_50,cal,0.30621349940185755,0.26597655385919905,0.483321946706122,0.04027682889217682,0,8225.511181357233,8255.256887134903
BA(k=2),12,10,tri_fit,raw,0.30617866198071086,0.2659621235041013,0.483321946706122,0.04027682889217682,0,8225.511181357233,8255.256887134903
BA(k=2),12,10,tri_fit,cal,0.30621349940185755,0.26597655385919905,0.483321946706122,0.04027682889217682,0,8225.511181357233,8255.256887134903
BA(k=2),12,10,norm_init,raw,-0.024301900690052353,-0.40109713906967204,0.6444292622748293,0.4430451178139452,0,4096.000043757046,4096.000043757046
BA(k=2),12,10,norm_init,cal,-0.024301900690052336,-0.4010896303707121,0.6444292622748293,0.48332194670612205,0,4096.000043757046,4096.000043757046
BA(k=2),12,10,norm_25,raw,0.3768034990738675,0.7773702866208748,0.6444292622748293,0.32221463113741466,0,4084.764492718973,4088.944471507213
BA(k=2),12,10,norm_25,cal,0.3768041687999759,0.7773702866208748,0.6444292622748293,0.32221463113741466,0,4084.764492718973,4088.944471507213
BA(k=2),12,10,norm_50,raw,0.3768035259225443,0.7773702866208748,0.6444292622748293,0.32221463113741466,0,4084.7645204683954,4088.9444795383256
BA(k=2),12,10,norm_50,cal,0.37680419564329004,0.7773702866208748,0.6444292622748293,0.32221463113741466,0,4084.7645204683954,4088.9444795383256
BA(k=2),12,10,norm_fit,raw,0.3768035259225443,0.7773702866208748,0.6444292622748293,0.32221463113741466,0,4084.7645204683954,4088.9444795383256
BA(k=2),12,10,norm_fit,cal,0.37680419564329004,0.7773702866208748,0.6444292622748293,0.32221463113741466,0,4084.7645204683954,4088.9444795383256
BA(k=2),14,1,emp,raw,0.9993749999999998,0.9993749999999999,0.0,0.0,1,16383.999999999996,16384.0
BA(k=2),14,1,emp,cal,0.9993749999999998,0.9993749999999999,0.0,0.0,1,16383.999999999996,16384.0
BA(k=2),14,1,paper,raw,0.29810050253098996,0.5983767354947656,0.5638756044904757,0.12083048667653051,0,1.5166947876366537,1.2536301084188523e9
BA(k=2),14,1,paper,cal,0.9961535128075236,0.9958743347516282,0.0805536577843537,0.0,0,1.5166947876366537,1.2536301084188523e9
BA(k=2),14,1,tri_init,raw,0.29178639988090704,0.2577182457693006,0.24166097335306103,0.08055365778435367,0,40984.0,40984.0
BA(k=2),14,1,tri_init,cal,0.2917863998809071,0.2577151531195506,0.24166097335306103,0.08055365778435367,0,40984.0,40984.0
BA(k=2),14,1,tri_25,raw,0.2815798341424258,0.2499964166986628,0.48332194670612205,0.08055365778435367,0,41112.30318711839,41113.65835143527
BA(k=2),14,1,tri_25,cal,0.28158011464021304,0.2500022835001409,0.48332194670612205,0.08055365778435367,0,41112.30318711839,41113.65835143527
BA(k=2),14,1,tri_50,raw,0.2815798408873412,0.2499965757273959,0.48332194670612205,0.08055365778435367,0,41112.30377857543,41113.658946065116
BA(k=2),14,1,tri_50,cal,0.28158012138579164,0.24999356985873483,0.48332194670612205,0.08055365778435367,0,41112.30377857543,41113.658946065116
BA(k=2),14,1,tri_fit,raw,0.2815798408873412,0.2499965757273959,0.48332194670612205,0.08055365778435367,0,41112.30377857543,41113.658946065116
BA(k=2),14,1,tri_fit,cal,0.28158012138579164,0.24999356985873483,0.48332194670612205,0.08055365778435367,0,41112.30377857543,41113.658946065116
BA(k=2),14,1,norm_init,raw,-0.01773580061066893,-0.4140529544618337,0.5638756044904757,0.48332194670612205,0,16384.000175327514,16384.000175327514
BA(k=2),14,1,norm_init,cal,-0.01773580061066887,-0.4140444404171166,0.5638756044904757,0.48332194670612205,0,16384.000175327514,16384.000175327514
BA(k=2),14,1,norm_25,raw,0.36842825685758107,0.7694868158454621,0.5638756044904757,0.32221463113741466,0,16355.553119477216,16368.17566617562
BA(k=2),14,1,norm_25,cal,0.36842874004189957,0.7694868158454621,0.5638756044904757,0.32221463113741466,0,16355.553119477216,16368.17566617562
BA(k=2),14,1,norm_50,raw,0.3684390839821025,0.7694764624682594,0.5638756044904757,0.32221463113741466,0,16355.565389758633,16368.170303492177
BA(k=2),14,1,norm_50,cal,0.368439565757517,0.7694764624682594,0.5638756044904757,0.32221463113741466,0,16355.565389758633,16368.170303492177
BA(k=2),14,1,norm_fit,raw,0.3684390839821025,0.7694764624682594,0.5638756044904757,0.32221463113741466,0,16355.565389758633,16368.170303492177
BA(k=2),14,1,norm_fit,cal,0.368439565757517,0.7694764624682594,0.5638756044904757,0.32221463113741466,0,16355.565389758633,16368.170303492177
BA(k=2),14,2,emp,raw,0.9993749999999999,0.999375,0.0,0.0,1,16383.999999999998,16384.0
BA(k=2),14,2,emp,cal,0.9993749999999999,0.9993540747521543,0.0,0.0,1,16383.999999999998,16384.0
BA(k=2),14,2,paper,raw,0.28806195279915403,0.5899401567368888,0.5638756044904757,0.12083048667653051,0,1.5166947876366537,1.2536301084188523e9
BA(k=2),14,2,paper,cal,0.9893560132071609,0.9924388578530482,0.0805536577843537,0.0,0,1.5166947876366537,1.2536301084188523e9
BA(k=2),14,2,tri_init,raw,0.2727424895175174,0.24135394685373296,0.16110731556870733,0.08055365778435367,0,40984.0,40984.0
BA(k=2),14,2,tri_init,cal,0.2727424895175175,0.24135366916920017,0.16110731556870733,0.08055365778435367,0,40984.0,40984.0
BA(k=2),14,2,tri_25,raw,0.2540465133322036,0.22687049736619744,0.48332194670612205,0.08055365778435367,0,39785.87088406804,39841.12377329977
BA(k=2),14,2,tri_25,cal,0.2540541032546402,0.2268776053695198,0.48332194670612205,0.08055365778435367,0,39785.87088406804,39841.12377329977
BA(k=2),14,2,tri_50,raw,0.2540419684894877,0.22687055576059004,0.48332194670612205,0.08055365778435367,0,39785.47828255997,39840.78641021812
BA(k=2),14,2,tri_50,cal,0.2540495484174499,0.22686212663161004,0.48332194670612205,0.08055365778435367,0,39785.47828255997,39840.78641021812
BA(k=2),14,2,tri_fit,raw,0.25404457079840365,0.22687063245515815,0.48332194670612205,0.08055365778435367,0,39785.774427625554,39841.05108915283
BA(k=2),14,2,tri_fit,cal,0.2540521564693683,0.22685873529925582,0.48332194670612205,0.08055365778435367,0,39785.774427625554,39841.05108915283
BA(k=2),14,2,norm_init,raw,0.006294954704736992,-0.3816180168762278,0.5638756044904757,0.48332194670612205,0,16384.000175327514,16384.000175327514
BA(k=2),14,2,norm_init,cal,0.006294954704737071,-0.38160915705393944,0.5638756044904757,0.48332194670612205,0,16384.000175327514,16384.000175327514
BA(k=2),14,2,norm_25,raw,0.38863521114172916,0.7976818564669264,0.5638756044904757,0.32221463113741466,0,16363.387666062286,16371.030411518082
BA(k=2),14,2,norm_25,cal,0.38863545758525736,0.7976818564669264,0.5638756044904757,0.32221463113741466,0,16363.387666062286,16371.030411518082
BA(k=2),14,2,norm_50,raw,0.38864246028095195,0.7976741499939518,0.5638756044904757,0.32221463113741466,0,16363.390103361462,16371.025080362502
BA(k=2),14,2,norm_50,cal,0.38864270615375834,0.7976741499939518,0.5638756044904757,0.32221463113741466,0,16363.390103361462,16371.025080362502
BA(k=2),14,2,norm_fit,raw,0.38864247061231033,0.7976741499939518,0.5638756044904757,0.32221463113741466,0,16363.390112663797,16371.025077420984
BA(k=2),14,2,norm_fit,cal,0.38864271648431237,0.7976741499939518,0.5638756044904757,0.32221463113741466,0,16363.390112663797,16371.025077420984
BA(k=2),14,3,emp,raw,0.9993749999999999,0.9993749999999999,0.0,0.0,1,16384.0,16384.0
BA(k=2),14,3,emp,cal,0.9993749999999999,0.9993749999999999,0.0,0.0,1,16384.0,16384.0
BA(k=2),14,3,paper,raw,0.351608482555821,0.6279934411926634,0.48332194670612194,0.0805536577843537,0,1.5166947876366537,4.4906153137391573e8
BA(k=2),14,3,paper,cal,0.9896891182046798,0.9884947199629933,0.0805536577843537,0.04027682889217682,0,1.5166947876366537,4.4906153137391573e8
BA(k=2),14,3,tri_init,raw,0.30433331442619854,0.2700564763988696,0.24166097335306103,0.08055365778435367,0,40984.0,40984.0
BA(k=2),14,3,tri_init,cal,0.3043333144261987,0.27005493966742383,0.24166097335306103,0.08055365778435367,0,40984.0,40984.0
BA(k=2),14,3,tri_25,raw,0.2905645372539488,0.2590542137366828,0.48332194670612205,1.0069207223044208,0,42434.23056403889,42518.099520902644
BA(k=2),14,3,tri_25,cal,0.29053232346061036,0.2590224582248678,0.48332194670612205,1.0069207223044208,0,42434.23056403889,42518.099520902644
BA(k=2),14,3,tri_50,raw,0.29056428959364045,0.25905043932988114,0.48332194670612205,1.0069207223044208,0,42433.8727846791,42517.70086637277
BA(k=2),14,3,tri_50,cal,0.2905320880560182,0.2590135972047361,0.48332194670612205,1.0069207223044208,0,42433.8727846791,42517.70086637277
BA(k=2),14,3,tri_fit,raw,0.29056254981239504,0.25904963905883066,0.48332194670612205,1.0069207223044208,0,42433.52163235676,42517.32329901372
BA(k=2),14,3,tri_fit,cal,0.29053035309041936,0.25900691870792414,0.48332194670612205,1.0069207223044208,0,42433.52163235676,42517.32329901372
BA(k=2),14,3,norm_init,raw,-0.03586072637266282,-0.43404807706001736,0.5638756044904757,0.48332194670612205,0,16384.000175327514,16384.000175327514
BA(k=2),14,3,norm_init,cal,-0.03586072637266276,-0.4340385225988575,0.5638756044904757,0.48332194670612205,0,16384.000175327514,16384.000175327514
BA(k=2),14,3,norm_25,raw,0.365013781440105,0.7610929121962773,0.5638756044904757,0.32221463113741466,0,16343.627515275368,16361.498898483562
BA(k=2),14,3,norm_25,cal,0.36501443555766705,0.761095348280402,0.5638756044904757,0.32221463113741466,0,16343.627515275368,16361.498898483562
BA(k=2),14,3,norm_50,raw,0.36502606549725497,0.7610706975685666,0.5638756044904757,0.32221463113741466,0,16343.664666332066,16361.507101400022
BA(k=2),14,3,norm_50,cal,0.3650267178458916,0.7610698074609057,0.5638756044904757,0.32221463113741466,0,16343.664666332066,16361.507101400022
BA(k=2),14,3,norm_fit,raw,0.3650260655056798,0.7610706975685666,0.5638756044904757,0.32221463113741466,0,16343.664666374782,16361.507101420462
BA(k=2),14,3,norm_fit,cal,0.3650267178543151,0.7610698074609057,0.5638756044904757,0.32221463113741466,0,16343.664666374782,16361.507101420462
BA(k=2),14,4,emp,raw,0.9993750000000003,0.9993750000000001,0.0,0.0,1,16384.0,16384.0
BA(k=2),14,4,emp,cal,0.9993750000000003,0.9993750000000001,0.0,0.0,1,16384.0,16384.0
BA(k=2),14,4,paper,raw,0.38598914118247846,0.6482430124190807,0.48332194670612194,0.0805536577843537,0,1.5166947876366537,4.4906153137391573e8
BA(k=2),14,4,paper,cal,0.9899999061987524,0.9889567063332464,0.0805536577843537,0.04027682889217682,0,1.5166947876366537,4.4906153137391573e8
BA(k=2),14,4,tri_init,raw,0.29635039257034124,0.26427165394197477,0.24166097335306103,0.08055365778435367,0,40984.0,40984.0
BA(k=2),14,4,tri_init,cal,0.2963503925703411,0.2642682954167276,0.24166097335306103,0.08055365778435367,0,40984.0,40984.0
BA(k=2),14,4,tri_25,raw,0.28270590324899486,0.2529691346310565,0.48332194670612205,1.0069207223044208,0,42138.40795937173,42217.45414412827
BA(k=2),14,4,tri_25,cal,0.2826726918186559,0.25296987196898146,0.48332194670612205,1.0069207223044208,0,42138.40795937173,42217.45414412827
BA(k=2),14,4,tri_50,raw,0.28270248900681977,0.252967932684095,0.48332194670612205,1.0069207223044208,0,42138.295368185994,42217.33234792392
BA(k=2),14,4,tri_50,cal,0.2826692772959962,0.2529674821919213,0.48332194670612205,1.0069207223044208,0,42138.295368185994,42217.33234792392
BA(k=2),14,4,tri_fit,raw,0.2827059100740116,0.2529694698696054,0.48332194670612205,1.0069207223044208,0,42138.7694311768,42217.80843268445
BA(k=2),14,4,tri_fit,cal,0.2826727011519331,0.25296562510163373,0.48332194670612205,1.0069207223044208,0,42138.7694311768,42217.80843268445
BA(k=2),14,4,norm_init,raw,-0.027151996622237988,-0.4239115387723573,0.5638756044904757,0.48332194670612205,0,16384.000175327514,16384.000175327514
BA(k=2),14,4,norm_init,cal,-0.027151996622237936,-0.4239024299444186,0.5638756044904757,0.48332194670612205,0,16384.000175327514,16384.000175327514
BA(k=2),14,4,norm_25,raw,0.37007576735508746,0.7653224003472078,0.5638756044904757,0.32221463113741466,0,16345.901223279829,16362.286318038881
BA(k=2),14,4,norm_25,cal,0.3700763521253992,0.7653224003472078,0.5638756044904757,0.32221463113741466,0,16345.901223279829,16362.286318038881
BA(k=2),14,4,norm_50,raw,0.37007593034558744,0.7653224003472078,0.5638756044904757,0.32221463113741466,0,16345.901411031507,16362.286165507034
BA(k=2),14,4,norm_50,cal,0.3700765150894969,0.7653224003472078,0.5638756044904757,0.32221463113741466,0,16345.901411031507,16362.286165507034
BA(k=2),14,4,norm_fit,raw,0.37007593034558744,0.7653224003472078,0.5638756044904757,0.32221463113741466,0,16345.901411031507,16362.286165507034
BA(k=2),14,4,norm_fit,cal,0.3700765150894969,0.7653224003472078,0.5638756044904757,0.32221463113741466,0,16345.901411031507,16362.286165507034
BA(k=2),14,5,emp,raw,0.9993749999999999,0.999375,0.0,0.0,1,16383.999999999996,16384.0
BA(k=2),14,5,emp,cal,0.9993749999999999,0.9993235176013192,0.0,0.0,1,16383.999999999996,16384.0
BA(k=2),14,5,paper,raw,0.34388024467061673,0.6273067884293002,0.48332194670612194,0.12083048667653051,0,1.5166947876366537,4.4906153137391573e8
BA(k=2),14,5,paper,cal,0.995065110934779,0.9945647465325189,0.0805536577843537,0.0,0,1.5166947876366537,4.4906153137391573e8
BA(k=2),14,5,tri_init,raw,0.29067878348542725,0.2545345501763416,0.24166097335306103,0.08055365778435367,0,40984.0,40984.0
BA(k=2),14,5,tri_init,cal,0.290678783485427,0.2545308874449032,0.24166097335306103,0.08055365778435367,0,40984.0,40984.0
BA(k=2),14,5,tri_25,raw,0.2820362516760681,0.2469235930968182,0.5638756044904757,1.0069207223044208,0,42339.99445746645,42469.27712193311
BA(k=2),14,5,tri_25,cal,0.28201973190455426,0.2468880312310719,0.5638756044904757,1.0069207223044208,0,42339.99445746645,42469.27712193311
BA(k=2),14,5,tri_50,raw,0.28203613399974103,0.24692327668363745,0.5638756044904757,1.0069207223044208,0,42340.07122739704,42469.35497577841
BA(k=2),14,5,tri_50,cal,0.28201961091676564,0.2468754014717388,0.5638756044904757,1.0069207223044208,0,42340.07122739704,42469.35497577841
BA(k=2),14,5,tri_fit,raw,0.28203688906445307,0.2469234390110491,0.5638756044904757,1.0069207223044208,0,42340.08791129224,42469.3793516921
BA(k=2),14,5,tri_fit,cal,0.28202036936988556,0.24690623596762282,0.5638756044904757,1.0069207223044208,0,42340.08791129224,42469.3793516921
BA(k=2),14,5,norm_init,raw,-0.013022646982334624,-0.4068979589514525,0.5638756044904757,0.48332194670612205,0,16384.000175327514,16384.000175327514
BA(k=2),14,5,norm_init,cal,-0.013022646982334527,-0.40689293804205284,0.5638756044904757,0.48332194670612205,0,16384.000175327514,16384.000175327514
BA(k=2),14,5,norm_25,raw,0.3619149595837921,0.7678519222073206,0.5638756044904757,0.32221463113741466,0,16343.279190488638,16367.875063238396
BA(k=2),14,5,norm_25,cal,0.36191659136022314,0.7678522150064625,0.5638756044904757,0.32221463113741466,0,16343.279190488638,16367.875063238396
BA(k=2),14,5,norm_50,raw,0.3658435419769501,0.7622662046891577,0.5638756044904757,0.32221463113741466,0,16345.400033149514,16362.224997220928
BA(k=2),14,5,norm_50,cal,0.3658441689825001,0.7622662046891577,0.5638756044904757,0.32221463113741466,0,16345.400033149514,16362.224997220928
BA(k=2),14,5,norm_fit,raw,0.3658456975136818,0.7622669483989782,0.5638756044904757,0.32221463113741466,0,16345.40234206632,16362.222709912554
BA(k=2),14,5,norm_fit,cal,0.3658463241394258,0.7622669483989782,0.5638756044904757,0.32221463113741466,0,16345.40234206632,16362.222709912554
BA(k=2),14,6,emp,raw,0.999375,0.999375,0.0,0.0,1,16384.0,16384.0
BA(k=2),14,6,emp,cal,0.999375,0.999375,0.0,0.0,1,16384.0,16384.0
BA(k=2),14,6,paper,raw,0.24561839011156186,0.5700581573919424,0.5638756044904757,0.12083048667653051,0,1.5166947876366537,3.499717386002611e9
BA(k=2),14,6,paper,cal,0.9945248286995267,0.993747132594619,0.0805536577843537,0.0,0,1.5166947876366537,3.499717386002611e9
BA(k=2),14,6,tri_init,raw,0.2954940266962561,0.2590643234680164,0.24166097335306103,0.08055365778435367,0,40984.0,40984.0
BA(k=2),14,6,tri_init,cal,0.2954940266962562,0.25906137982242006,0.24166097335306103,0.08055365778435367,0,40984.0,40984.0
BA(k=2),14,6,tri_25,raw,0.2948861292769716,0.2586500534006864,0.48332194670612205,0.08055365778435367,0,43071.64112362333,43203.95149331834
BA(k=2),14,6,tri_25,cal,0.2948942130083699,0.25865291014327263,0.48332194670612205,0.08055365778435367,0,43071.64112362333,43203.95149331834
BA(k=2),14,6,tri_50,raw,0.29488563707944615,0.2586512046360511,0.48332194670612205,0.08055365778435367,0,43071.573527249726,43203.86524246881
BA(k=2),14,6,tri_50,cal,0.2948937196950844,0.2586627330021981,0.48332194670612205,0.08055365778435367,0,43071.573527249726,43203.86524246881
BA(k=2),14,6,tri_fit,raw,0.2948843295198093,0.25865150309970175,0.48332194670612205,0.08055365778435367,0,43071.643620565665,43203.94032140539
BA(k=2),14,6,tri_fit,cal,0.294892407484969,0.2586612991706975,0.48332194670612205,0.08055365778435367,0,43071.643620565665,43203.94032140539
BA(k=2),14,6,norm_init,raw,-0.019043120472068204,-0.4147453582562788,0.5638756044904757,0.48332194670612205,0,16384.000175327514,16384.000175327514
BA(k=2),14,6,norm_init,cal,-0.019043120472068156,-0.41473618284494745,0.5638756044904757,0.48332194670612205,0,16384.000175327514,16384.000175327514
BA(k=2),14,6,norm_25,raw,0.36533558518433845,0.7633908792230336,0.5638756044904757,0.32221463113741466,0,16342.220827341727,16361.071049309
BA(k=2),14,6,norm_25,cal,0.3653363166245576,0.76339767495629,0.5638756044904757,0.32221463113741466,0,16342.220827341727,16361.071049309
BA(k=2),14,6,norm_50,raw,0.36533597487301356,0.7633909612051669,0.5638756044904757,0.32221463113741466,0,16342.221262652172,16361.0705920343
BA(k=2),14,6,norm_50,cal,0.3653367062351638,0.76339767495629,0.5638756044904757,0.32221463113741466,0,16342.221262652172,16361.0705920343
BA(k=2),14,6,norm_fit,raw,0.36533597487301356,0.7633909612051669,0.5638756044904757,0.32221463113741466,0,16342.221262652172,16361.0705920343
BA(k=2),14,6,norm_fit,cal,0.3653367062351638,0.76339767495629,0.5638756044904757,0.32221463113741466,0,16342.221262652172,16361.0705920343
BA(k=2),14,7,emp,raw,0.999375,0.999375,0.0,0.0,1,16384.0,16384.0
BA(k=2),14,7,emp,cal,0.999375,0.999375,0.0,0.0,1,16384.0,16384.0
BA(k=2),14,7,paper,raw,0.3052814044177644,0.6071993871840367,0.5638756044904757,0.12083048667653051,0,1.5166947876366537,1.2536301084188523e9
BA(k=2),14,7,paper,cal,0.9936865723894583,0.9936872473028262,0.0805536577843537,0.0,0,1.5166947876366537,1.2536301084188523e9
BA(k=2),14,7,tri_init,raw,0.29638536746217414,0.2614478551572565,0.24166097335306103,0.08055365778435367,0,40984.0,40984.0
BA(k=2),14,7,tri_init,cal,0.29638536746217403,0.26144402913541254,0.24166097335306103,0.08055365778435367,0,40984.0,40984.0
BA(k=2),14,7,tri_25,raw,0.28272886337826814,0.2510258732348076,0.48332194670612205,0.08055365778435367,0,40624.539944316784,40626.03878634158
BA(k=2),14,7,tri_25,cal,0.28272915469387805,0.25102417509477054,0.48332194670612205,0.08055365778435367,0,40624.539944316784,40626.03878634158
BA(k=2),14,7,tri_50,raw,0.2827300492355654,0.2510260249427251,0.48332194670612205,0.08055365778435367,0,40625.019281865665,40626.51287130949
BA(k=2),14,7,tri_50,cal,0.28273033952665216,0.2510137302570731,0.48332194670612205,0.08055365778435367,0,40625.019281865665,40626.51287130949
BA(k=2),14,7,tri_fit,raw,0.28272957226037565,0.25102850324531695,0.48332194670612205,0.08055365778435367,0,40625.5803722746,40627.05931294234
BA(k=2),14,7,tri_fit,cal,0.28272985969199765,0.2510204222638096,0.48332194670612205,0.08055365778435367,0,40625.5803722746,40627.05931294234
BA(k=2),14,7,norm_init,raw,-0.022600631092192843,-0.4163817162482007,0.5638756044904757,0.48332194670612205,0,16384.000175327514,16384.000175327514
BA(k=2),14,7,norm_init,cal,-0.02260063109219277,-0.4163760742415867,0.5638756044904757,0.48332194670612205,0,16384.000175327514,16384.000175327514
BA(k=2),14,7,norm_25,raw,0.36964137162075217,0.7730648408414091,0.5638756044904757,0.32221463113741466,0,16359.110544561026,16369.231191187735
BA(k=2),14,7,norm_25,cal,0.36964171662778245,0.7730648408414091,0.5638756044904757,0.32221463113741466,0,16359.110544561026,16369.231191187735
BA(k=2),14,7,norm_50,raw,0.36964213513465854,0.7730648408414091,0.5638756044904757,0.32221463113741466,0,16359.111047110417,16369.230638077563
BA(k=2),14,7,norm_50,cal,0.3696424800621603,0.7730648408414091,0.5638756044904757,0.32221463113741466,0,16359.111047110417,16369.230638077563
BA(k=2),14,7,norm_fit,raw,0.36964213513465854,0.7730648408414091,0.5638756044904757,0.32221463113741466,0,16359.111047110417,16369.230638077563
BA(k=2),14,7,norm_fit,cal,0.3696424800621603,0.7730648408414091,0.5638756044904757,0.32221463113741466,0,16359.111047110417,16369.230638077563
BA(k=2),14,8,emp,raw,0.9993749999999997,0.9993750000000001,0.0,0.0,1,16384.0,16384.0
BA(k=2),14,8,emp,cal,0.9993749999999997,0.9993750000000001,0.0,0.0,1,16384.0,16384.0
BA(k=2),14,8,paper,raw,0.34765363212544,0.6255834536036463,0.48332194670612194,0.0805536577843537,0,1.5166947876366537,4.4906153137391573e8
BA(k=2),14,8,paper,cal,0.989769047603668,0.9887815565708546,0.0805536577843537,0.04027682889217682,0,1.5166947876366537,4.4906153137391573e8
BA(k=2),14,8,tri_init,raw,0.30263622065739565,0.27017152044816356,0.24166097335306103,0.08055365778435367,0,40984.0,40984.0
BA(k=2),14,8,tri_init,cal,0.3026362206573957,0.2701661645469796,0.24166097335306103,0.08055365778435367,0,40984.0,40984.0
BA(k=2),14,8,tri_25,raw,0.28975765406954457,0.2597764333117275,0.48332194670612205,1.0069207223044208,0,42323.92067622899,42436.29739359277
BA(k=2),14,8,tri_25,cal,0.289720086238364,0.25973828831841944,0.48332194670612205,1.0069207223044208,0,42323.92067622899,42436.29739359277
BA(k=2),14,8,tri_50,raw,0.2897561580879309,0.2597767228056072,0.48332194670612205,1.0069207223044208,0,42323.93124149437,42436.31359827881
BA(k=2),14,8,tri_50,cal,0.289718589303439,0.2597357979972719,0.48332194670612205,1.0069207223044208,0,42323.93124149437,42436.31359827881
BA(k=2),14,8,tri_fit,raw,0.28975681888759863,0.25977641902307225,0.48332194670612205,1.0069207223044208,0,42324.06464409431,42436.449084868145
BA(k=2),14,8,tri_fit,cal,0.2897192496637599,0.2597390184429401,0.48332194670612205,1.0069207223044208,0,42324.06464409431,42436.449084868145
BA(k=2),14,8,norm_init,raw,-0.03763969154228545,-0.43599402000748994,0.5638756044904757,0.48332194670612205,0,16384.000175327514,16384.000175327514
BA(k=2),14,8,norm_init,cal,-0.037639691542285365,-0.4359843388114135,0.5638756044904757,0.48332194670612205,0,16384.000175327514,16384.000175327514
BA(k=2),14,8,norm_25,raw,0.3672278167016273,0.7603986374572358,0.5638756044904757,0.32221463113741466,0,16345.547848356726,16362.004621692182
BA(k=2),14,8,norm_25,cal,0.3672283953006563,0.7603960491079697,0.5638756044904757,0.32221463113741466,0,16345.547848356726,16362.004621692182
BA(k=2),14,8,norm_50,raw,0.36722877442133833,0.7603929337192602,0.5638756044904757,0.32221463113741466,0,16345.547349787332,16362.002252179524
BA(k=2),14,8,norm_50,cal,0.3672293528466902,0.7603929337192602,0.5638756044904757,0.32221463113741466,0,16345.547349787332,16362.002252179524
BA(k=2),14,8,norm_fit,raw,0.36722877442133833,0.7603929337192602,0.5638756044904757,0.32221463113741466,0,16345.547349787332,16362.002252179524
BA(k=2),14,8,norm_fit,cal,0.3672293528466902,0.7603929337192602,0.5638756044904757,0.32221463113741466,0,16345.547349787332,16362.002252179524
BA(k=2),14,9,emp,raw,0.9993749999999999,0.9993749999999998,0.0,0.0,1,16383.999999999998,16384.0
BA(k=2),14,9,emp,cal,0.9993749999999999,0.9993407765074366,0.0,0.0,1,16383.999999999998,16384.0
BA(k=2),14,9,paper,raw,0.33312608986878783,0.6266963627566703,0.5638756044904757,0.12083048667653051,0,1.5166947876366537,1.2536301084188523e9
BA(k=2),14,9,paper,cal,0.9940163821891423,0.9938439422413651,0.0805536577843537,0.0,0,1.5166947876366537,1.2536301084188523e9
BA(k=2),14,9,tri_init,raw,0.3000723784477708,0.2620116653035769,0.24166097335306103,0.08055365778435367,0,40984.0,40984.0
BA(k=2),14,9,tri_init,cal,0.30007237844777085,0.2620080852366585,0.24166097335306103,0.08055365778435367,0,40984.0,40984.0
BA(k=2),14,9,tri_25,raw,0.28920728848527844,0.25384387740527115,0.48332194670612205,0.08055365778435367,0,40928.260323858456,40932.741961961714
BA(k=2),14,9,tri_25,cal,0.28920884215087395,0.2538514199128995,0.48332194670612205,0.08055365778435367,0,40928.260323858456,40932.741961961714
BA(k=2),14,9,tri_50,raw,0.289207523129923,0.2538424908077879,0.48332194670612205,0.08055365778435367,0,40928.37391863704,40932.85898737544
BA(k=2),14,9,tri_50,cal,0.2892090780251602,0.25384784566624713,0.48332194670612205,0.08055365778435367,0,40928.37391863704,40932.85898737544
BA(k=2),14,9,tri_fit,raw,0.28920650124602487,0.25384388453936496,0.48332194670612205,0.08055365778435367,0,40928.22057625385,40932.69318210507
BA(k=2),14,9,tri_fit,cal,0.28920805241343134,0.25385220071028886,0.48332194670612205,0.08055365778435367,0,40928.22057625385,40932.69318210507
BA(k=2),14,9,norm_init,raw,-0.02278067201289308,-0.4174778827027138,0.5638756044904757,0.48332194670612205,0,16384.000175327514,16384.000175327514
BA(k=2),14,9,norm_init,cal,-0.022780672012893015,-0.4174696000716889,0.5638756044904757,0.48332194670612205,0,16384.000175327514,16384.000175327514
BA(k=2),14,9,norm_25,raw,0.36299007826360413,0.7641719025853575,0.5638756044904757,0.32221463113741466,0,16355.170713311483,16368.04182462213
BA(k=2),14,9,norm_25,cal,0.3629905637153493,0.7641719025853575,0.5638756044904757,0.32221463113741466,0,16355.170713311483,16368.04182462213
BA(k=2),14,9,norm_50,raw,0.36304832452287683,0.7641376072099715,0.5638756044904757,0.32221463113741466,0,16355.280393637206,16368.046334574541
BA(k=2),14,9,norm_50,cal,0.3630488026841395,0.7641376072099715,0.5638756044904757,0.32221463113741466,0,16355.280393637206,16368.046334574541
BA(k=2),14,9,norm_fit,raw,0.3630483542500354,0.7641376072099715,0.5638756044904757,0.32221463113741466,0,16355.28047832157,16368.046359649541
BA(k=2),14,9,norm_fit,cal,0.36304883240777863,0.764140526401405,0.5638756044904757,0.32221463113741466,0,16355.28047832157,16368.046359649541
BA(k=2),14,10,emp,raw,0.999375,0.9993749999999998,0.0,0.0,1,16383.999999999998,16384.0
BA(k=2),14,10,emp,cal,0.999375,0.9993749999999998,0.0,0.0,1,16383.999999999998,16384.0
BA(k=2),14,10,paper,raw,0.342582580784586,0.6273909473629902,0.48332194670612194,0.0805536577843537,0,1.5166947876366537,4.4906153137391573e8
BA(k=2),14,10,paper,cal,0.9890397062600831,0.9888035847709092,0.0805536577843537,0.04027682889217682,0,1.5166947876366537,4.4906153137391573e8
BA(k=2),14,10,tri_init,raw,0.31155500608256737,0.27404713644743506,0.24166097335306103,0.08055365778435367,0,40984.0,40984.0
BA(k=2),14,10,tri_init,cal,0.31155500608256764,0.2740439437267901,0.24166097335306103,0.08055365778435367,0,40984.0,40984.0
BA(k=2),14,10,tri_25,raw,0.295955030239205,0.26151163997283294,0.48332194670612205,1.0069207223044208,0,40544.385596599386,40604.346058356365
BA(k=2),14,10,tri_25,cal,0.29593473432717693,0.26148504327420524,0.48332194670612205,1.0069207223044208,0,40544.385596599386,40604.346058356365
BA(k=2),14,10,tri_50,raw,0.29595566369425635,0.2615121759944933,0.48332194670612205,1.0069207223044208,0,40544.452954683235,40604.421442379054
BA(k=2),14,10,tri_50,cal,0.29593536938655135,0.261482578068812,0.48332194670612205,1.0069207223044208,0,40544.452954683235,40604.421442379054
BA(k=2),14,10,tri_fit,raw,0.2959551233871717,0.26151038238247515,0.48332194670612205,1.0069207223044208,0,40544.3499974851,40604.30821968496
BA(k=2),14,10,tri_fit,cal,0.29593483107059115,0.2614936253354218,0.48332194670612205,1.0069207223044208,0,40544.3499974851,40604.30821968496
BA(k=2),14,10,norm_init,raw,-0.04474987212756135,-0.4432758262915757,0.5638756044904757,0.48332194670612205,0,16384.000175327514,16384.000175327514
BA(k=2),14,10,norm_init,cal,-0.04474987212756127,-0.44326955795183337,0.5638756044904757,0.48332194670612205,0,16384.000175327514,16384.000175327514
BA(k=2),14,10,norm_25,raw,0.36457163668457493,0.7583814407299544,0.5638756044904757,0.32221463113741466,0,16347.121091549981,16362.834188580096
BA(k=2),14,10,norm_25,cal,0.3645721784865237,0.7583814407299544,0.5638756044904757,0.32221463113741466,0,16347.121091549981,16362.834188580096
BA(k=2),14,10,norm_50,raw,0.3645739200875794,0.7583766915279284,0.5638756044904757,0.32221463113741466,0,16347.127137272151,16362.83526602622
BA(k=2),14,10,norm_50,cal,0.3645744615919461,0.7583766915279284,0.5638756044904757,0.32221463113741466,0,16347.127137272151,16362.83526602622
BA(k=2),14,10,norm_fit,raw,0.3645739200875794,0.7583766915279284,0.5638756044904757,0.32221463113741466,0,16347.127137272151,16362.83526602622
BA(k=2),14,10,norm_fit,cal,0.3645744615919461,0.7583766915279284,0.5638756044904757,0.32221463113741466,0,16347.127137272151,16362.83526602622
BA(k=4),12,1,emp,raw,0.999375,0.9993749999999998,0.0,0.0,1,4096.0,4096.0
BA(k=4),12,1,emp,cal,0.999375,0.9993749999999998,0.0,0.0,1,4096.0,4096.0
BA(k=4),12,1,paper,raw,0.9749622300266586,0.9768595771632694,0.08055365778435364,0.04027682889217682,0,1575.7259188418914,7173.054767599
BA(k=4),12,1,paper,cal,0.9879246049532094,0.9880369720950342,0.0805536577843537,0.04027682889217685,0,1575.7259188418914,7173.054767599
BA(k=4),12,1,tri_init,raw,0.2343418128025758,0.21283916550499696,0.483321946706122,0.0,0,7784.0,7784.000000000001
BA(k=4),12,1,tri_init,cal,0.23434181280257585,0.21284323315376338,0.483321946706122,0.0,0,7784.0,7784.000000000001
BA(k=4),12,1,tri_25,raw,0.31619902106796066,0.3007502096202546,0.16110731556870733,1.0069207223044208,0,10181.828781064261,10222.417148407283
BA(k=4),12,1,tri_25,cal,0.31616864540012835,0.3007499395466009,0.16110731556870733,1.0069207223044208,0,10181.828781064261,10222.417148407283
BA(k=4),12,1,tri_50,raw,0.31618479386957843,0.3007355660871069,0.16110731556870733,1.0069207223044208,0,10182.067875554549,10222.684571800934
BA(k=4),12,1,tri_50,cal,0.3161544232397602,0.3007168825724212,0.16110731556870733,1.0069207223044208,0,10182.067875554549,10222.684571800934
BA(k=4),12,1,tri_fit,raw,0.3161975763510241,0.3007374405307937,0.16110731556870733,1.0069207223044208,0,10182.58381841284,10223.162855864462
BA(k=4),12,1,tri_fit,cal,0.31616719632450835,0.3007316447608465,0.16110731556870733,1.0069207223044208,0,10182.58381841284,10223.162855864462
BA(k=4),12,1,norm_init,raw,-0.0811518679219754,-0.48316931971782745,0.40276828892176836,0.483321946706122,0,4096.000043757046,4096.000043757046
BA(k=4),12,1,norm_init,cal,-0.08115186792197544,-0.48316656598587193,0.40276828892176836,0.5235987755982989,0,4096.000043757046,4096.000043757046
BA(k=4),12,1,norm_25,raw,0.43444360487987277,0.7558176332277325,0.40276828892176836,1.2888585245496587,0,4063.5846913274354,4066.6120000938454
BA(k=4),12,1,norm_25,cal,0.43444372459341357,0.7558176332277325,0.40276828892176836,1.2888585245496587,0,4063.5846913274354,4066.6120000938454
BA(k=4),12,1,norm_50,raw,0.4344205932283487,0.7557880636553892,0.40276828892176836,1.2888585245496587,0,4063.5921845341954,4066.5834163871345
BA(k=4),12,1,norm_50,cal,0.4344207101143784,0.7557880636553892,0.40276828892176836,1.2888585245496587,0,4063.5921845341954,4066.5834163871345
BA(k=4),12,1,norm_fit,raw,0.4344205932283487,0.7557880636553892,0.40276828892176836,1.2888585245496587,0,4063.5921845341954,4066.5834163871345
BA(k=4),12,1,norm_fit,cal,0.4344207101143784,0.7557880636553892,0.40276828892176836,1.2888585245496587,0,4063.5921845341954,4066.5834163871345
BA(k=4),12,2,emp,raw,0.999375,0.999375,0.0,0.0,1,4096.0,4096.0
BA(k=4),12,2,emp,cal,0.999375,0.999375,0.0,0.0,1,4096.0,4096.0
BA(k=4),12,2,paper,raw,0.9768457702211043,0.9783321576722386,0.08055365778435364,0.0,0,1575.7259188418914,6751.11036950497
BA(k=4),12,2,paper,cal,0.9866433789505188,0.9867198742597509,0.0805536577843537,0.04027682889217685,0,1575.7259188418914,6751.11036950497
BA(k=4),12,2,tri_init,raw,0.22999550723490644,0.2053449895462205,0.40276828892176836,0.0,0,7784.0,7784.000000000001
BA(k=4),12,2,tri_init,cal,0.22999550723490633,0.20534345727083722,0.40276828892176836,0.0,0,7784.0,7784.000000000001
BA(k=4),12,2,tri_25,raw,0.2963370264881704,0.2758699623936793,0.3222146311374147,1.0069207223044208,0,10479.085305123892,10519.002721126068
BA(k=4),12,2,tri_25,cal,0.296333485683626,0.2758680196391554,0.3222146311374147,1.0069207223044208,0,10479.085305123892,10519.002721126068
BA(k=4),12,2,tri_50,raw,0.2963365431727867,0.275881159687245,0.3222146311374147,1.0069207223044208,0,10479.882344880789,10519.790393545249
BA(k=4),12,2,tri_50,cal,0.29633299276430874,0.2758735075267096,0.3222146311374147,1.0069207223044208,0,10479.882344880789,10519.790393545249
BA(k=4),12,2,tri_fit,raw,0.29635973351764944,0.27588809739071335,0.3222146311374147,1.0069207223044208,0,10481.235342075546,10521.177864030798
BA(k=4),12,2,tri_fit,cal,0.2963561629667359,0.2758871300417062,0.3222146311374147,1.0069207223044208,0,10481.235342075546,10521.177864030798
BA(k=4),12,2,norm_init,raw,-0.0781569139792142,-0.4861194383027793,0.40276828892176836,0.483321946706122,0,4096.000043757046,4096.000043757046
BA(k=4),12,2,norm_init,cal,-0.07815691397921422,-0.4861185408981914,0.40276828892176836,0.5235987755982989,0,4096.000043757046,4096.000043757046
BA(k=4),12,2,norm_25,raw,0.44221602196445303,0.7581104090561371,0.40276828892176836,1.2888585245496587,0,4070.323648365512,4073.9391243855116
BA(k=4),12,2,norm_25,cal,0.442216237177043,0.7581104090561371,0.40276828892176836,1.2888585245496587,0,4070.323648365512,4073.9391243855116
BA(k=4),12,2,norm_50,raw,0.442276953936858,0.7581340319617356,0.40276828892176836,1.2888585245496587,0,4070.388997591069,4074.0306549179777
BA(k=4),12,2,norm_50,cal,0.4422771728510538,0.7581353905423253,0.40276828892176836,1.2888585245496587,0,4070.388997591069,4074.0306549179777
BA(k=4),12,2,norm_fit,raw,0.4422991658352332,0.7581062337632041,0.40276828892176836,1.2888585245496587,0,4070.3706187652847,4074.046866833232
BA(k=4),12,2,norm_fit,cal,0.44229938880316416,0.7581065675524007,0.40276828892176836,1.2888585245496587,0,4070.3706187652847,4074.046866833232
BA(k=4),12,3,emp,raw,0.9993749999999998,0.9993749999999998,0.0,0.0,1,4096.0,4096.0
BA(k=4),12,3,emp,cal,0.9993749999999998,0.9993749999999998,0.0,0.0,1,4096.0,4096.0
BA(k=4),12,3,paper,raw,0.9806503773918357,0.9839621872845647,0.08055365778435364,0.0,0,1575.7259188418914,6751.11036950497
BA(k=4),12,3,paper,cal,0.9857275164468979,0.9864161600156672,0.0805536577843537,0.04027682889217685,0,1575.7259188418914,6751.11036950497
BA(k=4),12,3,tri_init,raw,0.2385260375407605,0.2157292033839379,0.483321946706122,0.0,0,7784.0,7784.000000000001
BA(k=4),12,3,tri_init,cal,0.23852603754076043,0.2157292846435779,0.483321946706122,0.0,0,7784.0,7784.000000000001
BA(k=4),12,3,tri_25,raw,0.3188523031722701,0.30478321677378145,0.24166097335306097,1.0069207223044208,0,11426.417131955064,11469.066443066604
BA(k=4),12,3,tri_25,cal,0.318858383152359,0.30479018966391097,0.24166097335306097,1.0069207223044208,0,11426.417131955064,11469.066443066604
BA(k=4),12,3,tri_50,raw,0.31888517409150735,0.3047488876932213,0.24166097335306097,1.0069207223044208,0,11427.104734911745,11470.132492376517
BA(k=4),12,3,tri_50,cal,0.3188913914356247,0.3047440881109266,0.24166097335306097,1.0069207223044208,0,11427.104734911745,11470.132492376517
BA(k=4),12,3,tri_fit,raw,0.31870966791469796,0.30456299162533473,0.24166097335306097,1.0069207223044208,0,11418.66373436789,11461.924965245922
BA(k=4),12,3,tri_fit,cal,0.3187159333482486,0.30457127013889507,0.24166097335306097,1.0069207223044208,0,11418.66373436789,11461.924965245922
BA(k=4),12,3,norm_init,raw,-0.09864867070583684,-0.5022203517266705,0.40276828892176836,0.483321946706122,0,4096.000043757046,4096.000043757046
BA(k=4),12,3,norm_init,cal,-0.09864867070583681,-0.5022136666864366,0.40276828892176836,0.5235987755982989,0,4096.000043757046,4096.000043757046
BA(k=4),12,3,norm_25,raw,0.43083689769877015,0.7426523090060131,0.40276828892176836,1.2888585245496587,0,4059.2060611960724,4063.697677550731
BA(k=4),12,3,norm_25,cal,0.4308371325930539,0.7426517819633717,0.40276828892176836,1.2888585245496587,0,4059.2060611960724,4063.697677550731
BA(k=4),12,3,norm_50,raw,0.4308546040030974,0.7426625775534766,0.40276828892176836,1.2888585245496587,0,4059.189997476519,4063.7180716834932
BA(k=4),12,3,norm_50,cal,0.43085484265175333,0.7426625775534766,0.40276828892176836,1.2888585245496587,0,4059.189997476519,4063.7180716834932
BA(k=4),12,3,norm_fit,raw,0.43085460504020057,0.7426623696644348,0.40276828892176836,1.2888585245496587,0,4059.1900031311498,4063.7180750946904
BA(k=4),12,3,norm_fit,cal,0.4308548436886531,0.7426625775534766,0.40276828892176836,1.2888585245496587,0,4059.1900031311498,4063.7180750946904
BA(k=4),12,4,emp,raw,0.9993749999999999,0.9993749999999999,0.0,0.0,1,4095.9999999999995,4096.000000000001
BA(k=4),12,4,emp,cal,0.9993749999999999,0.999374999267957,0.0,0.0,1,4095.9999999999995,4096.000000000001
BA(k=4),12,4,paper,raw,0.9714381210586864,0.9731537701307084,0.08055365778435364,0.04027682889217682,0,1575.7259188418914,6751.11036950497
BA(k=4),12,4,paper,cal,0.9899502693025691,0.9899290856351632,0.0805536577843537,0.0,0,1575.7259188418914,6751.11036950497
BA(k=4),12,4,tri_init,raw,0.22785668749708338,0.20064418759505928,0.483321946706122,0.0,0,7784.0,7784.000000000001
BA(k=4),12,4,tri_init,cal,0.22785668749708335,0.20063537308499008,0.483321946706122,0.0,0,7784.0,7784.000000000001
BA(k=4),12,4,tri_25,raw,0.31349107317433433,0.2960878003673857,0.24166097335306097,1.0069207223044208,0,11366.480835247348,11407.160276801074
BA(k=4),12,4,tri_25,cal,0.3134919333912679,0.2960857193189943,0.24166097335306097,1.0069207223044208,0,11366.480835247348,11407.160276801074
BA(k=4),12,4,tri_50,raw,0.3134897210370786,0.2960878003673857,0.24166097335306097,1.0069207223044208,0,11366.676588307659,11407.361206829399
BA(k=4),12,4,tri_50,cal,0.3134905815020265,0.2960830252583305,0.24166097335306097,1.0069207223044208,0,11366.676588307659,11407.361206829399
BA(k=4),12,4,tri_fit,raw,0.3134961933234647,0.2960950434048968,0.24166097335306097,1.0069207223044208,0,11367.177137497849,11407.861364594619
BA(k=4),12,4,tri_fit,cal,0.3134970586379067,0.2961031956791295,0.24166097335306097,1.0069207223044208,0,11367.177137497849,11407.861364594619
BA(k=4),12,4,norm_init,raw,-0.07710723849464225,-0.48499319008358854,0.40276828892176836,0.483321946706122,0,4096.000043757046,4096.000043757046
BA(k=4),12,4,norm_init,cal,-0.0771072384946423,-0.48498940052192974,0.40276828892176836,0.5235987755982989,0,4096.000043757046,4096.000043757046
BA(k=4),12,4,norm_25,raw,0.42938812064900983,0.7414690125854301,0.40276828892176836,1.2888585245496587,0,4058.3319000424,4062.2585064189825
BA(k=4),12,4,norm_25,cal,0.42938829125204453,0.7414690125854301,0.40276828892176836,1.2888585245496587,0,4058.3319000424,4062.2585064189825
BA(k=4),12,4,norm_50,raw,0.42938142163416604,0.7414812282630013,0.40276828892176836,1.2888585245496587,0,4058.354557790051,4062.255891677361
BA(k=4),12,4,norm_50,cal,0.4293815901301631,0.7414812282630013,0.40276828892176836,1.2888585245496587,0,4058.354557790051,4062.255891677361
BA(k=4),12,4,norm_fit,raw,0.42938142163416604,0.7414812282630013,0.40276828892176836,1.2888585245496587,0,4058.354557790051,4062.255891677361
BA(k=4),12,4,norm_fit,cal,0.4293815901301631,0.7414812282630013,0.40276828892176836,1.2888585245496587,0,4058.354557790051,4062.255891677361
BA(k=4),12,5,emp,raw,0.9993749999999999,0.9993749999999999,0.0,0.0,1,4095.9999999999995,4096.0
BA(k=4),12,5,emp,cal,0.9993749999999999,0.9993749999999999,0.0,0.0,1,4095.9999999999995,4096.0
BA(k=4),12,5,paper,raw,0.9698166849631489,0.9737726579392326,0.16110731556870733,0.0,0,1575.7259188418914,6751.11036950497
BA(k=4),12,5,paper,cal,0.9920387298700992,0.9925346645812079,0.0805536577843537,0.04027682889217682,0,1575.7259188418914,6751.11036950497
BA(k=4),12,5,tri_init,raw,0.22274675900901753,0.20491874552683506,0.483321946706122,0.04027682889217682,0,7784.0,7784.000000000001
BA(k=4),12,5,tri_init,cal,0.22274675900901766,0.20491712217008373,0.483321946706122,0.04027682889217682,0,7784.0,7784.000000000001
BA(k=4),12,5,tri_25,raw,0.311708195073435,0.30030004664311305,0.24166097335306097,0.966643893412244,0,11485.001014781916,11523.158647877239
BA(k=4),12,5,tri_25,cal,0.3117111737921312,0.30030375724317937,0.24166097335306097,0.966643893412244,0,11485.001014781916,11523.158647877239
BA(k=4),12,5,tri_50,raw,0.3116936189319234,0.30027662373707836,0.24166097335306097,0.966643893412244,0,11484.057592154935,11522.244127802333
BA(k=4),12,5,tri_50,cal,0.3116966059115468,0.30028030395543925,0.24166097335306097,0.966643893412244,0,11484.057592154935,11522.244127802333
BA(k=4),12,5,tri_fit,raw,0.31168607928412045,0.3002693339485204,0.24166097335306097,0.966643893412244,0,11483.699537569813,11521.903266480986
BA(k=4),12,5,tri_fit,cal,0.3116890688994572,0.300278261280834,0.24166097335306097,0.966643893412244,0,11483.699537569813,11521.903266480986
BA(k=4),12,5,norm_init,raw,-0.07963422301729162,-0.48729616680513144,0.40276828892176836,0.4430451178139452,0,4096.000043757046,4096.000043757046
BA(k=4),12,5,norm_init,cal,-0.07963422301729163,-0.4872920953544679,0.40276828892176836,0.48332194670612205,0,4096.000043757046,4096.000043757046
BA(k=4),12,5,norm_25,raw,0.42684819347488584,0.7360184662539424,0.40276828892176836,1.248581695657482,0,4052.0061110793845,4056.1581133466616
BA(k=4),12,5,norm_25,cal,0.4268483638166574,0.7360184662539424,0.40276828892176836,1.248581695657482,0,4052.0061110793845,4056.1581133466616
BA(k=4),12,5,norm_50,raw,0.42684768816209107,0.7360184662539424,0.40276828892176836,1.248581695657482,0,4052.006708199134,4056.157414721112
BA(k=4),12,5,norm_50,cal,0.4268478583990221,0.7360184662539424,0.40276828892176836,1.248581695657482,0,4052.006708199134,4056.157414721112
BA(k=4),12,5,norm_fit,raw,0.42684768816209107,0.7360184662539424,0.40276828892176836,1.248581695657482,0,4052.006708199134,4056.157414721112
BA(k=4),12,5,norm_fit,cal,0.4268478583990221,0.7360184662539424,0.40276828892176836,1.248581695657482,0,4052.006708199134,4056.157414721112
BA(k=4),12,6,emp,raw,0.9993750000000001,0.9993749999999998,0.0,0.0,1,4095.9999999999995,4096.0
BA(k=4),12,6,emp,cal,0.9993749999999999,0.9993726742970892,0.0,0.0,1,4095.9999999999995,4096.0
BA(k=4),12,6,paper,raw,0.9802015351054505,0.9836688309380864,0.08055365778435364,0.0,0,1575.7259188418914,6751.11036950497
BA(k=4),12,6,paper,cal,0.986573399151144,0.9873499052828535,0.0805536577843537,0.04027682889217685,0,1575.7259188418914,6751.11036950497
BA(k=4),12,6,tri_init,raw,0.23631176113765467,0.21494942267896874,0.40276828892176836,0.0,0,7784.0,7784.000000000001
BA(k=4),12,6,tri_init,cal,0.23631176113765462,0.21494425695963354,0.40276828892176836,0.0,0,7784.0,7784.000000000001
BA(k=4),12,6,tri_25,raw,0.31618620847661855,0.30143552758718434,0.24166097335306097,1.0069207223044208,0,11296.916550850134,11341.568074561117
BA(k=4),12,6,tri_25,cal,0.3161868787056876,0.3014509703227263,0.24166097335306097,1.0069207223044208,0,11296.916550850134,11341.568074561117
BA(k=4),12,6,tri_50,raw,0.31618389661174373,0.3014368600706504,0.24166097335306097,1.0069207223044208,0,11296.817576468806,11341.47029911032
BA(k=4),12,6,tri_50,cal,0.31618456622650354,0.3014467925101241,0.24166097335306097,1.0069207223044208,0,11296.817576468806,11341.47029911032
BA(k=4),12,6,tri_fit,raw,0.31617927235573157,0.3014342143568266,0.24166097335306097,1.0069207223044208,0,11296.619624324243,11341.274744881706
BA(k=4),12,6,tri_fit,cal,0.31617994074029176,0.30143985775856713,0.24166097335306097,1.0069207223044208,0,11296.619624324243,11341.274744881706
BA(k=4),12,6,norm_init,raw,-0.0943715664898154,-0.4999466516065336,0.40276828892176836,0.483321946706122,0,4096.000043757046,4096.000043757046
BA(k=4),12,6,norm_init,cal,-0.09437156648981543,-0.4999425461645138,0.40276828892176836,0.5235987755982989,0,4096.000043757046,4096.000043757046
BA(k=4),12,6,norm_25,raw,0.35749884761031436,0.7989968171642211,0.40276828892176836,0.28193780224523785,0,3261.9568382665934,4032.74330208531
BA(k=4),12,6,norm_25,cal,0.3603413946172602,0.7946439341158605,0.40276828892176836,0.28193780224523785,0,3261.9568382665934,4032.74330208531
BA(k=4),12,6,norm_50,raw,0.3985387269361557,0.7335855709886087,0.40276828892176836,0.28193780224523785,0,3492.345358803468,4083.7260237832543
BA(k=4),12,6,norm_50,cal,0.40084173468456696,0.7325824566293122,0.40276828892176836,0.28193780224523785,0,3492.345358803468,4083.7260237832543
BA(k=4),12,6,norm_fit,raw,0.3846228440729562,0.7125697729378055,0.40276828892176836,0.28193780224523785,0,3829.812428030809,4048.014199452635
BA(k=4),12,6,norm_fit,cal,0.38498631455296406,0.7126322377361197,0.40276828892176836,0.28193780224523785,0,3829.812428030809,4048.014199452635
BA(k=4),12,7,emp,raw,0.9993750000000001,0.999375,0.0,0.0,1,4095.9999999999995,4096.0
BA(k=4),12,7,emp,cal,0.9993750000000001,0.9993609821095175,0.0,0.0,1,4095.9999999999995,4096.0
BA(k=4),12,7,paper,raw,0.9733883025734549,0.976563575014214,0.08055365778435364,0.04027682889217682,0,1575.7259188418914,6751.11036950497
BA(k=4),12,7,paper,cal,0.9899468851679054,0.9908266928452565,0.0805536577843537,0.0,0,1575.7259188418914,6751.11036950497
BA(k=4),12,7,tri_init,raw,0.2309100285032042,0.20819239893505065,0.483321946706122,0.0,0,7784.0,7784.000000000001
BA(k=4),12,7,tri_init,cal,0.23091002850320425,0.20819430180050008,0.483321946706122,0.0,0,7784.0,7784.000000000001
BA(k=4),12,7,tri_25,raw,0.3136859525974869,0.29947477868889844,0.24166097335306097,1.0069207223044208,0,11088.66272430434,11131.393925220224
BA(k=4),12,7,tri_25,cal,0.31368427494392975,0.29947274681435215,0.24166097335306097,1.0069207223044208,0,11088.66272430434,11131.393925220224
BA(k=4),12,7,tri_50,raw,0.3136874933835128,0.2994820182862932,0.24166097335306097,1.0069207223044208,0,11089.023261972026,11131.758957246677
BA(k=4),12,7,tri_50,cal,0.3136858156577341,0.29947397441668133,0.24166097335306097,1.0069207223044208,0,11089.023261972026,11131.758957246677
BA(k=4),12,7,tri_fit,raw,0.31368948367075067,0.2994748294170644,0.24166097335306097,1.0069207223044208,0,11089.169876537053,11131.89531927694
BA(k=4),12,7,tri_fit,cal,0.313687806229603,0.2994780854192569,0.24166097335306097,1.0069207223044208,0,11089.169876537053,11131.89531927694
BA(k=4),12,7,norm_init,raw,-0.0869413346216406,-0.4926938080194705,0.40276828892176836,0.483321946706122,0,4096.000043757046,4096.000043757046
BA(k=4),12,7,norm_init,cal,-0.0869413346216406,-0.49268859761702133,0.40276828892176836,0.5235987755982989,0,4096.000043757046,4096.000043757046
BA(k=4),12,7,norm_25,raw,0.4284547253762987,0.7411295255429251,0.40276828892176836,1.2888585245496587,0,4058.3517315614463,4060.5936544899746
BA(k=4),12,7,norm_25,cal,0.428454781924726,0.7411295255429251,0.40276828892176836,1.2888585245496587,0,4058.3517315614463,4060.5936544899746
BA(k=4),12,7,norm_50,raw,0.4293042496443409,0.7413317078904376,0.40276828892176836,1.2888585245496587,0,4057.4894179093485,4061.6376259369404
BA(k=4),12,7,norm_50,cal,0.4293044400906641,0.7413317078904376,0.40276828892176836,1.2888585245496587,0,4057.4894179093485,4061.6376259369404
BA(k=4),12,7,norm_fit,raw,0.42930435228117864,0.7413317078904376,0.40276828892176836,1.2888585245496587,0,4057.489354765292,4061.6377637400346
BA(k=4),12,7,norm_fit,cal,0.429304542745774,0.7413317078904376,0.40276828892176836,1.2888585245496587,0,4057.489354765292,4061.6377637400346
BA(k=4),12,8,emp,raw,0.9993750000000002,0.9993750000000001,0.0,0.0,1,4096.0,4096.0
BA(k=4),12,8,emp,cal,0.9993750000000002,0.9993750000000001,0.0,0.0,1,4096.0,4096.0
BA(k=4),12,8,paper,raw,0.9800507858916151,0.9828843618695529,0.08055365778435364,0.0,0,1575.7259188418914,6353.986230122303
BA(k=4),12,8,paper,cal,0.9860471781057505,0.9865357212396998,0.0805536577843537,0.04027682889217685,0,1575.7259188418914,6353.986230122303
BA(k=4),12,8,tri_init,raw,0.2375614546348559,0.21329395341433366,0.40276828892176836,0.0,0,7784.0,7784.000000000001
BA(k=4),12,8,tri_init,cal,0.23756145463485617,0.21328008227636205,0.40276828892176836,0.0,0,7784.0,7784.000000000001
BA(k=4),12,8,tri_25,raw,0.3019685557262927,0.2886715354178489,0.3222146311374147,1.0069207223044208,0,11058.744452895065,11092.246398715113
BA(k=4),12,8,tri_25,cal,0.3019714652173836,0.28866029895925643,0.3222146311374147,1.0069207223044208,0,11058.744452895065,11092.246398715113
BA(k=4),12,8,tri_50,raw,0.30196728915734705,0.28866806134324074,0.3222146311374147,1.0069207223044208,0,11058.819504544015,11092.328269844267
BA(k=4),12,8,tri_50,cal,0.3019701969038589,0.28865691530043686,0.3222146311374147,1.0069207223044208,0,11058.819504544015,11092.328269844267
BA(k=4),12,8,tri_fit,raw,0.30196754151990823,0.28866812743472176,0.3222146311374147,1.0069207223044208,0,11058.916004181101,11092.42376822113
BA(k=4),12,8,tri_fit,cal,0.30197044961188974,0.2886602553094755,0.3222146311374147,1.0069207223044208,0,11058.916004181101,11092.42376822113
BA(k=4),12,8,norm_init,raw,-0.09398367873216736,-0.499657618235673,0.40276828892176836,0.483321946706122,0,4096.000043757046,4096.000043757046
BA(k=4),12,8,norm_init,cal,-0.09398367873216736,-0.4996526717957883,0.40276828892176836,0.5235987755982989,0,4096.000043757046,4096.000043757046
BA(k=4),12,8,norm_25,raw,0.4354817699602252,0.7451568497414404,0.40276828892176836,0.28193780224523785,0,4054.4690666486963,4066.0438330948728
BA(k=4),12,8,norm_25,cal,0.4354831628088046,0.7451568702372326,0.40276828892176836,0.28193780224523785,0,4054.4690666486963,4066.0438330948728
BA(k=4),12,8,norm_50,raw,0.4334618118256389,0.7452391549867601,0.40276828892176836,1.2888585245496587,0,4059.473985156936,4064.8257983737008
BA(k=4),12,8,norm_50,cal,0.4334621423917013,0.7452396673815637,0.40276828892176836,1.2888585245496587,0,4059.473985156936,4064.8257983737008
BA(k=4),12,8,norm_fit,raw,0.43346458138329125,0.7452364788218999,0.40276828892176836,1.2888585245496587,0,4059.472620962807,4064.8292579308045
BA(k=4),12,8,norm_fit,cal,0.43346491254132785,0.7452380189342811,0.40276828892176836,1.2888585245496587,0,4059.472620962807,4064.8292579308045
BA(k=4),12,9,emp,raw,0.999375,0.999375,0.0,0.0,1,4095.9999999999995,4096.0
BA(k=4),12,9,emp,cal,0.9993749999999999,0.9993492440136157,0.0,0.0,1,4095.9999999999995,4096.0
BA(k=4),12,9,paper,raw,0.9810880307315917,0.9842037700387187,0.08055365778435364,0.0,0,1575.7259188418914,6751.11036950497
BA(k=4),12,9,paper,cal,0.985513132358627,0.9861169367067821,0.0805536577843537,0.04027682889217685,0,1575.7259188418914,6751.11036950497
BA(k=4),12,9,tri_init,raw,0.23923517677540032,0.21512090502993014,0.40276828892176836,0.0,0,7784.0,7784.000000000001
BA(k=4),12,9,tri_init,cal,0.23923517677540027,0.21512031682709634,0.40276828892176836,0.0,0,7784.0,7784.000000000001
BA(k=4),12,9,tri_25,raw,0.3010701211203188,0.28505236623557006,0.3222146311374147,1.0069207223044208,0,10790.619719936178,10834.767650715747
BA(k=4),12,9,tri_25,cal,0.301068956725262,0.28503956073293174,0.3222146311374147,1.0069207223044208,0,10790.619719936178,10834.767650715747
BA(k=4),12,9,tri_50,raw,0.30106790988550614,0.2850540240257531,0.3222146311374147,1.0069207223044208,0,10790.656440407396,10834.808878908154
BA(k=4),12,9,tri_50,cal,0.3010667402238983,0.2850463555218909,0.3222146311374147,1.0069207223044208,0,10790.656440407396,10834.808878908154
BA(k=4),12,9,tri_fit,raw,0.3010630408362417,0.28505191615608017,0.3222146311374147,1.0069207223044208,0,10790.79338101907,10834.93245264722
BA(k=4),12,9,tri_fit,cal,0.3010618852549184,0.28504513899857603,0.3222146311374147,1.0069207223044208,0,10790.79338101907,10834.93245264722
BA(k=4),12,9,norm_init,raw,-0.09732317819454145,-0.5030064798176428,0.40276828892176836,0.483321946706122,0,4096.000043757046,4096.000043757046
BA(k=4),12,9,norm_init,cal,-0.09732317819454146,-0.5030010875034537,0.40276828892176836,0.5235987755982989,0,4096.000043757046,4096.000043757046
BA(k=4),12,9,norm_25,raw,0.4340135700639217,0.7477716394248366,0.40276828892176836,1.2888585245496587,0,4065.107528853696,4069.1673574893757
BA(k=4),12,9,norm_25,cal,0.4340137905746064,0.7477717858249638,0.40276828892176836,1.2888585245496587,0,4065.107528853696,4069.1673574893757
BA(k=4),12,9,norm_50,raw,0.4339942740078782,0.747776514549072,0.40276828892176836,1.2888585245496587,0,4065.0450664184223,4069.120198346821
BA(k=4),12,9,norm_50,cal,0.4339944957631562,0.7477773929498351,0.40276828892176836,1.2888585245496587,0,4065.0450664184223,4069.120198346821
BA(k=4),12,9,norm_fit,raw,0.4339942645773105,0.747776514549072,0.40276828892176836,1.2888585245496587,0,4065.045084206001,4069.120192960245
BA(k=4),12,9,norm_fit,cal,0.43399448633017373,0.7477773753818199,0.40276828892176836,1.2888585245496587,0,4065.045084206001,4069.120192960245
BA(k=4),12,10,emp,raw,0.9993749999999999,0.999375,0.0,0.0,1,4095.9999999999995,4096.0
BA(k=4),12,10,emp,cal,0.9993749999999999,0.999375,0.0,0.0,1,4095.9999999999995,4096.0
BA(k=4),12,10,paper,raw,0.9761615682518213,0.9794361063422967,0.08055365778435364,0.0,0,1575.7259188418914,6751.11036950497
BA(k=4),12,10,paper,cal,0.9897917189345743,0.9897968238082081,0.0805536577843537,0.04027682889217682,0,1575.7259188418914,6751.11036950497
BA(k=4),12,10,tri_init,raw,0.23145554794918233,0.20654249586874338,0.483321946706122,0.04027682889217682,0,7784.0,7784.000000000001
BA(k=4),12,10,tri_init,cal,0.23145554794918227,0.20654002821462178,0.483321946706122,0.04027682889217682,0,7784.0,7784.000000000001
BA(k=4),12,10,tri_25,raw,0.3198105433207148,0.30543168502495066,0.24166097335306097,0.966643893412244,0,11535.341035594838,11574.386556764846
BA(k=4),12,10,tri_25,cal,0.31981478245984757,0.3054227832689447,0.24166097335306097,0.966643893412244,0,11535.341035594838,11574.386556764846
BA(k=4),12,10,tri_50,raw,0.3198105433207148,0.30543168502495066,0.24166097335306097,0.966643893412244,0,11535.341035594838,11574.386556764846
BA(k=4),12,10,tri_50,cal,0.31981478245984757,0.3054227832689447,0.24166097335306097,0.966643893412244,0,11535.341035594838,11574.386556764846
BA(k=4),12,10,tri_fit,raw,0.3198105433207148,0.30543168502495066,0.24166097335306097,0.966643893412244,0,11535.341035594838,11574.386556764846
BA(k=4),12,10,tri_fit,cal,0.31981478245984757,0.3054227832689447,0.24166097335306097,0.966643893412244,0,11535.341035594838,11574.386556764846
BA(k=4),12,10,norm_init,raw,-0.07491537298247118,-0.4813760371994265,0.40276828892176836,0.4430451178139452,0,4096.000043757046,4096.000043757046
BA(k=4),12,10,norm_init,cal,-0.07491537298247118,-0.4813740337712445,0.40276828892176836,0.48332194670612205,0,4096.000043757046,4096.000043757046
BA(k=4),12,10,norm_25,raw,0.42235774502628637,0.737849131247772,0.40276828892176836,1.248581695657482,0,4046.957552207648,4051.1303532319052
BA(k=4),12,10,norm_25,cal,0.4223578931695758,0.737849131247772,0.40276828892176836,1.248581695657482,0,4046.957552207648,4051.1303532319052
BA(k=4),12,10,norm_50,raw,0.4223682490774268,0.7378577219905034,0.40276828892176836,1.248581695657482,0,4046.946145723622,4051.1471670362894
BA(k=4),12,10,norm_50,cal,0.42236839921287483,0.7378577219905034,0.40276828892176836,1.248581695657482,0,4046.946145723622,4051.1471670362894
BA(k=4),12,10,norm_fit,raw,0.4223682490774268,0.7378577219905034,0.40276828892176836,1.248581695657482,0,4046.946145723622,4051.1471670362894
BA(k=4),12,10,norm_fit,cal,0.42236839921287483,0.7378577219905034,0.40276828892176836,1.248581695657482,0,4046.946145723622,4051.1471670362894
BA(k=4),14,1,emp,raw,0.999375,0.9993749999999998,0.0,0.0,1,16384.0,16384.0
BA(k=4),14,1,emp,cal,0.999375,0.9993749999999998,0.0,0.0,1,16384.0,16384.0
BA(k=4),14,1,paper,raw,0.7245106193251295,0.8721727972955204,0.24166097335306097,0.0805536577843537,0,170.6352533696074,153586.81531727876
BA(k=4),14,1,paper,cal,0.9825709887750491,0.9853379912029553,0.16110731556870736,0.0,0,170.6352533696074,153586.81531727876
BA(k=4),14,1,tri_init,raw,0.2419891500221635,0.23973047459675326,0.08055365778435364,0.04027682889217685,0,40984.0,40984.0
BA(k=4),14,1,tri_init,cal,0.24198915002216353,0.23973100033204697,0.08055365778435364,0.04027682889217685,0,40984.0,40984.0
BA(k=4),14,1,tri_25,raw,0.3008078221315924,0.3096806579163153,0.08055365778435364,1.0471975511965976,0,58324.956872782044,58404.2659453054
BA(k=4),14,1,tri_25,cal,0.30081832518748564,0.3096732493550605,0.08055365778435364,1.0471975511965976,0,58324.956872782044,58404.2659453054
BA(k=4),14,1,tri_50,raw,0.3009436867840236,0.30974649693867917,0.08055365778435364,1.0471975511965976,0,58345.68483938629,58425.626857620286
BA(k=4),14,1,tri_50,cal,0.300954120220652,0.309747955492737,0.08055365778435364,1.0471975511965976,0,58345.68483938629,58425.626857620286
BA(k=4),14,1,tri_fit,raw,0.3009436867837881,0.30974650668158316,0.08055365778435364,1.0471975511965976,0,58345.684839271446,58425.62685750625
BA(k=4),14,1,tri_fit,cal,0.30095412022041607,0.30974819886309385,0.08055365778435364,1.0471975511965976,0,58345.684839271446,58425.62685750625
BA(k=4),14,1,norm_init,raw,-0.0927485060547264,-0.5204249258642115,0.40276828892176836,0.5235987755982989,0,16384.00017532751,16384.00017532751
BA(k=4),14,1,norm_init,cal,-0.09274850605472641,-0.5204205800920749,0.40276828892176836,0.5235987755982989,0,16384.00017532751,16384.00017532751
BA(k=4),14,1,norm_25,raw,0.4105950558243228,0.7245518079422496,0.40276828892176836,0.28193780224523785,0,16175.44147564201,16241.932994889376
BA(k=4),14,1,norm_25,cal,0.4105969679480535,0.7245519856160714,0.40276828892176836,0.28193780224523785,0,16175.44147564201,16241.932994889376
BA(k=4),14,1,norm_50,raw,0.4089489153528479,0.7245332670025235,0.40276828892176836,1.2888585245496587,0,16209.291330112797,16237.980111193925
BA(k=4),14,1,norm_50,cal,0.4089493246470203,0.7245365502079893,0.40276828892176836,1.2888585245496587,0,16209.291330112797,16237.980111193925
BA(k=4),14,1,norm_fit,raw,0.40894685503687683,0.7245328843697061,0.40276828892176836,1.2888585245496587,0,16209.320106142935,16237.972602292273
BA(k=4),14,1,norm_fit,cal,0.4089472633476655,0.7245335759050309,0.40276828892176836,1.2888585245496587,0,16209.320106142935,16237.972602292273
BA(k=4),14,2,emp,raw,0.9993750000000002,0.9993750000000001,0.0,0.0,1,16383.999999999998,16384.0
BA(k=4),14,2,emp,cal,0.9993750000000003,0.9993750000000001,0.0,0.0,1,16383.999999999998,16384.0
BA(k=4),14,2,paper,raw,0.7154919043298639,0.8688527762622982,0.24166097335306097,0.0805536577843537,0,170.6352533696074,195823.18952953114
BA(k=4),14,2,paper,cal,0.9833165065501835,0.9856399609637233,0.16110731556870736,0.0,0,170.6352533696074,195823.18952953114
BA(k=4),14,2,tri_init,raw,0.23693803439677477,0.23269174747323076,0.08055365778435364,0.04027682889217685,0,40984.0,40984.0
BA(k=4),14,2,tri_init,cal,0.23693803439677472,0.2326910061901964,0.08055365778435364,0.04027682889217685,0,40984.0,40984.0
BA(k=4),14,2,tri_25,raw,0.2942177636980169,0.2999976539558792,0.0,1.0471975511965976,0,58685.32480101478,58810.68569348875
BA(k=4),14,2,tri_25,cal,0.29421405214210733,0.29999747924962,0.0,1.0471975511965976,0,58685.32480101478,58810.68569348875
BA(k=4),14,2,tri_50,raw,0.29421743773099085,0.2999990723808579,0.0,1.0471975511965976,0,58685.2921516443,58810.6480091975
BA(k=4),14,2,tri_50,cal,0.2942137264125207,0.2999975203563442,0.0,1.0471975511965976,0,58685.2921516443,58810.6480091975
BA(k=4),14,2,tri_fit,raw,0.29421779094558786,0.2999981692943079,0.0,1.0471975511965976,0,58685.540548699355,58810.903368458225
BA(k=4),14,2,tri_fit,cal,0.2942140788732811,0.29999391231255634,0.0,1.0471975511965976,0,58685.540548699355,58810.903368458225
BA(k=4),14,2,norm_init,raw,-0.08622248953792859,-0.5153422129262929,0.40276828892176836,0.5235987755982989,0,16384.00017532751,16384.00017532751
BA(k=4),14,2,norm_init,cal,-0.08622248953792865,-0.5153365805899065,0.40276828892176836,0.5235987755982989,0,16384.00017532751,16384.00017532751
BA(k=4),14,2,norm_25,raw,0.42677189413156835,0.7338202525992528,0.40276828892176836,0.28193780224523785,0,15941.57898802279,16286.551080526375
BA(k=4),14,2,norm_25,cal,0.4268007162439701,0.7338163641702672,0.40276828892176836,0.28193780224523785,0,15941.57898802279,16286.551080526375
BA(k=4),14,2,norm_50,raw,0.41387163489714385,0.7319780850151242,0.40276828892176836,1.2888585245496587,0,16243.487492648503,16264.280558249857
BA(k=4),14,2,norm_50,cal,0.41387189234594696,0.7319785505725106,0.40276828892176836,1.2888585245496587,0,16243.487492648503,16264.280558249857
BA(k=4),14,2,norm_fit,raw,0.4138627942529507,0.731974955874812,0.40276828892176836,1.2888585245496587,0,16243.597211757307,16264.25649124097
BA(k=4),14,2,norm_fit,cal,0.41386304855475387,0.7319782411288195,0.40276828892176836,1.2888585245496587,0,16243.597211757307,16264.25649124097
BA(k=4),14,3,emp,raw,0.9993750000000001,0.9993750000000001,0.0,0.0,1,16384.0,16384.0
BA(k=4),14,3,emp,cal,0.9993750000000001,0.9993750000000001,0.0,0.0,1,16384.0,16384.0
BA(k=4),14,3,paper,raw,0.743020806596158,0.8738404932615583,0.24166097335306097,0.0805536577843537,0,170.6352533696074,195823.18952953114
BA(k=4),14,3,paper,cal,0.9807352039352606,0.983776018821306,0.16110731556870736,0.0,0,170.6352533696074,195823.18952953114
BA(k=4),14,3,tri_init,raw,0.238665140077263,0.23702210194156165,0.0,0.04027682889217685,0,40984.0,40984.0
BA(k=4),14,3,tri_init,cal,0.23866514007726297,0.237021156109087,0.0,0.04027682889217685,0,40984.0,40984.0
BA(k=4),14,3,tri_25,raw,0.29450106481697613,0.30106645448748115,0.08055365778435364,1.0471975511965976,0,58336.10420750159,58455.66565244558
BA(k=4),14,3,tri_25,cal,0.2944956963970082,0.30106432131273425,0.08055365778435364,1.0471975511965976,0,58336.10420750159,58455.66565244558
BA(k=4),14,3,tri_50,raw,0.2945010654975796,0.3010686705115465,0.08055365778435364,1.0471975511965976,0,58336.26371611226,58455.82580348268
BA(k=4),14,3,tri_50,cal,0.2944956976055027,0.30106587459964546,0.08055365778435364,1.0471975511965976,0,58336.26371611226,58455.82580348268
BA(k=4),14,3,tri_fit,raw,0.29450029461083094,0.3010686702910334,0.08055365778435364,1.0471975511965976,0,58336.46873156077,58456.03169050731
BA(k=4),14,3,tri_fit,cal,0.294494926265365,0.3010657416746576,0.08055365778435364,1.0471975511965976,0,58336.46873156077,58456.03169050731
BA(k=4),14,3,norm_init,raw,-0.09260979905203826,-0.5207235429751118,0.40276828892176836,0.5235987755982989,0,16384.00017532751,16384.00017532751
BA(k=4),14,3,norm_init,cal,-0.09260979905203828,-0.5207182469978344,0.40276828892176836,0.5235987755982989,0,16384.00017532751,16384.00017532751
BA(k=4),14,3,norm_25,raw,0.3978564819814746,0.7346263100371688,0.40276828892176836,0.28193780224523785,0,16097.128779918248,16335.796016106593
BA(k=4),14,3,norm_25,cal,0.39792346545086565,0.7346520064047051,0.40276828892176836,0.28193780224523785,0,16097.128779918248,16335.796016106593
BA(k=4),14,3,norm_50,raw,0.4170101249266963,0.7355615207954326,0.40276828892176836,1.2888585245496587,0,16269.553354970312,16274.759424336988
BA(k=4),14,3,norm_50,cal,0.4170101444148495,0.7355661362917377,0.40276828892176836,1.2888585245496587,0,16269.553354970312,16274.759424336988
BA(k=4),14,3,norm_fit,raw,0.4175070650083234,0.7346731426702483,0.40276828892176836,1.2888585245496587,0,16252.543242213373,16272.95862958284
BA(k=4),14,3,norm_fit,cal,0.4175073319769957,0.7346612739115579,0.40276828892176836,1.2888585245496587,0,16252.543242213373,16272.95862958284
BA(k=4),14,4,emp,raw,0.999375,0.9993750000000002,0.0,0.0,1,16383.999999999998,16384.0
BA(k=4),14,4,emp,cal,0.999375,0.9993652732711555,0.0,0.0,1,16383.999999999998,16384.0
BA(k=4),14,4,paper,raw,0.7457911594594828,0.8771239193362159,0.24166097335306097,0.0805536577843537,0,170.6352533696074,153586.81531727876
BA(k=4),14,4,paper,cal,0.981845857713849,0.9846065639549589,0.16110731556870736,0.0,0,170.6352533696074,153586.81531727876
BA(k=4),14,4,tri_init,raw,0.23594385008560323,0.2358884184925729,0.08055365778435364,0.04027682889217685,0,40984.0,40984.0
BA(k=4),14,4,tri_init,cal,0.23594385008560315,0.23588888900782606,0.08055365778435364,0.04027682889217685,0,40984.0,40984.0
BA(k=4),14,4,tri_25,raw,0.29056065940583753,0.3006810087530484,0.08055365778435364,1.0471975511965976,0,58998.04718759922,59046.54996524595
BA(k=4),14,4,tri_25,cal,0.2905601026119221,0.30067941216637256,0.08055365778435364,1.0471975511965976,0,58998.04718759922,59046.54996524595
BA(k=4),14,4,tri_50,raw,0.2905607165913135,0.300681006848567,0.08055365778435364,1.0471975511965976,0,58998.12059483545,59046.626777482736
BA(k=4),14,4,tri_50,cal,0.2905601595272443,0.3006789470342671,0.08055365778435364,1.0471975511965976,0,58998.12059483545,59046.626777482736
BA(k=4),14,4,tri_fit,raw,0.29056063406842625,0.30068115273908114,0.08055365778435364,1.0471975511965976,0,58998.14628624283,59046.6520831939
BA(k=4),14,4,tri_fit,cal,0.29056007697620695,0.30068035220771633,0.08055365778435364,1.0471975511965976,0,58998.14628624283,59046.6520831939
BA(k=4),14,4,norm_init,raw,-0.0887886947840807,-0.517877510702833,0.40276828892176836,0.5235987755982989,0,16384.00017532751,16384.00017532751
BA(k=4),14,4,norm_init,cal,-0.08878869478408077,-0.5178716788702894,0.40276828892176836,0.5235987755982989,0,16384.00017532751,16384.00017532751
BA(k=4),14,4,norm_25,raw,0.417440885652998,0.734496439481555,0.40276828892176836,0.28193780224523785,0,16247.025190942739,16272.828883477368
BA(k=4),14,4,norm_25,cal,0.4174413017104946,0.7344968365722978,0.40276828892176836,0.28193780224523785,0,16247.025190942739,16272.828883477368
BA(k=4),14,4,norm_50,raw,0.41744402193241514,0.7344935346466526,0.40276828892176836,0.28193780224523785,0,16246.99879477584,16272.839201552664
BA(k=4),14,4,norm_50,cal,0.41744443911414086,0.734495407354207,0.40276828892176836,0.28193780224523785,0,16246.99879477584,16272.839201552664
BA(k=4),14,4,norm_fit,raw,0.41744402193241514,0.7344935346466526,0.40276828892176836,0.28193780224523785,0,16246.99879477584,16272.839201552664
BA(k=4),14,4,norm_fit,cal,0.41744443911414086,0.734495407354207,0.40276828892176836,0.28193780224523785,0,16246.99879477584,16272.839201552664
BA(k=4),14,5,emp,raw,0.999375,0.999375,0.0,0.0,1,16383.999999999996,16384.0
BA(k=4),14,5,emp,cal,0.999375,0.9993534044028483,0.0,0.0,1,16383.999999999996,16384.0
BA(k=4),14,5,paper,raw,0.7623184982859502,0.8843858506858199,0.24166097335306097,0.0805536577843537,0,170.6352533696074,153586.81531727876
BA(k=4),14,5,paper,cal,0.9808002777858327,0.9833461572738692,0.16110731556870736,0.0,0,170.6352533696074,153586.81531727876
BA(k=4),14,5,tri_init,raw,0.24127407264401088,0.23726748633037328,0.0,0.04027682889217685,0,40984.0,40984.0
BA(k=4),14,5,tri_init,cal,0.24127407264401093,0.23726732908704892,0.0,0.04027682889217685,0,40984.0,40984.0
BA(k=4),14,5,tri_25,raw,0.2940463288642165,0.30220194416072677,0.08055365778435364,1.0471975511965976,0,58204.3145919057,58236.03359543456
BA(k=4),14,5,tri_25,cal,0.2940478473805619,0.3022008657095617,0.08055365778435364,1.0471975511965976,0,58204.3145919057,58236.03359543456
BA(k=4),14,5,tri_50,raw,0.2940485157799698,0.3022046507083804,0.08055365778435364,1.0471975511965976,0,58205.784236371044,58237.52688685562
BA(k=4),14,5,tri_50,cal,0.29405003061490353,0.30220113032595525,0.08055365778435364,1.0471975511965976,0,58205.784236371044,58237.52688685562
BA(k=4),14,5,tri_fit,raw,0.2940430627847269,0.30219674326431195,0.08055365778435364,1.0471975511965976,0,58207.73555291114,58239.476286712874
BA(k=4),14,5,tri_fit,cal,0.29404455952044223,0.3021972887455224,0.08055365778435364,1.0471975511965976,0,58207.73555291114,58239.476286712874
BA(k=4),14,5,norm_init,raw,-0.08888661732527603,-0.5177660558412918,0.40276828892176836,0.5235987755982989,0,16384.00017532751,16384.00017532751
BA(k=4),14,5,norm_init,cal,-0.08888661732527607,-0.5177605090600673,0.40276828892176836,0.5235987755982989,0,16384.00017532751,16384.00017532751
BA(k=4),14,5,norm_25,raw,0.414937282820798,0.7328888454632188,0.40276828892176836,0.28193780224523785,0,16210.06412046139,16263.130788550025
BA(k=4),14,5,norm_25,cal,0.41493868767153186,0.7328890132883835,0.40276828892176836,0.28193780224523785,0,16210.06412046139,16263.130788550025
BA(k=4),14,5,norm_50,raw,0.4140905784155239,0.7333395082861733,0.40276828892176836,0.28193780224523785,0,16234.612509864783,16263.544645855654
BA(k=4),14,5,norm_50,cal,0.41409104923071544,0.7333388174650682,0.40276828892176836,1.2888585245496587,0,16234.612509864783,16263.544645855654
BA(k=4),14,5,norm_fit,raw,0.41396427635704275,0.7332901993160998,0.40276828892176836,1.2888585245496587,0,16235.591733933421,16263.052946671985
BA(k=4),14,5,norm_fit,cal,0.4139647025921677,0.7332899562892867,0.40276828892176836,1.2888585245496587,0,16235.591733933421,16263.052946671985
BA(k=4),14,6,emp,raw,0.999375,0.9993749999999998,0.0,0.0,1,16383.999999999996,16384.0
BA(k=4),14,6,emp,cal,0.999375,0.9993704408173468,0.0,0.0,1,16383.999999999996,16384.0
BA(k=4),14,6,paper,raw,0.5891650174910554,0.8324888171948092,0.3222146311374147,0.12083048667653051,0,170.6352533696074,249674.5666501512
BA(k=4),14,6,paper,cal,0.9911348244865984,0.9926121772571562,0.0805536577843537,0.0,0,170.6352533696074,249674.5666501512
BA(k=4),14,6,tri_init,raw,0.2269778746155644,0.22917459490189,0.08055365778435364,0.04027682889217685,0,40984.0,40984.0
BA(k=4),14,6,tri_init,cal,0.22697787461556446,0.22917382594674654,0.08055365778435364,0.04027682889217685,0,40984.0,40984.0
BA(k=4),14,6,tri_25,raw,0.3004101035265427,0.3078505543953762,0.0805536577843537,1.0471975511965976,0,59380.02302502466,59567.021459778865
BA(k=4),14,6,tri_25,cal,0.3003937973874151,0.30785476495060254,0.0805536577843537,1.0471975511965976,0,59380.02302502466,59567.021459778865
BA(k=4),14,6,tri_50,raw,0.30040614165735674,0.30785301542007326,0.0805536577843537,1.0471975511965976,0,59379.95737222467,59566.96471923446
BA(k=4),14,6,tri_50,cal,0.3003898371561717,0.3078432282026029,0.0805536577843537,1.0471975511965976,0,59379.95737222467,59566.96471923446
BA(k=4),14,6,tri_fit,raw,0.3004104360608845,0.30785055563391955,0.0805536577843537,1.0471975511965976,0,59380.855377730404,59567.845333822246
BA(k=4),14,6,tri_fit,cal,0.3003941305004443,0.3078524830916797,0.0805536577843537,1.0471975511965976,0,59380.855377730404,59567.845333822246
BA(k=4),14,6,norm_init,raw,-0.07427362922529585,-0.5009836961265896,0.40276828892176836,0.5235987755982989,0,16384.00017532751,16384.00017532751
BA(k=4),14,6,norm_init,cal,-0.0742736292252959,-0.5009764225555965,0.40276828892176836,0.5235987755982989,0,16384.00017532751,16384.00017532751
BA(k=4),14,6,norm_25,raw,0.408044441633563,0.7283688941925753,0.40276828892176836,1.2888585245496587,0,16229.840998464779,16243.817019237937
BA(k=4),14,6,norm_25,cal,0.40804455148091673,0.7283705759434852,0.40276828892176836,1.2888585245496587,0,16229.840998464779,16243.817019237937
BA(k=4),14,6,norm_50,raw,0.40819133448052763,0.7284084054392457,0.40276828892176836,1.2888585245496587,0,16228.760345624654,16244.528826451087
BA(k=4),14,6,norm_50,cal,0.40819147364637787,0.7284106009213704,0.40276828892176836,1.2888585245496587,0,16228.760345624654,16244.528826451087
BA(k=4),14,6,norm_fit,raw,0.4081918022646278,0.7284101148699116,0.40276828892176836,1.2888585245496587,0,16228.755351562388,16244.530728481666
BA(k=4),14,6,norm_fit,cal,0.40819194154900895,0.7284086241103007,0.40276828892176836,1.2888585245496587,0,16228.755351562388,16244.530728481666
BA(k=4),14,7,emp,raw,0.999375,0.9993750000000001,0.0,0.0,1,16383.999999999998,16384.0
BA(k=4),14,7,emp,cal,0.999375,0.9993750000000001,0.0,0.0,1,16383.999999999998,16384.0
BA(k=4),14,7,paper,raw,0.7575837552287414,0.8803706463695588,0.24166097335306097,0.0805536577843537,0,170.6352533696074,153586.81531727876
BA(k=4),14,7,paper,cal,0.979504872003682,0.9830513820213111,0.16110731556870736,0.04027682889217685,0,170.6352533696074,153586.81531727876
BA(k=4),14,7,tri_init,raw,0.2423781552453426,0.2397164253004189,0.0,0.04027682889217685,0,40984.0,40984.0
BA(k=4),14,7,tri_init,cal,0.24237815524534254,0.23971532183147903,0.0,0.04027682889217685,0,40984.0,40984.0
BA(k=4),14,7,tri_25,raw,0.2911923646967968,0.3004871971850335,0.16110731556870733,1.0471975511965976,0,57100.21126543973,57166.383283722804
BA(k=4),14,7,tri_25,cal,0.2911852319302874,0.3004781772759745,0.16110731556870733,1.0471975511965976,0,57100.21126543973,57166.383283722804
BA(k=4),14,7,tri_50,raw,0.2911919996649186,0.3004868934713585,0.16110731556870733,1.0471975511965976,0,57100.146982900784,57166.325065938654
BA(k=4),14,7,tri_50,cal,0.2911848658434192,0.30047342665035376,0.16110731556870733,1.0471975511965976,0,57100.146982900784,57166.325065938654
BA(k=4),14,7,tri_fit,raw,0.29119255547692335,0.3004868951554716,0.16110731556870733,1.0471975511965976,0,57100.2711216747,57166.43952672564
BA(k=4),14,7,tri_fit,cal,0.2911854233209825,0.300477885391232,0.16110731556870733,1.0471975511965976,0,57100.2711216747,57166.43952672564
BA(k=4),14,7,norm_init,raw,-0.09470184114392494,-0.5237306486936569,0.40276828892176836,0.5235987755982989,0,16384.00017532751,16384.00017532751
BA(k=4),14,7,norm_init,cal,-0.09470184114392495,-0.5237256280345921,0.40276828892176836,0.5235987755982989,0,16384.00017532751,16384.00017532751
BA(k=4),14,7,norm_25,raw,0.41881396320889425,0.7366774110299774,0.40276828892176836,0.28193780224523785,0,16257.965267912137,16282.432084348698
BA(k=4),14,7,norm_25,cal,0.4188143647314548,0.7366829856090052,0.40276828892176836,0.28193780224523785,0,16257.965267912137,16282.432084348698
BA(k=4),14,7,norm_50,raw,0.4188663771754944,0.7367461523261153,0.40276828892176836,0.28193780224523785,0,16257.957515239179,16282.687245336663
BA(k=4),14,7,norm_50,cal,0.41886678745323225,0.7367463250797239,0.40276828892176836,0.28193780224523785,0,16257.957515239179,16282.687245336663
BA(k=4),14,7,norm_fit,raw,0.4188663771754944,0.7367461523261153,0.40276828892176836,0.28193780224523785,0,16257.957515239179,16282.687245336663
BA(k=4),14,7,norm_fit,cal,0.41886678745323225,0.7367463250797239,0.40276828892176836,0.28193780224523785,0,16257.957515239179,16282.687245336663
BA(k=4),14,8,emp,raw,0.999375,0.999375,0.0,0.0,1,16383.999999999998,16384.0
BA(k=4),14,8,emp,cal,0.999375,0.999375,0.0,0.0,1,16383.999999999998,16384.0
BA(k=4),14,8,paper,raw,0.7935574797549283,0.8931390924709354,0.16110731556870733,0.0805536577843537,0,170.6352533696074,153586.81531727876
BA(k=4),14,8,paper,cal,0.9780197914975965,0.9816463063915043,0.16110731556870736,0.04027682889217685,0,170.6352533696074,153586.81531727876
BA(k=4),14,8,tri_init,raw,0.24323522996025917,0.23988843107193492,0.0,0.04027682889217685,0,40984.0,40984.0
BA(k=4),14,8,tri_init,cal,0.24323522996025906,0.23988729899204536,0.0,0.04027682889217685,0,40984.0,40984.0
BA(k=4),14,8,tri_25,raw,0.299261679808172,0.30777502189610806,0.08055365778435364,1.0471975511965976,0,60183.954719601206,60256.12035206984
BA(k=4),14,8,tri_25,cal,0.2992723701110512,0.30777887103625323,0.08055365778435364,1.0471975511965976,0,60183.954719601206,60256.12035206984
BA(k=4),14,8,tri_50,raw,0.29926164899036845,0.3077762255483963,0.08055365778435364,1.0471975511965976,0,60183.98482925423,60256.140067271015
BA(k=4),14,8,tri_50,cal,0.2992723393424181,0.3077823404757011,0.08055365778435364,1.0471975511965976,0,60183.98482925423,60256.140067271015
BA(k=4),14,8,tri_fit,raw,0.29926208153309053,0.307775317403318,0.08055365778435364,1.0471975511965976,0,60184.29812297801,60256.47125977796
BA(k=4),14,8,tri_fit,cal,0.299272772281935,0.3077808012585971,0.08055365778435364,1.0471975511965976,0,60184.29812297801,60256.47125977796
BA(k=4),14,8,norm_init,raw,-0.09563225879788828,-0.5248293945242029,0.40276828892176836,0.5235987755982989,0,16384.00017532751,16384.00017532751
BA(k=4),14,8,norm_init,cal,-0.09563225879788835,-0.5248235022663251,0.40276828892176836,0.5235987755982989,0,16384.00017532751,16384.00017532751
BA(k=4),14,8,norm_25,raw,0.4124398467124518,0.7291362618196034,0.40276828892176836,0.28193780224523785,0,16223.540458939233,16240.593381320134
BA(k=4),14,8,norm_25,cal,0.41244000077837273,0.7291398809915305,0.40276828892176836,0.28193780224523785,0,16223.540458939233,16240.593381320134
BA(k=4),14,8,norm_50,raw,0.41414767764243937,0.7305089989284007,0.40276828892176836,0.28193780224523785,0,16222.165315071843,16251.019148780199
BA(k=4),14,8,norm_50,cal,0.41414811938834284,0.7305090457767349,0.40276828892176836,0.28193780224523785,0,16222.165315071843,16251.019148780199
BA(k=4),14,8,norm_fit,raw,0.4143056155378573,0.7307173803189563,0.40276828892176836,0.28193780224523785,0,16223.424875847497,16252.249425000155
BA(k=4),14,8,norm_fit,cal,0.41430605966102385,0.7307171305083637,0.40276828892176836,0.28193780224523785,0,16223.424875847497,16252.249425000155
BA(k=4),14,9,emp,raw,0.9993749999999999,0.999375,0.0,0.0,1,16384.0,16384.0
BA(k=4),14,9,emp,cal,0.9993749999999999,0.999375,0.0,0.0,1,16384.0,16384.0
BA(k=4),14,9,paper,raw,0.694657824123275,0.8571125269585594,0.24166097335306097,0.0805536577843537,0,170.6352533696074,249674.5666501512
BA(k=4),14,9,paper,cal,0.9822445802489476,0.9857030342574261,0.16110731556870736,0.0,0,170.6352533696074,249674.5666501512
BA(k=4),14,9,tri_init,raw,0.2318044756781873,0.23535737060053075,0.0,0.04027682889217685,0,40984.0,40984.0
BA(k=4),14,9,tri_init,cal,0.2318044756781873,0.2353574342568609,0.0,0.04027682889217685,0,40984.0,40984.0
BA(k=4),14,9,tri_25,raw,0.2877709066290263,0.29447768107693284,0.0,1.0471975511965976,0,54953.28023787512,55075.75905841246
BA(k=4),14,9,tri_25,cal,0.28776873415839,0.29447380408022394,0.0,1.0471975511965976,0,54953.28023787512,55075.75905841246
BA(k=4),14,9,tri_50,raw,0.28776833915905703,0.29447583391121135,0.0,1.0471975511965976,0,54953.10782601271,55075.59890378934
BA(k=4),14,9,tri_50,cal,0.28776616496413826,0.2944696342138271,0.0,1.0471975511965976,0,54953.10782601271,55075.59890378934
BA(k=4),14,9,tri_fit,raw,0.28776923485796074,0.2944750224110725,0.0,1.0471975511965976,0,54953.37146210802,55075.855551123896
BA(k=4),14,9,tri_fit,cal,0.28776706120379586,0.29446950299650426,0.0,1.0471975511965976,0,54953.37146210802,55075.855551123896
BA(k=4),14,9,norm_init,raw,-0.08979439171553724,-0.5195552129201746,0.40276828892176836,0.5235987755982989,0,16384.00017532751,16384.00017532751
BA(k=4),14,9,norm_init,cal,-0.08979439171553726,-0.5195511206302821,0.40276828892176836,0.5235987755982989,0,16384.00017532751,16384.00017532751
BA(k=4),14,9,norm_25,raw,0.422704626229604,0.738115336476793,0.40276828892176836,0.28193780224523785,0,16275.800407416104,16292.916325321894
BA(k=4),14,9,norm_25,cal,0.42270485568272964,0.7381216225549082,0.40276828892176836,0.28193780224523785,0,16275.800407416104,16292.916325321894
BA(k=4),14,9,norm_50,raw,0.4226177480613842,0.7381178503741349,0.40276828892176836,0.28193780224523785,0,16276.657349071422,16292.756237421741
BA(k=4),14,9,norm_50,cal,0.422617952361568,0.7381237538049024,0.40276828892176836,0.28193780224523785,0,16276.657349071422,16292.756237421741
BA(k=4),14,9,norm_fit,raw,0.4226169941266196,0.7381185677392572,0.40276828892176836,0.28193780224523785,0,16276.6627683665,16292.754301830355
BA(k=4),14,9,norm_fit,cal,0.42261719824847116,0.7381200644985564,0.40276828892176836,0.28193780224523785,0,16276.6627683665,16292.754301830355
BA(k=4),14,10,emp,raw,0.9993749999999999,0.9993749999999999,0.0,0.0,1,16383.999999999998,16384.0
BA(k=4),14,10,emp,cal,0.9993749999999999,0.9993726010925423,0.0,0.0,1,16383.999999999998,16384.0
BA(k=4),14,10,paper,raw,0.6282349116067626,0.8421431033674067,0.3222146311374147,0.0805536577843537,0,170.6352533696074,249674.5666501512
BA(k=4),14,10,paper,cal,0.986470571211301,0.9892008106908994,0.0805536577843537,0.04027682889217685,0,170.6352533696074,249674.5666501512
BA(k=4),14,10,tri_init,raw,0.23401983974010077,0.23480854647382887,0.08055365778435364,0.04027682889217685,0,40984.0,40984.0
BA(k=4),14,10,tri_init,cal,0.23401983974010082,0.2348078604890836,0.08055365778435364,0.04027682889217685,0,40984.0,40984.0
BA(k=4),14,10,tri_25,raw,0.2892708227512646,0.295115060147594,0.0805536577843537,1.0471975511965976,0,57613.83912028401,57754.57894448619
BA(k=4),14,10,tri_25,cal,0.28926618207185545,0.2951170126997096,0.0805536577843537,1.0471975511965976,0,57613.83912028401,57754.57894448619
BA(k=4),14,10,tri_50,raw,0.28927050422239076,0.29511505868357313,0.0805536577843537,1.0471975511965976,0,57613.81648376296,57754.56687660873
BA(k=4),14,10,tri_50,cal,0.28926586300551554,0.2951185377950918,0.0805536577843537,1.0471975511965976,0,57613.81648376296,57754.56687660873
BA(k=4),14,10,tri_fit,raw,0.2892695572123658,0.2951124080738782,0.0805536577843537,1.0471975511965976,0,57613.83129835884,57754.59373532685
BA(k=4),14,10,tri_fit,cal,0.2892649149121609,0.2951169034708746,0.0805536577843537,1.0471975511965976,0,57613.83129835884,57754.59373532685
BA(k=4),14,10,norm_init,raw,-0.09037693020421068,-0.5196995066775308,0.40276828892176836,0.5235987755982989,0,16384.00017532751,16384.00017532751
BA(k=4),14,10,norm_init,cal,-0.09037693020421073,-0.5196923667721615,0.40276828892176836,0.5235987755982989,0,16384.00017532751,16384.00017532751
BA(k=4),14,10,norm_25,raw,0.4149433297967201,0.7278986185242187,0.40276828892176836,1.2888585245496587,0,16251.647190593949,16279.951333127045
BA(k=4),14,10,norm_25,cal,0.41494385183418975,0.7278970280791573,0.40276828892176836,1.2888585245496587,0,16251.647190593949,16279.951333127045
BA(k=4),14,10,norm_50,raw,0.41525779758908554,0.7295132531489218,0.40276828892176836,1.2888585245496587,0,16270.563572919156,16286.319094173065
BA(k=4),14,10,norm_50,cal,0.41525798242970213,0.7295167078107829,0.40276828892176836,1.2888585245496587,0,16270.563572919156,16286.319094173065
BA(k=4),14,10,norm_fit,raw,0.4152577961175298,0.7295072649636511,0.40276828892176836,1.2888585245496587,0,16270.563576274886,16286.319087848784
BA(k=4),14,10,norm_fit,cal,0.41525798095792144,0.7295084235277394,0.40276828892176836,1.2888585245496587,0,16270.563576274886,16286.319087848784
WS(k=4;b=0.1),12,1,emp,raw,0.9993749999999998,0.999375,0.0,0.0,1,4096.0,4096.0
WS(k=4;b=0.1),12,1,emp,cal,0.9993749999999998,0.999375,0.0,0.0,1,4096.0,4096.0
WS(k=4;b=0.1),12,1,paper,raw,0.6009307894818027,0.7760018753949629,0.32221463113741466,0.0805536577843537,0,12.551959679065456,297437.9723573488
WS(k=4;b=0.1),12,1,paper,cal,0.9892718185752373,0.9866938120220367,0.16110731556870733,0.04027682889217682,0,12.551959679065456,297437.9723573488
WS(k=4;b=0.1),12,1,tri_init,raw,0.283462381606311,0.2476277040356682,0.1611073155687074,0.04027682889217682,0,7783.999999999999,7784.000000000001
WS(k=4;b=0.1),12,1,tri_init,cal,0.28346238160631076,0.24762213501313088,0.1611073155687074,0.04027682889217682,0,7783.999999999999,7784.000000000001
WS(k=4;b=0.1),12,1,tri_25,raw,0.33767517596448937,0.31005790442345776,0.40276828892176836,0.966643893412244,0,10340.69992292766,10361.512953685013
WS(k=4;b=0.1),12,1,tri_25,cal,0.33767204387168176,0.310040095082326,0.40276828892176836,0.966643893412244,0,10340.69992292766,10361.512953685013
WS(k=4;b=0.1),12,1,tri_50,raw,0.3376777599125293,0.3100650930814575,0.40276828892176836,0.966643893412244,0,10340.956860223745,10361.774332682016
WS(k=4;b=0.1),12,1,tri_50,cal,0.3376746189389965,0.31005147827841695,0.40276828892176836,0.966643893412244,0,10340.956860223745,10361.774332682016
WS(k=4;b=0.1),12,1,tri_fit,raw,0.33767540079189945,0.31005755840780536,0.40276828892176836,0.966643893412244,0,10340.97136491095,10361.785794419246
WS(k=4;b=0.1),12,1,tri_fit,cal,0.3376722670583268,0.3100470552655299,0.40276828892176836,0.966643893412244,0,10340.97136491095,10361.785794419246
WS(k=4;b=0.1),12,1,norm_init,raw,-0.043988622144378486,-0.42896151389368276,0.5638756044904757,0.4430451178139452,0,4096.000043757046,4096.000043757046
WS(k=4;b=0.1),12,1,norm_init,cal,-0.043988622144378514,-0.4289874530139569,0.5638756044904757,0.48332194670612205,0,4096.000043757046,4096.000043757046
WS(k=4;b=0.1),12,1,norm_25,raw,0.3854416421082135,0.7511247703525166,0.5638756044904757,0.32221463113741466,0,4051.175096733781,4064.1803432818137
WS(k=4;b=0.1),12,1,norm_25,cal,0.385443286614101,0.7511252183378558,0.5638756044904757,0.32221463113741466,0,4051.175096733781,4064.1803432818137
WS(k=4;b=0.1),12,1,norm_50,raw,0.3854486985737981,0.7511252183378558,0.5638756044904757,0.32221463113741466,0,4051.179454191745,4064.163586285389
WS(k=4;b=0.1),12,1,norm_50,cal,0.3854503371742988,0.7511252183378558,0.5638756044904757,0.32221463113741466,0,4051.179454191745,4064.163586285389
WS(k=4;b=0.1),12,1,norm_fit,raw,0.3854486985737981,0.7511252183378558,0.5638756044904757,0.32221463113741466,0,4051.179454191745,4064.163586285389
WS(k=4;b=0.1),12,1,norm_fit,cal,0.3854503371742988,0.7511252183378558,0.5638756044904757,0.32221463113741466,0,4051.179454191745,4064.163586285389
WS(k=4;b=0.1),12,2,emp,raw,0.9993749999999998,0.9993749999999998,0.0,0.0,1,4096.0,4096.0
WS(k=4;b=0.1),12,2,emp,cal,0.9993749999999998,0.9993749999999998,0.0,0.0,1,4096.0,4096.0
WS(k=4;b=0.1),12,2,paper,raw,0.6029711432500506,0.7761772370003314,0.32221463113741466,0.040276828892176875,0,12.551959679065456,297437.9723573488
WS(k=4;b=0.1),12,2,paper,cal,0.9899565544692117,0.9885014150246754,0.16110731556870733,0.04027682889217682,0,12.551959679065456,297437.9723573488
WS(k=4;b=0.1),12,2,tri_init,raw,0.2815528453835835,0.24736391487787107,0.08055365778435364,0.04027682889217682,0,7783.999999999999,7784.000000000001
WS(k=4;b=0.1),12,2,tri_init,cal,0.2815528453835834,0.2473605369367027,0.08055365778435364,0.04027682889217682,0,7783.999999999999,7784.000000000001
WS(k=4;b=0.1),12,2,tri_25,raw,0.3150391666920661,0.2869164577464485,0.24166097335306103,0.966643893412244,0,9712.97239433349,9750.257043413756
WS(k=4;b=0.1),12,2,tri_25,cal,0.3150060910089993,0.28690995067309905,0.24166097335306103,0.966643893412244,0,9712.97239433349,9750.257043413756
WS(k=4;b=0.1),12,2,tri_50,raw,0.31472665669228345,0.2866314432519915,0.24166097335306103,0.966643893412244,0,9702.126976727992,9740.132403626369
WS(k=4;b=0.1),12,2,tri_50,cal,0.3146931305918673,0.28663332251370194,0.24166097335306103,0.966643893412244,0,9702.126976727992,9740.132403626369
WS(k=4;b=0.1),12,2,tri_fit,raw,0.3147253823395205,0.28662790011336664,0.24166097335306103,0.966643893412244,0,9702.603942984362,9740.615733039045
WS(k=4;b=0.1),12,2,tri_fit,cal,0.31469185934806126,0.28665720342514395,0.24166097335306103,0.966643893412244,0,9702.603942984362,9740.615733039045
WS(k=4;b=0.1),12,2,norm_init,raw,-0.051974999058000314,-0.4392434810301787,0.5638756044904757,0.4430451178139452,0,4096.000043757046,4096.000043757046
WS(k=4;b=0.1),12,2,norm_init,cal,-0.051974999058000355,-0.4392685854769946,0.5638756044904757,0.48332194670612205,0,4096.000043757046,4096.000043757046
WS(k=4;b=0.1),12,2,norm_25,raw,0.3957932025191276,0.7557621787490154,0.5638756044904757,0.32221463113741466,0,4066.044345914936,4074.2980948024087
WS(k=4;b=0.1),12,2,norm_25,cal,0.39579418698053376,0.7557612476459634,0.5638756044904757,0.32221463113741466,0,4066.044345914936,4074.2980948024087
WS(k=4;b=0.1),12,2,norm_50,raw,0.3957933611668597,0.755763022012157,0.5638756044904757,0.32221463113741466,0,4066.0443499691355,4074.2977676848927
WS(k=4;b=0.1),12,2,norm_50,cal,0.39579434553959436,0.7557621787490154,0.5638756044904757,0.32221463113741466,0,4066.0443499691355,4074.2977676848927
WS(k=4;b=0.1),12,2,norm_fit,raw,0.3957933611668597,0.755763022012157,0.5638756044904757,0.32221463113741466,0,4066.0443499691355,4074.2977676848927
WS(k=4;b=0.1),12,2,norm_fit,cal,0.39579434553959436,0.7557621787490154,0.5638756044904757,0.32221463113741466,0,4066.0443499691355,4074.2977676848927
WS(k=4;b=0.1),12,3,emp,raw,0.9993749999999999,0.999375,0.0,0.0,1,4096.0,4096.0
WS(k=4;b=0.1),12,3,emp,cal,0.9993749999999999,0.999375,0.0,0.0,1,4096.0,4096.0
WS(k=4;b=0.1),12,3,paper,raw,0.5314694595796996,0.7409898971845841,0.4027682889217683,0.0805536577843537,0,12.551959679065456,297437.9723573488
WS(k=4;b=0.1),12,3,paper,cal,0.991685870144737,0.990348072988866,0.16110731556870733,0.0,0,12.551959679065456,297437.9723573488
WS(k=4;b=0.1),12,3,tri_init,raw,0.2792063769344399,0.246031257867051,0.1611073155687074,0.04027682889217682,0,7783.999999999999,7784.000000000001
WS(k=4;b=0.1),12,3,tri_init,cal,0.27920637693443984,0.2460276070663553,0.1611073155687074,0.04027682889217682,0,7783.999999999999,7784.000000000001
WS(k=4;b=0.1),12,3,tri_25,raw,0.3284863500247132,0.3022626126448843,0.32221463113741466,0.966643893412244,0,10377.216607662933,10402.566558215822
WS(k=4;b=0.1),12,3,tri_25,cal,0.3284843987818431,0.3022496243565442,0.32221463113741466,0.966643893412244,0,10377.216607662933,10402.566558215822
WS(k=4;b=0.1),12,3,tri_50,raw,0.3284856262351597,0.3022599325337016,0.32221463113741466,0.966643893412244,0,10377.311433617222,10402.661997615083
WS(k=4;b=0.1),12,3,tri_50,cal,0.3284836729289156,0.3022475671731631,0.32221463113741466,0.966643893412244,0,10377.311433617222,10402.661997615083
WS(k=4;b=0.1),12,3,tri_fit,raw,0.3284860052820278,0.30226468591951233,0.32221463113741466,0.966643893412244,0,10377.382942072054,10402.733699527273
WS(k=4;b=0.1),12,3,tri_fit,cal,0.3284840538218566,0.3022564942558783,0.32221463113741466,0.966643893412244,0,10377.382942072054,10402.733699527273
WS(k=4;b=0.1),12,3,norm_init,raw,-0.050070566143436177,-0.4378101436461236,0.5638756044904757,0.4430451178139452,0,4096.000043757046,4096.000043757046
WS(k=4;b=0.1),12,3,norm_init,cal,-0.0500705661434362,-0.43783137052508037,0.5638756044904757,0.48332194670612205,0,4096.000043757046,4096.000043757046
WS(k=4;b=0.1),12,3,norm_25,raw,0.3908972022104658,0.7489121512889834,0.5638756044904757,0.32221463113741466,0,4055.272947179018,4066.3233175926966
WS(k=4;b=0.1),12,3,norm_25,cal,0.3908985371939806,0.7489120370970941,0.5638756044904757,0.32221463113741466,0,4055.272947179018,4066.3233175926966
WS(k=4;b=0.1),12,3,norm_50,raw,0.3908971411580012,0.7489121512889834,0.5638756044904757,0.32221463113741466,0,4055.272869692499,4066.3233708076664
WS(k=4;b=0.1),12,3,norm_50,cal,0.3908984761748376,0.7489120370970941,0.5638756044904757,0.32221463113741466,0,4055.272869692499,4066.3233708076664
WS(k=4;b=0.1),12,3,norm_fit,raw,0.3908971411580012,0.7489121512889834,0.5638756044904757,0.32221463113741466,0,4055.272869692499,4066.3233708076664
WS(k=4;b=0.1),12,3,norm_fit,cal,0.3908984761748376,0.7489120370970941,0.5638756044904757,0.32221463113741466,0,4055.272869692499,4066.3233708076664
WS(k=4;b=0.1),12,4,emp,raw,0.9993749999999999,0.999375,0.0,0.0,1,4095.9999999999995,4096.0
WS(k=4;b=0.1),12,4,emp,cal,0.999375,0.9993712148384202,0.0,0.0,1,4095.9999999999995,4096.0
WS(k=4;b=0.1),12,4,paper,raw,0.6152823407878785,0.7738227144945348,0.32221463113741466,0.040276828892176875,0,12.551959679065456,169964.55563277
WS(k=4;b=0.1),12,4,paper,cal,0.9892791525948665,0.9862484089650553,0.16110731556870733,0.04027682889217682,0,12.551959679065456,169964.55563277
WS(k=4;b=0.1),12,4,tri_init,raw,0.27984147987553126,0.24346503207730166,0.08055365778435364,0.04027682889217682,0,7783.999999999999,7784.000000000001
WS(k=4;b=0.1),12,4,tri_init,cal,0.27984147987553104,0.24345948577434798,0.08055365778435364,0.04027682889217682,0,7783.999999999999,7784.000000000001
WS(k=4;b=0.1),12,4,tri_25,raw,0.3407513464575464,0.31776244465441866,0.0805536577843537,0.966643893412244,0,10544.75486657372,10598.019760281903
WS(k=4;b=0.1),12,4,tri_25,cal,0.34068678804594354,0.3177434395097769,0.0805536577843537,0.966643893412244,0,10544.75486657372,10598.019760281903
WS(k=4;b=0.1),12,4,tri_50,raw,0.3407511762028036,0.3177612745992965,0.0805536577843537,0.966643893412244,0,10544.215533326582,10597.480621130051
WS(k=4;b=0.1),12,4,tri_50,cal,0.3406866149447485,0.31774444079843833,0.0805536577843537,0.966643893412244,0,10544.215533326582,10597.480621130051
WS(k=4;b=0.1),12,4,tri_fit,raw,0.3407500525056507,0.31776280076230734,0.0805536577843537,0.966643893412244,0,10543.814260706476,10597.07783727887
WS(k=4;b=0.1),12,4,tri_fit,cal,0.3406854963512368,0.31774712861769616,0.0805536577843537,0.966643893412244,0,10543.814260706476,10597.07783727887
WS(k=4;b=0.1),12,4,norm_init,raw,-0.043143072408100766,-0.42753516679774306,0.5638756044904757,0.4430451178139452,0,4096.000043757046,4096.000043757046
WS(k=4;b=0.1),12,4,norm_init,cal,-0.04314307240810077,-0.4275555699244933,0.5638756044904757,0.48332194670612205,0,4096.000043757046,4096.000043757046
WS(k=4;b=0.1),12,4,norm_25,raw,0.386990038179167,0.7518541930532618,0.5638756044904757,0.32221463113741466,0,4041.1116747947035,4053.818034274313
WS(k=4;b=0.1),12,4,norm_25,cal,0.38699131140988674,0.7518541930532618,0.5638756044904757,0.32221463113741466,0,4041.1116747947035,4053.818034274313
WS(k=4;b=0.1),12,4,norm_50,raw,0.38698985742827646,0.7518541930532618,0.5638756044904757,0.32221463113741466,0,4041.1127208186276,4053.821269953743
WS(k=4;b=0.1),12,4,norm_50,cal,0.38699113117472456,0.7518541930532618,0.5638756044904757,0.32221463113741466,0,4041.1127208186276,4053.821269953743
WS(k=4;b=0.1),12,4,norm_fit,raw,0.38698977805892926,0.7518541930532618,0.5638756044904757,0.32221463113741466,0,4041.1125706493367,4053.821310406784
WS(k=4;b=0.1),12,4,norm_fit,cal,0.3869910518439983,0.7518541930532618,0.5638756044904757,0.32221463113741466,0,4041.1125706493367,4053.821310406784
WS(k=4;b=0.1),12,5,emp,raw,0.9993749999999999,0.9993749999999999,0.0,0.0,1,4095.9999999999995,4096.0
WS(k=4;b=0.1),12,5,emp,cal,0.9993749999999999,0.9993604786841508,0.0,0.0,1,4095.9999999999995,4096.0
WS(k=4;b=0.1),12,5,paper,raw,0.53709291001184,0.7439320631040353,0.4027682889217683,0.0805536577843537,0,12.551959679065456,520516.4516253594
WS(k=4;b=0.1),12,5,paper,cal,0.989489449949598,0.987426867373215,0.16110731556870733,0.04027682889217682,0,12.551959679065456,520516.4516253594
WS(k=4;b=0.1),12,5,tri_init,raw,0.280052026873561,0.24637761769845276,0.08055365778435364,0.04027682889217682,0,7783.999999999999,7784.000000000001
WS(k=4;b=0.1),12,5,tri_init,cal,0.2800520268735609,0.24637524921336418,0.08055365778435364,0.04027682889217682,0,7783.999999999999,7784.000000000001
WS(k=4;b=0.1),12,5,tri_25,raw,0.3249760032084993,0.29426629633741797,0.48332194670612205,0.966643893412244,0,9904.240624773629,9918.081125676195
WS(k=4;b=0.1),12,5,tri_25,cal,0.3249638565118065,0.29424190637394687,0.48332194670612205,0.966643893412244,0,9904.240624773629,9918.081125676195
WS(k=4;b=0.1),12,5,tri_50,raw,0.3249655157791248,0.2942507491769311,0.48332194670612205,0.966643893412244,0,9904.800884898523,9918.644892955263
WS(k=4;b=0.1),12,5,tri_50,cal,0.32495335192658953,0.2942476153775885,0.48332194670612205,0.966643893412244,0,9904.800884898523,9918.644892955263
WS(k=4;b=0.1),12,5,tri_fit,raw,0.3249445341866635,0.29422707169122825,0.48332194670612205,0.966643893412244,0,9905.92124797716,9919.772271937727
WS(k=4;b=0.1),12,5,tri_fit,cal,0.3249323360039624,0.2942306695644629,0.48332194670612205,0.966643893412244,0,9905.92124797716,9919.772271937727
WS(k=4;b=0.1),12,5,norm_init,raw,-0.04793029710118331,-0.4343905100902255,0.5638756044904757,0.4430451178139452,0,4096.000043757046,4096.000043757046
WS(k=4;b=0.1),12,5,norm_init,cal,-0.04793029710118335,-0.4344162036965715,0.5638756044904757,0.48332194670612205,0,4096.000043757046,4096.000043757046
WS(k=4;b=0.1),12,5,norm_25,raw,0.39411558385754875,0.7555331630363619,0.5638756044904757,0.32221463113741466,0,4064.3552693697984,4073.794758433457
WS(k=4;b=0.1),12,5,norm_25,cal,0.3941168442767533,0.7555331630363619,0.5638756044904757,0.32221463113741466,0,4064.3552693697984,4073.794758433457
WS(k=4;b=0.1),12,5,norm_50,raw,0.39411871523453346,0.7555403717787303,0.5638756044904757,0.32221463113741466,0,4064.3562622424715,4073.7893902252335
WS(k=4;b=0.1),12,5,norm_50,cal,0.3941199737659769,0.7555331630363619,0.5638756044904757,0.32221463113741466,0,4064.3562622424715,4073.7893902252335
WS(k=4;b=0.1),12,5,norm_fit,raw,0.39412097113592254,0.7555337047168404,0.5638756044904757,0.32221463113741466,0,4064.3580404487816,4073.787116090779
WS(k=4;b=0.1),12,5,norm_fit,cal,0.3941222285026708,0.7555331630363619,0.5638756044904757,0.32221463113741466,0,4064.3580404487816,4073.787116090779
WS(k=4;b=0.1),12,6,emp,raw,0.999375,0.9993749999999999,0.0,0.0,1,4096.0,4096.0
WS(k=4;b=0.1),12,6,emp,cal,0.999375,0.9993749999999999,0.0,0.0,1,4096.0,4096.0
WS(k=4;b=0.1),12,6,paper,raw,0.6590676912877012,0.788765821424352,0.32221463113741466,0.040276828892176875,0,12.551959679065456,297437.9723573488
WS(k=4;b=0.1),12,6,paper,cal,0.9857889840661067,0.9824381416828761,0.16110731556870733,0.04027682889217682,0,12.551959679065456,297437.9723573488
WS(k=4;b=0.1),12,6,tri_init,raw,0.2805531360068373,0.24113138980465343,0.0,0.04027682889217682,0,7783.999999999999,7784.000000000001
WS(k=4;b=0.1),12,6,tri_init,cal,0.2805531360068374,0.2411233922911237,0.0,0.04027682889217682,0,7783.999999999999,7784.000000000001
WS(k=4;b=0.1),12,6,tri_25,raw,0.42509460124025983,0.431670921920175,0.48332194670612205,0.04027682889217682,0,14012.356020001618,14012.356020001618
WS(k=4;b=0.1),12,6,tri_25,cal,0.42509460124025994,0.43165482512970027,0.48332194670612205,0.04027682889217682,0,14012.356020001618,14012.356020001618
WS(k=4;b=0.1),12,6,tri_50,raw,0.42509959268708863,0.4316706774295186,0.48332194670612205,0.04027682889217682,0,14012.323294221016,14012.32329422102
WS(k=4;b=0.1),12,6,tri_50,cal,0.4250995926870886,0.43166328340798144,0.48332194670612205,0.04027682889217682,0,14012.323294221016,14012.32329422102
WS(k=4;b=0.1),12,6,tri_fit,raw,0.4250926889812044,0.43166952671301617,0.48332194670612205,0.04027682889217682,0,14012.30313989507,14012.303139895073
WS(k=4;b=0.1),12,6,tri_fit,cal,0.42509268898120445,0.43163964161524193,0.48332194670612205,0.04027682889217682,0,14012.30313989507,14012.303139895073
WS(k=4;b=0.1),12,6,norm_init,raw,-0.04660867148545223,-0.43033418786949496,0.5638756044904757,0.4430451178139452,0,4096.000043757046,4096.000043757046
WS(k=4;b=0.1),12,6,norm_init,cal,-0.046608671485452266,-0.430356137951718,0.5638756044904757,0.48332194670612205,0,4096.000043757046,4096.000043757046
WS(k=4;b=0.1),12,6,norm_25,raw,0.32250810425295134,0.8250313928233113,0.5638756044904757,1.248581695657482,0,3456.630018208994,3548.0241059333202
WS(k=4;b=0.1),12,6,norm_25,cal,0.32251736982729123,0.8249877354575131,0.5638756044904757,1.248581695657482,0,3456.630018208994,3548.0241059333202
WS(k=4;b=0.1),12,6,norm_50,raw,0.32143528584105463,0.8252058612486369,0.5638756044904757,1.248581695657482,0,3442.5643024228098,3534.693649262223
WS(k=4;b=0.1),12,6,norm_50,cal,0.3214446101222313,0.8251397244605582,0.5638756044904757,1.248581695657482,0,3442.5643024228098,3534.693649262223
WS(k=4;b=0.1),12,6,norm_fit,raw,0.3213927519753999,0.8252100409132811,0.5638756044904757,1.248581695657482,0,3440.8854566957084,3533.87056827142
WS(k=4;b=0.1),12,6,norm_fit,cal,0.3214022366924222,0.8251440168517092,0.5638756044904757,1.248581695657482,0,3440.8854566957084,3533.87056827142
WS(k=4;b=0.1),12,7,emp,raw,0.9993749999999998,0.9993749999999999,0.0,0.0,1,4096.0,4096.0
WS(k=4;b=0.1),12,7,emp,cal,0.9993749999999998,0.9993749999999999,0.0,0.0,1,4096.0,4096.0
WS(k=4;b=0.1),12,7,paper,raw,0.6458776516967901,0.7948339528591247,0.32221463113741466,0.040276828892176875,0,12.551959679065456,169964.55563277
WS(k=4;b=0.1),12,7,paper,cal,0.9861057022872816,0.9828414450830046,0.16110731556870733,0.04027682889217682,0,12.551959679065456,169964.55563277
WS(k=4;b=0.1),12,7,tri_init,raw,0.28650625902086496,0.24909935868342467,0.08055365778435364,0.04027682889217682,0,7783.999999999999,7784.000000000001
WS(k=4;b=0.1),12,7,tri_init,cal,0.28650625902086474,0.24909550979786954,0.08055365778435364,0.04027682889217682,0,7783.999999999999,7784.000000000001
WS(k=4;b=0.1),12,7,tri_25,raw,0.3500474386445338,0.3302298028878632,0.0805536577843537,0.966643893412244,0,11133.912093002014,11179.00204216841
WS(k=4;b=0.1),12,7,tri_25,cal,0.35001851493630487,0.33021247888327826,0.0805536577843537,0.966643893412244,0,11133.912093002014,11179.00204216841
WS(k=4;b=0.1),12,7,tri_50,raw,0.35004536700469846,0.33022491340216686,0.0805536577843537,0.966643893412244,0,11133.814730472732,11178.908750533788
WS(k=4;b=0.1),12,7,tri_50,cal,0.35001644111663005,0.330213019132159,0.0805536577843537,0.966643893412244,0,11133.814730472732,11178.908750533788
WS(k=4;b=0.1),12,7,tri_fit,raw,0.3500477799051396,0.3302298387556252,0.0805536577843537,0.966643893412244,0,11133.826971008393,11178.915647257452
WS(k=4;b=0.1),12,7,tri_fit,cal,0.3500188576765797,0.33021444328934996,0.0805536577843537,0.966643893412244,0,11133.826971008393,11178.915647257452
WS(k=4;b=0.1),12,7,norm_init,raw,-0.04996546193405264,-0.4351684963092216,0.5638756044904757,0.4430451178139452,0,4096.000043757046,4096.000043757046
WS(k=4;b=0.1),12,7,norm_init,cal,-0.04996546193405267,-0.435192774952304,0.5638756044904757,0.48332194670612205,0,4096.000043757046,4096.000043757046
WS(k=4;b=0.1),12,7,norm_25,raw,0.3841809663547024,0.7485327574440384,0.5638756044904757,0.32221463113741466,0,4041.375422632283,4053.74094393635
WS(k=4;b=0.1),12,7,norm_25,cal,0.3841821689209665,0.7485370029752778,0.5638756044904757,0.32221463113741466,0,4041.375422632283,4053.74094393635
WS(k=4;b=0.1),12,7,norm_50,raw,0.38412359253601147,0.7485011970431903,0.5638756044904757,0.32221463113741466,0,4041.259548320127,4053.7527196883975
WS(k=4;b=0.1),12,7,norm_50,cal,0.38412481974108076,0.7485011970431903,0.5638756044904757,0.32221463113741466,0,4041.259548320127,4053.7527196883975
WS(k=4;b=0.1),12,7,norm_fit,raw,0.3841235947546097,0.7485011970431903,0.5638756044904757,0.32221463113741466,0,4041.2595520238715,4053.752717378357
WS(k=4;b=0.1),12,7,norm_fit,cal,0.3841248219584427,0.7485011970431903,0.5638756044904757,0.32221463113741466,0,4041.2595520238715,4053.752717378357
WS(k=4;b=0.1),12,8,emp,raw,0.9993749999999999,0.999375,0.0,0.0,1,4095.9999999999995,4096.0
WS(k=4;b=0.1),12,8,emp,cal,0.9993749999999999,0.999375,0.0,0.0,1,4095.9999999999995,4096.0
WS(k=4;b=0.1),12,8,paper,raw,0.5446991948772857,0.742758639563476,0.32221463113741466,0.0805536577843537,0,12.551959679065456,297437.9723573488
WS(k=4;b=0.1),12,8,paper,cal,0.9935217308022052,0.9919096438407691,0.0805536577843537,0.04027682889217682,0,12.551959679065456,297437.9723573488
WS(k=4;b=0.1),12,8,tri_init,raw,0.2762439611808173,0.24170044375970226,0.1611073155687074,0.04027682889217682,0,7783.999999999999,7784.000000000001
WS(k=4;b=0.1),12,8,tri_init,cal,0.2762439611808172,0.24170039215396877,0.1611073155687074,0.04027682889217682,0,7783.999999999999,7784.000000000001
WS(k=4;b=0.1),12,8,tri_25,raw,0.33493082263652046,0.30667383695863704,0.40276828892176836,0.966643893412244,0,10205.940444106982,10225.36944989428
WS(k=4;b=0.1),12,8,tri_25,cal,0.3349287063630557,0.30666667402966347,0.40276828892176836,0.966643893412244,0,10205.940444106982,10225.36944989428
WS(k=4;b=0.1),12,8,tri_50,raw,0.33492990903903536,0.3066738298631509,0.40276828892176836,0.966643893412244,0,10206.041469958695,10225.47374527933
WS(k=4;b=0.1),12,8,tri_50,cal,0.33492779425735103,0.30666066684847476,0.40276828892176836,0.966643893412244,0,10206.041469958695,10225.47374527933
WS(k=4;b=0.1),12,8,tri_fit,raw,0.33492688349560074,0.3066727918718531,0.40276828892176836,0.966643893412244,0,10205.97107214902,10225.413835093257
WS(k=4;b=0.1),12,8,tri_fit,cal,0.3349247745527922,0.3066648093241846,0.40276828892176836,0.966643893412244,0,10205.97107214902,10225.413835093257
WS(k=4;b=0.1),12,8,norm_init,raw,-0.04289948205200007,-0.42826826309093197,0.5638756044904757,0.4430451178139452,0,4096.000043757046,4096.000043757046
WS(k=4;b=0.1),12,8,norm_init,cal,-0.04289948205200012,-0.4282955381168866,0.5638756044904757,0.48332194670612205,0,4096.000043757046,4096.000043757046
WS(k=4;b=0.1),12,8,norm_25,raw,0.37906917782609745,0.7494770400828031,0.5638756044904757,0.32221463113741466,0,4034.255048665007,4072.354881801245
WS(k=4;b=0.1),12,8,norm_25,cal,0.37908605035176396,0.7494785450732918,0.5638756044904757,0.32221463113741466,0,4034.255048665007,4072.354881801245
WS(k=4;b=0.1),12,8,norm_50,raw,0.3880583053070694,0.7519675358218327,0.5638756044904757,0.32221463113741466,0,4051.740512651249,4067.199680003522
WS(k=4;b=0.1),12,8,norm_50,cal,0.3880609588204608,0.7519636240177611,0.5638756044904757,0.32221463113741466,0,4051.740512651249,4067.199680003522
WS(k=4;b=0.1),12,8,norm_fit,raw,0.3904503207491686,0.7527329581731913,0.5638756044904757,0.32221463113741466,0,4055.663081658512,4066.4594735783967
WS(k=4;b=0.1),12,8,norm_fit,cal,0.39045161020364993,0.7527329581731913,0.5638756044904757,0.32221463113741466,0,4055.663081658512,4066.4594735783967
WS(k=4;b=0.1),12,9,emp,raw,0.999375,0.999375,0.0,0.0,1,4096.0,4096.0
WS(k=4;b=0.1),12,9,emp,cal,0.999375,0.999375,0.0,0.0,1,4096.0,4096.0
WS(k=4;b=0.1),12,9,paper,raw,0.5349122146824528,0.7391358475344886,0.4027682889217683,0.0805536577843537,0,12.551959679065456,520516.4516253594
WS(k=4;b=0.1),12,9,paper,cal,0.9909770258722002,0.9884572117222622,0.16110731556870733,0.04027682889217682,0,12.551959679065456,520516.4516253594
WS(k=4;b=0.1),12,9,tri_init,raw,0.2807266601832047,0.24368844569344594,0.08055365778435364,0.04027682889217682,0,7783.999999999999,7784.000000000001
WS(k=4;b=0.1),12,9,tri_init,cal,0.2807266601832045,0.24368634273473472,0.08055365778435364,0.04027682889217682,0,7783.999999999999,7784.000000000001
WS(k=4;b=0.1),12,9,tri_25,raw,0.3310843522631433,0.2966875157750734,0.48332194670612205,0.966643893412244,0,9963.866277151876,9975.5579079397
WS(k=4;b=0.1),12,9,tri_25,cal,0.3310748558034377,0.2966536483136394,0.48332194670612205,0.966643893412244,0,9963.866277151876,9975.5579079397
WS(k=4;b=0.1),12,9,tri_50,raw,0.3310982514935428,0.2967065208239858,0.48332194670612205,0.966643893412244,0,9964.233019396375,9975.903085100026
WS(k=4;b=0.1),12,9,tri_50,cal,0.3310887806105689,0.29667854353249307,0.48332194670612205,0.966643893412244,0,9964.233019396375,9975.903085100026
WS(k=4;b=0.1),12,9,tri_fit,raw,0.3311011118325762,0.29671304162762097,0.48332194670612205,0.966643893412244,0,9964.474659476622,9976.141526582189
WS(k=4;b=0.1),12,9,tri_fit,cal,0.33109164533893476,0.2966889931148962,0.48332194670612205,0.966643893412244,0,9964.474659476622,9976.141526582189
WS(k=4;b=0.1),12,9,norm_init,raw,-0.04282151702396954,-0.42890366030510674,0.5638756044904757,0.4430451178139452,0,4096.000043757046,4096.000043757046
WS(k=4;b=0.1),12,9,norm_init,cal,-0.042821517023969566,-0.4289248573954156,0.5638756044904757,0.48332194670612205,0,4096.000043757046,4096.000043757046
WS(k=4;b=0.1),12,9,norm_25,raw,0.390944266402849,0.7554308704178833,0.5638756044904757,0.32221463113741466,0,4062.3959810849283,4072.9113884978283
WS(k=4;b=0.1),12,9,norm_25,cal,0.3909457309230132,0.7554308704178833,0.5638756044904757,0.32221463113741466,0,4062.3959810849283,4072.9113884978283
WS(k=4;b=0.1),12,9,norm_50,raw,0.3909457117632436,0.7554308704178833,0.5638756044904757,0.32221463113741466,0,4062.397035414967,4072.90959504782
WS(k=4;b=0.1),12,9,norm_50,cal,0.3909471754145094,0.7554308704178833,0.5638756044904757,0.32221463113741466,0,4062.397035414967,4072.90959504782
WS(k=4;b=0.1),12,9,norm_fit,raw,0.3909457117632436,0.7554308704178833,0.5638756044904757,0.32221463113741466,0,4062.397035414967,4072.90959504782
WS(k=4;b=0.1),12,9,norm_fit,cal,0.3909471754145094,0.7554308704178833,0.5638756044904757,0.32221463113741466,0,4062.397035414967,4072.90959504782
WS(k=4;b=0.1),12,10,emp,raw,0.9993749999999998,0.999375,0.0,0.0,1,4096.0,4096.0
WS(k=4;b=0.1),12,10,emp,cal,0.9993749999999998,0.999375,0.0,0.0,1,4096.0,4096.0
WS(k=4;b=0.1),12,10,paper,raw,0.6791473268730498,0.8137209329726557,0.32221463113741466,0.040276828892176875,0,12.551959679065456,169964.55563277
WS(k=4;b=0.1),12,10,paper,cal,0.9849940215190166,0.9819881285209042,0.16110731556870733,0.04027682889217682,0,12.551959679065456,169964.55563277
WS(k=4;b=0.1),12,10,tri_init,raw,0.2858372116223739,0.2511096208913464,0.08055365778435364,0.04027682889217682,0,7783.999999999999,7784.000000000001
WS(k=4;b=0.1),12,10,tri_init,cal,0.2858372116223738,0.251106295512857,0.08055365778435364,0.04027682889217682,0,7783.999999999999,7784.000000000001
WS(k=4;b=0.1),12,10,tri_25,raw,0.3482073350521762,0.3300181722679721,0.0805536577843537,0.966643893412244,0,11116.680189203733,11160.180133240607
WS(k=4;b=0.1),12,10,tri_25,cal,0.34820491590993824,0.33001925398084553,0.0805536577843537,0.966643893412244,0,11116.680189203733,11160.180133240607
WS(k=4;b=0.1),12,10,tri_50,raw,0.34820721473594735,0.3300180722236918,0.0805536577843537,0.966643893412244,0,11116.644365083059,11160.144427354691
WS(k=4;b=0.1),12,10,tri_50,cal,0.3482047955622852,0.3300124440274215,0.0805536577843537,0.966643893412244,0,11116.644365083059,11160.144427354691
WS(k=4;b=0.1),12,10,tri_fit,raw,0.3482072034410562,0.3300182366852561,0.0805536577843537,0.966643893412244,0,11116.590744983278,11160.090998610645
WS(k=4;b=0.1),12,10,tri_fit,cal,0.34820478096449137,0.33001670408436057,0.0805536577843537,0.966643893412244,0,11116.590744983278,11160.090998610645
WS(k=4;b=0.1),12,10,norm_init,raw,-0.04812610116925256,-0.4326059944222851,0.5638756044904757,0.4430451178139452,0,4096.000043757046,4096.000043757046
WS(k=4;b=0.1),12,10,norm_init,cal,-0.04812610116925261,-0.43262860374857814,0.5638756044904757,0.48332194670612205,0,4096.000043757046,4096.000043757046
WS(k=4;b=0.1),12,10,norm_25,raw,0.3847906461929827,0.7490764912682144,0.5638756044904757,0.32221463113741466,0,4039.9664329381694,4053.1414205613187
WS(k=4;b=0.1),12,10,norm_25,cal,0.3847919697381316,0.7490747198155498,0.5638756044904757,0.32221463113741466,0,4039.9664329381694,4053.1414205613187
WS(k=4;b=0.1),12,10,norm_50,raw,0.38480330323221057,0.7490620239167843,0.5638756044904757,0.32221463113741466,0,4039.988139043681,4053.129712392532
WS(k=4;b=0.1),12,10,norm_50,cal,0.38480462019524675,0.7490620239167843,0.5638756044904757,0.32221463113741466,0,4039.988139043681,4053.129712392532
WS(k=4;b=0.1),12,10,norm_fit,raw,0.38480330323221057,0.7490620239167843,0.5638756044904757,0.32221463113741466,0,4039.988139043681,4053.129712392532
WS(k=4;b=0.1),12,10,norm_fit,cal,0.38480462019524675,0.7490620239167843,0.5638756044904757,0.32221463113741466,0,4039.988139043681,4053.129712392532
WS(k=4;b=0.1),14,1,emp,raw,0.9993749999999999,0.9993750000000001,0.0,0.0,1,16384.0,16384.0
WS(k=4;b=0.1),14,1,emp,cal,0.9993749999999999,0.9993750000000001,0.0,0.0,1,16384.0,16384.0
WS(k=4;b=0.1),14,1,paper,raw,0.41850159853299174,0.6891972693868762,0.4027682889217683,0.0805536577843537,0,1.8080217932203557,4.49817700750636e7
WS(k=4;b=0.1),14,1,paper,cal,0.9916513356174157,0.9906981285933072,0.16110731556870733,0.04027682889217682,0,1.8080217932203557,4.49817700750636e7
WS(k=4;b=0.1),14,1,tri_init,raw,0.2756135912900215,0.25528153120581465,0.16110731556870733,0.08055365778435367,0,40984.0,40984.0
WS(k=4;b=0.1),14,1,tri_init,cal,0.27561359129002144,0.2552796112144822,0.16110731556870733,0.08055365778435367,0,40984.0,40984.0
WS(k=4;b=0.1),14,1,tri_25,raw,0.30279972491850976,0.28552932756461336,0.40276828892176836,1.0069207223044208,0,49810.24166157001,49946.09211935763
WS(k=4;b=0.1),14,1,tri_25,cal,0.3027799504777695,0.2855223107726607,0.40276828892176836,1.0069207223044208,0,49810.24166157001,49946.09211935763
WS(k=4;b=0.1),14,1,tri_50,raw,0.30279954346498067,0.2855294727110373,0.40276828892176836,1.0069207223044208,0,49810.24685513269,49946.10059050884
WS(k=4;b=0.1),14,1,tri_50,cal,0.30277976827801745,0.2855241945850259,0.40276828892176836,1.0069207223044208,0,49810.24685513269,49946.10059050884
WS(k=4;b=0.1),14,1,tri_fit,raw,0.30279875425669195,0.2855296291513027,0.40276828892176836,1.0069207223044208,0,49810.13244995939,49946.00025462534
WS(k=4;b=0.1),14,1,tri_fit,cal,0.3027789759454814,0.2855200451932438,0.40276828892176836,1.0069207223044208,0,49810.13244995939,49946.00025462534
WS(k=4;b=0.1),14,1,norm_init,raw,-0.03965562257598542,-0.44540354268305454,0.5638756044904757,0.48332194670612205,0,16384.00017532751,16384.00017532751
WS(k=4;b=0.1),14,1,norm_init,cal,-0.039655622575985455,-0.44539959427159537,0.5638756044904757,0.48332194670612205,0,16384.00017532751,16384.00017532751
WS(k=4;b=0.1),14,1,norm_25,raw,0.3757868423286263,0.7575861213641312,0.5638756044904757,0.32221463113741466,0,16282.60460278605,16321.10713005954
WS(k=4;b=0.1),14,1,norm_25,cal,0.3757881436268044,0.7575861213641312,0.5638756044904757,0.32221463113741466,0,16282.60460278605,16321.10713005954
WS(k=4;b=0.1),14,1,norm_50,raw,0.3757871649610514,0.7576103008087304,0.5638756044904757,0.32221463113741466,0,16282.631426229322,16321.150064592492
WS(k=4;b=0.1),14,1,norm_50,cal,0.37578846808763383,0.7576103008087304,0.5638756044904757,0.32221463113741466,0,16282.631426229322,16321.150064592492
WS(k=4;b=0.1),14,1,norm_fit,raw,0.3757871649610514,0.7576103008087304,0.5638756044904757,0.32221463113741466,0,16282.631426229322,16321.150064592492
WS(k=4;b=0.1),14,1,norm_fit,cal,0.37578846808763383,0.7576103008087304,0.5638756044904757,0.32221463113741466,0,16282.631426229322,16321.150064592492
WS(k=4;b=0.1),14,2,emp,raw,0.999375,0.999375,0.0,0.0,1,16383.999999999998,16384.0
WS(k=4;b=0.1),14,2,emp,cal,0.999375,0.999375,0.0,0.0,1,16383.999999999998,16384.0
WS(k=4;b=0.1),14,2,paper,raw,0.2984904773877399,0.6193954359338122,0.4027682889217683,0.16110731556870733,0,1.8080217932203557,1.0120898266889316e8
WS(k=4;b=0.1),14,2,paper,cal,0.993650690200981,0.9930209102334354,0.16110731556870733,0.0,0,1.8080217932203557,1.0120898266889316e8
WS(k=4;b=0.1),14,2,tri_init,raw,0.2721767172599659,0.25290238853693114,0.16110731556870733,0.04027682889217685,0,40984.0,40984.0
WS(k=4;b=0.1),14,2,tri_init,cal,0.272176717259966,0.2529020134647632,0.16110731556870733,0.04027682889217685,0,40984.0,40984.0
WS(k=4;b=0.1),14,2,tri_25,raw,0.293745759386655,0.27526239844337574,0.40276828892176836,1.0471975511965976,0,48497.26225845011,48622.974717486744
WS(k=4;b=0.1),14,2,tri_25,cal,0.2937234944586082,0.2752489001974561,0.40276828892176836,1.0471975511965976,0,48497.26225845011,48622.974717486744
WS(k=4;b=0.1),14,2,tri_50,raw,0.29374575091488647,0.27526255509157027,0.40276828892176836,1.0471975511965976,0,48497.39830919338,48623.10814046082
WS(k=4;b=0.1),14,2,tri_50,cal,0.29372348541540333,0.27524415905792465,0.40276828892176836,1.0471975511965976,0,48497.39830919338,48623.10814046082
WS(k=4;b=0.1),14,2,tri_fit,raw,0.29374648842359313,0.2752669995994744,0.40276828892176836,1.0471975511965976,0,48497.8027746547,48623.518603749384
WS(k=4;b=0.1),14,2,tri_fit,cal,0.293724219899027,0.27524279737471363,0.40276828892176836,1.0471975511965976,0,48497.8027746547,48623.518603749384
WS(k=4;b=0.1),14,2,norm_init,raw,-0.04044342034974207,-0.44954392187332487,0.5638756044904757,0.5235987755982989,0,16384.00017532751,16384.00017532751
WS(k=4;b=0.1),14,2,norm_init,cal,-0.040443420349742076,-0.44954248463750895,0.5638756044904757,0.5235987755982989,0,16384.00017532751,16384.00017532751
WS(k=4;b=0.1),14,2,norm_25,raw,0.3812458634621896,0.7593142239785033,0.5638756044904757,0.28193780224523785,0,16306.734820884412,16337.253713063066
WS(k=4;b=0.1),14,2,norm_25,cal,0.38124696906897115,0.7593142239785033,0.5638756044904757,0.28193780224523785,0,16306.734820884412,16337.253713063066
WS(k=4;b=0.1),14,2,norm_50,raw,0.38124765907631547,0.7593142239785033,0.5638756044904757,0.28193780224523785,0,16306.733687824273,16337.241603953347
WS(k=4;b=0.1),14,2,norm_50,cal,0.3812487636676887,0.7593142239785033,0.5638756044904757,0.28193780224523785,0,16306.733687824273,16337.241603953347
WS(k=4;b=0.1),14,2,norm_fit,raw,0.38124765907631547,0.7593142239785033,0.5638756044904757,0.28193780224523785,0,16306.733687824273,16337.241603953347
WS(k=4;b=0.1),14,2,norm_fit,cal,0.3812487636676887,0.7593142239785033,0.5638756044904757,0.28193780224523785,0,16306.733687824273,16337.241603953347
WS(k=4;b=0.1),14,3,emp,raw,0.9993749999999999,0.999375,0.0,0.0,1,16384.0,16384.0
WS(k=4;b=0.1),14,3,emp,cal,0.9993749999999999,0.999375,0.0,0.0,1,16384.0,16384.0
WS(k=4;b=0.1),14,3,paper,raw,0.5541264328418961,0.7573181311312048,0.32221463113741466,0.0805536577843537,0,1.8080217932203557,1.9991897811139382e7
WS(k=4;b=0.1),14,3,paper,cal,0.9846002706588483,0.9819442723439731,0.16110731556870733,0.04027682889217685,0,1.8080217932203557,1.9991897811139382e7
WS(k=4;b=0.1),14,3,tri_init,raw,0.2805408864605834,0.2568591672031133,0.16110731556870733,0.04027682889217685,0,40984.0,40984.0
WS(k=4;b=0.1),14,3,tri_init,cal,0.2805408864605834,0.2568541710146818,0.16110731556870733,0.04027682889217685,0,40984.0,40984.0
WS(k=4;b=0.1),14,3,tri_25,raw,0.3135660579672271,0.2990884189594104,0.24166097335306103,1.0471975511965976,0,52718.015531076075,52919.88642480143
WS(k=4;b=0.1),14,3,tri_25,cal,0.3135575450468891,0.29908736165088257,0.24166097335306103,1.0471975511965976,0,52718.015531076075,52919.88642480143
WS(k=4;b=0.1),14,3,tri_50,raw,0.3135671767029626,0.29908830923470614,0.24166097335306103,1.0471975511965976,0,52718.30514629044,52920.16849695842
WS(k=4;b=0.1),14,3,tri_50,cal,0.31355866558050693,0.2990900656677229,0.24166097335306103,1.0471975511965976,0,52718.30514629044,52920.16849695842
WS(k=4;b=0.1),14,3,tri_fit,raw,0.3135665192768958,0.29908826824288753,0.24166097335306103,1.0471975511965976,0,52718.33380370076,52920.205704502674
WS(k=4;b=0.1),14,3,tri_fit,cal,0.3135580066239139,0.29908623099360837,0.24166097335306103,1.0471975511965976,0,52718.33380370076,52920.205704502674
WS(k=4;b=0.1),14,3,norm_init,raw,-0.03901592586836096,-0.4425768342211863,0.5638756044904757,0.5235987755982989,0,16384.00017532751,16384.00017532751
WS(k=4;b=0.1),14,3,norm_init,cal,-0.03901592586836096,-0.44257393546237067,0.5638756044904757,0.5235987755982989,0,16384.00017532751,16384.00017532751
WS(k=4;b=0.1),14,3,norm_25,raw,0.37162426141971056,0.7585912943665004,0.5638756044904757,0.28193780224523785,0,16246.747557098644,16295.78950253904
WS(k=4;b=0.1),14,3,norm_25,cal,0.3716257759862875,0.7585912943665004,0.5638756044904757,0.28193780224523785,0,16246.747557098644,16295.78950253904
WS(k=4;b=0.1),14,3,norm_50,raw,0.3716239475262092,0.7585912943665004,0.5638756044904757,0.28193780224523785,0,16246.745931254147,16295.790127242784
WS(k=4;b=0.1),14,3,norm_50,cal,0.37162546223621407,0.7585912943665004,0.5638756044904757,0.28193780224523785,0,16246.745931254147,16295.790127242784
WS(k=4;b=0.1),14,3,norm_fit,raw,0.3716239475262092,0.7585912943665004,0.5638756044904757,0.28193780224523785,0,16246.745931254147,16295.790127242784
WS(k=4;b=0.1),14,3,norm_fit,cal,0.37162546223621407,0.7585912943665004,0.5638756044904757,0.28193780224523785,0,16246.745931254147,16295.790127242784
WS(k=4;b=0.1),14,4,emp,raw,0.999375,0.9993749999999999,0.0,0.0,1,16383.999999999998,16384.0
WS(k=4;b=0.1),14,4,emp,cal,0.9993750000000002,0.999350274547161,0.0,0.0,1,16383.999999999998,16384.0
WS(k=4;b=0.1),14,4,paper,raw,0.3146982353222793,0.6282437549251955,0.4027682889217683,0.16110731556870733,0,1.8080217932203557,1.0120898266889316e8
WS(k=4;b=0.1),14,4,paper,cal,0.9901433076322153,0.9878676431728314,0.16110731556870733,0.0,0,1.8080217932203557,1.0120898266889316e8
WS(k=4;b=0.1),14,4,tri_init,raw,0.2779067993166029,0.2533434033359914,0.16110731556870733,0.04027682889217685,0,40984.0,40984.0
WS(k=4;b=0.1),14,4,tri_init,cal,0.277906799316603,0.2533414528121025,0.16110731556870733,0.04027682889217685,0,40984.0,40984.0
WS(k=4;b=0.1),14,4,tri_25,raw,0.303450281906377,0.2839545523399666,0.32221463113741466,1.0471975511965976,0,50209.80445349424,50412.88847643568
WS(k=4;b=0.1),14,4,tri_25,cal,0.30342488209833685,0.2839480006797683,0.32221463113741466,1.0471975511965976,0,50209.80445349424,50412.88847643568
WS(k=4;b=0.1),14,4,tri_50,raw,0.30345020548719603,0.2839545666638016,0.32221463113741466,1.0471975511965976,0,50209.90178909697,50412.98971461666
WS(k=4;b=0.1),14,4,tri_50,cal,0.3034248056356738,0.2839484154610441,0.32221463113741466,1.0471975511965976,0,50209.90178909697,50412.98971461666
WS(k=4;b=0.1),14,4,tri_fit,raw,0.30345165010278186,0.28395635544832076,0.32221463113741466,1.0471975511965976,0,50210.301775565844,50413.367845612534
WS(k=4;b=0.1),14,4,tri_fit,cal,0.3034262555284121,0.28394796086888685,0.32221463113741466,1.0471975511965976,0,50210.301775565844,50413.367845612534
WS(k=4;b=0.1),14,4,norm_init,raw,-0.03912967197733242,-0.44531118814421183,0.5638756044904757,0.5235987755982989,0,16384.00017532751,16384.00017532751
WS(k=4;b=0.1),14,4,norm_init,cal,-0.03912967197733245,-0.44530781221502436,0.5638756044904757,0.5235987755982989,0,16384.00017532751,16384.00017532751
WS(k=4;b=0.1),14,4,norm_25,raw,0.39315775035650513,0.7611832568236389,0.5638756044904757,0.28193780224523785,0,16208.278058699005,16309.164545430693
WS(k=4;b=0.1),14,4,norm_25,cal,0.39316228519601415,0.7611902458459533,0.5638756044904757,0.28193780224523785,0,16208.278058699005,16309.164545430693
WS(k=4;b=0.1),14,4,norm_50,raw,0.3770988098388111,0.7603854366492265,0.5638756044904757,0.28193780224523785,0,16285.17409485563,16320.474540509127
WS(k=4;b=0.1),14,4,norm_50,cal,0.3770999219891712,0.7603854366492265,0.5638756044904757,0.28193780224523785,0,16285.17409485563,16320.474540509127
WS(k=4;b=0.1),14,4,norm_fit,raw,0.3769417949713678,0.7604592210490269,0.5638756044904757,0.28193780224523785,0,16284.99273150642,16321.46444021828
WS(k=4;b=0.1),14,4,norm_fit,cal,0.3769429967127303,0.7604592210490269,0.5638756044904757,0.28193780224523785,0,16284.99273150642,16321.46444021828
WS(k=4;b=0.1),14,5,emp,raw,0.999375,0.9993750000000001,0.0,0.0,1,16383.999999999998,16384.0
WS(k=4;b=0.1),14,5,emp,cal,0.999375,0.9993329558024825,0.0,0.0,1,16383.999999999998,16384.0
WS(k=4;b=0.1),14,5,paper,raw,0.4268793352877255,0.6909254698195911,0.4027682889217683,0.0805536577843537,0,1.8080217932203557,4.49817700750636e7
WS(k=4;b=0.1),14,5,paper,cal,0.9903644511212398,0.9888143337475115,0.16110731556870733,0.04027682889217682,0,1.8080217932203557,4.49817700750636e7
WS(k=4;b=0.1),14,5,tri_init,raw,0.27722027623976486,0.255966212408014,0.16110731556870733,0.08055365778435367,0,40984.0,40984.0
WS(k=4;b=0.1),14,5,tri_init,cal,0.2772202762397649,0.255962736137445,0.16110731556870733,0.08055365778435367,0,40984.0,40984.0
WS(k=4;b=0.1),14,5,tri_25,raw,0.3036604427317957,0.286402075824216,0.32221463113741466,1.0069207223044208,0,50096.90708951297,50263.04616474156
WS(k=4;b=0.1),14,5,tri_25,cal,0.30363746214137166,0.28638730883615776,0.32221463113741466,1.0069207223044208,0,50096.90708951297,50263.04616474156
WS(k=4;b=0.1),14,5,tri_50,raw,0.30365966071551326,0.28640115788281867,0.32221463113741466,1.0069207223044208,0,50096.85712328353,50263.011151130486
WS(k=4;b=0.1),14,5,tri_50,cal,0.30363667742525385,0.28638286638679367,0.32221463113741466,1.0069207223044208,0,50096.85712328353,50263.011151130486
WS(k=4;b=0.1),14,5,tri_fit,raw,0.30365957335538296,0.2864020802162801,0.32221463113741466,1.0069207223044208,0,50096.858662703424,50263.01307194073
WS(k=4;b=0.1),14,5,tri_fit,cal,0.30363658974686686,0.2863857161062118,0.32221463113741466,1.0069207223044208,0,50096.858662703424,50263.01307194073
WS(k=4;b=0.1),14,5,norm_init,raw,-0.03989358531570076,-0.4460555643218106,0.5638756044904757,0.48332194670612205,0,16384.00017532751,16384.00017532751
WS(k=4;b=0.1),14,5,norm_init,cal,-0.03989358531570079,-0.44605326883200735,0.5638756044904757,0.48332194670612205,0,16384.00017532751,16384.00017532751
WS(k=4;b=0.1),14,5,norm_25,raw,0.3756483823494015,0.7590772313966183,0.5638756044904757,0.32221463113741466,0,16280.4787922918,16320.23673372725
WS(k=4;b=0.1),14,5,norm_25,cal,0.3756497478967486,0.7590771757642222,0.5638756044904757,0.32221463113741466,0,16280.4787922918,16320.23673372725
WS(k=4;b=0.1),14,5,norm_50,raw,0.37567446506538343,0.7590691910513718,0.5638756044904757,0.32221463113741466,0,16280.54802299597,16320.13187358599
WS(k=4;b=0.1),14,5,norm_50,cal,0.3756758172901143,0.7590691910513718,0.5638756044904757,0.32221463113741466,0,16280.54802299597,16320.13187358599
WS(k=4;b=0.1),14,5,norm_fit,raw,0.37567449821766724,0.7590691910513718,0.5638756044904757,0.32221463113741466,0,16280.548167820461,16320.131830718356
WS(k=4;b=0.1),14,5,norm_fit,cal,0.3756758504287996,0.7590691910513718,0.5638756044904757,0.32221463113741466,0,16280.548167820461,16320.131830718356
WS(k=4;b=0.1),14,6,emp,raw,0.999375,0.999375,0.0,0.0,1,16384.0,16384.0
WS(k=4;b=0.1),14,6,emp,cal,0.999375,0.999375,0.0,0.0,1,16384.0,16384.0
WS(k=4;b=0.1),14,6,paper,raw,0.4512429172893493,0.7021707241910896,0.4027682889217683,0.0805536577843537,0,1.8080217932203557,4.49817700750636e7
WS(k=4;b=0.1),14,6,paper,cal,0.9870281913762724,0.9841780131679118,0.16110731556870733,0.04027682889217682,0,1.8080217932203557,4.49817700750636e7
WS(k=4;b=0.1),14,6,tri_init,raw,0.2802794227921771,0.2557877809562381,0.16110731556870733,0.08055365778435367,0,40984.0,40984.0
WS(k=4;b=0.1),14,6,tri_init,cal,0.28027942279217705,0.255785205812636,0.16110731556870733,0.08055365778435367,0,40984.0,40984.0
WS(k=4;b=0.1),14,6,tri_25,raw,0.3074390583802068,0.2886947497615783,0.32221463113741466,1.0069207223044208,0,50482.52393247435,50660.66110339002
WS(k=4;b=0.1),14,6,tri_25,cal,0.30741572325055627,0.28867980126738135,0.32221463113741466,1.0069207223044208,0,50482.52393247435,50660.66110339002
WS(k=4;b=0.1),14,6,tri_50,raw,0.3074390401792734,0.2886944613548246,0.32221463113741466,1.0069207223044208,0,50482.51670479271,50660.65391725286
WS(k=4;b=0.1),14,6,tri_50,cal,0.3074157049326495,0.2886845107672335,0.32221463113741466,1.0069207223044208,0,50482.51670479271,50660.65391725286
WS(k=4;b=0.1),14,6,tri_fit,raw,0.3074390401792734,0.2886944613548246,0.32221463113741466,1.0069207223044208,0,50482.51670479271,50660.65391725286
WS(k=4;b=0.1),14,6,tri_fit,cal,0.3074157049326495,0.2886845107672335,0.32221463113741466,1.0069207223044208,0,50482.51670479271,50660.65391725286
WS(k=4;b=0.1),14,6,norm_init,raw,-0.037296125167604166,-0.4404627919339182,0.5638756044904757,0.48332194670612205,0,16384.00017532751,16384.00017532751
WS(k=4;b=0.1),14,6,norm_init,cal,-0.03729612516760418,-0.4404606195568612,0.5638756044904757,0.48332194670612205,0,16384.00017532751,16384.00017532751
WS(k=4;b=0.1),14,6,norm_25,raw,0.37343371622997223,0.7619068336785286,0.5638756044904757,0.32221463113741466,0,16274.82462063695,16317.581129194978
WS(k=4;b=0.1),14,6,norm_25,cal,0.3734351923061385,0.7619128769997997,0.5638756044904757,0.32221463113741466,0,16274.82462063695,16317.581129194978
WS(k=4;b=0.1),14,6,norm_50,raw,0.3734463346758062,0.7619254204049958,0.5638756044904757,0.32221463113741466,0,16274.888295609544,16317.576843926676
WS(k=4;b=0.1),14,6,norm_50,cal,0.37344780619211154,0.7619240149814445,0.5638756044904757,0.32221463113741466,0,16274.888295609544,16317.576843926676
WS(k=4;b=0.1),14,6,norm_fit,raw,0.3734463346758062,0.7619254204049958,0.5638756044904757,0.32221463113741466,0,16274.888295609544,16317.576843926676
WS(k=4;b=0.1),14,6,norm_fit,cal,0.37344780619211154,0.7619240149814445,0.5638756044904757,0.32221463113741466,0,16274.888295609544,16317.576843926676
WS(k=4;b=0.1),14,7,emp,raw,0.9993750000000002,0.9993749999999999,0.0,0.0,1,16383.999999999998,16384.0
WS(k=4;b=0.1),14,7,emp,cal,0.9993750000000001,0.9993430088261149,0.0,0.0,1,16383.999999999998,16384.0
WS(k=4;b=0.1),14,7,paper,raw,0.4447290624167607,0.6950198665839858,0.4027682889217683,0.12083048667653051,0,1.8080217932203557,4.49817700750636e7
WS(k=4;b=0.1),14,7,paper,cal,0.9861314110128403,0.9828348799286905,0.16110731556870733,0.04027682889217685,0,1.8080217932203557,4.49817700750636e7
WS(k=4;b=0.1),14,7,tri_init,raw,0.28047955100282973,0.2541172985820206,0.16110731556870733,0.04027682889217685,0,40984.0,40984.0
WS(k=4;b=0.1),14,7,tri_init,cal,0.2804795510028298,0.2541120529095431,0.16110731556870733,0.04027682889217685,0,40984.0,40984.0
WS(k=4;b=0.1),14,7,tri_25,raw,0.3038417778992739,0.2838026727368343,0.32221463113741466,1.0471975511965976,0,49813.459684091926,50058.45766334292
WS(k=4;b=0.1),14,7,tri_25,cal,0.3038084928186623,0.283782481241242,0.32221463113741466,1.0471975511965976,0,49813.459684091926,50058.45766334292
WS(k=4;b=0.1),14,7,tri_50,raw,0.303842007441231,0.28380266688085054,0.32221463113741466,1.0471975511965976,0,49813.54694905919,50058.54908965269
WS(k=4;b=0.1),14,7,tri_50,cal,0.3038087220728951,0.28378286300966,0.32221463113741466,1.0471975511965976,0,49813.54694905919,50058.54908965269
WS(k=4;b=0.1),14,7,tri_fit,raw,0.3038426539310442,0.28380266688085054,0.32221463113741466,1.0471975511965976,0,49813.665504962046,50058.670428743004
WS(k=4;b=0.1),14,7,tri_fit,cal,0.3038093675498556,0.28378294257040226,0.32221463113741466,1.0471975511965976,0,49813.665504962046,50058.670428743004
WS(k=4;b=0.1),14,7,norm_init,raw,-0.036532621948323386,-0.4408052914504272,0.5638756044904757,0.5235987755982989,0,16384.00017532751,16384.00017532751
WS(k=4;b=0.1),14,7,norm_init,cal,-0.03653262194832342,-0.44080378055371,0.5638756044904757,0.5235987755982989,0,16384.00017532751,16384.00017532751
WS(k=4;b=0.1),14,7,norm_25,raw,0.37466040433234415,0.763041525295558,0.5638756044904757,0.28193780224523785,0,16279.562358478637,16320.26138286844
WS(k=4;b=0.1),14,7,norm_25,cal,0.3746618267501935,0.7630341819460666,0.5638756044904757,0.28193780224523785,0,16279.562358478637,16320.26138286844
WS(k=4;b=0.1),14,7,norm_50,raw,0.3748036950453501,0.7630439320871377,0.5638756044904757,0.28193780224523785,0,16279.814926810732,16319.463278702726
WS(k=4;b=0.1),14,7,norm_50,cal,0.3748050336345726,0.7630439320871377,0.5638756044904757,0.28193780224523785,0,16279.814926810732,16319.463278702726
WS(k=4;b=0.1),14,7,norm_fit,raw,0.3748036950453501,0.7630439320871377,0.5638756044904757,0.28193780224523785,0,16279.814926810732,16319.463278702726
WS(k=4;b=0.1),14,7,norm_fit,cal,0.3748050336345726,0.7630439320871377,0.5638756044904757,0.28193780224523785,0,16279.814926810732,16319.463278702726
WS(k=4;b=0.1),14,8,emp,raw,0.9993750000000001,0.9993750000000002,0.0,0.0,1,16383.999999999998,16384.0
WS(k=4;b=0.1),14,8,emp,cal,0.9993749999999998,0.9993651423026273,0.0,0.0,1,16383.999999999998,16384.0
WS(k=4;b=0.1),14,8,paper,raw,0.27304065991737625,0.611828259266624,0.48332194670612194,0.16110731556870733,0,1.8080217932203557,2.2772021100500798e8
WS(k=4;b=0.1),14,8,paper,cal,0.9920266029211797,0.9911271684577388,0.16110731556870733,0.0,0,1.8080217932203557,2.2772021100500798e8
WS(k=4;b=0.1),14,8,tri_init,raw,0.2726745324345342,0.25293272778833875,0.16110731556870733,0.04027682889217685,0,40984.0,40984.0
WS(k=4;b=0.1),14,8,tri_init,cal,0.27267453243453404,0.2529265866319065,0.16110731556870733,0.04027682889217685,0,40984.0,40984.0
WS(k=4;b=0.1),14,8,tri_25,raw,0.29442101729764536,0.2753667217788543,0.40276828892176836,1.0471975511965976,0,47119.42618343641,47237.7846370914
WS(k=4;b=0.1),14,8,tri_25,cal,0.29439962160800615,0.2753440358549405,0.40276828892176836,1.0471975511965976,0,47119.42618343641,47237.7846370914
WS(k=4;b=0.1),14,8,tri_50,raw,0.29442104020119403,0.27536672011315094,0.40276828892176836,1.0471975511965976,0,47119.528204362316,47237.888199786146
WS(k=4;b=0.1),14,8,tri_50,cal,0.29439964468147045,0.2753447425186092,0.40276828892176836,1.0471975511965976,0,47119.528204362316,47237.888199786146
WS(k=4;b=0.1),14,8,tri_fit,raw,0.2944209061801366,0.2753667159227921,0.40276828892176836,1.0471975511965976,0,47119.57894322082,47237.93596826571
WS(k=4;b=0.1),14,8,tri_fit,cal,0.29439951077061816,0.27534688629930654,0.40276828892176836,1.0471975511965976,0,47119.57894322082,47237.93596826571
WS(k=4;b=0.1),14,8,norm_init,raw,-0.04151729825091153,-0.4497684375513133,0.5638756044904757,0.5235987755982989,0,16384.00017532751,16384.00017532751
WS(k=4;b=0.1),14,8,norm_init,cal,-0.04151729825091153,-0.44976433475227284,0.5638756044904757,0.5235987755982989,0,16384.00017532751,16384.00017532751
WS(k=4;b=0.1),14,8,norm_25,raw,0.36971952390542934,0.7459134168976267,0.5638756044904757,0.28193780224523785,0,16167.61863816132,16177.677933395385
WS(k=4;b=0.1),14,8,norm_25,cal,0.3697195576698379,0.7459134168976267,0.5638756044904757,0.28193780224523785,0,16167.61863816132,16177.677933395385
WS(k=4;b=0.1),14,8,norm_50,raw,0.381890298249603,0.7608324143390073,0.5638756044904757,0.28193780224523785,0,16308.916532566836,16339.12418804912
WS(k=4;b=0.1),14,8,norm_50,cal,0.3818914207326794,0.7608324143390073,0.5638756044904757,0.28193780224523785,0,16308.916532566836,16339.12418804912
WS(k=4;b=0.1),14,8,norm_fit,raw,0.3822932501040406,0.7608184506658684,0.5638756044904757,0.28193780224523785,0,16309.715011631997,16338.023234323651
WS(k=4;b=0.1),14,8,norm_fit,cal,0.38229422110184413,0.7608184506658684,0.5638756044904757,0.28193780224523785,0,16309.715011631997,16338.023234323651
WS(k=4;b=0.1),14,9,emp,raw,0.9993749999999999,0.999375,0.0,0.0,1,16384.0,16384.0
WS(k=4;b=0.1),14,9,emp,cal,0.9993749999999999,0.999375,0.0,0.0,1,16384.0,16384.0
WS(k=4;b=0.1),14,9,paper,raw,0.4048219356255772,0.6750263802064747,0.4027682889217683,0.12083048667653051,0,1.8080217932203557,4.49817700750636e7
WS(k=4;b=0.1),14,9,paper,cal,0.9897895082272038,0.9874786064243483,0.16110731556870733,0.0,0,1.8080217932203557,4.49817700750636e7
WS(k=4;b=0.1),14,9,tri_init,raw,0.27677176357904865,0.2530925727129202,0.16110731556870733,0.04027682889217685,0,40984.0,40984.0
WS(k=4;b=0.1),14,9,tri_init,cal,0.2767717635790486,0.25308408869345217,0.16110731556870733,0.04027682889217685,0,40984.0,40984.0
WS(k=4;b=0.1),14,9,tri_25,raw,0.3033324691319897,0.28447134444839817,0.32221463113741466,1.0471975511965976,0,50281.550069463854,50478.83928855474
WS(k=4;b=0.1),14,9,tri_25,cal,0.30330341114556536,0.2844660736199496,0.32221463113741466,1.0471975511965976,0,50281.550069463854,50478.83928855474
WS(k=4;b=0.1),14,9,tri_50,raw,0.30333247072891045,0.28447134444839817,0.32221463113741466,1.0471975511965976,0,50281.55012723056,50478.839305430214
WS(k=4;b=0.1),14,9,tri_50,cal,0.30330341274662864,0.28447070992125684,0.32221463113741466,1.0471975511965976,0,50281.55012723056,50478.839305430214
WS(k=4;b=0.1),14,9,tri_fit,raw,0.30333247072891045,0.28447134444839817,0.32221463113741466,1.0471975511965976,0,50281.55012723056,50478.839305430214
WS(k=4;b=0.1),14,9,tri_fit,cal,0.30330341274662864,0.28447070992125684,0.32221463113741466,1.0471975511965976,0,50281.55012723056,50478.839305430214
WS(k=4;b=0.1),14,9,norm_init,raw,-0.03849669396689415,-0.4444319268342648,0.5638756044904757,0.5235987755982989,0,16384.00017532751,16384.00017532751
WS(k=4;b=0.1),14,9,norm_init,cal,-0.03849669396689419,-0.44442694213461464,0.5638756044904757,0.5235987755982989,0,16384.00017532751,16384.00017532751
WS(k=4;b=0.1),14,9,norm_25,raw,0.3771572693072443,0.7609828069583887,0.5638756044904757,0.28193780224523785,0,16283.114049481432,16320.985062921965
WS(k=4;b=0.1),14,9,norm_25,cal,0.3771585384868802,0.7609828069583887,0.5638756044904757,0.28193780224523785,0,16283.114049481432,16320.985062921965
WS(k=4;b=0.1),14,9,norm_50,raw,0.3771273206740171,0.7609869500297387,0.5638756044904757,0.28193780224523785,0,16283.030140306606,16321.090976418662
WS(k=4;b=0.1),14,9,norm_50,cal,0.3771286039012734,0.7609869500297387,0.5638756044904757,0.28193780224523785,0,16283.030140306606,16321.090976418662
WS(k=4;b=0.1),14,9,norm_fit,raw,0.37712732068986243,0.7609869500297387,0.5638756044904757,0.28193780224523785,0,16283.030140335402,16321.09097633679
WS(k=4;b=0.1),14,9,norm_fit,cal,0.37712860391711034,0.7609869500297387,0.5638756044904757,0.28193780224523785,0,16283.030140335402,16321.09097633679
WS(k=4;b=0.1),14,10,emp,raw,0.999375,0.999375,0.0,0.0,1,16384.0,16384.0
WS(k=4;b=0.1),14,10,emp,cal,0.999375,0.999375,0.0,0.0,1,16384.0,16384.0
WS(k=4;b=0.1),14,10,paper,raw,0.3483638768067873,0.6519698290463424,0.4027682889217683,0.0805536577843537,0,1.8080217932203557,1.0120898266889316e8
WS(k=4;b=0.1),14,10,paper,cal,0.993946920340945,0.9934466128890254,0.16110731556870733,0.0,0,1.8080217932203557,1.0120898266889316e8
WS(k=4;b=0.1),14,10,tri_init,raw,0.2734307236029349,0.2536607698241292,0.16110731556870733,0.08055365778435367,0,40984.0,40984.0
WS(k=4;b=0.1),14,10,tri_init,cal,0.273430723602935,0.2536628075349862,0.16110731556870733,0.08055365778435367,0,40984.0,40984.0
WS(k=4;b=0.1),14,10,tri_25,raw,0.2948176860210438,0.2754494139723776,0.48332194670612205,1.0069207223044208,0,48301.19452602469,48433.532585689485
WS(k=4;b=0.1),14,10,tri_25,cal,0.2947963230103122,0.27542496232450975,0.48332194670612205,1.0069207223044208,0,48301.19452602469,48433.532585689485
WS(k=4;b=0.1),14,10,tri_50,raw,0.29481836280047535,0.27544910466545164,0.48332194670612205,1.0069207223044208,0,48301.4284224272,48433.7785888848
WS(k=4;b=0.1),14,10,tri_50,cal,0.29479699712033686,0.2754407163514388,0.48332194670612205,1.0069207223044208,0,48301.4284224272,48433.7785888848
WS(k=4;b=0.1),14,10,tri_fit,raw,0.2948187725081748,0.27544910466545164,0.48332194670612205,1.0069207223044208,0,48301.61337596501,48433.96993737591
WS(k=4;b=0.1),14,10,tri_fit,cal,0.29479740547990324,0.27542963635146145,0.48332194670612205,1.0069207223044208,0,48301.61337596501,48433.96993737591
WS(k=4;b=0.1),14,10,norm_init,raw,-0.03988746777491201,-0.44632738622602025,0.5638756044904757,0.48332194670612205,0,16384.00017532751,16384.00017532751
WS(k=4;b=0.1),14,10,norm_init,cal,-0.039887467774912005,-0.44632666342246186,0.5638756044904757,0.48332194670612205,0,16384.00017532751,16384.00017532751
WS(k=4;b=0.1),14,10,norm_25,raw,0.37974236410338164,0.758508142112096,0.5638756044904757,0.32221463113741466,0,16308.389282413378,16337.84599755913
WS(k=4;b=0.1),14,10,norm_25,cal,0.3797434023462194,0.758508142112096,0.5638756044904757,0.32221463113741466,0,16308.389282413378,16337.84599755913
WS(k=4;b=0.1),14,10,norm_50,raw,0.37973707539312346,0.7585039375469328,0.5638756044904757,0.32221463113741466,0,16308.358982154848,16337.83258204842
WS(k=4;b=0.1),14,10,norm_50,cal,0.3797381145032619,0.7585039375469328,0.5638756044904757,0.32221463113741466,0,16308.358982154848,16337.83258204842
WS(k=4;b=0.1),14,10,norm_fit,raw,0.37973707539312346,0.7585039375469328,0.5638756044904757,0.32221463113741466,0,16308.358982154848,16337.83258204842
WS(k=4;b=0.1),14,10,norm_fit,cal,0.3797381145032619,0.7585039375469328,0.5638756044904757,0.32221463113741466,0,16308.358982154848,16337.83258204842
WS(k=4;b=0.5),12,1,emp,raw,0.9993750000000001,0.999375,0.0,0.0,1,4095.9999999999995,4096.0
WS(k=4;b=0.5),12,1,emp,cal,0.999375,0.9993522569553437,0.0,0.0,1,4095.9999999999995,4096.0
WS(k=4;b=0.5),12,1,paper,raw,0.5506993014807932,0.7581552636592254,0.4027682889217683,0.0805536577843537,0,12.551959679065456,297437.9723573488
WS(k=4;b=0.5),12,1,paper,cal,0.9936047705390458,0.9924548355183282,0.0805536577843537,0.04027682889217682,0,12.551959679065456,297437.9723573488
WS(k=4;b=0.5),12,1,tri_init,raw,0.280422792440678,0.24209816630879377,0.1611073155687074,0.04027682889217682,0,7783.999999999999,7784.000000000001
WS(k=4;b=0.5),12,1,tri_init,cal,0.280422792440678,0.24209360412396208,0.1611073155687074,0.04027682889217682,0,7783.999999999999,7784.000000000001
WS(k=4;b=0.5),12,1,tri_25,raw,0.3456447754169094,0.3134323975521559,0.48332194670612205,0.966643893412244,0,10492.90266358452,10504.667423929961
WS(k=4;b=0.5),12,1,tri_25,cal,0.34563786309357397,0.3134209818091404,0.48332194670612205,0.966643893412244,0,10492.90266358452,10504.667423929961
WS(k=4;b=0.5),12,1,tri_50,raw,0.345643152371579,0.31343110356877424,0.48332194670612205,0.966643893412244,0,10492.885176766453,10504.651674223482
WS(k=4;b=0.5),12,1,tri_50,cal,0.345636241566903,0.3134147545293318,0.48332194670612205,0.966643893412244,0,10492.885176766453,10504.651674223482
WS(k=4;b=0.5),12,1,tri_fit,raw,0.3456420185858826,0.31342923837950115,0.48332194670612205,0.966643893412244,0,10492.860646355006,10504.628266819389
WS(k=4;b=0.5),12,1,tri_fit,cal,0.3456351095821862,0.31339864494640074,0.48332194670612205,0.966643893412244,0,10492.860646355006,10504.628266819389
WS(k=4;b=0.5),12,1,norm_init,raw,-0.033578422679608186,-0.417964635111238,0.5638756044904757,0.4430451178139452,0,4096.000043757046,4096.000043757046
WS(k=4;b=0.5),12,1,norm_init,cal,-0.0335784226796082,-0.41799014762394615,0.5638756044904757,0.48332194670612205,0,4096.000043757046,4096.000043757046
WS(k=4;b=0.5),12,1,norm_25,raw,0.39331358812744016,0.7461636076314815,0.5638756044904757,1.248581695657482,0,4029.3798236306047,4058.7644087453714
WS(k=4;b=0.5),12,1,norm_25,cal,0.3933186708871731,0.7461651038220922,0.5638756044904757,1.248581695657482,0,4029.3798236306047,4058.7644087453714
WS(k=4;b=0.5),12,1,norm_50,raw,0.3810744839683512,0.7448659301855601,0.5638756044904757,0.32221463113741466,0,4047.82582069932,4056.0767345019112
WS(k=4;b=0.5),12,1,norm_50,cal,0.38107503821544003,0.7448659301855601,0.5638756044904757,0.32221463113741466,0,4047.82582069932,4056.0767345019112
WS(k=4;b=0.5),12,1,norm_fit,raw,0.3805110546389359,0.7459935835755628,0.5638756044904757,0.32221463113741466,0,4050.654661352645,4064.1745434882723
WS(k=4;b=0.5),12,1,norm_fit,cal,0.38051282264291375,0.7459872503851694,0.5638756044904757,0.32221463113741466,0,4050.654661352645,4064.1745434882723
WS(k=4;b=0.5),12,2,emp,raw,0.9993750000000001,0.9993749999999998,0.0,0.0,1,4095.9999999999995,4096.0
WS(k=4;b=0.5),12,2,emp,cal,0.9993750000000001,0.9993749999999998,0.0,0.0,1,4095.9999999999995,4096.0
WS(k=4;b=0.5),12,2,paper,raw,0.5859434501519479,0.7704066452468805,0.32221463113741466,0.0805536577843537,0,12.551959679065456,297437.9723573488
WS(k=4;b=0.5),12,2,paper,cal,0.9901308255159652,0.9881662880290472,0.16110731556870733,0.04027682889217682,0,12.551959679065456,297437.9723573488
WS(k=4;b=0.5),12,2,tri_init,raw,0.2830213385882581,0.2472302210925018,0.1611073155687074,0.04027682889217682,0,7783.999999999999,7784.000000000001
WS(k=4;b=0.5),12,2,tri_init,cal,0.28302133858825806,0.24722674259776548,0.1611073155687074,0.04027682889217682,0,7783.999999999999,7784.000000000001
WS(k=4;b=0.5),12,2,tri_25,raw,0.319210890007348,0.29024798108811467,0.32221463113741466,0.966643893412244,0,9907.291553479048,9938.912183085218
WS(k=4;b=0.5),12,2,tri_25,cal,0.31919522944523926,0.29022776503595765,0.32221463113741466,0.966643893412244,0,9907.291553479048,9938.912183085218
WS(k=4;b=0.5),12,2,tri_50,raw,0.3192200353581867,0.2902609210832761,0.32221463113741466,0.966643893412244,0,9907.53487639747,9939.151753988534
WS(k=4;b=0.5),12,2,tri_50,cal,0.3192043936186244,0.29024355477081226,0.32221463113741466,0.966643893412244,0,9907.53487639747,9939.151753988534
WS(k=4;b=0.5),12,2,tri_fit,raw,0.31920934768506154,0.2902411957586708,0.32221463113741466,0.966643893412244,0,9907.389903810192,9938.967650872852
WS(k=4;b=0.5),12,2,tri_fit,cal,0.31919365767477625,0.29025191455496346,0.32221463113741466,0.966643893412244,0,9907.389903810192,9938.967650872852
WS(k=4;b=0.5),12,2,norm_init,raw,-0.045071340228277725,-0.4310586311616045,0.5638756044904757,0.4430451178139452,0,4096.000043757046,4096.000043757046
WS(k=4;b=0.5),12,2,norm_init,cal,-0.04507134022827775,-0.43108015092066393,0.5638756044904757,0.48332194670612205,0,4096.000043757046,4096.000043757046
WS(k=4;b=0.5),12,2,norm_25,raw,0.3906271848892837,0.7545647092090803,0.5638756044904757,0.32221463113741466,0,4063.112288086815,4072.802051030107
WS(k=4;b=0.5),12,2,norm_25,cal,0.3906284144750557,0.7545570378419547,0.5638756044904757,0.32221463113741466,0,4063.112288086815,4072.802051030107
WS(k=4;b=0.5),12,2,norm_50,raw,0.3906297337200554,0.7545587595075539,0.5638756044904757,0.32221463113741466,0,4063.1147916252257,4072.7999917916554
WS(k=4;b=0.5),12,2,norm_50,cal,0.39063096208681863,0.7545587595075539,0.5638756044904757,0.32221463113741466,0,4063.1147916252257,4072.7999917916554
WS(k=4;b=0.5),12,2,norm_fit,raw,0.3906297337200554,0.7545587595075539,0.5638756044904757,0.32221463113741466,0,4063.1147916252257,4072.7999917916554
WS(k=4;b=0.5),12,2,norm_fit,cal,0.39063096208681863,0.7545587595075539,0.5638756044904757,0.32221463113741466,0,4063.1147916252257,4072.7999917916554
WS(k=4;b=0.5),12,3,emp,raw,0.999375,0.999375,0.0,0.0,1,4096.0,4096.0
WS(k=4;b=0.5),12,3,emp,cal,0.999375,0.999375,0.0,0.0,1,4096.0,4096.0
WS(k=4;b=0.5),12,3,paper,raw,0.38131059289339925,0.6760647106420112,0.4027682889217683,0.12083048667653051,0,12.551959679065456,910903.7903443795
WS(k=4;b=0.5),12,3,paper,cal,0.9966681817463542,0.9967275204799092,0.0805536577843537,0.0,0,12.551959679065456,910903.7903443795
WS(k=4;b=0.5),12,3,tri_init,raw,0.27529487886259674,0.23832156521330425,0.24166097335306103,0.04027682889217682,0,7783.999999999999,7784.000000000001
WS(k=4;b=0.5),12,3,tri_init,cal,0.27529487886259657,0.2383162926128579,0.24166097335306103,0.04027682889217682,0,7783.999999999999,7784.000000000001
WS(k=4;b=0.5),12,3,tri_25,raw,0.3208095914765518,0.282953001935875,0.40276828892176836,0.04027682889217682,0,9316.37580239868,9344.136943153346
WS(k=4;b=0.5),12,3,tri_25,cal,0.3208168098975448,0.2829667227254267,0.40276828892176836,0.04027682889217682,0,9316.37580239868,9344.136943153346
WS(k=4;b=0.5),12,3,tri_50,raw,0.3208342613790426,0.28297333533284336,0.40276828892176836,0.04027682889217682,0,9317.266236150592,9345.067018828784
WS(k=4;b=0.5),12,3,tri_50,cal,0.32084152093054824,0.2829782452591497,0.40276828892176836,0.04027682889217682,0,9317.266236150592,9345.067018828784
WS(k=4;b=0.5),12,3,tri_fit,raw,0.3208216906196823,0.28297268854877516,0.40276828892176836,0.04027682889217682,0,9317.208852907661,9344.99405222781
WS(k=4;b=0.5),12,3,tri_fit,cal,0.320828926839506,0.28298856597429106,0.40276828892176836,0.04027682889217682,0,9317.208852907661,9344.99405222781
WS(k=4;b=0.5),12,3,norm_init,raw,-0.03691421631727569,-0.42426829699359153,0.5638756044904757,0.4430451178139452,0,4096.000043757046,4096.000043757046
WS(k=4;b=0.5),12,3,norm_init,cal,-0.036914216317275726,-0.4242908181812547,0.5638756044904757,0.48332194670612205,0,4096.000043757046,4096.000043757046
WS(k=4;b=0.5),12,3,norm_25,raw,0.39382014086571127,0.7583576017757412,0.5638756044904757,0.32221463113741466,0,4074.653776391771,4081.0404090437073
WS(k=4;b=0.5),12,3,norm_25,cal,0.39382102736535246,0.7583576017757412,0.5638756044904757,0.32221463113741466,0,4074.653776391771,4081.0404090437073
WS(k=4;b=0.5),12,3,norm_50,raw,0.39382520677055094,0.7583576017757412,0.5638756044904757,0.32221463113741466,0,4074.6572102411974,4081.0377562795575
WS(k=4;b=0.5),12,3,norm_50,cal,0.39382609149433684,0.7583490286633484,0.5638756044904757,0.32221463113741466,0,4074.6572102411974,4081.0377562795575
WS(k=4;b=0.5),12,3,norm_fit,raw,0.39382520677055094,0.7583576017757412,0.5638756044904757,0.32221463113741466,0,4074.6572102411974,4081.0377562795575
WS(k=4;b=0.5),12,3,norm_fit,cal,0.39382609149433684,0.7583490286633484,0.5638756044904757,0.32221463113741466,0,4074.6572102411974,4081.0377562795575
WS(k=4;b=0.5),12,4,emp,raw,0.999375,0.999375,0.0,0.0,1,4095.9999999999995,4096.0
WS(k=4;b=0.5),12,4,emp,cal,0.999375,0.9993606901722312,0.0,0.0,1,4095.9999999999995,4096.0
WS(k=4;b=0.5),12,4,paper,raw,0.5186901215384886,0.741307574580137,0.4027682889217683,0.0805536577843537,0,12.551959679065456,520516.4516253594
WS(k=4;b=0.5),12,4,paper,cal,0.9911703379755431,0.9899670944992629,0.16110731556870733,0.0,0,12.551959679065456,520516.4516253594
WS(k=4;b=0.5),12,4,tri_init,raw,0.27807559226538536,0.24474797455346808,0.1611073155687074,0.04027682889217682,0,7783.999999999999,7784.000000000001
WS(k=4;b=0.5),12,4,tri_init,cal,0.2780755922653853,0.2447457033513927,0.1611073155687074,0.04027682889217682,0,7783.999999999999,7784.000000000001
WS(k=4;b=0.5),12,4,tri_25,raw,0.3109903425861246,0.28127056688216406,0.40276828892176836,0.966643893412244,0,9340.849455340052,9365.590834539158
WS(k=4;b=0.5),12,4,tri_25,cal,0.310959257384061,0.2812670008612725,0.40276828892176836,0.966643893412244,0,9340.849455340052,9365.590834539158
WS(k=4;b=0.5),12,4,tri_50,raw,0.3109876884855867,0.2812811663143434,0.40276828892176836,0.966643893412244,0,9341.08164470015,9365.820290113794
WS(k=4;b=0.5),12,4,tri_50,cal,0.31095659013002963,0.28123950985615037,0.40276828892176836,0.966643893412244,0,9341.08164470015,9365.820290113794
WS(k=4;b=0.5),12,4,tri_fit,raw,0.3109753206321303,0.28126226118615855,0.40276828892176836,0.966643893412244,0,9341.048111332042,9365.80128232071
WS(k=4;b=0.5),12,4,tri_fit,cal,0.3109442040768433,0.2812323635897098,0.40276828892176836,0.966643893412244,0,9341.048111332042,9365.80128232071
WS(k=4;b=0.5),12,4,norm_init,raw,-0.04519857035597969,-0.4326370384399692,0.5638756044904757,0.4430451178139452,0,4096.000043757046,4096.000043757046
WS(k=4;b=0.5),12,4,norm_init,cal,-0.045198570355979725,-0.4326584042509666,0.5638756044904757,0.48332194670612205,0,4096.000043757046,4096.000043757046
WS(k=4;b=0.5),12,4,norm_25,raw,0.39743910221864737,0.7592544922774571,0.5638756044904757,0.32221463113741466,0,4071.77883000748,4079.155556824345
WS(k=4;b=0.5),12,4,norm_25,cal,0.39744007725614366,0.7592544922774571,0.5638756044904757,0.32221463113741466,0,4071.77883000748,4079.155556824345
WS(k=4;b=0.5),12,4,norm_50,raw,0.39743923464476444,0.7592544922774571,0.5638756044904757,0.32221463113741466,0,4071.7788747082122,4079.155404558505
WS(k=4;b=0.5),12,4,norm_50,cal,0.397440209622586,0.7592544922774571,0.5638756044904757,0.32221463113741466,0,4071.7788747082122,4079.155404558505
WS(k=4;b=0.5),12,4,norm_fit,raw,0.39743923464476444,0.7592544922774571,0.5638756044904757,0.32221463113741466,0,4071.7788747082122,4079.155404558505
WS(k=4;b=0.5),12,4,norm_fit,cal,0.397440209622586,0.7592544922774571,0.5638756044904757,0.32221463113741466,0,4071.7788747082122,4079.155404558505
WS(k=4;b=0.5),12,5,emp,raw,0.9993749999999999,0.999375,0.0,0.0,1,4095.9999999999995,4096.0
WS(k=4;b=0.5),12,5,emp,cal,0.9993749999999999,0.9993749985359478,0.0,0.0,1,4095.9999999999995,4096.0
WS(k=4;b=0.5),12,5,paper,raw,0.4135087897741673,0.6862533760054931,0.4027682889217683,0.0805536577843537,0,12.551959679065456,520516.4516253594
WS(k=4;b=0.5),12,5,paper,cal,0.9954293047488665,0.9958153460455287,0.0805536577843537,0.0,0,12.551959679065456,520516.4516253594
WS(k=4;b=0.5),12,5,tri_init,raw,0.26836210712898306,0.2361996182249757,0.1611073155687074,0.04027682889217682,0,7783.999999999999,7784.000000000001
WS(k=4;b=0.5),12,5,tri_init,cal,0.2683621071289832,0.23619668316000308,0.1611073155687074,0.04027682889217682,0,7783.999999999999,7784.000000000001
WS(k=4;b=0.5),12,5,tri_25,raw,0.304745389565769,0.27478912938931566,0.48332194670612205,0.966643893412244,0,9464.119794363995,9492.441312663766
WS(k=4;b=0.5),12,5,tri_25,cal,0.30472108973863155,0.2747557730977171,0.48332194670612205,0.966643893412244,0,9464.119794363995,9492.441312663766
WS(k=4;b=0.5),12,5,tri_50,raw,0.3047237935007163,0.2747677751964794,0.48332194670612205,0.966643893412244,0,9463.838602243548,9492.1894182558
WS(k=4;b=0.5),12,5,tri_50,cal,0.30469945252797964,0.2747252091594604,0.48332194670612205,0.966643893412244,0,9463.838602243548,9492.1894182558
WS(k=4;b=0.5),12,5,tri_fit,raw,0.3047272018640351,0.27477006201696474,0.48332194670612205,0.966643893412244,0,9463.932177658604,9492.281569649893
WS(k=4;b=0.5),12,5,tri_fit,cal,0.30470287220540526,0.27473157702658135,0.48332194670612205,0.966643893412244,0,9463.932177658604,9492.281569649893
WS(k=4;b=0.5),12,5,norm_init,raw,-0.041946678290636086,-0.43030332741430993,0.5638756044904757,0.4430451178139452,0,4096.000043757046,4096.000043757046
WS(k=4;b=0.5),12,5,norm_init,cal,-0.04194667829063611,-0.43032828739624107,0.5638756044904757,0.48332194670612205,0,4096.000043757046,4096.000043757046
WS(k=4;b=0.5),12,5,norm_25,raw,0.4017625200631378,0.7604738626178045,0.5638756044904757,0.32221463113741466,0,4075.7966755917273,4081.457355151323
WS(k=4;b=0.5),12,5,norm_25,cal,0.4017632336371216,0.7604738626178045,0.5638756044904757,0.32221463113741466,0,4075.7966755917273,4081.457355151323
WS(k=4;b=0.5),12,5,norm_50,raw,0.40176240389945167,0.7604738626178045,0.5638756044904757,0.32221463113741466,0,4075.7965925242056,4081.4574009242333
WS(k=4;b=0.5),12,5,norm_50,cal,0.4017631175070897,0.7604738626178045,0.5638756044904757,0.32221463113741466,0,4075.7965925242056,4081.4574009242333
WS(k=4;b=0.5),12,5,norm_fit,raw,0.40176240389945167,0.7604738626178045,0.5638756044904757,0.32221463113741466,0,4075.7965925242056,4081.4574009242333
WS(k=4;b=0.5),12,5,norm_fit,cal,0.4017631175070897,0.7604738626178045,0.5638756044904757,0.32221463113741466,0,4075.7965925242056,4081.4574009242333
WS(k=4;b=0.5),12,6,emp,raw,0.9993750000000002,0.999375,0.0,0.0,1,4095.9999999999995,4096.0
WS(k=4;b=0.5),12,6,emp,cal,0.9993749999999999,0.999375,0.0,0.0,1,4095.9999999999995,4096.0
WS(k=4;b=0.5),12,6,paper,raw,0.5949270601861203,0.7781613640664953,0.32221463113741466,0.0805536577843537,0,12.551959679065456,297437.9723573488
WS(k=4;b=0.5),12,6,paper,cal,0.9896388817857754,0.9874494222753658,0.16110731556870733,0.0,0,12.551959679065456,297437.9723573488
WS(k=4;b=0.5),12,6,tri_init,raw,0.2844918365994555,0.2463916612120046,0.1611073155687074,0.04027682889217682,0,7783.999999999999,7784.000000000001
WS(k=4;b=0.5),12,6,tri_init,cal,0.2844918365994555,0.24638759170418603,0.1611073155687074,0.04027682889217682,0,7783.999999999999,7784.000000000001
WS(k=4;b=0.5),12,6,tri_25,raw,0.33808494962284946,0.3081671794293919,0.40276828892176836,0.966643893412244,0,10454.055288359123,10475.316833882149
WS(k=4;b=0.5),12,6,tri_25,cal,0.3380793155622826,0.30817048796171104,0.40276828892176836,0.966643893412244,0,10454.055288359123,10475.316833882149
WS(k=4;b=0.5),12,6,tri_50,raw,0.33808297799810905,0.30816201002587407,0.40276828892176836,0.966643893412244,0,10454.0323260738,10475.292122936442
WS(k=4;b=0.5),12,6,tri_50,cal,0.33807734876440665,0.30816501472727764,0.40276828892176836,0.966643893412244,0,10454.0323260738,10475.292122936442
WS(k=4;b=0.5),12,6,tri_fit,raw,0.3380840550895718,0.3081666070032306,0.40276828892176836,0.966643893412244,0,10454.104233301296,10475.364367400858
WS(k=4;b=0.5),12,6,tri_fit,cal,0.33807842443474406,0.30816442866709015,0.40276828892176836,0.966643893412244,0,10454.104233301296,10475.364367400858
WS(k=4;b=0.5),12,6,norm_init,raw,-0.035293202798880124,-0.42020481387365594,0.5638756044904757,0.4430451178139452,0,4096.000043757046,4096.000043757046
WS(k=4;b=0.5),12,6,norm_init,cal,-0.03529320279888016,-0.4202307789259812,0.5638756044904757,0.48332194670612205,0,4096.000043757046,4096.000043757046
WS(k=4;b=0.5),12,6,norm_25,raw,0.3815428808713603,0.7497553506130565,0.5638756044904757,0.32221463113741466,0,4048.917273173476,4063.086546495717
WS(k=4;b=0.5),12,6,norm_25,cal,0.3815447527823373,0.7497590369220535,0.5638756044904757,0.32221463113741466,0,4048.917273173476,4063.086546495717
WS(k=4;b=0.5),12,6,norm_50,raw,0.38154227113795736,0.7497617599302882,0.5638756044904757,0.32221463113741466,0,4048.9184848447017,4063.0911225947593
WS(k=4;b=0.5),12,6,norm_50,cal,0.3815441441106727,0.7497570283374849,0.5638756044904757,0.32221463113741466,0,4048.9184848447017,4063.0911225947593
WS(k=4;b=0.5),12,6,norm_fit,raw,0.38154227113795736,0.7497617599302882,0.5638756044904757,0.32221463113741466,0,4048.9184848447017,4063.0911225947593
WS(k=4;b=0.5),12,6,norm_fit,cal,0.3815441441106727,0.7497570283374849,0.5638756044904757,0.32221463113741466,0,4048.9184848447017,4063.0911225947593
WS(k=4;b=0.5),12,7,emp,raw,0.9993749999999999,0.999375,0.0,0.0,1,4096.0,4096.0
WS(k=4;b=0.5),12,7,emp,cal,0.9993749999999999,0.999375,0.0,0.0,1,4096.0,4096.0
WS(k=4;b=0.5),12,7,paper,raw,0.3566997324786743,0.6622490178707291,0.48332194670612194,0.12083048667653051,0,12.551959679065456,910903.7903443795
WS(k=4;b=0.5),12,7,paper,cal,0.9968138635869586,0.9968462932601898,0.0805536577843537,0.0,0,12.551959679065456,910903.7903443795
WS(k=4;b=0.5),12,7,tri_init,raw,0.2734070341335536,0.23806057370454842,0.1611073155687074,0.04027682889217682,0,7783.999999999999,7784.000000000001
WS(k=4;b=0.5),12,7,tri_init,cal,0.2734070341335538,0.23806150188965464,0.1611073155687074,0.04027682889217682,0,7783.999999999999,7784.000000000001
WS(k=4;b=0.5),12,7,tri_25,raw,0.2990030172924444,0.2667867057610061,0.5638756044904757,0.04027682889217682,0,9035.697493523396,9044.815825357764
WS(k=4;b=0.5),12,7,tri_25,cal,0.2989977500193283,0.2668061918726091,0.5638756044904757,0.04027682889217682,0,9035.697493523396,9044.815825357764
WS(k=4;b=0.5),12,7,tri_50,raw,0.2990096067489726,0.266802244619734,0.5638756044904757,0.04027682889217682,0,9036.26273116051,9045.398492219763
WS(k=4;b=0.5),12,7,tri_50,cal,0.2990043242209437,0.26680880602475143,0.5638756044904757,0.04027682889217682,0,9036.26273116051,9045.398492219763
WS(k=4;b=0.5),12,7,tri_fit,raw,0.2990105347906912,0.26681343597397955,0.5638756044904757,0.04027682889217682,0,9036.521567900003,9045.65978530422
WS(k=4;b=0.5),12,7,tri_fit,cal,0.2990052470069793,0.266775116312717,0.5638756044904757,0.04027682889217682,0,9036.521567900003,9045.65978530422
WS(k=4;b=0.5),12,7,norm_init,raw,-0.03198150368659214,-0.41989475395754466,0.5638756044904757,0.4430451178139452,0,4096.000043757046,4096.000043757046
WS(k=4;b=0.5),12,7,norm_init,cal,-0.031981503686592166,-0.419919535737393,0.5638756044904757,0.48332194670612205,0,4096.000043757046,4096.000043757046
WS(k=4;b=0.5),12,7,norm_25,raw,0.3739053771591372,0.7638796567831886,0.5638756044904757,1.248581695657482,0,4012.72219505764,4091.2269429398166
WS(k=4;b=0.5),12,7,norm_25,cal,0.37405064229289187,0.7638691468660749,0.5638756044904757,1.248581695657482,0,4012.72219505764,4091.2269429398166
WS(k=4;b=0.5),12,7,norm_50,raw,0.39585296822200156,0.7629649031114609,0.5638756044904757,0.32221463113741466,0,4078.6089487199297,4083.778462172215
WS(k=4;b=0.5),12,7,norm_50,cal,0.3958536655929559,0.7629649031114609,0.5638756044904757,0.32221463113741466,0,4078.6089487199297,4083.778462172215
WS(k=4;b=0.5),12,7,norm_fit,raw,0.39559629387197387,0.762941335950896,0.5638756044904757,0.32221463113741466,0,4078.360192665563,4083.7735682427397
WS(k=4;b=0.5),12,7,norm_fit,cal,0.3955970558998315,0.762941335950896,0.5638756044904757,0.32221463113741466,0,4078.360192665563,4083.7735682427397
WS(k=4;b=0.5),12,8,emp,raw,0.9993749999999999,0.9993749999999999,0.0,0.0,1,4096.0,4096.0
WS(k=4;b=0.5),12,8,emp,cal,0.9993749999999999,0.9993749999999999,0.0,0.0,1,4096.0,4096.0
WS(k=4;b=0.5),12,8,paper,raw,0.47829170310232166,0.722177542014657,0.4027682889217683,0.0805536577843537,0,12.551959679065456,520516.4516253594
WS(k=4;b=0.5),12,8,paper,cal,0.9922004225241301,0.9912029633771166,0.0805536577843537,0.04027682889217682,0,12.551959679065456,520516.4516253594
WS(k=4;b=0.5),12,8,tri_init,raw,0.28018256247132245,0.2446634189804546,0.1611073155687074,0.04027682889217682,0,7783.999999999999,7784.000000000001
WS(k=4;b=0.5),12,8,tri_init,cal,0.2801825624713223,0.2446586668094211,0.1611073155687074,0.04027682889217682,0,7783.999999999999,7784.000000000001
WS(k=4;b=0.5),12,8,tri_25,raw,0.3114080574674995,0.28136471464569335,0.40276828892176836,0.966643893412244,0,8892.806263275592,8917.277877577455
WS(k=4;b=0.5),12,8,tri_25,cal,0.3113804504933834,0.28130972832974194,0.40276828892176836,0.966643893412244,0,8892.806263275592,8917.277877577455
WS(k=4;b=0.5),12,8,tri_50,raw,0.31143218754316876,0.28138465157539844,0.40276828892176836,0.966643893412244,0,8893.667078915885,8918.089553462574
WS(k=4;b=0.5),12,8,tri_50,cal,0.31140461778405193,0.2813617648944996,0.40276828892176836,0.966643893412244,0,8893.667078915885,8918.089553462574
WS(k=4;b=0.5),12,8,tri_fit,raw,0.31141332439111796,0.2813735678670645,0.40276828892176836,0.966643893412244,0,8893.655181071608,8918.121548931245
WS(k=4;b=0.5),12,8,tri_fit,cal,0.3113857228216173,0.2813018118379495,0.40276828892176836,0.966643893412244,0,8893.655181071608,8918.121548931245
WS(k=4;b=0.5),12,8,norm_init,raw,-0.04241652275158617,-0.4292113597798836,0.5638756044904757,0.4430451178139452,0,4096.000043757046,4096.000043757046
WS(k=4;b=0.5),12,8,norm_init,cal,-0.04241652275158621,-0.42923151526762665,0.5638756044904757,0.48332194670612205,0,4096.000043757046,4096.000043757046
WS(k=4;b=0.5),12,8,norm_25,raw,0.39359977660472917,0.7559525827162418,0.5638756044904757,0.32221463113741466,0,4070.5285288197038,4078.573345287272
WS(k=4;b=0.5),12,8,norm_25,cal,0.3936008996539821,0.7559525827162418,0.5638756044904757,0.32221463113741466,0,4070.5285288197038,4078.573345287272
WS(k=4;b=0.5),12,8,norm_50,raw,0.3936070568788265,0.7559597094609651,0.5638756044904757,0.32221463113741466,0,4070.532710370652,4078.566779931979
WS(k=4;b=0.5),12,8,norm_50,cal,0.393608176659865,0.7559641014564806,0.5638756044904757,0.32221463113741466,0,4070.532710370652,4078.566779931979
WS(k=4;b=0.5),12,8,norm_fit,raw,0.3936070568788265,0.7559597094609651,0.5638756044904757,0.32221463113741466,0,4070.532710370652,4078.566779931979
WS(k=4;b=0.5),12,8,norm_fit,cal,0.393608176659865,0.7559641014564806,0.5638756044904757,0.32221463113741466,0,4070.532710370652,4078.566779931979
WS(k=4;b=0.5),12,9,emp,raw,0.9993749999999999,0.9993750000000001,0.0,0.0,1,4096.0,4096.0
WS(k=4;b=0.5),12,9,emp,cal,0.9993749999999999,0.9993750000000001,0.0,0.0,1,4096.0,4096.0
WS(k=4;b=0.5),12,9,paper,raw,0.5633377940510899,0.7596580901518929,0.32221463113741466,0.12083048667653051,0,12.551959679065456,297437.9723573488
WS(k=4;b=0.5),12,9,paper,cal,0.9882749408771996,0.9871697339337735,0.16110731556870733,0.0,0,12.551959679065456,297437.9723573488
WS(k=4;b=0.5),12,9,tri_init,raw,0.2857741733316919,0.2491767260876037,0.08055365778435364,0.0,0,7783.999999999999,7784.000000000001
WS(k=4;b=0.5),12,9,tri_init,cal,0.28577417333169186,0.2491724364256788,0.08055365778435364,0.0,0,7783.999999999999,7784.000000000001
WS(k=4;b=0.5),12,9,tri_25,raw,0.3057494142457722,0.2785773216029369,0.0805536577843537,1.0069207223044208,0,9445.667980408905,9497.252332172482
WS(k=4;b=0.5),12,9,tri_25,cal,0.30571178432683505,0.2785488765261708,0.0805536577843537,1.0069207223044208,0,9445.667980408905,9497.252332172482
WS(k=4;b=0.5),12,9,tri_50,raw,0.30574590459934886,0.27856210663096564,0.0805536577843537,1.0069207223044208,0,9445.904929947304,9497.480554371337
WS(k=4;b=0.5),12,9,tri_50,cal,0.3057082745621215,0.2785470297229199,0.0805536577843537,1.0069207223044208,0,9445.904929947304,9497.480554371337
WS(k=4;b=0.5),12,9,tri_fit,raw,0.3057438596426717,0.27856967212855716,0.0805536577843537,1.0069207223044208,0,9446.057380244754,9497.639407814151
WS(k=4;b=0.5),12,9,tri_fit,cal,0.30570623386818724,0.27855023082236346,0.0805536577843537,1.0069207223044208,0,9446.057380244754,9497.639407814151
WS(k=4;b=0.5),12,9,norm_init,raw,-0.05590968349482856,-0.4439849551596462,0.5638756044904757,0.483321946706122,0,4096.000043757046,4096.000043757046
WS(k=4;b=0.5),12,9,norm_init,cal,-0.0559096834948286,-0.4440084280568346,0.5638756044904757,0.5235987755982989,0,4096.000043757046,4096.000043757046
WS(k=4;b=0.5),12,9,norm_25,raw,0.396225095685236,0.7553760725268541,0.5638756044904757,0.28193780224523785,0,4067.485967303512,4074.87793042739
WS(k=4;b=0.5),12,9,norm_25,cal,0.39622591635558546,0.7553760725268541,0.5638756044904757,0.28193780224523785,0,4067.485967303512,4074.87793042739
WS(k=4;b=0.5),12,9,norm_50,raw,0.39620871059403806,0.7554088426070562,0.5638756044904757,0.28193780224523785,0,4067.5173968740205,4074.9593902675215
WS(k=4;b=0.5),12,9,norm_50,cal,0.3962095449395598,0.7554088426070562,0.5638756044904757,0.28193780224523785,0,4067.5173968740205,4074.9593902675215
WS(k=4;b=0.5),12,9,norm_fit,raw,0.3962090927911992,0.7554088426070562,0.5638756044904757,0.28193780224523785,0,4067.517681679002,4074.9590554102115
WS(k=4;b=0.5),12,9,norm_fit,cal,0.39620992698936136,0.7554088426070562,0.5638756044904757,0.28193780224523785,0,4067.517681679002,4074.9590554102115
WS(k=4;b=0.5),12,10,emp,raw,0.9993750000000003,0.9993750000000001,0.0,0.0,1,4096.0,4096.0
WS(k=4;b=0.5),12,10,emp,cal,0.9993750000000003,0.9993750000000001,0.0,0.0,1,4096.0,4096.0
WS(k=4;b=0.5),12,10,paper,raw,0.5556075182893306,0.7578571380100234,0.32221463113741466,0.0805536577843537,0,12.551959679065456,297437.9723573488
WS(k=4;b=0.5),12,10,paper,cal,0.9922222252527911,0.9912190895536866,0.0805536577843537,0.04027682889217682,0,12.551959679065456,297437.9723573488
WS(k=4;b=0.5),12,10,tri_init,raw,0.2827747534543663,0.24599501338650537,0.1611073155687074,0.04027682889217682,0,7783.999999999999,7784.000000000001
WS(k=4;b=0.5),12,10,tri_init,cal,0.28277475345436653,0.24599136868866,0.1611073155687074,0.04027682889217682,0,7783.999999999999,7784.000000000001
WS(k=4;b=0.5),12,10,tri_25,raw,0.31531597156413615,0.2855477428219256,0.32221463113741466,0.966643893412244,0,9740.926425647693,9773.975551205403
WS(k=4;b=0.5),12,10,tri_25,cal,0.31527918936127725,0.2855281963168448,0.32221463113741466,0.966643893412244,0,9740.926425647693,9773.975551205403
WS(k=4;b=0.5),12,10,tri_50,raw,0.31531821206456817,0.2855589745173939,0.32221463113741466,0.966643893412244,0,9741.452845120919,9774.501258774082
WS(k=4;b=0.5),12,10,tri_50,cal,0.31528142819591337,0.2855283299045994,0.32221463113741466,0.966643893412244,0,9741.452845120919,9774.501258774082
WS(k=4;b=0.5),12,10,tri_fit,raw,0.3153246340369375,0.2855613098266381,0.32221463113741466,0.966643893412244,0,9741.721892212488,9774.75542624078
WS(k=4;b=0.5),12,10,tri_fit,cal,0.3152878641026746,0.2855411471555635,0.32221463113741466,0.966643893412244,0,9741.721892212488,9774.75542624078
WS(k=4;b=0.5),12,10,norm_init,raw,-0.04425415399353979,-0.4308701780002379,0.5638756044904757,0.4430451178139452,0,4096.000043757046,4096.000043757046
WS(k=4;b=0.5),12,10,norm_init,cal,-0.044254153993539824,-0.4308952169195359,0.5638756044904757,0.48332194670612205,0,4096.000043757046,4096.000043757046
WS(k=4;b=0.5),12,10,norm_25,raw,0.3908993080593971,0.7522718536267944,0.5638756044904757,0.32221463113741466,0,4064.4697932727136,4073.667035684058
WS(k=4;b=0.5),12,10,norm_25,cal,0.3909004740257474,0.7522688085266258,0.5638756044904757,0.32221463113741466,0,4064.4697932727136,4073.667035684058
WS(k=4;b=0.5),12,10,norm_50,raw,0.3909014846833451,0.7522743716903955,0.5638756044904757,0.32221463113741466,0,4064.473823158094,4073.6683951263035
WS(k=4;b=0.5),12,10,norm_50,cal,0.39090265005767816,0.7522754755392066,0.5638756044904757,0.32221463113741466,0,4064.473823158094,4073.6683951263035
WS(k=4;b=0.5),12,10,norm_fit,raw,0.3909014846833451,0.7522743716903955,0.5638756044904757,0.32221463113741466,0,4064.473823158094,4073.6683951263035
WS(k=4;b=0.5),12,10,norm_fit,cal,0.39090265005767816,0.7522754755392066,0.5638756044904757,0.32221463113741466,0,4064.473823158094,4073.6683951263035
WS(k=4;b=0.5),14,1,emp,raw,0.9993749999999998,0.9993750000000001,0.0,0.0,1,16383.999999999998,16384.0
WS(k=4;b=0.5),14,1,emp,cal,0.9993749999999998,0.9993749985359205,0.0,0.0,1,16383.999999999998,16384.0
WS(k=4;b=0.5),14,1,paper,raw,0.42013641831906384,0.6904180043260427,0.4027682889217683,0.12083048667653051,0,1.8080217932203557,4.49817700750636e7
WS(k=4;b=0.5),14,1,paper,cal,0.9906318636932033,0.989473893224502,0.16110731556870733,0.0,0,1.8080217932203557,4.49817700750636e7
WS(k=4;b=0.5),14,1,tri_init,raw,0.2762391548324359,0.2567787028134803,0.16110731556870733,0.04027682889217685,0,40984.0,40984.0
WS(k=4;b=0.5),14,1,tri_init,cal,0.27623915483243594,0.2567719293497994,0.16110731556870733,0.04027682889217685,0,40984.0,40984.0
WS(k=4;b=0.5),14,1,tri_25,raw,0.2890000781940695,0.27374559624186245,0.32221463113741466,1.0471975511965976,0,48291.970436928015,48473.340606451326
WS(k=4;b=0.5),14,1,tri_25,cal,0.2889791303857249,0.2737233738323295,0.32221463113741466,1.0471975511965976,0,48291.970436928015,48473.340606451326
WS(k=4;b=0.5),14,1,tri_50,raw,0.2890011265208744,0.27374404145791936,0.32221463113741466,1.0471975511965976,0,48292.19668017183,48473.58383224779
WS(k=4;b=0.5),14,1,tri_50,cal,0.2889801758829194,0.2737344816283919,0.32221463113741466,1.0471975511965976,0,48292.19668017183,48473.58383224779
WS(k=4;b=0.5),14,1,tri_fit,raw,0.28900078976395643,0.2737440484469853,0.32221463113741466,1.0471975511965976,0,48292.356968499895,48473.758096569625
WS(k=4;b=0.5),14,1,tri_fit,cal,0.28897983797011406,0.2737383607793097,0.32221463113741466,1.0471975511965976,0,48292.356968499895,48473.758096569625
WS(k=4;b=0.5),14,1,norm_init,raw,-0.04202311279123648,-0.44995702629270745,0.5638756044904757,0.5235987755982989,0,16384.00017532751,16384.00017532751
WS(k=4;b=0.5),14,1,norm_init,cal,-0.04202311279123649,-0.44995477849795196,0.5638756044904757,0.5235987755982989,0,16384.00017532751,16384.00017532751
WS(k=4;b=0.5),14,1,norm_25,raw,0.3746871085520037,0.7584341055235491,0.5638756044904757,0.28193780224523785,0,16283.686790567159,16340.558021560439
WS(k=4;b=0.5),14,1,norm_25,cal,0.37469072762893424,0.7584455950286834,0.5638756044904757,0.28193780224523785,0,16283.686790567159,16340.558021560439
WS(k=4;b=0.5),14,1,norm_50,raw,0.3805317389005562,0.7598952036971706,0.5638756044904757,0.28193780224523785,0,16307.317044927824,16336.18732444267
WS(k=4;b=0.5),14,1,norm_50,cal,0.3805326839572514,0.7598952036971706,0.5638756044904757,0.28193780224523785,0,16307.317044927824,16336.18732444267
WS(k=4;b=0.5),14,1,norm_fit,raw,0.38056536845571354,0.7599005033924542,0.5638756044904757,0.28193780224523785,0,16307.35699489946,16336.049440714816
WS(k=4;b=0.5),14,1,norm_fit,cal,0.38056630012787046,0.7599005033924542,0.5638756044904757,0.28193780224523785,0,16307.35699489946,16336.049440714816
WS(k=4;b=0.5),14,2,emp,raw,0.9993750000000001,0.999375,0.0,0.0,1,16383.999999999998,16384.0
WS(k=4;b=0.5),14,2,emp,cal,0.9993750000000001,0.999375,0.0,0.0,1,16383.999999999998,16384.0
WS(k=4;b=0.5),14,2,paper,raw,0.3267054363771076,0.642049232241172,0.4027682889217683,0.16110731556870733,0,1.8080217932203557,1.0120898266889316e8
WS(k=4;b=0.5),14,2,paper,cal,0.994137694780936,0.9946646801242951,0.16110731556870733,0.04027682889217682,0,1.8080217932203557,1.0120898266889316e8
WS(k=4;b=0.5),14,2,tri_init,raw,0.2710256510306212,0.2535065101459942,0.16110731556870733,0.04027682889217685,0,40984.0,40984.0
WS(k=4;b=0.5),14,2,tri_init,cal,0.27102565103062115,0.25350341242657043,0.16110731556870733,0.04027682889217685,0,40984.0,40984.0
WS(k=4;b=0.5),14,2,tri_25,raw,0.2896021630460429,0.2702708949216336,0.48332194670612205,1.0471975511965976,0,47401.23326897227,47504.46676189777
WS(k=4;b=0.5),14,2,tri_25,cal,0.28959353301415314,0.27024997377548504,0.48332194670612205,1.0471975511965976,0,47401.23326897227,47504.46676189777
WS(k=4;b=0.5),14,2,tri_50,raw,0.2896042112415794,0.2702714711912418,0.48332194670612205,1.0471975511965976,0,47401.509285630134,47504.77231556317
WS(k=4;b=0.5),14,2,tri_50,cal,0.2895955795735644,0.27027521642739055,0.48332194670612205,1.0471975511965976,0,47401.509285630134,47504.77231556317
WS(k=4;b=0.5),14,2,tri_fit,raw,0.28960246516652227,0.2702724760417173,0.48332194670612205,1.0471975511965976,0,47401.327740586334,47504.559749325665
WS(k=4;b=0.5),14,2,tri_fit,cal,0.2895938362556091,0.2702577666998143,0.48332194670612205,1.0471975511965976,0,47401.327740586334,47504.559749325665
WS(k=4;b=0.5),14,2,norm_init,raw,-0.04327868685404563,-0.4529768459255723,0.5638756044904757,0.5235987755982989,0,16384.00017532751,16384.00017532751
WS(k=4;b=0.5),14,2,norm_init,cal,-0.04327868685404561,-0.45297223341238224,0.5638756044904757,0.5235987755982989,0,16384.00017532751,16384.00017532751
WS(k=4;b=0.5),14,2,norm_25,raw,0.38387243648897906,0.7572053639623483,0.5638756044904757,0.28193780224523785,0,16315.213603325295,16340.408263441794
WS(k=4;b=0.5),14,2,norm_25,cal,0.38387325835170044,0.7572025472347641,0.5638756044904757,0.28193780224523785,0,16315.213603325295,16340.408263441794
WS(k=4;b=0.5),14,2,norm_50,raw,0.38362447465551114,0.7571562293411525,0.5638756044904757,0.28193780224523785,0,16314.576397183395,16340.789158971389
WS(k=4;b=0.5),14,2,norm_50,cal,0.3836253680956177,0.7571562293411525,0.5638756044904757,0.28193780224523785,0,16314.576397183395,16340.789158971389
WS(k=4;b=0.5),14,2,norm_fit,raw,0.383627394761813,0.7571562293411525,0.5638756044904757,0.28193780224523785,0,16314.585145473915,16340.786339749538
WS(k=4;b=0.5),14,2,norm_fit,cal,0.38362828739666366,0.7571562293411525,0.5638756044904757,0.28193780224523785,0,16314.585145473915,16340.786339749538
WS(k=4;b=0.5),14,3,emp,raw,0.9993750000000001,0.9993750000000001,0.0,0.0,1,16384.0,16384.0
WS(k=4;b=0.5),14,3,emp,cal,0.9993750000000001,0.9993750000000001,0.0,0.0,1,16384.0,16384.0
WS(k=4;b=0.5),14,3,paper,raw,0.4433352212809496,0.7036391560056134,0.4027682889217683,0.12083048667653051,0,1.8080217932203557,4.49817700750636e7
WS(k=4;b=0.5),14,3,paper,cal,0.9876870354875397,0.9859854231832303,0.16110731556870733,0.0,0,1.8080217932203557,4.49817700750636e7
WS(k=4;b=0.5),14,3,tri_init,raw,0.28139099587912914,0.2601672017098045,0.16110731556870733,0.04027682889217685,0,40984.0,40984.0
WS(k=4;b=0.5),14,3,tri_init,cal,0.28139099587912897,0.2601631962775648,0.16110731556870733,0.04027682889217685,0,40984.0,40984.0
WS(k=4;b=0.5),14,3,tri_25,raw,0.2918716725198934,0.27593977245658685,0.24166097335306103,1.0471975511965976,0,47675.19653545588,47870.891348886566
WS(k=4;b=0.5),14,3,tri_25,cal,0.2918512149255483,0.27593573812742606,0.24166097335306103,1.0471975511965976,0,47675.19653545588,47870.891348886566
WS(k=4;b=0.5),14,3,tri_50,raw,0.29187089235296615,0.2759380822545248,0.24166097335306103,1.0471975511965976,0,47675.11283167177,47870.80214055766
WS(k=4;b=0.5),14,3,tri_50,cal,0.2918504365402355,0.2759337784520999,0.24166097335306103,1.0471975511965976,0,47675.11283167177,47870.80214055766
WS(k=4;b=0.5),14,3,tri_fit,raw,0.2918714726931145,0.2759380879084674,0.24166097335306103,1.0471975511965976,0,47675.19502963453,47870.88563736573
WS(k=4;b=0.5),14,3,tri_fit,cal,0.2918510158947143,0.275938733979765,0.24166097335306103,1.0471975511965976,0,47675.19502963453,47870.88563736573
WS(k=4;b=0.5),14,3,norm_init,raw,-0.0440333504809034,-0.4502629552602306,0.5638756044904757,0.5235987755982989,0,16384.00017532751,16384.00017532751
WS(k=4;b=0.5),14,3,norm_init,cal,-0.04403335048090342,-0.45025910687548953,0.5638756044904757,0.5235987755982989,0,16384.00017532751,16384.00017532751
WS(k=4;b=0.5),14,3,norm_25,raw,0.3789253586766449,0.7613290713765544,0.5638756044904757,0.28193780224523785,0,16307.609286258437,16335.921330531273
WS(k=4;b=0.5),14,3,norm_25,cal,0.3789262669012237,0.7613290713765544,0.5638756044904757,0.28193780224523785,0,16307.609286258437,16335.921330531273
WS(k=4;b=0.5),14,3,norm_50,raw,0.37891866820817066,0.7613250658691214,0.5638756044904757,0.28193780224523785,0,16307.536826749083,16335.852883268986
WS(k=4;b=0.5),14,3,norm_50,cal,0.3789195755662722,0.7613250658691214,0.5638756044904757,0.28193780224523785,0,16307.536826749083,16335.852883268986
WS(k=4;b=0.5),14,3,norm_fit,raw,0.37891866798731416,0.7613250658691214,0.5638756044904757,0.28193780224523785,0,16307.53683070846,16335.852890398472
WS(k=4;b=0.5),14,3,norm_fit,cal,0.378919575345719,0.7613250658691214,0.5638756044904757,0.28193780224523785,0,16307.53683070846,16335.852890398472
WS(k=4;b=0.5),14,4,emp,raw,0.9993750000000001,0.9993750000000001,0.0,0.0,1,16384.0,16384.0
WS(k=4;b=0.5),14,4,emp,cal,0.9993750000000001,0.9993750000000001,0.0,0.0,1,16384.0,16384.0
WS(k=4;b=0.5),14,4,paper,raw,0.2753510708943564,0.6136777016347091,0.48332194670612194,0.16110731556870733,0,1.8080217932203557,2.2772021100500798e8
WS(k=4;b=0.5),14,4,paper,cal,0.9936194217411685,0.9937221087195239,0.16110731556870733,0.04027682889217682,0,1.8080217932203557,2.2772021100500798e8
WS(k=4;b=0.5),14,4,tri_init,raw,0.2703847012976471,0.25255914498336696,0.16110731556870733,0.04027682889217685,0,40984.0,40984.0
WS(k=4;b=0.5),14,4,tri_init,cal,0.27038470129764725,0.25255552313574425,0.16110731556870733,0.04027682889217685,0,40984.0,40984.0
WS(k=4;b=0.5),14,4,tri_25,raw,0.27624966930284045,0.2578714282042833,0.48332194670612205,1.0471975511965976,0,45217.08385356893,45318.23257808664
WS(k=4;b=0.5),14,4,tri_25,cal,0.2762352848543585,0.2578656594735377,0.48332194670612205,1.0471975511965976,0,45217.08385356893,45318.23257808664
WS(k=4;b=0.5),14,4,tri_50,raw,0.27625138816404377,0.25787373603965047,0.48332194670612205,1.0471975511965976,0,45217.68766080432,45318.80569041612
WS(k=4;b=0.5),14,4,tri_50,cal,0.2762370093955997,0.2578616581111157,0.48332194670612205,1.0471975511965976,0,45217.68766080432,45318.80569041612
WS(k=4;b=0.5),14,4,tri_fit,raw,0.27625158559599405,0.25787373823567733,0.48332194670612205,1.0471975511965976,0,45217.77178557553,45318.88263810138
WS(k=4;b=0.5),14,4,tri_fit,cal,0.27623720709676175,0.2578689662862445,0.48332194670612205,1.0471975511965976,0,45217.77178557553,45318.88263810138
WS(k=4;b=0.5),14,4,norm_init,raw,-0.041423996744825664,-0.45108926687658657,0.5638756044904757,0.5235987755982989,0,16384.00017532751,16384.00017532751
WS(k=4;b=0.5),14,4,norm_init,cal,-0.04142399674482566,-0.45108488515728407,0.5638756044904757,0.5235987755982989,0,16384.00017532751,16384.00017532751
WS(k=4;b=0.5),14,4,norm_25,raw,0.3889697297089458,0.7611920521689655,0.5638756044904757,0.28193780224523785,0,16342.440606780117,16357.769276927205
WS(k=4;b=0.5),14,4,norm_25,cal,0.38897022782245005,0.7611939026703088,0.5638756044904757,0.28193780224523785,0,16342.440606780117,16357.769276927205
WS(k=4;b=0.5),14,4,norm_50,raw,0.38897144092254954,0.7612128878771294,0.5638756044904757,0.28193780224523785,0,16342.434823565196,16357.758206042672
WS(k=4;b=0.5),14,4,norm_50,cal,0.3889719385200881,0.7612128878771294,0.5638756044904757,0.28193780224523785,0,16342.434823565196,16357.758206042672
WS(k=4;b=0.5),14,4,norm_fit,raw,0.3889714409494467,0.7612128878771294,0.5638756044904757,0.28193780224523785,0,16342.434823418895,16357.758205805869
WS(k=4;b=0.5),14,4,norm_fit,cal,0.3889719385469756,0.7612128878771294,0.5638756044904757,0.28193780224523785,0,16342.434823418895,16357.758205805869
WS(k=4;b=0.5),14,5,emp,raw,0.9993749999999999,0.999375,0.0,0.0,1,16383.999999999998,16384.0
WS(k=4;b=0.5),14,5,emp,cal,0.9993749999999999,0.999375,0.0,0.0,1,16383.999999999998,16384.0
WS(k=4;b=0.5),14,5,paper,raw,0.4108934617833459,0.6845180552699052,0.4027682889217683,0.12083048667653051,0,1.8080217932203557,4.49817700750636e7
WS(k=4;b=0.5),14,5,paper,cal,0.9925997955248234,0.9918955062485884,0.16110731556870733,0.0,0,1.8080217932203557,4.49817700750636e7
WS(k=4;b=0.5),14,5,tri_init,raw,0.2752493021014612,0.25531862476759953,0.16110731556870733,0.04027682889217685,0,40984.0,40984.0
WS(k=4;b=0.5),14,5,tri_init,cal,0.27524930210146126,0.2553152501070842,0.16110731556870733,0.04027682889217685,0,40984.0,40984.0
WS(k=4;b=0.5),14,5,tri_25,raw,0.28867351721955237,0.27228205393683236,0.32221463113741466,1.0471975511965976,0,47893.72265155418,48053.61824450841
WS(k=4;b=0.5),14,5,tri_25,cal,0.28865397646763147,0.27227696037465077,0.32221463113741466,1.0471975511965976,0,47893.72265155418,48053.61824450841
WS(k=4;b=0.5),14,5,tri_50,raw,0.2886740637662175,0.27228205393683236,0.32221463113741466,1.0471975511965976,0,47893.891909808575,48053.7964950189
WS(k=4;b=0.5),14,5,tri_50,cal,0.28865452164178323,0.2722751486543011,0.32221463113741466,1.0471975511965976,0,47893.891909808575,48053.7964950189
WS(k=4;b=0.5),14,5,tri_fit,raw,0.288674650713185,0.2722817464947396,0.32221463113741466,1.0471975511965976,0,47894.044708346206,48053.953049574346
WS(k=4;b=0.5),14,5,tri_fit,cal,0.28865510775171166,0.27227390666278706,0.32221463113741466,1.0471975511965976,0,47894.044708346206,48053.953049574346
WS(k=4;b=0.5),14,5,norm_init,raw,-0.04194193177320985,-0.4503472508796451,0.5638756044904757,0.5235987755982989,0,16384.00017532751,16384.00017532751
WS(k=4;b=0.5),14,5,norm_init,cal,-0.04194193177320987,-0.45034321093546387,0.5638756044904757,0.5235987755982989,0,16384.00017532751,16384.00017532751
WS(k=4;b=0.5),14,5,norm_25,raw,0.38048321851779426,0.759121585185998,0.5638756044904757,0.28193780224523785,0,16307.802087567408,16337.30163844224
WS(k=4;b=0.5),14,5,norm_25,cal,0.3804842273291008,0.75912082097885,0.5638756044904757,0.28193780224523785,0,16307.802087567408,16337.30163844224
WS(k=4;b=0.5),14,5,norm_50,raw,0.38064930643331063,0.7591024331593491,0.5638756044904757,0.28193780224523785,0,16307.93441117127,16336.536658163684
WS(k=4;b=0.5),14,5,norm_50,cal,0.38065024440852835,0.7591024331593491,0.5638756044904757,0.28193780224523785,0,16307.93441117127,16336.536658163684
WS(k=4;b=0.5),14,5,norm_fit,raw,0.38064927777000523,0.7591024331593491,0.5638756044904757,0.28193780224523785,0,16307.93434611663,16336.536728571155
WS(k=4;b=0.5),14,5,norm_fit,cal,0.3806502157548688,0.7591024331593491,0.5638756044904757,0.28193780224523785,0,16307.93434611663,16336.536728571155
WS(k=4;b=0.5),14,6,emp,raw,0.9993750000000001,0.999375,0.0,0.0,1,16383.999999999998,16384.0
WS(k=4;b=0.5),14,6,emp,cal,0.9993750000000001,0.9993425480858872,0.0,0.0,1,16383.999999999998,16384.0
WS(k=4;b=0.5),14,6,paper,raw,0.34439059631753,0.6561737649199647,0.4027682889217683,0.12083048667653051,0,1.8080217932203557,1.0120898266889316e8
WS(k=4;b=0.5),14,6,paper,cal,0.9945457625223745,0.9945051901011135,0.0805536577843537,0.04027682889217682,0,1.8080217932203557,1.0120898266889316e8
WS(k=4;b=0.5),14,6,tri_init,raw,0.27695818014339246,0.2540480402592862,0.16110731556870733,0.08055365778435367,0,40984.0,40984.0
WS(k=4;b=0.5),14,6,tri_init,cal,0.2769581801433926,0.2540459245866155,0.16110731556870733,0.08055365778435367,0,40984.0,40984.0
WS(k=4;b=0.5),14,6,tri_25,raw,0.2862078867155387,0.26418115623718713,0.40276828892176836,1.0069207223044208,0,46387.187629745495,46486.118663714435
WS(k=4;b=0.5),14,6,tri_25,cal,0.2862056313176732,0.2641719313870072,0.40276828892176836,1.0069207223044208,0,46387.187629745495,46486.118663714435
WS(k=4;b=0.5),14,6,tri_50,raw,0.2862061605837505,0.2641813130794196,0.40276828892176836,1.0069207223044208,0,46387.10023654043,46486.03427898553
WS(k=4;b=0.5),14,6,tri_50,cal,0.2862039045085689,0.2641787314575153,0.40276828892176836,1.0069207223044208,0,46387.10023654043,46486.03427898553
WS(k=4;b=0.5),14,6,tri_fit,raw,0.28620637317379277,0.264181301905872,0.40276828892176836,1.0069207223044208,0,46387.383594659084,46486.327531581264
WS(k=4;b=0.5),14,6,tri_fit,cal,0.28620411821918307,0.2641732859080285,0.40276828892176836,1.0069207223044208,0,46387.383594659084,46486.327531581264
WS(k=4;b=0.5),14,6,norm_init,raw,-0.03775503785454352,-0.44386055609356834,0.5638756044904757,0.48332194670612205,0,16384.00017532751,16384.00017532751
WS(k=4;b=0.5),14,6,norm_init,cal,-0.037755037854543545,-0.4438568521936367,0.5638756044904757,0.48332194670612205,0,16384.00017532751,16384.00017532751
WS(k=4;b=0.5),14,6,norm_25,raw,0.3683310867583318,0.7580677668659069,0.5638756044904757,0.32221463113741466,0,16279.225994634486,16357.26658169105
WS(k=4;b=0.5),14,6,norm_25,cal,0.3683403737019125,0.7580670348694655,0.5638756044904757,0.32221463113741466,0,16279.225994634486,16357.26658169105
WS(k=4;b=0.5),14,6,norm_50,raw,0.3800565135081989,0.760180532586686,0.5638756044904757,0.32221463113741466,0,16326.304451839284,16349.509128550622
WS(k=4;b=0.5),14,6,norm_50,cal,0.38005734630048993,0.760180532586686,0.5638756044904757,0.32221463113741466,0,16326.304451839284,16349.509128550622
WS(k=4;b=0.5),14,6,norm_fit,raw,0.38025588623569107,0.7601896181265168,0.5638756044904757,0.32221463113741466,0,16326.162322792561,16348.526422256116
WS(k=4;b=0.5),14,6,norm_fit,cal,0.3802566440183379,0.7601896181265168,0.5638756044904757,0.32221463113741466,0,16326.162322792561,16348.526422256116
WS(k=4;b=0.5),14,7,emp,raw,0.9993749999999999,0.9993750000000001,0.0,0.0,1,16383.999999999998,16384.0
WS(k=4;b=0.5),14,7,emp,cal,0.9993749999999999,0.9993750000000001,0.0,0.0,1,16383.999999999998,16384.0
WS(k=4;b=0.5),14,7,paper,raw,0.22045079969713982,0.5876594341158476,0.48332194670612194,0.16110731556870733,0,1.8080217932203557,1.1528335682128568e9
WS(k=4;b=0.5),14,7,paper,cal,0.9973695352224671,0.9976602979399235,0.0805536577843537,0.040276828892176875,0,1.8080217932203557,1.1528335682128568e9
WS(k=4;b=0.5),14,7,tri_init,raw,0.27088719207714596,0.24825551758015876,0.16110731556870733,0.08055365778435367,0,40984.0,40984.0
WS(k=4;b=0.5),14,7,tri_init,cal,0.270887192077146,0.2482541316474174,0.16110731556870733,0.08055365778435367,0,40984.0,40984.0
WS(k=4;b=0.5),14,7,tri_25,raw,0.27835570807898957,0.25425144652176657,0.48332194670612205,0.08055365778435367,0,44194.90884860235,44360.52501922098
WS(k=4;b=0.5),14,7,tri_25,cal,0.27836787093198995,0.25427018946587004,0.48332194670612205,0.08055365778435367,0,44194.90884860235,44360.52501922098
WS(k=4;b=0.5),14,7,tri_50,raw,0.2783554014367138,0.25425082065692006,0.48332194670612205,0.08055365778435367,0,44194.997512805676,44360.60309366811
WS(k=4;b=0.5),14,7,tri_50,cal,0.27836756201933965,0.25426599873791395,0.48332194670612205,0.08055365778435367,0,44194.997512805676,44360.60309366811
WS(k=4;b=0.5),14,7,tri_fit,raw,0.27835451476344464,0.25425070847382986,0.48332194670612205,0.08055365778435367,0,44194.78249968166,44360.40943473715
WS(k=4;b=0.5),14,7,tri_fit,cal,0.2783666748481127,0.2542484586975959,0.48332194670612205,0.08055365778435367,0,44194.78249968166,44360.40943473715
WS(k=4;b=0.5),14,7,norm_init,raw,-0.030667007073308983,-0.43832324682445206,0.5638756044904757,0.48332194670612205,0,16384.00017532751,16384.00017532751
WS(k=4;b=0.5),14,7,norm_init,cal,-0.030667007073309,-0.43832264781913327,0.5638756044904757,0.48332194670612205,0,16384.00017532751,16384.00017532751
WS(k=4;b=0.5),14,7,norm_25,raw,0.38311591959532443,0.7555509398031401,0.5638756044904757,0.32221463113741466,0,16349.87849263374,16362.612846679365
WS(k=4;b=0.5),14,7,norm_25,cal,0.38311634262377164,0.7555509398031401,0.5638756044904757,0.32221463113741466,0,16349.87849263374,16362.612846679365
WS(k=4;b=0.5),14,7,norm_50,raw,0.38311590906638143,0.7555509398031401,0.5638756044904757,0.32221463113741466,0,16349.878491210646,16362.612868030092
WS(k=4;b=0.5),14,7,norm_50,cal,0.38311633209665213,0.7555509398031401,0.5638756044904757,0.32221463113741466,0,16349.878491210646,16362.612868030092
WS(k=4;b=0.5),14,7,norm_fit,raw,0.38311590906638143,0.7555509398031401,0.5638756044904757,0.32221463113741466,0,16349.878491210646,16362.612868030092
WS(k=4;b=0.5),14,7,norm_fit,cal,0.38311633209665213,0.7555509398031401,0.5638756044904757,0.32221463113741466,0,16349.878491210646,16362.612868030092
WS(k=4;b=0.5),14,8,emp,raw,0.9993749999999997,0.9993750000000002,0.0,0.0,1,16383.999999999998,16384.0
WS(k=4;b=0.5),14,8,emp,cal,0.9993749999999999,0.9993352007780235,0.0,0.0,1,16383.999999999998,16384.0
WS(k=4;b=0.5),14,8,paper,raw,0.3586101301390253,0.6629192450056611,0.4027682889217683,0.0805536577843537,0,1.8080217932203557,1.0120898266889316e8
WS(k=4;b=0.5),14,8,paper,cal,0.9922747519145434,0.9912008141329282,0.16110731556870733,0.0,0,1.8080217932203557,1.0120898266889316e8
WS(k=4;b=0.5),14,8,tri_init,raw,0.2801331738985245,0.2577521834803452,0.16110731556870733,0.08055365778435367,0,40984.0,40984.0
WS(k=4;b=0.5),14,8,tri_init,cal,0.28013317389852443,0.25775030076723243,0.16110731556870733,0.08055365778435367,0,40984.0,40984.0
WS(k=4;b=0.5),14,8,tri_25,raw,0.28956936850413645,0.2686786398644173,0.40276828892176836,1.0069207223044208,0,46654.0202102237,46777.77758598009
WS(k=4;b=0.5),14,8,tri_25,cal,0.2895671215603808,0.2686658628049366,0.40276828892176836,1.0069207223044208,0,46654.0202102237,46777.77758598009
WS(k=4;b=0.5),14,8,tri_50,raw,0.28956874805136745,0.268678486144867,0.40276828892176836,1.0069207223044208,0,46653.96722607213,46777.72179851542
WS(k=4;b=0.5),14,8,tri_50,cal,0.28956650089175034,0.2686692368194642,0.40276828892176836,1.0069207223044208,0,46653.96722607213,46777.72179851542
WS(k=4;b=0.5),14,8,tri_fit,raw,0.28956944613402463,0.2686802661668682,0.40276828892176836,1.0069207223044208,0,46654.024790007505,46777.77050338615
WS(k=4;b=0.5),14,8,tri_fit,cal,0.2895671988466901,0.2686673597905778,0.40276828892176836,1.0069207223044208,0,46654.024790007505,46777.77050338615
WS(k=4;b=0.5),14,8,norm_init,raw,-0.03763905029068493,-0.4430160211358061,0.5638756044904757,0.48332194670612205,0,16384.00017532751,16384.00017532751
WS(k=4;b=0.5),14,8,norm_init,cal,-0.037639050290684935,-0.4430152814170261,0.5638756044904757,0.48332194670612205,0,16384.00017532751,16384.00017532751
WS(k=4;b=0.5),14,8,norm_25,raw,0.3781320480875664,0.7616703923207488,0.5638756044904757,0.32221463113741466,0,16322.252245415819,16346.49341162453
WS(k=4;b=0.5),14,8,norm_25,cal,0.37813287282714947,0.7616703923207488,0.5638756044904757,0.32221463113741466,0,16322.252245415819,16346.49341162453
WS(k=4;b=0.5),14,8,norm_50,raw,0.3781232298326574,0.7616778527763794,0.5638756044904757,0.32221463113741466,0,16322.221683684942,16346.492615405949
WS(k=4;b=0.5),14,8,norm_50,cal,0.3781240564709066,0.7616778527763794,0.5638756044904757,0.32221463113741466,0,16322.221683684942,16346.492615405949
WS(k=4;b=0.5),14,8,norm_fit,raw,0.3781232298326574,0.7616778527763794,0.5638756044904757,0.32221463113741466,0,16322.221683684942,16346.492615405949
WS(k=4;b=0.5),14,8,norm_fit,cal,0.3781240564709066,0.7616778527763794,0.5638756044904757,0.32221463113741466,0,16322.221683684942,16346.492615405949
WS(k=4;b=0.5),14,9,emp,raw,0.999375,0.9993749999999999,0.0,0.0,1,16383.999999999998,16384.0
WS(k=4;b=0.5),14,9,emp,cal,0.999375,0.9993749999999999,0.0,0.0,1,16383.999999999998,16384.0
WS(k=4;b=0.5),14,9,paper,raw,0.3391387183601958,0.6508415745680248,0.4027682889217683,0.12083048667653051,0,1.8080217932203557,1.0120898266889316e8
WS(k=4;b=0.5),14,9,paper,cal,0.9958160833492181,0.9957498599289993,0.0805536577843537,0.04027682889217682,0,1.8080217932203557,1.0120898266889316e8
WS(k=4;b=0.5),14,9,tri_init,raw,0.27032943120337266,0.2469050102283298,0.16110731556870733,0.08055365778435367,0,40984.0,40984.0
WS(k=4;b=0.5),14,9,tri_init,cal,0.27032943120337255,0.24690127564261682,0.16110731556870733,0.08055365778435367,0,40984.0,40984.0
WS(k=4;b=0.5),14,9,tri_25,raw,0.2820144875987607,0.25904934139806474,0.40276828892176836,1.0069207223044208,0,46106.758733834766,46205.2550908541
WS(k=4;b=0.5),14,9,tri_25,cal,0.28201304573949765,0.2590534306679242,0.40276828892176836,1.0069207223044208,0,46106.758733834766,46205.2550908541
WS(k=4;b=0.5),14,9,tri_50,raw,0.2820143752594048,0.2590493499924425,0.40276828892176836,1.0069207223044208,0,46106.73583527488,46205.22927982814
WS(k=4;b=0.5),14,9,tri_50,cal,0.282012933599286,0.25904482573341775,0.40276828892176836,1.0069207223044208,0,46106.73583527488,46205.22927982814
WS(k=4;b=0.5),14,9,tri_fit,raw,0.28201436985327016,0.2590493428620839,0.40276828892176836,1.0069207223044208,0,46106.73106105758,46205.22352104657
WS(k=4;b=0.5),14,9,tri_fit,cal,0.2820129282323172,0.25905128961446233,0.40276828892176836,1.0069207223044208,0,46106.73106105758,46205.22352104657
WS(k=4;b=0.5),14,9,norm_init,raw,-0.02889158639896825,-0.4363594327959751,0.5638756044904757,0.48332194670612205,0,16384.00017532751,16384.00017532751
WS(k=4;b=0.5),14,9,norm_init,cal,-0.02889158639896826,-0.43635650822063665,0.5638756044904757,0.48332194670612205,0,16384.00017532751,16384.00017532751
WS(k=4;b=0.5),14,9,norm_25,raw,0.3788201636824822,0.7579128264229307,0.5638756044904757,0.32221463113741466,0,16323.030775611138,16347.156164032285
WS(k=4;b=0.5),14,9,norm_25,cal,0.3788210100563639,0.757913429592677,0.5638756044904757,0.32221463113741466,0,16323.030775611138,16347.156164032285
WS(k=4;b=0.5),14,9,norm_50,raw,0.3788220591504712,0.757913429592677,0.5638756044904757,0.32221463113741466,0,16323.035227765882,16347.153632437223
WS(k=4;b=0.5),14,9,norm_50,cal,0.37882290500889604,0.757913429592677,0.5638756044904757,0.32221463113741466,0,16323.035227765882,16347.153632437223
WS(k=4;b=0.5),14,9,norm_fit,raw,0.37882212901301987,0.757913429592677,0.5638756044904757,0.32221463113741466,0,16323.0350436645,16347.153095298665
WS(k=4;b=0.5),14,9,norm_fit,cal,0.3788229748372263,0.757913429592677,0.5638756044904757,0.32221463113741466,0,16323.0350436645,16347.153095298665
WS(k=4;b=0.5),14,10,emp,raw,0.999375,0.9993750000000001,0.0,0.0,1,16383.999999999998,16384.0
WS(k=4;b=0.5),14,10,emp,cal,0.9993749999999998,0.9993750000000001,0.0,0.0,1,16383.999999999998,16384.0
WS(k=4;b=0.5),14,10,paper,raw,0.2844110204763921,0.6253235982918423,0.48332194670612194,0.12083048667653051,0,1.8080217932203557,2.2772021100500798e8
WS(k=4;b=0.5),14,10,paper,cal,0.9957502832076908,0.9959446907216555,0.0805536577843537,0.0,0,1.8080217932203557,2.2772021100500798e8
WS(k=4;b=0.5),14,10,tri_init,raw,0.2747677315891534,0.25148557108959635,0.16110731556870733,0.08055365778435367,0,40984.0,40984.0
WS(k=4;b=0.5),14,10,tri_init,cal,0.2747677315891535,0.2514822579924705,0.16110731556870733,0.08055365778435367,0,40984.0,40984.0
WS(k=4;b=0.5),14,10,tri_25,raw,0.28199611669983027,0.25736041441678337,0.5638756044904757,1.0069207223044208,0,44968.71116711432,45073.392056617355
WS(k=4;b=0.5),14,10,tri_25,cal,0.28199178463952546,0.257323976021006,0.5638756044904757,1.0069207223044208,0,44968.71116711432,45073.392056617355
WS(k=4;b=0.5),14,10,tri_50,raw,0.2819911269846685,0.2573618850358475,0.5638756044904757,1.0069207223044208,0,44967.80640019136,45072.51894461624
WS(k=4;b=0.5),14,10,tri_50,cal,0.2819867822110435,0.2573295340810388,0.5638756044904757,1.0069207223044208,0,44967.80640019136,45072.51894461624
WS(k=4;b=0.5),14,10,tri_fit,raw,0.28198922860385583,0.25735964029942954,0.5638756044904757,1.0069207223044208,0,44967.394588487776,45072.120967146984
WS(k=4;b=0.5),14,10,tri_fit,cal,0.28198488013622336,0.25731974612930586,0.5638756044904757,1.0069207223044208,0,44967.394588487776,45072.120967146984
WS(k=4;b=0.5),14,10,norm_init,raw,-0.03636503132565512,-0.4425338380327655,0.5638756044904757,0.48332194670612205,0,16384.00017532751,16384.00017532751
WS(k=4;b=0.5),14,10,norm_init,cal,-0.03636503132565514,-0.442530099071593,0.5638756044904757,0.48332194670612205,0,16384.00017532751,16384.00017532751
WS(k=4;b=0.5),14,10,norm_25,raw,0.38300497920345566,0.7588215108372944,0.5638756044904757,0.32221463113741466,0,16342.306747683702,16357.836883447742
WS(k=4;b=0.5),14,10,norm_25,cal,0.383005486724241,0.7588219090441054,0.5638756044904757,0.32221463113741466,0,16342.306747683702,16357.836883447742
WS(k=4;b=0.5),14,10,norm_50,raw,0.38293730849835816,0.7588088267791733,0.5638756044904757,0.32221463113741466,0,16342.222962445689,16357.931084823573
WS(k=4;b=0.5),14,10,norm_50,cal,0.3829378288249031,0.7588088267791733,0.5638756044904757,0.32221463113741466,0,16342.222962445689,16357.931084823573
WS(k=4;b=0.5),14,10,norm_fit,raw,0.38293730849835816,0.7588088267791733,0.5638756044904757,0.32221463113741466,0,16342.222962445689,16357.931084823573
WS(k=4;b=0.5),14,10,norm_fit,cal,0.3829378288249031,0.7588088267791733,0.5638756044904757,0.32221463113741466,0,16342.222962445689,16357.931084823573
3-regular,12,1,emp,raw,0.9993750000000001,0.9993750000000002,0.0,0.0,1,4095.9999999999995,4096.0
3-regular,12,1,emp,cal,0.9993750000000001,0.9993750000000002,0.0,0.0,1,4095.9999999999995,4096.0
3-regular,12,1,paper,raw,0.36880702373084717,0.6087058398318813,0.48332194670612205,0.12083048667653051,0,4.8224595441024265,3.153321917049872e7
3-regular,12,1,paper,cal,0.9977314611876583,0.9975185011146326,0.0,0.040276828892176875,0,4.8224595441024265,3.153321917049872e7
3-regular,12,1,tri_init,raw,0.2951390954295901,0.2496403271003817,0.08055365778435375,0.04027682889217682,0,7784.0,7784.000000000001
3-regular,12,1,tri_init,cal,0.2951390954295901,0.24964202811139433,0.08055365778435375,0.04027682889217682,0,7784.0,7784.000000000001
3-regular,12,1,tri_25,raw,0.30468125335843155,0.25919252218810834,0.08055365778435375,0.04027682889217682,0,7962.872304859665,7991.100440777291
3-regular,12,1,tri_25,cal,0.3047431603251084,0.25926516799353955,0.08055365778435375,0.04027682889217682,0,7962.872304859665,7991.100440777291
3-regular,12,1,tri_50,raw,0.30500503221117353,0.25953416085724645,0.1611073155687074,0.04027682889217682,0,7970.110826954349,7999.401646954842
3-regular,12,1,tri_50,cal,0.3050685885124804,0.2596175352822553,0.1611073155687074,0.04027682889217682,0,7970.110826954349,7999.401646954842
3-regular,12,1,tri_fit,raw,0.3050050328904486,0.2595341663615814,0.1611073155687074,0.04027682889217682,0,7970.11083962058,7999.401661812849
3-regular,12,1,tri_fit,cal,0.30506858919508567,0.25962119656509364,0.1611073155687074,0.04027682889217682,0,7970.11083962058,7999.401661812849
3-regular,12,1,norm_init,raw,0.02078537161130116,-0.339437784267882,0.7249829200591831,0.4430451178139452,0,4096.000043757047,4096.000043757047
3-regular,12,1,norm_init,cal,0.02078537161130114,-0.3394300232701687,0.7249829200591831,0.48332194670612205,0,4096.000043757047,4096.000043757047
3-regular,12,1,norm_25,raw,0.35177294996630065,0.7589071334812248,0.7249829200591831,1.248581695657482,0,4087.0697445257074,4089.689171267777
3-regular,12,1,norm_25,cal,0.35177329035663224,0.7589071334812248,0.7249829200591831,1.248581695657482,0,4087.0697445257074,4089.689171267777
3-regular,12,1,norm_50,raw,0.3517751668132612,0.7588894246491874,0.7249829200591831,1.248581695657482,0,4087.0668450853213,4089.685944042895
3-regular,12,1,norm_50,cal,0.35177550696023924,0.7588873369512306,0.7249829200591831,1.248581695657482,0,4087.0668450853213,4089.685944042895
3-regular,12,1,norm_fit,raw,0.3517751668132612,0.7588894246491874,0.7249829200591831,1.248581695657482,0,4087.0668450853213,4089.685944042895
3-regular,12,1,norm_fit,cal,0.35177550696023924,0.7588873369512306,0.7249829200591831,1.248581695657482,0,4087.0668450853213,4089.685944042895
3-regular,12,2,emp,raw,0.999375,0.9993750000000001,0.0,0.0,1,4095.9999999999995,4096.0
3-regular,12,2,emp,cal,0.9993749999999999,0.9993439362269522,0.0,0.0,1,4095.9999999999995,4096.0
3-regular,12,2,paper,raw,0.371054274535371,0.6084685919826998,0.48332194670612205,0.12083048667653051,0,4.8224595441024265,3.153321917049872e7
3-regular,12,2,paper,cal,0.9953419766203038,0.993263665074183,0.08055365778435375,0.0,0,4.8224595441024265,3.153321917049872e7
3-regular,12,2,tri_init,raw,0.3102435586625042,0.2583840055345028,0.1611073155687074,0.04027682889217682,0,7784.0,7784.000000000001
3-regular,12,2,tri_init,cal,0.31024355866250414,0.2583842782473235,0.1611073155687074,0.04027682889217682,0,7784.0,7784.000000000001
3-regular,12,2,tri_25,raw,0.3220377390884245,0.27202691573943716,0.3222146311374147,0.04027682889217682,0,8157.711163056243,8196.89822018382
3-regular,12,2,tri_25,cal,0.32212531226471197,0.27209071550997865,0.3222146311374147,0.04027682889217682,0,8157.711163056243,8196.89822018382
3-regular,12,2,tri_50,raw,0.3220332229359364,0.27202496249882896,0.3222146311374147,0.04027682889217682,0,8157.801661836827,8196.982349854334
3-regular,12,2,tri_50,cal,0.3221207909578104,0.2720897045040119,0.3222146311374147,0.04027682889217682,0,8157.801661836827,8196.982349854334
3-regular,12,2,tri_fit,raw,0.3220392485969343,0.2720222801618229,0.3222146311374147,0.04027682889217682,0,8157.924860783784,8197.116915331091
3-regular,12,2,tri_fit,cal,0.32212683253007146,0.272088771018152,0.3222146311374147,0.04027682889217682,0,8157.924860783784,8197.116915331091
3-regular,12,2,norm_init,raw,0.019114414870420867,-0.34383869169014575,0.7249829200591831,0.4430451178139452,0,4096.000043757047,4096.000043757047
3-regular,12,2,norm_init,cal,0.01911441487042085,-0.3438351406915547,0.7249829200591831,0.48332194670612205,0,4096.000043757047,4096.000043757047
3-regular,12,2,norm_25,raw,0.3461040371469456,0.7621337078686737,0.7249829200591831,0.32221463113741466,0,4082.179628295043,4088.173926000366
3-regular,12,2,norm_25,cal,0.3461051702135908,0.7621311341085103,0.7249829200591831,0.32221463113741466,0,4082.179628295043,4088.173926000366
3-regular,12,2,norm_50,raw,0.34610394976296915,0.762131166317113,0.7249829200591831,0.32221463113741466,0,4082.179617606902,4088.1739659221043
3-regular,12,2,norm_50,cal,0.34610508285269614,0.7621311341085103,0.7249829200591831,0.32221463113741466,0,4082.179617606902,4088.1739659221043
3-regular,12,2,norm_fit,raw,0.34610394976296915,0.762131166317113,0.7249829200591831,0.32221463113741466,0,4082.179617606902,4088.1739659221043
3-regular,12,2,norm_fit,cal,0.34610508285269614,0.7621311341085103,0.7249829200591831,0.32221463113741466,0,4082.179617606902,4088.1739659221043
3-regular,12,3,emp,raw,0.999375,0.999375,0.0,0.0,1,4095.9999999999995,4096.0
3-regular,12,3,emp,cal,0.999375,0.9993702519283748,0.0,0.0,1,4095.9999999999995,4096.0
3-regular,12,3,paper,raw,0.3534200143663098,0.5939983490064913,0.48332194670612205,0.12083048667653051,0,4.8224595441024265,3.153321917049872e7
3-regular,12,3,paper,cal,0.9979809208326778,0.9979139605040804,0.0,0.0,1,4.8224595441024265,3.153321917049872e7
3-regular,12,3,tri_init,raw,0.3001909115974638,0.25446567537455406,0.1611073155687074,0.04027682889217682,0,7784.0,7784.000000000001
3-regular,12,3,tri_init,cal,0.30019091159746364,0.2544622726253366,0.1611073155687074,0.04027682889217682,0,7784.0,7784.000000000001
3-regular,12,3,tri_25,raw,0.31352714159547,0.267817803691504,0.1611073155687074,0.04027682889217682,0,8038.4766737155915,8076.504124823343
3-regular,12,3,tri_25,cal,0.3136049558489225,0.26789902826377054,0.1611073155687074,0.04027682889217682,0,8038.4766737155915,8076.504124823343
3-regular,12,3,tri_50,raw,0.31354245846081724,0.2678306039137649,0.1611073155687074,0.04027682889217682,0,8038.7816074634775,8076.84019119506
3-regular,12,3,tri_50,cal,0.31362032715267824,0.2679039412827248,0.1611073155687074,0.04027682889217682,0,8038.7816074634775,8076.84019119506
3-regular,12,3,tri_fit,raw,0.3135343991597457,0.2678252704475538,0.1611073155687074,0.04027682889217682,0,8038.963818047647,8077.01135798943
3-regular,12,3,tri_fit,cal,0.31361225625253747,0.2678984325896593,0.1611073155687074,0.04027682889217682,0,8038.963818047647,8077.01135798943
3-regular,12,3,norm_init,raw,0.015556529328066159,-0.34786271127602353,0.7249829200591831,0.4430451178139452,0,4096.000043757047,4096.000043757047
3-regular,12,3,norm_init,cal,0.015556529328066128,-0.34785583808327963,0.7249829200591831,0.48332194670612205,0,4096.000043757047,4096.000043757047
3-regular,12,3,norm_25,raw,0.3541964425518808,0.7630670077277633,0.7249829200591831,0.32221463113741466,0,4085.1519491268264,4089.0218616660104
3-regular,12,3,norm_25,cal,0.3541970529070243,0.7630670077277633,0.7249829200591831,0.32221463113741466,0,4085.1519491268264,4089.0218616660104
3-regular,12,3,norm_50,raw,0.3539911284851749,0.763316256057413,0.7249829200591831,0.32221463113741466,0,4085.098994897332,4089.074847745132
3-regular,12,3,norm_50,cal,0.3539917756581503,0.763316256057413,0.7249829200591831,0.32221463113741466,0,4085.098994897332,4089.074847745132
3-regular,12,3,norm_fit,raw,0.35399442662158265,0.763316256057413,0.7249829200591831,0.32221463113741466,0,4085.0998195652905,4089.073977374529
3-regular,12,3,norm_fit,cal,0.35399507319250717,0.763316256057413,0.7249829200591831,0.32221463113741466,0,4085.0998195652905,4089.073977374529
3-regular,12,4,emp,raw,0.9993750000000001,0.999375,0.0,0.0,1,4095.9999999999995,4096.0
3-regular,12,4,emp,cal,0.999375,0.9993576033644876,0.0,0.0,1,4095.9999999999995,4096.0
3-regular,12,4,paper,raw,0.45491302489635055,0.6568036522465035,0.4027682889217683,0.12083048667653051,0,4.8224595441024265,1.1824957188937025e7
3-regular,12,4,paper,cal,0.9955474400084923,0.9938845902910176,0.08055365778435375,0.0,0,4.8224595441024265,1.1824957188937025e7
3-regular,12,4,tri_init,raw,0.3109054830342765,0.261830112775212,0.1611073155687074,0.04027682889217682,0,7784.0,7784.000000000001
3-regular,12,4,tri_init,cal,0.3109054830342765,0.2618300830980156,0.1611073155687074,0.04027682889217682,0,7784.0,7784.000000000001
3-regular,12,4,tri_25,raw,0.32768033893795656,0.28073064839345996,0.4027682889217684,0.04027682889217682,0,8384.326449851189,8440.426905236978
3-regular,12,4,tri_25,cal,0.327781056775757,0.28082080186470576,0.4027682889217684,0.04027682889217682,0,8384.326449851189,8440.426905236978
3-regular,12,4,tri_50,raw,0.3276808310614313,0.28072813739023234,0.4027682889217684,0.04027682889217682,0,8384.659897615693,8440.763426735204
3-regular,12,4,tri_50,cal,0.3277815491153285,0.28081940039853276,0.4027682889217684,0.04027682889217682,0,8384.659897615693,8440.763426735204
3-regular,12,4,tri_fit,raw,0.3276810908835472,0.2807264058436249,0.4027682889217684,0.04027682889217682,0,8384.684837027206,8440.787819151328
3-regular,12,4,tri_fit,cal,0.3277818120984324,0.2808231369380192,0.4027682889217684,0.04027682889217682,0,8384.684837027206,8440.787819151328
3-regular,12,4,norm_init,raw,0.011665970998720828,-0.3489725049954049,0.7249829200591831,0.4430451178139452,0,4096.000043757047,4096.000043757047
3-regular,12,4,norm_init,cal,0.011665970998720823,-0.34896910291013816,0.7249829200591831,0.48332194670612205,0,4096.000043757047,4096.000043757047
3-regular,12,4,norm_25,raw,0.3590343491855201,0.7382930098139313,0.7249829200591831,1.248581695657482,0,4076.3459593322814,4080.405220300135
3-regular,12,4,norm_25,cal,0.3590346106957361,0.7382930098139313,0.7249829200591831,1.248581695657482,0,4076.3459593322814,4080.405220300135
3-regular,12,4,norm_50,raw,0.3474967292031652,0.7519459521343684,0.7249829200591831,0.32221463113741466,0,4078.675517723132,4085.0780847079727
3-regular,12,4,norm_50,cal,0.3474977192851916,0.7519472433973602,0.7249829200591831,0.32221463113741466,0,4078.675517723132,4085.0780847079727
3-regular,12,4,norm_fit,raw,0.3474968699716532,0.7519459521343684,0.7249829200591831,0.32221463113741466,0,4078.67553179525,4085.0779889374417
3-regular,12,4,norm_fit,cal,0.34749786001371785,0.7519472433973602,0.7249829200591831,0.32221463113741466,0,4078.67553179525,4085.0779889374417
3-regular,12,5,emp,raw,0.9993749999999999,0.9993749999999999,0.0,0.0,1,4095.9999999999995,4096.0
3-regular,12,5,emp,cal,0.9993749999999999,0.9993749978038708,0.0,0.0,1,4095.9999999999995,4096.0
3-regular,12,5,paper,raw,0.46236570850110575,0.6610334407649996,0.4027682889217683,0.0805536577843537,0,4.8224595441024265,1.1824957188937025e7
3-regular,12,5,paper,cal,0.9938299486185219,0.992692760909984,0.08055365778435375,0.0,0,4.8224595441024265,1.1824957188937025e7
3-regular,12,5,tri_init,raw,0.30292573095063297,0.25790315008295883,0.1611073155687074,0.04027682889217682,0,7784.0,7784.000000000001
3-regular,12,5,tri_init,cal,0.3029257309506331,0.2578999133708254,0.1611073155687074,0.04027682889217682,0,7784.0,7784.000000000001
3-regular,12,5,tri_25,raw,0.29493777584809666,0.25653361183589113,0.5638756044904758,0.04027682889217682,0,7994.059419599413,8002.6730820307985
3-regular,12,5,tri_25,cal,0.29494825456018625,0.2565346388785324,0.5638756044904758,0.04027682889217682,0,7994.059419599413,8002.6730820307985
3-regular,12,5,tri_50,raw,0.29493520682954405,0.2565347752087204,0.5638756044904758,0.04027682889217682,0,7993.836050891283,8002.411989658203
3-regular,12,5,tri_50,cal,0.29494569420344036,0.25654134968339376,0.5638756044904758,0.04027682889217682,0,7993.836050891283,8002.411989658203
3-regular,12,5,tri_fit,raw,0.2949384511247693,0.25653458075252145,0.5638756044904758,0.04027682889217682,0,7993.8878687097695,8002.4654130530125
3-regular,12,5,tri_fit,cal,0.29494894533217686,0.25655565460028573,0.5638756044904758,0.04027682889217682,0,7993.8878687097695,8002.4654130530125
3-regular,12,5,norm_init,raw,0.01452811440852441,-0.3487599740808404,0.7249829200591831,0.4430451178139452,0,4096.000043757047,4096.000043757047
3-regular,12,5,norm_init,cal,0.014528114408524384,-0.34875542910411717,0.7249829200591831,0.48332194670612205,0,4096.000043757047,4096.000043757047
3-regular,12,5,norm_25,raw,0.3590665624039554,0.7715951940022463,0.7249829200591831,0.32221463113741466,0,4084.370405148707,4088.79582262704
3-regular,12,5,norm_25,cal,0.3590672572773963,0.7715951940022463,0.7249829200591831,0.32221463113741466,0,4084.370405148707,4088.79582262704
3-regular,12,5,norm_50,raw,0.3590599128423105,0.7715913260948016,0.7249829200591831,0.32221463113741466,0,4084.368744442207,4088.7976846000433
3-regular,12,5,norm_50,cal,0.3590606089235872,0.7715913260948016,0.7249829200591831,0.32221463113741466,0,4084.368744442207,4088.7976846000433
3-regular,12,5,norm_fit,raw,0.3590599128423105,0.7715913260948016,0.7249829200591831,0.32221463113741466,0,4084.368744442207,4088.7976846000433
3-regular,12,5,norm_fit,cal,0.3590606089235872,0.7715913260948016,0.7249829200591831,0.32221463113741466,0,4084.368744442207,4088.7976846000433
3-regular,12,6,emp,raw,0.999375,0.9993750000000002,0.0,0.0,1,4095.9999999999995,4096.0
3-regular,12,6,emp,cal,0.999375,0.9993586874630344,0.0,0.0,1,4095.9999999999995,4096.0
3-regular,12,6,paper,raw,0.459795706254911,0.6583149905413351,0.32221463113741466,0.12083048667653051,0,4.8224595441024265,1.1824957188937025e7
3-regular,12,6,paper,cal,0.9944950543451431,0.9922562455821768,0.1611073155687074,0.0,0,4.8224595441024265,1.1824957188937025e7
3-regular,12,6,tri_init,raw,0.3120451483566218,0.2610478829733158,0.24166097335306103,0.04027682889217682,0,7784.0,7784.000000000001
3-regular,12,6,tri_init,cal,0.31204514835662184,0.2610448318804849,0.24166097335306103,0.04027682889217682,0,7784.0,7784.000000000001
3-regular,12,6,tri_25,raw,0.32825464900686796,0.2797663220961238,0.48332194670612205,0.04027682889217682,0,8373.235747975936,8429.744933290614
3-regular,12,6,tri_25,cal,0.3283517917252468,0.27983934371703656,0.48332194670612205,0.04027682889217682,0,8373.235747975936,8429.744933290614
3-regular,12,6,tri_50,raw,0.32825736880746414,0.27977581933359114,0.48332194670612205,0.04027682889217682,0,8373.395894454568,8429.911008946792
3-regular,12,6,tri_50,cal,0.32835451006424654,0.2798409908418225,0.48332194670612205,0.04027682889217682,0,8373.395894454568,8429.911008946792
3-regular,12,6,tri_fit,raw,0.32825223339579107,0.279767993094627,0.48332194670612205,0.04027682889217682,0,8373.425764228377,8429.930200759343
3-regular,12,6,tri_fit,cal,0.32834938213704556,0.2798384178555936,0.48332194670612205,0.04027682889217682,0,8373.425764228377,8429.930200759343
3-regular,12,6,norm_init,raw,0.015830708838935337,-0.34443557030834654,0.8055365778435367,0.4430451178139452,0,4096.000043757047,4096.000043757047
3-regular,12,6,norm_init,cal,0.015830708838935316,-0.34443136639831523,0.8055365778435367,0.48332194670612205,0,4096.000043757047,4096.000043757047
3-regular,12,6,norm_25,raw,0.3441397760820963,0.7504770549651643,0.8055365778435367,0.32221463113741466,0,4077.136827168178,4084.6208750685364
3-regular,12,6,norm_25,cal,0.3441410275345535,0.7504770549651643,0.8055365778435367,0.32221463113741466,0,4077.136827168178,4084.6208750685364
3-regular,12,6,norm_50,raw,0.34413966094099313,0.7504770549651643,0.8055365778435367,0.32221463113741466,0,4077.1369265091316,4084.6210656444036
3-regular,12,6,norm_50,cal,0.3441409124394118,0.7504770549651643,0.8055365778435367,0.32221463113741466,0,4077.1369265091316,4084.6210656444036
3-regular,12,6,norm_fit,raw,0.34413966094099313,0.7504770549651643,0.8055365778435367,0.32221463113741466,0,4077.1369265091316,4084.6210656444036
3-regular,12,6,norm_fit,cal,0.3441409124394118,0.7504770549651643,0.8055365778435367,0.32221463113741466,0,4077.1369265091316,4084.6210656444036
3-regular,12,7,emp,raw,0.999375,0.999375,0.0,0.0,1,4095.9999999999995,4096.0
3-regular,12,7,emp,cal,0.999375,0.9993672884555922,0.0,0.0,1,4095.9999999999995,4096.0
3-regular,12,7,paper,raw,0.46154363857518244,0.6548237159488385,0.4027682889217683,0.0805536577843537,0,4.8224595441024265,1.1824957188937025e7
3-regular,12,7,paper,cal,0.9935287520712567,0.991632987936857,0.1611073155687074,0.0,0,4.8224595441024265,1.1824957188937025e7
3-regular,12,7,tri_init,raw,0.3052902521436057,0.2594352136346926,0.1611073155687074,0.04027682889217682,0,7784.0,7784.000000000001
3-regular,12,7,tri_init,cal,0.30529025214360567,0.25943294718423854,0.1611073155687074,0.04027682889217682,0,7784.0,7784.000000000001
3-regular,12,7,tri_25,raw,0.29766151767484145,0.2584971780447494,0.5638756044904758,0.04027682889217682,0,8026.975765136425,8037.172989098723
3-regular,12,7,tri_25,cal,0.29766980496314455,0.2585051116338413,0.5638756044904758,0.04027682889217682,0,8026.975765136425,8037.172989098723
3-regular,12,7,tri_50,raw,0.2976680988951953,0.25850173899177636,0.5638756044904758,0.04027682889217682,0,8026.994386099137,8037.185016043569
3-regular,12,7,tri_50,cal,0.29767640332606815,0.2585135329603091,0.5638756044904758,0.04027682889217682,0,8026.994386099137,8037.185016043569
3-regular,12,7,tri_fit,raw,0.297657829535893,0.2584917743632212,0.5638756044904758,0.04027682889217682,0,8026.8820699143125,8037.053593893474
3-regular,12,7,tri_fit,cal,0.2976661191840674,0.25851808546144894,0.5638756044904758,0.04027682889217682,0,8026.8820699143125,8037.053593893474
3-regular,12,7,norm_init,raw,0.01642282294963642,-0.34708854268000294,0.7249829200591831,0.4430451178139452,0,4096.000043757047,4096.000043757047
3-regular,12,7,norm_init,cal,0.01642282294963641,-0.34708517832234675,0.7249829200591831,0.48332194670612205,0,4096.000043757047,4096.000043757047
3-regular,12,7,norm_25,raw,0.357410033952027,0.77361849052915,0.7249829200591831,0.32221463113741466,0,4083.9309006422454,4088.667446049418
3-regular,12,7,norm_25,cal,0.3574108092878101,0.7736154160789881,0.7249829200591831,0.32221463113741466,0,4083.9309006422454,4088.667446049418
3-regular,12,7,norm_50,raw,0.35741045953850464,0.77361849052915,0.7249829200591831,0.32221463113741466,0,4083.931169896578,4088.667444165154
3-regular,12,7,norm_50,cal,0.3574112347901004,0.7736154160789881,0.7249829200591831,0.32221463113741466,0,4083.931169896578,4088.667444165154
3-regular,12,7,norm_fit,raw,0.35741045953850464,0.77361849052915,0.7249829200591831,0.32221463113741466,0,4083.931169896578,4088.667444165154
3-regular,12,7,norm_fit,cal,0.3574112347901004,0.7736154160789881,0.7249829200591831,0.32221463113741466,0,4083.931169896578,4088.667444165154
3-regular,12,8,emp,raw,0.999375,0.999375,0.0,0.0,1,4095.9999999999995,4096.0
3-regular,12,8,emp,cal,0.999375,0.9993672884555922,0.0,0.0,1,4095.9999999999995,4096.0
3-regular,12,8,paper,raw,0.46154363857518244,0.6548237159488385,0.4027682889217683,0.0805536577843537,0,4.8224595441024265,1.1824957188937025e7
3-regular,12,8,paper,cal,0.9935287520712567,0.991632987936857,0.1611073155687074,0.0,0,4.8224595441024265,1.1824957188937025e7
3-regular,12,8,tri_init,raw,0.3052902521436057,0.2594352136346926,0.1611073155687074,0.04027682889217682,0,7784.0,7784.000000000001
3-regular,12,8,tri_init,cal,0.30529025214360567,0.25943294718423854,0.1611073155687074,0.04027682889217682,0,7784.0,7784.000000000001
3-regular,12,8,tri_25,raw,0.2977003339939835,0.25863825002155133,0.5638756044904758,0.04027682889217682,0,7889.460777128947,7899.482593576784
3-regular,12,8,tri_25,cal,0.29770866279758984,0.25860494316063243,0.5638756044904758,0.04027682889217682,0,7889.460777128947,7899.482593576784
3-regular,12,8,tri_50,raw,0.2976952617610786,0.2586279910558701,0.5638756044904758,0.04027682889217682,0,7889.403104353224,7899.392726753315
3-regular,12,8,tri_50,cal,0.2977035927566358,0.258584787496661,0.5638756044904758,0.04027682889217682,0,7889.403104353224,7899.392726753315
3-regular,12,8,tri_fit,raw,0.2976951224474296,0.2586313091932937,0.5638756044904758,0.04027682889217682,0,7889.993294944775,7900.005422811419
3-regular,12,8,tri_fit,cal,0.297703444317653,0.2586089760822984,0.5638756044904758,0.04027682889217682,0,7889.993294944775,7900.005422811419
3-regular,12,8,norm_init,raw,0.01642282294963642,-0.34708854268000294,0.7249829200591831,0.4430451178139452,0,4096.000043757047,4096.000043757047
3-regular,12,8,norm_init,cal,0.01642282294963641,-0.34708517832234675,0.7249829200591831,0.48332194670612205,0,4096.000043757047,4096.000043757047
3-regular,12,8,norm_25,raw,0.3576826842974456,0.7733673547996864,0.7249829200591831,0.32221463113741466,0,4084.0017907621486,4088.58949730732
3-regular,12,8,norm_25,cal,0.3576834074382482,0.7733674338569763,0.7249829200591831,0.32221463113741466,0,4084.0017907621486,4088.58949730732
3-regular,12,8,norm_50,raw,0.35741044276217443,0.77361849052915,0.7249829200591831,0.32221463113741466,0,4083.931165396397,4088.667448862964
3-regular,12,8,norm_50,cal,0.35741121801705145,0.7736154160789881,0.7249829200591831,0.32221463113741466,0,4083.931165396397,4088.667448862964
3-regular,12,8,norm_fit,raw,0.35741044276217443,0.77361849052915,0.7249829200591831,0.32221463113741466,0,4083.931165396397,4088.667448862964
3-regular,12,8,norm_fit,cal,0.35741121801705145,0.7736154160789881,0.7249829200591831,0.32221463113741466,0,4083.931165396397,4088.667448862964
3-regular,12,9,emp,raw,0.9993749999999999,0.9993749999999999,0.0,0.0,1,4096.0,4096.000000000001
3-regular,12,9,emp,cal,0.9993749999999999,0.9993749999999999,0.0,0.0,1,4096.0,4096.000000000001
3-regular,12,9,paper,raw,0.4452346543237807,0.6449263877243976,0.4027682889217683,0.0805536577843537,0,4.8224595441024265,1.1824957188937025e7
3-regular,12,9,paper,cal,0.992054476701323,0.9893774940167324,0.1611073155687074,0.0,0,4.8224595441024265,1.1824957188937025e7
3-regular,12,9,tri_init,raw,0.30948014861218004,0.2640910617822303,0.1611073155687074,0.04027682889217682,0,7784.0,7784.000000000001
3-regular,12,9,tri_init,cal,0.3094801486121801,0.2640874257735051,0.1611073155687074,0.04027682889217682,0,7784.0,7784.000000000001
3-regular,12,9,tri_25,raw,0.29900526111131925,0.2612106776635868,0.6444292622748294,0.04027682889217682,0,7995.6915182004705,8009.786693777618
3-regular,12,9,tri_25,cal,0.2990098641363393,0.2611959315111661,0.6444292622748294,0.04027682889217682,0,7995.6915182004705,8009.786693777618
3-regular,12,9,tri_50,raw,0.29900929140655036,0.2612106355880154,0.6444292622748294,0.04027682889217682,0,7996.043436957272,8010.146604877492
3-regular,12,9,tri_50,cal,0.2990138936443935,0.26119775157903335,0.6444292622748294,0.04027682889217682,0,7996.043436957272,8010.146604877492
3-regular,12,9,tri_fit,raw,0.2990057577839419,0.2612027806224359,0.6444292622748294,0.04027682889217682,0,7996.38305061822,8010.456405557838
3-regular,12,9,tri_fit,cal,0.2990103834841599,0.26119365064946704,0.6444292622748294,0.04027682889217682,0,7996.38305061822,8010.456405557838
3-regular,12,9,norm_init,raw,0.004912715841666892,-0.3616072883763791,0.7249829200591831,0.4430451178139452,0,4096.000043757047,4096.000043757047
3-regular,12,9,norm_init,cal,0.004912715841666842,-0.3616023723540256,0.7249829200591831,0.48332194670612205,0,4096.000043757047,4096.000043757047
3-regular,12,9,norm_25,raw,0.3600473509261185,0.7750595690755056,0.7249829200591831,0.32221463113741466,0,4083.61984256435,4088.590245326816
3-regular,12,9,norm_25,cal,0.36004817921696824,0.7750618909961496,0.7249829200591831,0.32221463113741466,0,4083.61984256435,4088.590245326816
3-regular,12,9,norm_50,raw,0.36005059960734803,0.7750583334506481,0.7249829200591831,0.32221463113741466,0,4083.6210079429047,4088.5895451606725
3-regular,12,9,norm_50,cal,0.3600514272405774,0.7750583334506481,0.7249829200591831,0.32221463113741466,0,4083.6210079429047,4088.5895451606725
3-regular,12,9,norm_fit,raw,0.36005059960734803,0.7750583334506481,0.7249829200591831,0.32221463113741466,0,4083.6210079429047,4088.5895451606725
3-regular,12,9,norm_fit,cal,0.3600514272405774,0.7750583334506481,0.7249829200591831,0.32221463113741466,0,4083.6210079429047,4088.5895451606725
3-regular,12,10,emp,raw,0.999375,0.999375,0.0,0.0,1,4096.0,4096.0
3-regular,12,10,emp,cal,0.999375,0.999375,0.0,0.0,1,4096.0,4096.0
3-regular,12,10,paper,raw,0.4256482049404347,0.6347484107452962,0.4027682889217683,0.0805536577843537,0,4.8224595441024265,1.1824957188937025e7
3-regular,12,10,paper,cal,0.9910120982796089,0.9895842198191155,0.1611073155687074,0.04027682889217682,0,4.8224595441024265,1.1824957188937025e7
3-regular,12,10,tri_init,raw,0.3044379293899828,0.2650009871266134,0.24166097335306108,0.04027682889217682,0,7784.0,7784.000000000001
3-regular,12,10,tri_init,cal,0.3044379293899827,0.2650035266874762,0.24166097335306108,0.04027682889217682,0,7784.0,7784.000000000001
3-regular,12,10,tri_25,raw,0.2713763937896091,0.24287210174085294,0.6444292622748294,0.966643893412244,0,7316.542471536422,7320.948115797835
3-regular,12,10,tri_25,cal,0.2713664440260162,0.2428716090084631,0.6444292622748294,0.966643893412244,0,7316.542471536422,7320.948115797835
3-regular,12,10,tri_50,raw,0.2713905515814628,0.24286254350814024,0.6444292622748294,0.966643893412244,0,7318.014996160966,7322.43845904769
3-regular,12,10,tri_50,cal,0.2713803717138447,0.24285381151811622,0.6444292622748294,0.966643893412244,0,7318.014996160966,7322.43845904769
3-regular,12,10,tri_fit,raw,0.27140150471571756,0.24289707973092406,0.6444292622748294,0.966643893412244,0,7320.032493347733,7324.406950097387
3-regular,12,10,tri_fit,cal,0.27139163480036405,0.24287055893816203,0.6444292622748294,0.966643893412244,0,7320.032493347733,7324.406950097387
3-regular,12,10,norm_init,raw,-0.0006708064086272429,-0.3708365133450582,0.7249829200591831,0.4430451178139452,0,4096.000043757047,4096.000043757047
3-regular,12,10,norm_init,cal,-0.0006708064086272684,-0.3708346795766676,0.7249829200591831,0.48332194670612205,0,4096.000043757047,4096.000043757047
3-regular,12,10,norm_25,raw,0.36695145768958887,0.7923798143456716,0.7249829200591831,0.32221463113741466,0,4087.059145109978,4091.9951154977493
3-regular,12,10,norm_25,cal,0.3669528385428001,0.7923797879933051,0.7249829200591831,0.32221463113741466,0,4087.059145109978,4091.9951154977493
3-regular,12,10,norm_50,raw,0.3723129026584498,0.7928334732648175,0.7249829200591831,0.32221463113741466,0,4088.3977830340004,4091.234613200929
3-regular,12,10,norm_50,cal,0.3723133254874356,0.7928334732648175,0.7249829200591831,0.32221463113741466,0,4088.3977830340004,4091.234613200929
3-regular,12,10,norm_fit,raw,0.3723143412734334,0.7928261765873086,0.7249829200591831,0.32221463113741466,0,4088.3977288565325,4091.2341404026142
3-regular,12,10,norm_fit,cal,0.37231476394830093,0.7928193425402358,0.7249829200591831,0.32221463113741466,0,4088.3977288565325,4091.2341404026142
3-regular,14,1,emp,raw,0.999375,0.9993750000000001,0.0,0.0,1,16384.0,16384.0
3-regular,14,1,emp,cal,0.999375,0.9993750000000001,0.0,0.0,1,16384.0,16384.0
3-regular,14,1,paper,raw,0.42102136803213636,0.6502124367294742,0.4027682889217683,0.0805536577843537,0,1.9301916333863431,1.4946485961817567e9
3-regular,14,1,paper,cal,0.990569652201298,0.9871423836903569,0.1611073155687074,0.0,0,1.9301916333863431,1.4946485961817567e9
3-regular,14,1,tri_init,raw,0.30727053137034505,0.2628205659257353,0.4027682889217684,0.08055365778435367,0,40984.0,40984.0
3-regular,14,1,tri_init,cal,0.30727053137034505,0.26282090874461134,0.4027682889217684,0.08055365778435367,0,40984.0,40984.0
3-regular,14,1,tri_25,raw,0.3054782034369811,0.26191498810397834,0.5638756044904758,0.08055365778435367,0,42502.63076539924,42590.62881398402
3-regular,14,1,tri_25,cal,0.30543501762074643,0.2618591278481354,0.5638756044904758,0.08055365778435367,0,42502.63076539924,42590.62881398402
3-regular,14,1,tri_50,raw,0.30547737543598596,0.2619144511522991,0.5638756044904758,0.08055365778435367,0,42502.584849328894,42590.57733951588
3-regular,14,1,tri_50,cal,0.30543419377654824,0.26186073164337514,0.5638756044904758,0.08055365778435367,0,42502.584849328894,42590.57733951588
3-regular,14,1,tri_fit,raw,0.3054782775544671,0.2619148361929148,0.5638756044904758,0.08055365778435367,0,42502.71352494243,42590.71172036156
3-regular,14,1,tri_fit,cal,0.30543509116583833,0.26186031271556737,0.5638756044904758,0.08055365778435367,0,42502.71352494243,42590.71172036156
3-regular,14,1,norm_init,raw,0.017151216161931156,-0.35712555164023374,0.7249829200591831,0.4430451178139452,0,16383.999999999834,16383.999999999834
3-regular,14,1,norm_init,cal,0.017151216161931184,-0.3571231449524559,0.7249829200591831,0.4430451178139452,0,16383.999999999834,16383.999999999834
3-regular,14,1,norm_25,raw,0.32746707969829336,0.7475191408654681,0.7249829200591831,0.32221463113741466,0,16337.369790452607,16359.281034815132
3-regular,14,1,norm_25,cal,0.3274678733759055,0.7475192228504174,0.7249829200591831,0.32221463113741466,0,16337.369790452607,16359.281034815132
3-regular,14,1,norm_50,raw,0.32746706715153556,0.7475191408654681,0.7249829200591831,0.32221463113741466,0,16337.369764630386,16359.28104013323
3-regular,14,1,norm_50,cal,0.3274678608313751,0.7475192228504174,0.7249829200591831,0.32221463113741466,0,16337.369764630386,16359.28104013323
3-regular,14,1,norm_fit,raw,0.32746706715153556,0.7475191408654681,0.7249829200591831,0.32221463113741466,0,16337.369764630386,16359.28104013323
3-regular,14,1,norm_fit,cal,0.3274678608313751,0.7475192228504174,0.7249829200591831,0.32221463113741466,0,16337.369764630386,16359.28104013323
3-regular,14,2,emp,raw,0.9993749999999999,0.999375,0.0,0.0,1,16383.999999999996,16384.0
3-regular,14,2,emp,cal,0.9993749999999999,0.9993252634839026,0.0,0.0,1,16383.999999999996,16384.0
3-regular,14,2,paper,raw,0.2858632833287057,0.563023058455476,0.48332194670612205,0.12083048667653051,0,1.9301916333863431,1.660720662424176e10
3-regular,14,2,paper,cal,0.9982484286220349,0.9979954779453791,0.08055365778435375,0.040276828892176875,0,1.9301916333863431,1.660720662424176e10
3-regular,14,2,tri_init,raw,0.2938550867378189,0.2544406843049492,0.4027682889217684,0.08055365778435367,0,40984.0,40984.0
3-regular,14,2,tri_init,cal,0.2938550867378188,0.25444027953944676,0.4027682889217684,0.08055365778435367,0,40984.0,40984.0
3-regular,14,2,tri_25,raw,0.2784392308055394,0.24352969576255223,0.4027682889217684,0.08055365778435367,0,38473.72306111279,38658.32218518556
3-regular,14,2,tri_25,cal,0.27835098463886193,0.24347003424753663,0.4027682889217684,0.08055365778435367,0,38473.72306111279,38658.32218518556
3-regular,14,2,tri_50,raw,0.278439192466816,0.24352968642471917,0.4027682889217684,0.08055365778435367,0,38473.795518185856,38658.38883417052
3-regular,14,2,tri_50,cal,0.27835094646456404,0.24347219176855966,0.4027682889217684,0.08055365778435367,0,38473.795518185856,38658.38883417052
3-regular,14,2,tri_fit,raw,0.27843869074288946,0.24352984562884966,0.4027682889217684,0.08055365778435367,0,38473.68614334175,38658.29538123459
3-regular,14,2,tri_fit,cal,0.2783504402747429,0.24347025496340846,0.4027682889217684,0.08055365778435367,0,38473.68614334175,38658.29538123459
3-regular,14,2,norm_init,raw,0.014910192764830233,-0.36725619252330444,0.7249829200591831,0.4430451178139452,0,16383.999999999834,16383.999999999834
3-regular,14,2,norm_init,cal,0.014910192764830268,-0.3672490659576415,0.7249829200591831,0.4430451178139452,0,16383.999999999834,16383.999999999834
3-regular,14,2,norm_25,raw,0.344050669175346,0.7684714932323871,0.7249829200591831,0.32221463113741466,0,16365.496679161646,16373.523242000409
3-regular,14,2,norm_25,cal,0.344050963406152,0.7684714932323871,0.7249829200591831,0.32221463113741466,0,16365.496679161646,16373.523242000409
3-regular,14,2,norm_50,raw,0.3440321761919889,0.7686239442427696,0.7249829200591831,0.32221463113741466,0,16365.525640283413,16373.557330939817
3-regular,14,2,norm_50,cal,0.34403247162360523,0.7686239442427696,0.7249829200591831,0.32221463113741466,0,16365.525640283413,16373.557330939817
3-regular,14,2,norm_fit,raw,0.3440321861133918,0.7686239442427696,0.7249829200591831,0.32221463113741466,0,16365.525651394122,16373.5573304751
3-regular,14,2,norm_fit,cal,0.3440324815442031,0.7686239442427696,0.7249829200591831,0.32221463113741466,0,16365.525651394122,16373.5573304751
3-regular,14,3,emp,raw,0.9993750000000002,0.9993749999999999,0.0,0.0,1,16383.999999999998,16384.0
3-regular,14,3,emp,cal,0.9993750000000002,0.9993605538380814,0.0,0.0,1,16383.999999999998,16384.0
3-regular,14,3,paper,raw,0.3281909497339296,0.584171675089404,0.48332194670612205,0.12083048667653051,0,1.9301916333863431,4.982161987272543e9
3-regular,14,3,paper,cal,0.9950948028378082,0.992826175244358,0.1611073155687074,0.0,0,1.9301916333863431,4.982161987272543e9
3-regular,14,3,tri_init,raw,0.3031120801132595,0.262404756798945,0.4027682889217684,0.08055365778435367,0,40984.0,40984.0
3-regular,14,3,tri_init,cal,0.3031120801132595,0.26240712491134566,0.4027682889217684,0.08055365778435367,0,40984.0,40984.0
3-regular,14,3,tri_25,raw,0.29134182994291385,0.2538233102409689,0.48332194670612205,0.08055365778435367,0,40227.34291704903,40259.46451285848
3-regular,14,3,tri_25,cal,0.291327124987277,0.2538098281235653,0.48332194670612205,0.08055365778435367,0,40227.34291704903,40259.46451285848
3-regular,14,3,tri_50,raw,0.2913433815736162,0.2538218658004881,0.48332194670612205,0.08055365778435367,0,40227.68608416231,40259.78882876922
3-regular,14,3,tri_50,cal,0.2913286908360655,0.2538119118262056,0.48332194670612205,0.08055365778435367,0,40227.68608416231,40259.78882876922
3-regular,14,3,tri_fit,raw,0.2913439718018818,0.25382572110815366,0.48332194670612205,0.08055365778435367,0,40228.02798540349,40260.10843140399
3-regular,14,3,tri_fit,cal,0.2913292970935228,0.25381289264144813,0.48332194670612205,0.08055365778435367,0,40228.02798540349,40260.10843140399
3-regular,14,3,norm_init,raw,0.004233571277012194,-0.3798154719707265,0.7249829200591831,0.4430451178139452,0,16383.999999999834,16383.999999999834
3-regular,14,3,norm_init,cal,0.0042335712770122345,-0.3798126161521639,0.7249829200591831,0.4430451178139452,0,16383.999999999834,16383.999999999834
3-regular,14,3,norm_25,raw,0.342984979089178,0.7581358806448049,0.7249829200591831,0.32221463113741466,0,16354.401766398096,16367.991016596316
3-regular,14,3,norm_25,cal,0.3429854762911031,0.758132410954758,0.7249829200591831,0.32221463113741466,0,16354.401766398096,16367.991016596316
3-regular,14,3,norm_50,raw,0.3429730096586014,0.7581489366346096,0.7249829200591831,0.32221463113741466,0,16354.390498731887,16367.997978843701
3-regular,14,3,norm_50,cal,0.3429735082935853,0.7581394147510381,0.7249829200591831,0.32221463113741466,0,16354.390498731887,16367.997978843701
3-regular,14,3,norm_fit,raw,0.34297252382921084,0.7581489366346096,0.7249829200591831,0.32221463113741466,0,16354.390238643971,16367.998416798122
3-regular,14,3,norm_fit,cal,0.3429730225234599,0.7581489366346096,0.7249829200591831,0.32221463113741466,0,16354.390238643971,16367.998416798122
3-regular,14,4,emp,raw,0.9993750000000001,0.9993750000000002,0.0,0.0,1,16383.999999999998,16384.0
3-regular,14,4,emp,cal,0.9993750000000001,0.9993678369646026,0.0,0.0,1,16383.999999999998,16384.0
3-regular,14,4,paper,raw,0.332244869110127,0.5851732071310665,0.48332194670612205,0.12083048667653051,0,1.9301916333863431,4.982161987272543e9
3-regular,14,4,paper,cal,0.9961112543995052,0.9941759496010459,0.1611073155687074,0.0,0,1.9301916333863431,4.982161987272543e9
3-regular,14,4,tri_init,raw,0.30149165317224297,0.2574160144810643,0.4027682889217684,0.08055365778435367,0,40984.0,40984.0
3-regular,14,4,tri_init,cal,0.3014916531722429,0.25741584346945745,0.4027682889217684,0.08055365778435367,0,40984.0,40984.0
3-regular,14,4,tri_25,raw,0.2913886979804878,0.2500392441434476,0.48332194670612205,0.08055365778435367,0,40310.15942676316,40338.794297373286
3-regular,14,4,tri_25,cal,0.29137613822676034,0.25002496304274735,0.48332194670612205,0.08055365778435367,0,40310.15942676316,40338.794297373286
3-regular,14,4,tri_50,raw,0.2913894813158616,0.2500393956694096,0.48332194670612205,0.08055365778435367,0,40310.27933751232,40338.914269744055
3-regular,14,4,tri_50,cal,0.29137692026649065,0.25002520621038277,0.48332194670612205,0.08055365778435367,0,40310.27933751232,40338.914269744055
3-regular,14,4,tri_fit,raw,0.291390275168056,0.2500392507315329,0.48332194670612205,0.08055365778435367,0,40310.35971967908,40338.99489086626
3-regular,14,4,tri_fit,cal,0.29137771267445317,0.2500285088396759,0.48332194670612205,0.08055365778435367,0,40310.35971967908,40338.99489086626
3-regular,14,4,norm_init,raw,0.015218269399810585,-0.367229698791711,0.7249829200591831,0.4430451178139452,0,16383.999999999834,16383.999999999834
3-regular,14,4,norm_init,cal,0.01521826939981059,-0.36723110608798837,0.7249829200591831,0.4430451178139452,0,16383.999999999834,16383.999999999834
3-regular,14,4,norm_25,raw,0.33787485151787466,0.7559135138575814,0.7249829200591831,0.32221463113741466,0,16352.886156803053,16367.58916265973
3-regular,14,4,norm_25,cal,0.3378754191668085,0.7559135138575814,0.7249829200591831,0.32221463113741466,0,16352.886156803053,16367.58916265973
3-regular,14,4,norm_50,raw,0.33787527932339106,0.7559423459573632,0.7249829200591831,0.32221463113741466,0,16352.890907102561,16367.592231944165
3-regular,14,4,norm_50,cal,0.33787584693701583,0.7559321652717796,0.7249829200591831,0.32221463113741466,0,16352.890907102561,16367.592231944165
3-regular,14,4,norm_fit,raw,0.33787527932339106,0.7559423459573632,0.7249829200591831,0.32221463113741466,0,16352.890907102561,16367.592231944165
3-regular,14,4,norm_fit,cal,0.33787584693701583,0.7559321652717796,0.7249829200591831,0.32221463113741466,0,16352.890907102561,16367.592231944165
3-regular,14,5,emp,raw,0.9993750000000001,0.999375,0.0,0.0,1,16383.999999999998,16384.000000000004
3-regular,14,5,emp,cal,0.9993750000000001,0.999346858060462,0.0,0.0,1,16383.999999999998,16384.000000000004
3-regular,14,5,paper,raw,0.3832327718328225,0.621064435918006,0.4027682889217683,0.12083048667653051,0,1.9301916333863431,1.4946485961817567e9
3-regular,14,5,paper,cal,0.9928002324676071,0.9905158320584712,0.1611073155687074,0.0,0,1.9301916333863431,1.4946485961817567e9
3-regular,14,5,tri_init,raw,0.29626982279797653,0.2546380767579052,0.4027682889217684,0.08055365778435367,0,40984.0,40984.0
3-regular,14,5,tri_init,cal,0.29626982279797637,0.25463836228945613,0.4027682889217684,0.08055365778435367,0,40984.0,40984.0
3-regular,14,5,tri_25,raw,0.2714348040436823,0.23569224535255456,0.7249829200591831,1.0069207223044208,0,40162.889989817064,40273.89303610135
3-regular,14,5,tri_25,cal,0.27146466203182734,0.23571788291889123,0.7249829200591831,1.0069207223044208,0,40162.889989817064,40273.89303610135
3-regular,14,5,tri_50,raw,0.2714333146108804,0.23569225138163613,0.7249829200591831,1.0069207223044208,0,40162.836968797696,40273.87776128434
3-regular,14,5,tri_50,cal,0.2714631805776342,0.23572371520481494,0.7249829200591831,1.0069207223044208,0,40162.836968797696,40273.87776128434
3-regular,14,5,tri_fit,raw,0.2714296906714151,0.23568297039823338,0.7249829200591831,1.0069207223044208,0,40162.58110321955,40273.71827876412
3-regular,14,5,tri_fit,cal,0.2714595758093043,0.23572369913700655,0.7249829200591831,1.0069207223044208,0,40162.58110321955,40273.71827876412
3-regular,14,5,norm_init,raw,0.018347539736377105,-0.3621948332713852,0.7249829200591831,0.4430451178139452,0,16383.999999999834,16383.999999999834
3-regular,14,5,norm_init,cal,0.01834753973637706,-0.36218948548255747,0.7249829200591831,0.4430451178139452,0,16383.999999999834,16383.999999999834
3-regular,14,5,norm_25,raw,0.3438088469849334,0.7607923714183545,0.7249829200591831,0.32221463113741466,0,16353.488259262394,16367.591182928687
3-regular,14,5,norm_25,cal,0.34380935755278075,0.7607923714183545,0.7249829200591831,0.32221463113741466,0,16353.488259262394,16367.591182928687
3-regular,14,5,norm_50,raw,0.3436857856583275,0.7608783999820066,0.7249829200591831,0.32221463113741466,0,16353.319708707739,16367.627767950225
3-regular,14,5,norm_50,cal,0.34368631113351794,0.7608732466423646,0.7249829200591831,0.32221463113741466,0,16353.319708707739,16367.627767950225
3-regular,14,5,norm_fit,raw,0.34368098201337904,0.7608818462778923,0.7249829200591831,0.32221463113741466,0,16353.316597571924,16367.631843568433
3-regular,14,5,norm_fit,cal,0.3436815080914193,0.7608818462778923,0.7249829200591831,0.32221463113741466,0,16353.316597571924,16367.631843568433
3-regular,14,6,emp,raw,0.999375,0.999375,0.0,0.0,1,16383.999999999998,16384.0
3-regular,14,6,emp,cal,0.9993749999999998,0.9993262530367522,0.0,0.0,1,16383.999999999998,16384.0
3-regular,14,6,paper,raw,0.3717473819699265,0.6084412746427184,0.4027682889217683,0.0805536577843537,0,1.9301916333863431,1.4946485961817567e9
3-regular,14,6,paper,cal,0.9859654550041888,0.9831168362680437,0.24166097335306108,0.04027682889217682,0,1.9301916333863431,1.4946485961817567e9
3-regular,14,6,tri_init,raw,0.29594564264428047,0.2590978570355285,0.4027682889217684,0.08055365778435367,0,40984.0,40984.0
3-regular,14,6,tri_init,cal,0.29594564264428064,0.25909930516712193,0.4027682889217684,0.08055365778435367,0,40984.0,40984.0
3-regular,14,6,tri_25,raw,0.2712039351267063,0.24052911226333704,0.7249829200591831,1.0069207223044208,0,39755.11435869252,39924.046895094376
3-regular,14,6,tri_25,cal,0.27124970627326517,0.24056769289328184,0.7249829200591831,1.0069207223044208,0,39755.11435869252,39924.046895094376
3-regular,14,6,tri_50,raw,0.27120393514334706,0.24052927111641856,0.7249829200591831,1.0069207223044208,0,39755.114359479,39924.046896011525
3-regular,14,6,tri_50,cal,0.2712497062899301,0.24057996714194355,0.7249829200591831,1.0069207223044208,0,39755.114359479,39924.046896011525
3-regular,14,6,tri_fit,raw,0.27120393514334706,0.24052927111641856,0.7249829200591831,1.0069207223044208,0,39755.114359479,39924.046896011525
3-regular,14,6,tri_fit,cal,0.2712497062899301,0.24057996714194355,0.7249829200591831,1.0069207223044208,0,39755.114359479,39924.046896011525
3-regular,14,6,norm_init,raw,0.009479149533119142,-0.37557086179488397,0.7249829200591831,0.4430451178139452,0,16383.999999999834,16383.999999999834
3-regular,14,6,norm_init,cal,0.009479149533119171,-0.37556862965843496,0.7249829200591831,0.4430451178139452,0,16383.999999999834,16383.999999999834
3-regular,14,6,norm_25,raw,0.35674696361995045,0.774979776386089,0.7249829200591831,0.32221463113741466,0,16356.064675378304,16368.311732249358
3-regular,14,6,norm_25,cal,0.35674737204750867,0.774979776386089,0.7249829200591831,0.32221463113741466,0,16356.064675378304,16368.311732249358
3-regular,14,6,norm_50,raw,0.3567398144065211,0.7749741722109563,0.7249829200591831,0.32221463113741466,0,16356.055480042332,16368.313285738583
3-regular,14,6,norm_50,cal,0.3567402235395076,0.7749741722109563,0.7249829200591831,0.32221463113741466,0,16356.055480042332,16368.313285738583
3-regular,14,6,norm_fit,raw,0.3567398144065211,0.7749741722109563,0.7249829200591831,0.32221463113741466,0,16356.055480042332,16368.313285738583
3-regular,14,6,norm_fit,cal,0.3567402235395076,0.7749741722109563,0.7249829200591831,0.32221463113741466,0,16356.055480042332,16368.313285738583
3-regular,14,7,emp,raw,0.999375,0.999375,0.0,0.0,1,16383.999999999996,16384.0
3-regular,14,7,emp,cal,0.999375,0.999375,0.0,0.0,1,16383.999999999996,16384.0
3-regular,14,7,paper,raw,0.28161563541115275,0.5598224222706278,0.48332194670612205,0.12083048667653051,0,1.9301916333863431,1.660720662424176e10
3-regular,14,7,paper,cal,0.9983570009696372,0.9978437163606225,0.08055365778435375,0.040276828892176875,0,1.9301916333863431,1.660720662424176e10
3-regular,14,7,tri_init,raw,0.2942019605351328,0.2514591661925745,0.4027682889217684,0.08055365778435367,0,40984.0,40984.0
3-regular,14,7,tri_init,cal,0.29420196053513253,0.2514575054924897,0.4027682889217684,0.08055365778435367,0,40984.0,40984.0
3-regular,14,7,tri_25,raw,0.2789497122678851,0.24045549986781153,0.4027682889217684,0.08055365778435367,0,38396.438404854416,38564.4151291585
3-regular,14,7,tri_25,cal,0.27886692929248713,0.24038046894819062,0.4027682889217684,0.08055365778435367,0,38396.438404854416,38564.4151291585
3-regular,14,7,tri_50,raw,0.2789490345840106,0.24045807931404975,0.4027682889217684,0.08055365778435367,0,38396.21693289317,38564.226778804295
3-regular,14,7,tri_50,cal,0.27886624552675454,0.2403849454141597,0.4027682889217684,0.08055365778435367,0,38396.21693289317,38564.226778804295
3-regular,14,7,tri_fit,raw,0.2789504509688009,0.2404559050245788,0.4027682889217684,0.08055365778435367,0,38396.53914669229,38564.544892887345
3-regular,14,7,tri_fit,cal,0.2788676711597047,0.2403851698309418,0.4027682889217684,0.08055365778435367,0,38396.53914669229,38564.544892887345
3-regular,14,7,norm_init,raw,0.019357144518334705,-0.3635075608168683,0.7249829200591831,0.4430451178139452,0,16383.999999999834,16383.999999999834
3-regular,14,7,norm_init,cal,0.019357144518334726,-0.3635030762671945,0.7249829200591831,0.4430451178139452,0,16383.999999999834,16383.999999999834
3-regular,14,7,norm_25,raw,0.34176311429151446,0.7691255405438565,0.7249829200591831,0.32221463113741466,0,16363.74199984696,16373.416934710242
3-regular,14,7,norm_25,cal,0.341763522049417,0.7691202408025548,0.7249829200591831,0.32221463113741466,0,16363.74199984696,16373.416934710242
3-regular,14,7,norm_50,raw,0.34233953865089856,0.7683816179069685,0.7249829200591831,0.32221463113741466,0,16364.085979911688,16373.160844533335
3-regular,14,7,norm_50,cal,0.34233989276899546,0.7683816179069685,0.7249829200591831,0.32221463113741466,0,16364.085979911688,16373.160844533335
3-regular,14,7,norm_fit,raw,0.3423394933523626,0.7683816179069685,0.7249829200591831,0.32221463113741466,0,16364.08594857133,16373.160862129826
3-regular,14,7,norm_fit,cal,0.34233984747450125,0.7683816179069685,0.7249829200591831,0.32221463113741466,0,16364.08594857133,16373.160862129826
3-regular,14,8,emp,raw,0.9993750000000001,0.999375,0.0,0.0,1,16383.999999999998,16384.0
3-regular,14,8,emp,cal,0.9993750000000001,0.9993207632733759,0.0,0.0,1,16383.999999999998,16384.0
3-regular,14,8,paper,raw,0.34524081370595217,0.5962125218726967,0.48332194670612205,0.12083048667653051,0,1.9301916333863431,4.982161987272543e9
3-regular,14,8,paper,cal,0.9962904967333169,0.9947864493903382,0.08055365778435375,0.0,0,1.9301916333863431,4.982161987272543e9
3-regular,14,8,tri_init,raw,0.3007695818290011,0.26002278235876275,0.4027682889217684,0.08055365778435367,0,40984.0,40984.0
3-regular,14,8,tri_init,cal,0.30076958182900115,0.26002366641449337,0.4027682889217684,0.08055365778435367,0,40984.0,40984.0
3-regular,14,8,tri_25,raw,0.2897844241031394,0.2520764620909865,0.48332194670612205,0.08055365778435367,0,40224.99216176901,40266.54765896287
3-regular,14,8,tri_25,cal,0.28976400992692997,0.252043055846792,0.48332194670612205,0.08055365778435367,0,40224.99216176901,40266.54765896287
3-regular,14,8,tri_50,raw,0.28978495431086637,0.25207674830868687,0.48332194670612205,0.08055365778435367,0,40224.98955510942,40266.55142253688
3-regular,14,8,tri_50,cal,0.28976453612053626,0.2520422078682115,0.48332194670612205,0.08055365778435367,0,40224.98955510942,40266.55142253688
3-regular,14,8,tri_fit,raw,0.2897840533691151,0.2520761817294027,0.48332194670612205,0.08055365778435367,0,40224.98960566617,40266.5473082251
3-regular,14,8,tri_fit,cal,0.28976363739765715,0.25204071374916803,0.48332194670612205,0.08055365778435367,0,40224.98960566617,40266.5473082251
3-regular,14,8,norm_init,raw,0.011489022276154854,-0.3703245687910138,0.7249829200591831,0.4430451178139452,0,16383.999999999834,16383.999999999834
3-regular,14,8,norm_init,cal,0.011489022276154821,-0.37032413964546806,0.7249829200591831,0.4430451178139452,0,16383.999999999834,16383.999999999834
3-regular,14,8,norm_25,raw,0.3401075275073982,0.7567687961852585,0.7249829200591831,0.32221463113741466,0,16354.709469905109,16368.033439229655
3-regular,14,8,norm_25,cal,0.3401080195958669,0.7567730711050176,0.7249829200591831,0.32221463113741466,0,16354.709469905109,16368.033439229655
3-regular,14,8,norm_50,raw,0.3401008773973825,0.756878566462183,0.7249829200591831,0.32221463113741466,0,16354.742158924515,16368.067438073436
3-regular,14,8,norm_50,cal,0.3401013704439637,0.7568723561164231,0.7249829200591831,0.32221463113741466,0,16354.742158924515,16368.067438073436
3-regular,14,8,norm_fit,raw,0.3401008773973825,0.756878566462183,0.7249829200591831,0.32221463113741466,0,16354.742158924515,16368.067438073436
3-regular,14,8,norm_fit,cal,0.3401013704439637,0.7568723561164231,0.7249829200591831,0.32221463113741466,0,16354.742158924515,16368.067438073436
3-regular,14,9,emp,raw,0.9993750000000002,0.9993749999999999,0.0,0.0,1,16383.999999999998,16384.0
3-regular,14,9,emp,cal,0.9993750000000002,0.999332949056678,0.0,0.0,1,16383.999999999998,16384.0
3-regular,14,9,paper,raw,0.35307280638733457,0.6022212142707075,0.48332194670612205,0.12083048667653051,0,1.9301916333863431,4.982161987272543e9
3-regular,14,9,paper,cal,0.9966290034066078,0.9951324247786507,0.08055365778435375,0.0,0,1.9301916333863431,4.982161987272543e9
3-regular,14,9,tri_init,raw,0.3000910352167748,0.253674899259803,0.4027682889217684,0.08055365778435367,0,40984.0,40984.0
3-regular,14,9,tri_init,cal,0.3000910352167749,0.2536763237852218,0.4027682889217684,0.08055365778435367,0,40984.0,40984.0
3-regular,14,9,tri_25,raw,0.29110038820594547,0.24720524243067132,0.48332194670612205,0.08055365778435367,0,40365.43218503376,40395.86701698257
3-regular,14,9,tri_25,cal,0.2910842139078463,0.24719519694107758,0.48332194670612205,0.08055365778435367,0,40365.43218503376,40395.86701698257
3-regular,14,9,tri_50,raw,0.2910999826976687,0.24720539340682615,0.48332194670612205,0.08055365778435367,0,40365.42318389527,40395.85677699052
3-regular,14,9,tri_50,cal,0.2910838096035744,0.2471966376127973,0.48332194670612205,0.08055365778435367,0,40365.42318389527,40395.85677699052
3-regular,14,9,tri_fit,raw,0.291100033287306,0.24720525011294675,0.48332194670612205,0.08055365778435367,0,40365.413712037975,40395.849344840695
3-regular,14,9,tri_fit,cal,0.2910838587678931,0.24719750401676083,0.48332194670612205,0.08055365778435367,0,40365.413712037975,40395.849344840695
3-regular,14,9,norm_init,raw,0.023310676288644354,-0.3557715769690936,0.7249829200591831,0.4430451178139452,0,16383.999999999834,16383.999999999834
3-regular,14,9,norm_init,cal,0.02331067628864438,-0.35577116652410284,0.7249829200591831,0.4430451178139452,0,16383.999999999834,16383.999999999834
3-regular,14,9,norm_25,raw,0.3346992307107667,0.7497170711933607,0.7249829200591831,0.32221463113741466,0,16353.645736898223,16366.317208950175
3-regular,14,9,norm_25,cal,0.33469964080765285,0.7497090366863882,0.7249829200591831,0.32221463113741466,0,16353.645736898223,16366.317208950175
3-regular,14,9,norm_50,raw,0.3332577775328247,0.7522489554511811,0.7249829200591831,0.32221463113741466,0,16352.4625018974,16367.433504548419
3-regular,14,9,norm_50,cal,0.3332583706555635,0.7522479745620281,0.7249829200591831,0.32221463113741466,0,16352.4625018974,16367.433504548419
3-regular,14,9,norm_fit,raw,0.3332079750213337,0.7523639259080072,0.7249829200591831,0.32221463113741466,0,16352.439653292997,16367.486091938335
3-regular,14,9,norm_fit,cal,0.33320857533154474,0.7523639259080072,0.7249829200591831,0.32221463113741466,0,16352.439653292997,16367.486091938335
3-regular,14,10,emp,raw,0.9993750000000002,0.9993749999999999,0.0,0.0,1,16384.0,16384.0
3-regular,14,10,emp,cal,0.9993750000000002,0.9993749999999999,0.0,0.0,1,16384.0,16384.0
3-regular,14,10,paper,raw,0.3154737432295101,0.5718442870541203,0.48332194670612205,0.12083048667653051,0,1.9301916333863431,4.982161987272543e9
3-regular,14,10,paper,cal,0.9931657512907742,0.990495415207288,0.1611073155687074,0.04027682889217682,0,1.9301916333863431,4.982161987272543e9
3-regular,14,10,tri_init,raw,0.2998880493923285,0.2606300700302714,0.4027682889217684,0.08055365778435367,0,40984.0,40984.0
3-regular,14,10,tri_init,cal,0.2998880493923284,0.26063087583224837,0.4027682889217684,0.08055365778435367,0,40984.0,40984.0
3-regular,14,10,tri_25,raw,0.2726108983927709,0.24109587879430722,0.7249829200591831,1.0069207223044208,0,38836.29033189124,39085.804852085275
3-regular,14,10,tri_25,cal,0.27263646771690175,0.24111580542439512,0.7249829200591831,1.0069207223044208,0,38836.29033189124,39085.804852085275
3-regular,14,10,tri_50,raw,0.2726097527906618,0.2410955473554865,0.7249829200591831,1.0069207223044208,0,38836.2550494563,39085.791568845925
3-regular,14,10,tri_50,cal,0.2726353250535272,0.24110511734491755,0.7249829200591831,1.0069207223044208,0,38836.2550494563,39085.791568845925
3-regular,14,10,tri_fit,raw,0.272611589586336,0.24109470659142396,0.7249829200591831,1.0069207223044208,0,38836.55600347578,39086.05373729151
3-regular,14,10,tri_fit,cal,0.27263716397801174,0.24110504234767982,0.7249829200591831,1.0069207223044208,0,38836.55600347578,39086.05373729151
3-regular,14,10,norm_init,raw,0.007028489549902543,-0.37925559585686486,0.7249829200591831,0.4430451178139452,0,16383.999999999834,16383.999999999834
3-regular,14,10,norm_init,cal,0.007028489549902549,-0.3792519954836673,0.7249829200591831,0.4430451178139452,0,16383.999999999834,16383.999999999834
3-regular,14,10,norm_25,raw,0.34932567403825876,0.7785656462112484,0.7249829200591831,0.32221463113741466,0,16363.865047290765,16373.279338104589
3-regular,14,10,norm_25,cal,0.349326024472618,0.7785656462112484,0.7249829200591831,0.32221463113741466,0,16363.865047290765,16373.279338104589
3-regular,14,10,norm_50,raw,0.3495898024686884,0.7778897403896236,0.7249829200591831,0.32221463113741466,0,16363.822285594651,16373.030531559341
3-regular,14,10,norm_50,cal,0.3495901323099807,0.7778897403896236,0.7249829200591831,0.32221463113741466,0,16363.822285594651,16373.030531559341
3-regular,14,10,norm_fit,raw,0.3495898024686884,0.7778897403896236,0.7249829200591831,0.32221463113741466,0,16363.822285594651,16373.030531559341
3-regular,14,10,norm_fit,cal,0.3495901323099807,0.7778897403896236,0.7249829200591831,0.32221463113741466,0,16363.822285594651,16373.030531559341
