family,n,instance,seed,m,model,params,mse_entry,eps_raw_mean,eps_raw_argmax,eps_cal_mean,eps_cal_argmax,ceil_p1,ar_raw,regret_raw,ar_cal,regret_cal
ER(0.5),12,1,20271812,38,emp,-,0.0,0.0,0.0,0.0,0.0,0.8477289924229867,0.8268479547489554,0.020881037674031266,0.8268479547489554,0.020881037674031266
ER(0.5),12,1,20271812,38,paper,-,1.2308698994932653e-5,17.951211370605137,0.25139984471061066,0.11502117039081369,0.24289210719457643,0.8477289924229867,0.45269277744669256,0.39503621497629415,0.7982106960973332,0.04951829632565352
ER(0.5),12,1,20271812,38,tri_init,0.0;0.0;1.0;1.0,1.9239711910619526e-5,0.9888974002477151,1.428867368153066,0.5232006168578294,0.7412915829915985,0.8477289924229867,0.8406336780013162,0.007095314421670551,0.8406336780013162,0.007095314421670551
ER(0.5),12,1,20271812,38,tri_25,3.9458656268143497;1.3617811488986724;1.998720765670063;1.9998862472221735,1.3785756074472762e-5,0.9438265169376655,2.078563484218038,0.2889291496603732,0.5998621758523572,0.8477289924229867,0.5353649334555399,0.3123640589674468,0.5353649334555399,0.3123640589674468
ER(0.5),12,1,20271812,38,tri_50,3.9370175791215845;1.3683697130716936;2.0;2.0,1.3785713840079708e-5,0.9438202616068587,2.0789384129987276,0.2888345852524043,0.5997572532222062,0.8477289924229867,0.5353649334555399,0.3123640589674468,0.5353649334555399,0.3123640589674468
ER(0.5),12,1,20271812,38,tri_fit,3.937251646136083;1.368368004961451;2.0;2.0,1.3785713839495638e-5,0.943819402077728,2.078936570626544,0.2888345889365668,0.5997572860799197,0.8477289924229867,0.5353649334555399,0.3123640589674468,0.5353649334555399,0.3123640589674468
ER(0.5),12,1,20271812,38,norm_init,19.0;1.0;1.0,0.00011202657908852274,0.4696301636923377,0.1358724066977423,0.4696301592245014,0.1358724058777819,0.8477289924229867,0.7307692307692307,0.11695976165375599,0.7307692307692307,0.11695976165375599
ER(0.5),12,1,20271812,38,norm_25,19.565257939473263;9.01527435182078;7.562051779636015,1.1624431136847993e-5,0.7713217137745199,2.868005729100663,0.7881071030554441,2.9342572763538803,0.8477289924229867,0.7307692307692307,0.11695976165375599,0.7307692307692307,0.11695976165375599
ER(0.5),12,1,20271812,38,norm_50,19.56491897898043;9.017727466702837;7.558439969935192,1.1624430338131555e-5,0.7711979805622354,2.867367958905741,0.787979361285224,2.933597537101505,0.8477289924229867,0.7307692307692307,0.11695976165375599,0.7307692307692307,0.11695976165375599
ER(0.5),12,1,20271812,38,norm_fit,19.56491147645338;9.017889346878484;7.558370015874306,1.1624430337377137e-5,0.771201147303796,2.867382757266114,0.7879829756445469,2.9336140489011355,0.8477289924229867,0.7307692307692307,0.11695976165375599,0.7307692307692307,0.11695976165375599
ER(0.5),12,2,20271813,37,emp,-,0.0,0.0,0.0,0.0,0.0,0.8368529726753533,0.8099191309873878,0.026933841687965532,0.8099191309873878,0.026933841687965532
ER(0.5),12,2,20271813,37,paper,-,1.2123100079971863e-5,4.441016103809873,0.09132812528752941,0.11526509101031217,0.23204467724594435,0.8368529726753533,0.4551206643963666,0.3817323082789867,0.7903548093381835,0.04649816333716983
ER(0.5),12,2,20271813,37,tri_init,0.0;0.0;1.0;1.0,1.866575459924406e-5,0.9647528139856105,1.3973210741594457,0.511465670038976,0.7231135048369027,0.8368529726753533,0.8309541255864659,0.005898847088887438,0.8309541255864659,0.005898847088887438
ER(0.5),12,2,20271813,37,tri_25,30.506352091465477;0.8964219419989354;1.9220316948138836;1.9969901834610273,1.3928876814461202e-5,0.8314741889418379,1.8038747001788245,0.2906206910972597,0.5909567219060288,0.8368529726753533,0.5258322751374668,0.3110206975378865,0.5258322751374668,0.3110206975378865
ER(0.5),12,2,20271813,37,tri_50,30.505903318979588;0.8963370082064871;1.9220211954398707;1.9970064772523621,1.3928876814205397e-5,0.8314757042846443,1.8038805822369273,0.29062031692351054,0.590956651669719,0.8368529726753533,0.5258322751374668,0.3110206975378865,0.5258322751374668,0.3110206975378865
ER(0.5),12,2,20271813,37,tri_fit,30.5057064805527;0.8963312419580091;1.9220217089087803;1.9970103077341992,1.3928876814109748e-5,0.831476338329455,1.8038834035938145,0.2906200305356245,0.5909564486697638,0.8368529726753533,0.5258322751374668,0.3110206975378865,0.5258322751374668,0.3110206975378865
ER(0.5),12,2,20271813,37,norm_init,18.5;1.0;1.0,0.00011058779550753787,0.46528699946584057,0.139565711677478,0.46528699947337643,0.13956571167884782,0.8368529726753533,0.7115384615384616,0.12531451113689174,0.7115384615384616,0.12531451113689174
ER(0.5),12,2,20271813,37,norm_25,18.722505461989154;17.662474953720125;5.9889920145387565,1.2490019281086116e-5,1.141060462691565,4.248574352401835,1.2398908489103804,4.608609459467449,0.8368529726753533,0.7115384615384616,0.12531451113689174,0.7115384615384616,0.12531451113689174
ER(0.5),12,2,20271813,37,norm_50,18.8942660361269;8.702373133157039;7.4171919591187985,1.1620445719459077e-5,0.7413104907285741,2.7194394113107014,0.756013625803789,2.777054214579652,0.8368529726753533,0.7115384615384616,0.12531451113689174,0.7115384615384616,0.12531451113689174
ER(0.5),12,2,20271813,37,norm_fit,18.899455616556576;8.517452431456913;7.384161823096244,1.1619210731032174e-5,0.7296303164245009,2.662750295523095,0.7434374543768263,2.716690705781467,0.8368529726753533,0.7115384615384616,0.12531451113689174,0.7115384615384616,0.12531451113689174
ER(0.5),12,3,20271814,35,emp,-,0.0,0.0,0.0,4.924605578585525e-18,7.757919228897728e-18,0.8242754436579601,0.7968238075897353,0.02745163606822487,0.7968238075897353,0.02745163606822487
ER(0.5),12,3,20271814,35,paper,-,1.3153336264798607e-5,0.3869935071209936,0.06114809325397069,0.10887273617473113,0.21367786372534472,0.8242754436579601,0.442674994107294,0.38160044955066613,0.7775536726226318,0.046721771035328374
ER(0.5),12,3,20271814,35,tri_init,0.0;0.0;1.0;1.0,1.9663033569501343e-5,0.9211262130751929,1.3414952097351218,0.48681714651755414,0.6931331661762384,0.8242754436579601,0.8228571215574063,0.001418322100553815,0.8228571215574063,0.001418322100553815
ER(0.5),12,3,20271814,35,tri_25,10.781311772283683;2.1026581231845207;2.0;1.6663576927753625,1.5154860313626524e-5,0.867367323954278,1.8016149810504347,0.2922996298275815,0.5740173367186941,0.8242754436579601,0.5143269011417074,0.3099485425162527,0.5143269011417074,0.3099485425162527
ER(0.5),12,3,20271814,35,tri_50,10.909476962800328;2.0475773232903545;1.9994138426659533;1.6847240681695728,1.5154485388530173e-5,0.8666713071730732,1.8066755286739815,0.29109309611137846,0.573418021394819,0.8242754436579601,0.5143269011417074,0.3099485425162527,0.5143269011417074,0.3099485425162527
ER(0.5),12,3,20271814,35,tri_fit,10.909154182830662;2.0475657808599816;1.9994095197497985;1.6847245998864688,1.5154485388248098e-5,0.8666724909936279,1.806676489113883,0.29109334840998036,0.5734180896025679,0.8242754436579601,0.5143269011417074,0.3099485425162527,0.5143269011417074,0.3099485425162527
ER(0.5),12,3,20271814,35,norm_init,17.5;1.0;1.0,0.0001161869627861983,0.45390957253462344,0.13860468389601854,0.4539095725419704,0.13860468389734695,0.8242754436579601,0.7,0.12427544365796017,0.7,0.12427544365796017
ER(0.5),12,3,20271814,35,norm_25,18.005949034401365;12.076205378942712;6.999938314046062,1.2907974800996527e-5,0.8861745344842856,3.3565597943256993,0.9216213042758938,3.4934207608754195,0.8242754436579601,0.7,0.12427544365796017,0.7,0.12427544365796017
ER(0.5),12,3,20271814,35,norm_50,18.105263224965338;9.133249462512483;7.783358100591249,1.2641497689865216e-5,0.7685580022083346,2.8819941994326297,0.7865055394697764,2.9533023287209175,0.8242754436579601,0.7,0.12427544365796017,0.7,0.12427544365796017
ER(0.5),12,3,20271814,35,norm_fit,17.979279430900807;7.881292268906262;7.540914270113444,1.2536017048865122e-5,0.6915824956722316,2.500861459686499,0.7034951163578741,2.547052457522408,0.8242754436579601,0.7,0.12427544365796017,0.7,0.12427544365796017
ER(0.5),12,4,20271815,37,emp,-,0.0,0.0,0.0,0.0,0.0,0.852769413054839,0.8344342798790164,0.018335133175822582,0.8344342798790164,0.018335133175822582
ER(0.5),12,4,20271815,37,paper,-,1.3476422379681689e-5,4.440060568204104,0.08764724059040631,0.11296800396890144,0.23525770503754673,0.852769413054839,0.4459440120554791,0.4068254009993599,0.8027050518983436,0.050064361156495374
ER(0.5),12,4,20271815,37,tri_init,0.0;0.0;1.0;1.0,2.0525143842626e-5,0.9629381461374382,1.4033433468366008,0.5092414410560262,0.7288130775264059,0.852769413054839,0.8491456873459553,0.003623725708883696,0.8491456873459553,0.003623725708883696
ER(0.5),12,4,20271815,37,tri_25,6.2833144992029;2.352217382098945;2.0;1.6953839804675608,1.4815908012250827e-5,0.9233097217962029,1.9084743790435543,0.3030039239752088,0.5981413905433532,0.852769413054839,0.5280273083066349,0.3247421047482041,0.5280273083066349,0.3247421047482041
ER(0.5),12,4,20271815,37,tri_50,5.492110909927292;1.8705181587658855;1.9915625798138237;1.8176184767988441,1.479432842319285e-5,0.9230724711258208,1.961438589638584,0.29488456083519127,0.5962119590499987,0.852769413054839,0.5280273083066349,0.3247421047482041,0.5280273083066349,0.3247421047482041
ER(0.5),12,4,20271815,37,tri_fit,4.8487665400788025;1.8675509159325194;2.0;1.8734772193823168,1.4773987556501482e-5,0.9251818803254289,1.9818622385273417,0.29062471922591304,0.5915132123883728,0.852769413054839,0.5280273083066349,0.3247421047482041,0.5280273083066349,0.3247421047482041
ER(0.5),12,4,20271815,37,norm_init,18.5;1.0;1.0,0.00011816946974454876,0.46652880662533563,0.13172927083051134,0.46652880663288543,0.131729270831903,0.852769413054839,0.74,0.11276941305483901,0.74,0.11276941305483901
ER(0.5),12,4,20271815,37,norm_25,19.040518911675463;36.06547888818557;6.966088010316102,1.447813785669231e-5,1.419388704314252,5.690742044307852,1.7555422669949001,6.995769245484018,0.852769413054839,0.74,0.11276941305483901,0.74,0.11276941305483901
ER(0.5),12,4,20271815,37,norm_50,19.247253147153845;32.82558630451386;7.669289678826545,1.4352500771266684e-5,1.3620785135368356,5.56123475465413,1.648124480680558,6.705342680485728,0.852769413054839,0.74,0.11276941305483901,0.74,0.11276941305483901
ER(0.5),12,4,20271815,37,norm_fit,19.420662110189927;26.186990848700397;8.953401442535892,1.409801898369836e-5,1.2620818519714252,5.288511944238103,1.4578780239486815,6.1071606040120585,0.852769413054839,0.74,0.11276941305483901,0.74,0.11276941305483901
ER(0.5),12,5,20271816,43,emp,-,0.0,0.0,0.0,1.3635210643990733e-17,4.6418543116487975e-18,0.8671247452810639,0.8476106219459761,0.01951412333508773,0.8476106219459761,0.01951412333508773
ER(0.5),12,5,20271816,43,paper,-,1.1783254086015503e-5,157019.0072756646,1616.2659307943343,0.1286860260496135,0.2457449850063644,0.8671247452810639,0.4723188649077411,0.39480588037332276,0.8242006477222272,0.04292409755883664
ER(0.5),12,5,20271816,43,tri_init,0.0;0.0;1.0;1.0,1.9387650342080806e-5,1.0760163414507462,1.4964791297738014,0.5708782243763146,0.7797445661289072,0.8671247452810639,0.8529583597904884,0.014166385490575473,0.8529583597904884,0.014166385490575473
ER(0.5),12,5,20271816,43,tri_25,47.96838005528295;1.8089216230723815;2.0;2.0,1.3259793153093965e-5,0.8615089993715191,1.7864055578081157,0.32157584511852605,0.630228810808974,0.8671247452810639,0.5491889192057438,0.3179358260753201,0.5491889192057438,0.3179358260753201
ER(0.5),12,5,20271816,43,tri_50,47.96974022844678;1.8089126030044334;2.0;2.0,1.325979314219713e-5,0.8615035161427193,1.7863941419531186,0.32157586223705825,0.6302289451655333,0.8671247452810639,0.5491889192057438,0.3179358260753201,0.5491889192057438,0.3179358260753201
ER(0.5),12,5,20271816,43,tri_fit,47.970635545962914;1.8090084935927844;2.0;2.0,1.3259793132448028e-5,0.861499625661277,1.7863819313728724,0.3215757191119728,0.630227330921425,0.8671247452810639,0.5491889192057438,0.3179358260753201,0.5491889192057438,0.3179358260753201
ER(0.5),12,5,20271816,43,norm_init,21.5;1.0;1.0,0.00010219186029691331,0.5005408127926628,0.1331877508834234,0.5005408128007688,0.13318775088497395,0.8671247452810639,0.7678571428571429,0.09926760242392096,0.7678571428571429,0.09926760242392096
ER(0.5),12,5,20271816,43,norm_25,22.307276466283117;11.309203173896183;6.838664766578193,1.1123121204898555e-5,0.8817811474049051,3.4891267010812688,0.9104421990791707,3.6053625667214737,0.8671247452810639,0.7678571428571429,0.09926760242392096,0.7678571428571429,0.09926760242392096
ER(0.5),12,5,20271816,43,norm_50,22.336827295043065;11.010116606532348;7.1143761087658755,1.1108799384123495e-5,0.8795043025145756,3.512844613476881,0.9066238270828753,3.624812777522035,0.8671247452810639,0.7678571428571429,0.09926760242392096,0.7678571428571429,0.09926760242392096
ER(0.5),12,5,20271816,43,norm_fit,22.290663204478694;10.54307720568794;7.357611468376124,1.109459767218855e-5,0.8698408192654505,3.4877519985845216,0.8945537542304536,3.591274199949712,0.8671247452810639,0.7678571428571429,0.09926760242392096,0.7678571428571429,0.09926760242392096
ER(0.5),12,6,20271817,38,emp,-,0.0,0.0,0.0,6.727524112913496e-18,6.969320381211996e-18,0.8174717361236622,0.796763810234326,0.02070792588933623,0.796763810234326,0.02070792588933623
ER(0.5),12,6,20271817,38,paper,-,1.1731074737929004e-5,17.94785654692357,0.25402604943404966,0.11447915808493925,0.23957278575167837,0.8174717361236622,0.4395454344856755,0.3779263016379867,0.7688651660766063,0.04860657004705593
ER(0.5),12,6,20271817,38,tri_init,0.0;0.0;1.0;1.0,1.8746357619151228e-5,0.9885800861892549,1.4223185700409822,0.523373859967571,0.7351817324608103,0.8174717361236622,0.8106425204999711,0.006829215623691098,0.8106425204999711,0.006829215623691098
ER(0.5),12,6,20271817,38,tri_25,23.500839385392187;0.6907000346954427;1.8274384097113798;1.9971939351886134,1.3930685986773188e-5,0.8756862796287308,1.8595490861641253,0.3021083850318627,0.6023393804428205,0.8174717361236622,0.5167515203057924,0.3007202158178698,0.5167515203057924,0.3007202158178698
ER(0.5),12,6,20271817,38,tri_50,23.492092992286413;0.6937091899618518;1.828672722708025;1.9969784706951441,1.3930684132877973e-5,0.875708402345379,1.8600645920612622,0.30204182361944903,0.6023368990448364,0.8174717361236622,0.5167515203057924,0.3007202158178698,0.5167515203057924,0.3007202158178698
ER(0.5),12,6,20271817,38,tri_fit,23.485331274003492;0.6943827377761654;1.8288940711666721;1.9974257125856822,1.3930680190393271e-5,0.8757123935679374,1.8602593957773903,0.3019928991311879,0.6022873962993874,0.8174717361236622,0.5167515203057924,0.3007202158178698,0.5167515203057924,0.3007202158178698
ER(0.5),12,6,20271817,38,norm_init,19.0;1.0;1.0,0.00010807461950837171,0.4730309860440792,0.14583897173247848,0.47303098158331813,0.14583897092789003,0.8174717361236622,0.7037037037037037,0.11376803241995848,0.7037037037037037,0.11376803241995848
ER(0.5),12,6,20271817,38,norm_25,19.539153773963157;8.206890052690856;7.051389471603696,1.1378705006800557e-5,0.6965490559269114,2.497540973381301,0.7079910853578042,2.5416466404953164,0.8174717361236622,0.7037037037037037,0.11376803241995848,0.7037037037037037,0.11376803241995848
ER(0.5),12,6,20271817,38,norm_50,19.538974175294502;8.200640081639834;7.054393867008529,1.1378703132338244e-5,0.6964381187883436,2.4970235257356386,0.7078677781864667,2.5410828207742577,0.8174717361236622,0.7037037037037037,0.11376803241995848,0.7037037037037037,0.11376803241995848
ER(0.5),12,6,20271817,38,norm_fit,19.538948617646387;8.199916941509777;7.05479505985652,1.1378703110416438e-5,0.696429356079097,2.496982974754399,0.7078577786512839,2.5410377292201254,0.8174717361236622,0.7037037037037037,0.11376803241995848,0.7037037037037037,0.11376803241995848
ER(0.5),12,7,20271818,33,emp,-,0.0,0.0,0.0,0.0,0.0,0.7847435940265335,0.7536112480067939,0.031132346019739576,0.7536112480067939,0.031132346019739576
ER(0.5),12,7,20271818,33,paper,-,1.1801958731676921e-5,0.09917901852577905,0.19062543495569348,0.0991790185257781,0.190625434955691,0.7847435940265335,0.7399186764708935,0.04482491755564,0.7399186764708935,0.04482491755564
ER(0.5),12,7,20271818,33,tri_init,0.0;0.0;1.0;1.0,1.8995427628551507e-5,0.8769097976807143,1.2780916215207394,0.463050090627873,0.65570918196493,0.7847435940265335,0.7830941790367885,0.0016494149897450239,0.7830941790367885,0.0016494149897450239
ER(0.5),12,7,20271818,33,tri_25,0.7653325179516701;2.0795049675885937;1.8168217950560237;1.4489117752209602,1.538594214116456e-5,0.8655537028039366,1.6616614191275527,0.307271494268629,0.5574594664759709,0.7847435940265335,0.4856887824238187,0.2990548116027148,0.4856887824238187,0.2990548116027148
ER(0.5),12,7,20271818,33,tri_50,0.7507856288178774;2.080184839701881;1.8169559497167218;1.4488014326973135,1.5385941922478504e-5,0.8656024104925948,1.6617700564234343,0.30726963739537444,0.5574597691165236,0.7847435940265335,0.4856887824238187,0.2990548116027148,0.4856887824238187,0.2990548116027148
ER(0.5),12,7,20271818,33,tri_fit,0.7424076985835165;2.08065117777733;1.817116468606509;1.4487835364510757,1.5385941835152477e-5,0.8656284995752026,1.6618798991879997,0.3072580039446358,0.5574557575922298,0.7847435940265335,0.4856887824238187,0.2990548116027148,0.4856887824238187,0.2990548116027148
ER(0.5),12,7,20271818,33,norm_init,16.5;1.0;1.0,0.000119291919125009,0.44600573537059846,0.14895337568347583,0.44600573537772287,0.14895337568473846,0.7847435940265335,0.66,0.12474359402653346,0.66,0.12474359402653346
ER(0.5),12,7,20271818,33,norm_25,16.986388867894362;6.570980262627569;6.4610229363478595,1.1916366385230263e-5,0.5241204975301357,1.7407778908105271,0.5289343571176457,1.7584445846400778,0.7847435940265335,0.66,0.12474359402653346,0.66,0.12474359402653346
ER(0.5),12,7,20271818,33,norm_50,16.990703777613284;6.678172203306778;6.377725493478544,1.1915126187074147e-5,0.5238376906230389,1.7414003221775947,0.5286664530909276,1.7591353704273154,0.7847435940265335,0.66,0.12474359402653346,0.66,0.12474359402653346
ER(0.5),12,7,20271818,33,norm_fit,16.99074105846509;6.67915785011465;6.377760259672822,1.1915126101002067e-5,0.5238994079578664,1.7416816234718984,0.528730233137273,1.7594247099686908,0.7847435940265335,0.66,0.12474359402653346,0.66,0.12474359402653346
ER(0.5),12,8,20271819,27,emp,-,0.0,0.0,0.0,0.0,0.0,0.8184342735726784,0.7873602550128526,0.031074018559825833,0.7873602550128526,0.031074018559825833
ER(0.5),12,8,20271819,27,paper,-,1.4700753698394259e-5,7.420562256971641,23.77218825525922,0.08256705600565746,0.16909410466664784,0.8184342735726784,0.8121431144235661,0.006291159149112269,0.7676000919626158,0.05083418161006259
ER(0.5),12,8,20271819,27,tri_init,0.0;0.0;1.0;1.0,2.181939714745136e-5,0.7431006171592164,1.1563055958031583,0.389086492334221,0.5945597059390733,0.8184342735726784,0.8111400931958312,0.007294180376847148,0.8111400931958312,0.007294180376847148
ER(0.5),12,8,20271819,27,tri_25,0.12427313901593473;-2.1856248048811855;0.8696812770305313;1.9134302611254168,1.8661640760019584e-5,0.7397253692959036,1.3526801739139966,0.2931702645240046,0.5239472315660819,0.8184342735726784,0.5102676896927285,0.3081665838799499,0.5102676896927285,0.3081665838799499
ER(0.5),12,8,20271819,27,tri_50,0.11698792600188655;-2.185033118557287;0.8697551604356032;1.9133521668387077,1.8661640601785217e-5,0.7397462856362719,1.3527123534494256,0.29317025605798586,0.5239449769146903,0.8184342735726784,0.5102676896927285,0.3081665838799499,0.5102676896927285,0.3081665838799499
ER(0.5),12,8,20271819,27,tri_fit,0.10147343671316011;-2.1847184546465455;0.8697398572711097;1.9132455169425293,1.8661640338023182e-5,0.7397905620007963,1.3527601734457513,0.29318017186187073,0.523950384871994,0.8184342735726784,0.5102676896927285,0.3081665838799499,0.5102676896927285,0.3081665838799499
ER(0.5),12,8,20271819,27,norm_init,13.5;1.0;1.0,0.00013834743637871076,0.40797731846205976,0.12926526904567948,0.4079773184685347,0.12926526904681757,0.8184342735726784,0.675,0.14343427357267835,0.675,0.14343427357267835
ER(0.5),12,8,20271819,27,norm_25,13.910485649992065;5.942607503436264;6.212466134851986,1.442098348603123e-5,0.42109837329236344,1.267072155460762,0.4240055880912529,1.2769060728879922,0.8184342735726784,0.675,0.14343427357267835,0.675,0.14343427357267835
ER(0.5),12,8,20271819,27,norm_50,13.909392656253436;5.921064439367185;6.207297500571952,1.4420898498930005e-5,0.419429725090481,1.260264198057081,0.4222991996648557,1.2699624416061477,0.8184342735726784,0.675,0.14343427357267835,0.675,0.14343427357267835
ER(0.5),12,8,20271819,27,norm_fit,13.909392656253436;5.921064439367185;6.207297500571952,1.4420898498930005e-5,0.419429725090481,1.260264198057081,0.4222991996648557,1.2699624416061477,0.8184342735726784,0.675,0.14343427357267835,0.675,0.14343427357267835
ER(0.5),12,9,20271820,20,emp,-,0.0,0.0,0.0,0.0,0.0,0.823532073741406,0.7826622530330494,0.04086982070835665,0.7826622530330494,0.04086982070835665
ER(0.5),12,9,20271820,20,paper,-,1.8160343841461016e-5,606.4593963931698,2050.6680795688844,0.06526054575114097,0.14219966743633677,0.823532073741406,0.8215772984935381,0.0019547752478679126,0.7688311614595754,0.054700912281830605
ER(0.5),12,9,20271820,20,tri_init,0.0;0.0;1.0;1.0,2.4977046386297704e-5,0.5822192529175612,0.962208593524003,0.3031033940613058,0.49195190826488444,0.823532073741406,0.7745258750016105,0.0490061987397955,0.7745258750016105,0.0490061987397955
ER(0.5),12,9,20271820,20,tri_25,4.1083140911383;0.3665684025630593;1.139166317674214;1.1576643171697087,2.4094690544507582e-5,0.5721502304004791,0.9985712477779705,0.2693076929464986,0.4609556276063744,0.823532073741406,0.6475586845390163,0.1759733892023897,0.6475586845390163,0.1759733892023897
ER(0.5),12,9,20271820,20,tri_50,4.056828391692604;0.34763531336817227;1.1299500814859718;1.1530278355657493,2.409322681003068e-5,0.5720489577182427,0.9955515158811045,0.27058269018008774,0.46189572389767525,0.823532073741406,0.6475586845390163,0.1759733892023897,0.6475586845390163,0.1759733892023897
ER(0.5),12,9,20271820,20,tri_fit,4.0437988941975815;0.34756740142629783;1.1299421146224726;1.153002607847333,2.40932261330761e-5,0.5720789441267793,0.9956037657840541,0.27058624461372893,0.46190134416654344,0.823532073741406,0.6475586845390163,0.1759733892023897,0.6475586845390163,0.1759733892023897
ER(0.5),12,9,20271820,20,norm_init,10.0;1.0;1.0,0.00016482097472268466,0.35594964453843175,0.16707395570666833,0.3559496412603743,0.16707395466324892,0.823532073741406,0.625,0.19853207374140602,0.625,0.19853207374140602
ER(0.5),12,9,20271820,20,norm_25,10.101963685040518;4.728019886502631;5.397402500516576,1.756857348003637e-5,0.24532416296638562,0.46798515019089165,0.2459841132801422,0.46944664875056064,0.823532073741406,0.625,0.19853207374140602,0.625,0.19853207374140602
ER(0.5),12,9,20271820,20,norm_50,10.10195365049952;4.728010534955383;5.397449970284136,1.7568573478908684e-5,0.2453258588101242,0.4679892942817626,0.2459858284805415,0.46945083739283044,0.823532073741406,0.625,0.19853207374140602,0.625,0.19853207374140602
ER(0.5),12,9,20271820,20,norm_fit,10.10195365049952;4.728010534955383;5.397449970284136,1.7568573478908684e-5,0.2453258588101242,0.4679892942817626,0.2459858284805415,0.46945083739283044,0.823532073741406,0.625,0.19853207374140602,0.625,0.19853207374140602
ER(0.5),12,10,20271821,41,emp,-,0.0,0.0,0.0,1.0465432503131952e-17,3.713293515889288e-18,0.8670515840008822,0.8416168805898265,0.025434703411055692,0.8416168805898265,0.025434703411055692
ER(0.5),12,10,20271821,41,paper,-,1.1966910468892003e-5,2656.8834092275633,43.534373169162464,0.12477554591367333,0.22949392080738198,0.8670515840008822,0.46587616046391533,0.4011754235369669,0.8225424526397199,0.0445091313611623
ER(0.5),12,10,20271821,41,tri_init,0.0;0.0;1.0;1.0,1.9211022720935857e-5,1.0389405004976242,1.447717537074087,0.5504354018170653,0.7536378962515772,0.8670515840008822,0.8568285592079571,0.01022302479292514,0.8568285592079571,0.01022302479292514
ER(0.5),12,10,20271821,41,tri_25,1.921228014444944;2.268997710213405;2.0;1.8137372938956005,1.3309459750153474e-5,1.0146267921232717,2.0507375531050362,0.3219660248753799,0.6161566557967058,0.8670515840008822,0.5447327145649725,0.3223188694359097,0.5447327145649725,0.3223188694359097
ER(0.5),12,10,20271821,41,tri_50,0.35749162166877674;1.6614360179821952;2.0;2.0,1.3258778204925907e-5,1.0168459283532523,2.136124139616417,0.30911937800235717,0.6110745851991679,0.8670515840008822,0.5447327145649725,0.3223188694359097,0.5447327145649725,0.3223188694359097
ER(0.5),12,10,20271821,41,tri_fit,0.359954753183767;1.6613275015583202;2.0;2.0,1.3258778187608313e-5,1.0168373005950426,2.1361092121865553,0.3091197596022095,0.6110763101194355,0.8670515840008822,0.5447327145649725,0.3223188694359097,0.5447327145649725,0.3223188694359097
ER(0.5),12,10,20271821,41,norm_init,20.5;1.0;1.0,0.00010587804336258555,0.48776303843141255,0.13164638821078406,0.4877630384393345,0.13164638821229174,0.8670515840008822,0.7592592592592593,0.10779232474162292,0.7592592592592593,0.10779232474162292
ER(0.5),12,10,20271821,41,norm_25,21.196535869752086;9.813409096584751;7.661906631016777,1.1232783086968509e-5,0.8413353119636363,3.3709937140052655,0.8628226738610669,3.4620827779112715,0.8670515840008822,0.7592592592592593,0.10779232474162292,0.7592592592592593,0.10779232474162292
ER(0.5),12,10,20271821,41,norm_50,21.19648930100241;9.813561186080547;7.662178814651762,1.1232783081750694e-5,0.8413600046545155,3.371135060973243,0.8628493990401012,3.462233887132825,0.8670515840008822,0.7592592592592593,0.10779232474162292,0.7592592592592593,0.10779232474162292
ER(0.5),12,10,20271821,41,norm_fit,21.19648930100241;9.813561186080547;7.662178814651762,1.1232783081750694e-5,0.8413600046545155,3.371135060973243,0.8628493990401012,3.462233887132825,0.8670515840008822,0.7592592592592593,0.10779232474162292,0.7592592592592593,0.10779232474162292
ER(0.5),14,1,20272012,43,emp,-,0.0,0.0,0.0,6.874389825693957e-18,3.5304268210179015e-18,0.835539936227498,0.7995835775308496,0.03595635869664837,0.7995835775308496,0.03595635869664837
ER(0.5),14,1,20272012,43,paper,-,7.1804993948246326e-6,0.3528431747483711,1.06696176796807,0.06938089944737773,0.13106628297455789,0.835539936227498,0.8238934633227099,0.011646472904788152,0.7787342452811714,0.05680569094632659
ER(0.5),14,1,20272012,43,tri_init,0.0;0.0;1.0;1.0,1.0977548336912826e-5,1.428543603146099,2.3503411711106765,0.5715481786915086,0.9352320647433716,0.835539936227498,0.8168194295924068,0.018720506635091172,0.8168194295924068,0.018720506635091172
ER(0.5),14,1,20272012,43,tri_25,18.728963157413254;3.8237724079478714;1.9948140505182457;1.3308789015903555,8.622000926221488e-6,1.4019312844757905,3.01461749312298,0.36920707748349435,0.7869081712403897,0.835539936227498,0.5781624867253491,0.2573774495021489,0.5781624867253491,0.2573774495021489
ER(0.5),14,1,20272012,43,tri_50,18.72895912772873;3.823785555445925;1.9948156175002398;1.3308768873513745,8.622000922876794e-6,1.4019312996088802,3.0146172074300854,0.36920712179604864,0.7869081860555615,0.835539936227498,0.5781624867253491,0.2573774495021489,0.5781624867253491,0.2573774495021489
ER(0.5),14,1,20272012,43,tri_fit,18.72895809636529;3.8237854686371424;1.9948156212477977;1.330876915847691,8.622000922869191e-6,1.401931300710765,3.0146172294844247,0.36920711862022076,0.786908184236608,0.835539936227498,0.5781624867253491,0.2573774495021489,0.5781624867253491,0.2573774495021489
ER(0.5),14,1,20272012,43,norm_init,21.5;1.0;1.0,8.65866088679672e-5,0.4446245403460788,0.06426772461513607,0.44462454034608306,0.06426772461513645,0.835539936227498,0.7166666666666668,0.11887326956083122,0.7166666666666668,0.11887326956083122
ER(0.5),14,1,20272012,43,norm_25,22.076804868202448;15.971018002959026;8.076360082652988,7.417056045871e-6,1.2561723973356984,5.335498984432347,1.307542655088092,5.548064243910413,0.835539936227498,0.7166666666666667,0.11887326956083133,0.7166666666666667,0.11887326956083133
ER(0.5),14,1,20272012,43,norm_50,22.082786726845427;11.085614958328534;8.649078272331831,7.0894794914910876e-6,0.9244951923582596,3.860418379888641,0.9399887809054036,3.926130149533924,0.835539936227498,0.7166666666666667,0.11887326956083133,0.7166666666666667,0.11887326956083133
ER(0.5),14,1,20272012,43,norm_fit,21.980203278489544;9.795604709970132;8.059132014226671,7.040624935870134e-6,0.7817017900857925,3.1323355859466813,0.7907165513492097,3.169368285732588,0.835539936227498,0.7166666666666667,0.11887326956083133,0.7166666666666667,0.11887326956083133
ER(0.5),14,2,20272013,50,emp,-,0.0,0.0,0.0,8.775000047675676e-18,6.09084895559175e-18,0.8332244475045842,0.8126348873275769,0.020589560177007304,0.8126348873275769,0.020589560177007304
ER(0.5),14,2,20272013,50,paper,-,6.529549869792736e-6,4.580819523322081,0.04558277341708916,0.08183380270937288,0.16650926203095515,0.8332244475045842,0.4553318821605252,0.377892565344059,0.7895292514391049,0.043695196065479336
ER(0.5),14,2,20272013,50,tri_init,0.0;0.0;1.0;1.0,1.0804936622098993e-5,1.5966205273993348,2.591675676287212,0.6404303880233985,1.0314580188081608,0.8332244475045842,0.825975758910434,0.007248688594150288,0.825975758910434,0.007248688594150288
ER(0.5),14,2,20272013,50,tri_25,56.552129435538575;3.252633423826146;1.9930112803793816;1.6263965889249157,7.998460732387697e-6,1.5058157220765152,3.357846264296206,0.38532011454897047,0.8446875132756441,0.8332244475045842,0.5328124627151003,0.30041198478948394,0.5328124627151003,0.30041198478948394
ER(0.5),14,2,20272013,50,tri_50,56.54741316500738;3.2523975108147716;1.9929888849882849;1.6264396006588964,7.998460729453743e-6,1.5058225644485361,3.3578759488817984,0.3853181279303075,0.8446865557918756,0.8332244475045842,0.5328124627151003,0.30041198478948394,0.5328124627151003,0.30041198478948394
ER(0.5),14,2,20272013,50,tri_fit,56.5454603288918;3.252266535226326;1.9929779723177443;1.626458973762501,7.998460728473648e-6,1.5058252260931386,3.357889534686742,0.3853173000305453,0.8446865385855807,0.8332244475045842,0.5328124627151003,0.30041198478948394,0.5328124627151003,0.30041198478948394
ER(0.5),14,2,20272013,50,norm_init,25.0;1.0;1.0,7.755268960149489e-5,0.4796329343905535,0.06926705093161309,0.4796329296541684,0.06926705047962996,0.8332244475045842,0.7352941176470589,0.09793032985752537,0.7352941176470589,0.09793032985752537
ER(0.5),14,2,20272013,50,norm_25,25.82060555551383;34.37678772577784;7.218764708628071,7.601492304887389e-6,2.083768985546994,8.927092779680441,2.4205825261465024,10.276649328606334,0.8332244475045842,0.7352941176470589,0.09793032985752537,0.7352941176470589,0.09793032985752537
ER(0.5),14,2,20272013,50,norm_50,25.909267602482593;26.440519859973985;7.013860285064242,7.2582638881195315e-6,1.8540816643866993,7.732643767881854,2.0577879534438157,8.535251287378976,0.8332244475045842,0.7352941176470589,0.09793032985752537,0.7352941176470589,0.09793032985752537
ER(0.5),14,2,20272013,50,norm_fit,25.73629359075488;17.75948002857047;7.596713568258552,6.7796320240132505e-6,1.3966291855346693,5.838402167119264,1.467858123247858,6.126036724705966,0.8332244475045842,0.7352941176470589,0.09793032985752537,0.7352941176470589,0.09793032985752537
ER(0.5),14,3,20272014,47,emp,-,0.0,0.0,0.0,3.941824319035895e-18,2.088015762402548e-18,0.8004775169660114,0.7698602562021272,0.03061726076388427,0.7698602562021272,0.03061726076388427
ER(0.5),14,3,20272014,47,paper,-,6.2580901837956e-6,0.15450148686379617,0.050383446230683596,0.07555679514475924,0.1482177960377974,0.8004775169660114,0.4518814486539571,0.34859606831205436,0.7504623692588862,0.05001514770712523
ER(0.5),14,3,20272014,47,tri_init,0.0;0.0;1.0;1.0,1.0020073609737806e-5,1.5245635612352202,2.4832262915893866,0.6106863543104044,0.9858435722775357,0.8004775169660114,0.7854146785749369,0.015062838391074584,0.7854146785749369,0.015062838391074584
ER(0.5),14,3,20272014,47,tri_25,59.02463983538948;-0.18798844584715893;1.518326359700166;1.9817614982365384,7.769213395227141e-6,1.437109379241693,3.1713463344174126,0.3787982713077494,0.82110787556517,0.8004775169660114,0.5581699398594528,0.2423075771065586,0.5581699398594528,0.2423075771065586
ER(0.5),14,3,20272014,47,tri_50,59.022749959462054;-0.18812857024450627;1.5183242080444443;1.9817942264459723,7.769213393425698e-6,1.4371115154542293,3.171371979833986,0.37879523827055506,0.8211064526424574,0.8004775169660114,0.5581699398594528,0.2423075771065586,0.5581699398594528,0.2423075771065586
ER(0.5),14,3,20272014,47,tri_fit,59.01874351088116;-0.18812745172678338;1.5183268525490596;1.9817932303851828,7.769213390512393e-6,1.4371173714779044,3.1713868333431754,0.37879507095132053,0.8211065482488461,0.8004775169660114,0.5581699398594528,0.2423075771065586,0.5581699398594528,0.2423075771065586
ER(0.5),14,3,20272014,47,norm_init,23.5;1.0;1.0,8.028822415358242e-5,0.4650833226669546,0.07397751765971888,0.4650833226669592,0.07397751765971929,0.8004775169660114,0.6911764705882354,0.10930104637777605,0.6911764705882354,0.10930104637777605
ER(0.5),14,3,20272014,47,norm_25,24.072089168943585;9.687690779582214;8.340340762850248,6.2698202468348895e-6,0.825047764078213,3.333337438077646,0.8345717591926974,3.372921424725352,0.8004775169660114,0.6911764705882353,0.10930104637777616,0.6911764705882353,0.10930104637777616
ER(0.5),14,3,20272014,47,norm_50,24.07473707672506;9.682772904616687;8.35062663119885,6.2698133010968705e-6,0.8257242387483297,3.3368129264131228,0.8352626997709928,3.3764691990149998,0.8004775169660114,0.6911764705882353,0.10930104637777616,0.6911764705882353,0.10930104637777616
ER(0.5),14,3,20272014,47,norm_fit,24.07473835892971;9.682760781138537;8.350693422078894,6.269813300987762e-6,0.8257299857638365,3.3368424102278382,0.8352685998950102,3.376499407148283,0.8004775169660114,0.6911764705882353,0.10930104637777616,0.6911764705882353,0.10930104637777616
ER(0.5),14,4,20272015,42,emp,-,0.0,0.0,0.0,1.0633757183480894e-17,3.581101437396537e-18,0.8245293656269178,0.7969379897673612,0.02759137585955662,0.7969379897673612,0.02759137585955662
ER(0.5),14,4,20272015,42,paper,-,7.070506602757944e-6,0.7871556067548241,2.9849763024708733,0.06826684438696322,0.15384705535015156,0.8245293656269178,0.8151656827581998,0.009363682868718026,0.7665259413648812,0.05800342426203664
ER(0.5),14,4,20272015,42,tri_init,0.0;0.0;1.0;1.0,1.0885961442149512e-5,1.4074585927202983,2.3909269804938416,0.5636547744323768,0.9486648059431347,0.8245293656269178,0.8014063763413183,0.023122989285599527,0.8014063763413183,0.023122989285599527
ER(0.5),14,4,20272015,42,tri_25,35.78486163309239;3.0819374028070454;1.8615596775667782;1.3660036009611787,8.647643838844372e-6,1.3540971698760353,2.9485108259170816,0.3731255925391912,0.8012576502502862,0.8245293656269178,0.565772195393524,0.25875717023339384,0.565772195393524,0.25875717023339384
ER(0.5),14,4,20272015,42,tri_50,35.78401692236444;3.081972833639741;1.8615586165917009;1.365993187586709,8.647643838184076e-6,1.3540983829314004,2.948506626780267,0.37312673813716446,0.8012583245830385,0.8245293656269178,0.565772195393524,0.25875717023339384,0.565772195393524,0.25875717023339384
ER(0.5),14,4,20272015,42,tri_fit,35.78372899986608;3.0819718292928755;1.8615615975260942;1.3659953850716184,8.647643837871103e-6,1.3540987592395362,2.948510712290447,0.3731262249739659,0.8012580717186859,0.8245293656269178,0.565772195393524,0.25875717023339384,0.565772195393524,0.25875717023339384
ER(0.5),14,4,20272015,42,norm_init,21.0;1.0;1.0,8.929324072686466e-5,0.4416000777029123,0.06992505159232058,0.44160007334775914,0.06992505121218594,0.8245293656269178,0.7000000000000001,0.12452936562691774,0.7000000000000001,0.12452936562691774
ER(0.5),14,4,20272015,42,norm_25,21.536475504480364;8.810817845655802;8.258406201510907,7.004647217907451e-6,0.7217446442789686,2.674648329441613,0.7285566586913319,2.700786432305544,0.8245293656269178,0.7,0.12452936562691785,0.7,0.12452936562691785
ER(0.5),14,4,20272015,42,norm_50,21.537662348466064;8.986450835676447;8.29460319630454,7.003786254845272e-6,0.7372720805317335,2.7458837164228243,0.7445708517349671,2.7739950614850577,0.8245293656269178,0.7,0.12452936562691785,0.7,0.12452936562691785
ER(0.5),14,4,20272015,42,norm_fit,21.53766227531807;8.986450553218408;8.294602882250212,7.003786254845253e-6,0.7372720311271648,2.7458834919655377,0.7445708008698299,2.773994831061231,0.8245293656269178,0.7,0.12452936562691785,0.7,0.12452936562691785
ER(0.5),14,5,20272016,40,emp,-,0.0,0.0,0.0,5.999817324486864e-18,3.947393102304188e-18,0.7521891273631569,0.7171662208356139,0.03502290652754303,0.7171662208356139,0.03502290652754303
ER(0.5),14,5,20272016,40,paper,-,6.242350859641286e-6,4.024673215525373,14.930479757874222,0.06795853340281058,0.13309812253831457,0.7521891273631569,0.7358218946353867,0.016367232727770187,0.7031300330653687,0.04905909429778821
ER(0.5),14,5,20272016,40,tri_init,0.0;0.0;1.0;1.0,1.0050572112048302e-5,1.3520701157006627,2.299099874403604,0.5412256902375234,0.9046276272334559,0.7521891273631569,0.721444146017796,0.030744981345360856,0.721444146017796,0.030744981345360856
ER(0.5),14,5,20272016,40,tri_25,1.5731563798965074;3.3729895744364407;1.8486607173365774;1.104847092957964,8.739519674532006e-6,1.3529292211384172,2.8159586186162535,0.39008660818088836,0.790904646561691,0.7521891273631569,0.5621430637614782,0.19004606360167875,0.5621430637614782,0.19004606360167875
ER(0.5),14,5,20272016,40,tri_50,1.5719817015432775;3.37297150942278;1.848665116482663;1.104851234744996,8.739519673077898e-6,1.3529306456090588,2.815968368748481,0.39008561608779047,0.7909044587758206,0.7521891273631569,0.5621430637614782,0.19004606360167875,0.5621430637614782,0.19004606360167875
ER(0.5),14,5,20272016,40,tri_fit,1.5712748251960802;3.3731159680556546;1.8486793707050209;1.1048250483810957,8.739519672012725e-6,1.3529316899320947,2.8159628180865823,0.3900870060814405,0.7909052049981435,0.7521891273631569,0.5621430637614782,0.19004606360167875,0.5621430637614782,0.19004606360167875
ER(0.5),14,5,20272016,40,norm_init,20.0;1.0;1.0,8.836484480586366e-5,0.4330828288863047,0.08753184916643163,0.4330828246417242,0.08753184884068009,0.7521891273631569,0.6250000000000001,0.1271891273631568,0.6250000000000001,0.1271891273631568
ER(0.5),14,5,20272016,40,norm_25,20.34075899444084;7.798253916199424;7.554138009830263,6.565585411763165e-6,0.5710699608143907,2.0157113242755322,0.5745520035101669,2.0285939742522987,0.7521891273631569,0.625,0.1271891273631569,0.625,0.1271891273631569
ER(0.5),14,5,20272016,40,norm_50,20.340738851480623;7.797775909775532;7.554951461276628,6.565585382306156e-6,0.5711151052266846,2.015894251080947,0.5745978475322563,2.0287796093118726,0.7521891273631569,0.625,0.1271891273631569,0.625,0.1271891273631569
ER(0.5),14,5,20272016,40,norm_fit,20.340738851480623;7.797775909775532;7.554951461276628,6.565585382306156e-6,0.5711151052266846,2.015894251080947,0.5745978475322563,2.0287796093118726,0.7521891273631569,0.625,0.1271891273631569,0.625,0.1271891273631569
ER(0.5),14,6,20272017,52,emp,-,0.0,0.0,0.0,8.929312347893464e-18,1.368265719017003e-17,0.871041803678108,0.847052738354269,0.023989065323839043,0.847052738354269,0.023989065323839043
ER(0.5),14,6,20272017,52,paper,-,6.6364581530314e-6,67.77736202627428,0.4271460688498412,0.08393085752745529,0.17833956925481512,0.871041803678108,0.482414967890353,0.38862683578775503,0.8217519278807446,0.049289875797363436
ER(0.5),14,6,20272017,52,tri_init,0.0;0.0;1.0;1.0,1.0232036002337841e-5,1.6421302127176858,2.6638812501361686,0.6585634234404845,1.0615129485811141,0.871041803678108,0.8616354502848824,0.009406353393225597,0.8616354502848824,0.009406353393225597
ER(0.5),14,6,20272017,52,tri_25,61.62493003694975;1.9232856941704326;2.0;2.0,7.041737253961698e-6,1.5342089639167817,3.6792205090086294,0.36168910701726953,0.8520671859039438,0.871041803678108,0.5579756795941226,0.3130661240839854,0.5579756795941226,0.3130661240839854
ER(0.5),14,6,20272017,52,tri_50,61.62493003694975;1.9232856941704326;2.0;2.0,7.041737253961698e-6,1.5342089639167817,3.6792205090086294,0.36168910701726953,0.8520671859039438,0.871041803678108,0.5579756795941226,0.3130661240839854,0.5579756795941226,0.3130661240839854
ER(0.5),14,6,20272017,52,tri_fit,61.62493003694975;1.9232856941704326;2.0;2.0,7.041737253961698e-6,1.5342089639167817,3.6792205090086294,0.36168910701726953,0.8520671859039438,0.871041803678108,0.5579756795941226,0.3130661240839854,0.5579756795941226,0.3130661240839854
ER(0.5),14,6,20272017,52,norm_init,26.0;1.0;1.0,7.80749975973061e-5,0.48485325295978327,0.06631311247435358,0.48485324812080494,0.06631311199002171,0.871041803678108,0.7647058823529412,0.10633592132516678,0.7647058823529412,0.10633592132516678
ER(0.5),14,6,20272017,52,norm_25,26.680543345787413;17.682368954430284;8.84593060819894,6.203320280653584e-6,1.4128335417139477,6.257729205109709,1.4822630916075403,6.555441388991426,0.871041803678108,0.7647058823529411,0.1063359213251669,0.7647058823529411,0.1063359213251669
ER(0.5),14,6,20272017,52,norm_50,26.821157367808762;14.871701712085164;9.322269850718394,6.151171861412789e-6,1.2714587781549611,5.645410012655097,1.3139201798788098,5.831746261874737,0.871041803678108,0.7647058823529411,0.1063359213251669,0.7647058823529411,0.1063359213251669
ER(0.5),14,6,20272017,52,norm_fit,26.734918294771273;14.158924505464368;9.469651386034384,6.1413007229483184e-6,1.238637730085352,5.497417170454763,1.2758417574678838,5.6617734074311565,0.871041803678108,0.7647058823529411,0.1063359213251669,0.7647058823529411,0.1063359213251669
ER(0.5),14,7,20272018,50,emp,-,0.0,0.0,0.0,5.275813586652536e-18,5.927522766390541e-18,0.8419315159739391,0.8158896151813338,0.026041900792605266,0.8158896151813338,0.026041900792605266
ER(0.5),14,7,20272018,50,paper,-,6.3799932342035316e-6,4.587333441516748,0.04540758049314541,0.07913689579066487,0.1664921397253551,0.8419315159739391,0.4687575423535358,0.37317397362040333,0.7906168551005642,0.051314660873374884
ER(0.5),14,7,20272018,50,tri_init,0.0;0.0;1.0;1.0,1.0179619535622348e-5,1.597047913722194,2.5916429753449073,0.6402161720045803,1.0314278000620305,0.8419315159739391,0.8307602861164102,0.011171229857528941,0.8307602861164102,0.011171229857528941
ER(0.5),14,7,20272018,50,tri_25,0.7028394856515879;2.182187764873278;1.9837023146996788;1.8660095880336023,7.378589668299751e-6,1.585982402755896,3.7174594226706446,0.3629056458613249,0.8362684991128382,0.8419315159739391,0.5369518814054317,0.3049796345685074,0.5369518814054317,0.3049796345685074
ER(0.5),14,7,20272018,50,tri_50,0.7151940887553524;2.166101268482651;1.9803411107912896;1.867226731721924,7.378587298716374e-6,1.586030338526751,3.715979374730877,0.3630965694927029,0.8363684254410108,0.8419315159739391,0.5369518814054317,0.3049796345685074,0.5369518814054317,0.3049796345685074
ER(0.5),14,7,20272018,50,tri_fit,0.7129512093486552;2.165912654532813;1.9803084395086663;1.8672534142730741,7.378587297806574e-6,1.5860340478774901,3.715982182209539,0.3630970940936451,0.8363683792159435,0.8419315159739391,0.5369518814054317,0.3049796345685074,0.5369518814054317,0.3049796345685074
ER(0.5),14,7,20272018,50,norm_init,25.0;1.0;1.0,7.771391707713075e-5,0.4779253254280485,0.06904741148700354,0.47792532068456706,0.06904741103663681,0.8419315159739391,0.7352941176470589,0.10663739832688024,0.7352941176470589,0.10663739832688024
ER(0.5),14,7,20272018,50,norm_25,25.0574216614172;8.94471198456917;31.679417700010163,7.715065258521716e-6,2.6674828432051108,11.866863185416666,3.1252887725739855,13.883165683635609,0.8419315159739391,0.7352941176470589,0.10663739832688024,0.7352941176470589,0.10663739832688024
ER(0.5),14,7,20272018,50,norm_50,25.03999384319916;9.51614303668215;15.030326358042794,6.634168071116796e-6,1.6118185774247198,7.054933540267842,1.6819777706706918,7.3634635015494965,0.8419315159739391,0.7352941176470589,0.10663739832688024,0.7352941176470589,0.10663739832688024
ER(0.5),14,7,20272018,50,norm_fit,25.67177338707259;11.141076050990327;8.972894626986857,6.187061713110721e-6,1.0017507712765354,4.234685719332497,1.018826281544643,4.308208665721634,0.8419315159739391,0.7352941176470589,0.10663739832688024,0.7352941176470589,0.10663739832688024
ER(0.5),14,8,20272019,49,emp,-,0.0,0.0,0.0,3.62260670345621e-18,4.25057033492431e-18,0.8082921037570993,0.7792627123938508,0.029029391363248447,0.7792627123938508,0.029029391363248447
ER(0.5),14,8,20272019,49,paper,-,6.323453019454855e-6,1.363114581934852,0.039149862637189004,0.08230321840463635,0.1589076527801149,0.8082921037570993,0.45384915202984083,0.3544429517272584,0.7598642030241052,0.04842790073299408
ER(0.5),14,8,20272019,49,tri_init,0.0;0.0;1.0;1.0,9.83595162397498e-6,1.5720944428594918,2.5530383392464824,0.630632043818624,1.0139610474958332,0.8082921037570993,0.7945748123148978,0.013717291442201462,0.7945748123148978,0.013717291442201462
ER(0.5),14,8,20272019,49,tri_25,56.53018624219723;1.2253006587341357;1.8514052119628601;1.914787750733659,7.392266476611173e-6,1.481945295890684,3.4338495119715753,0.36729700237488105,0.8306338411812817,0.8082921037570993,0.5652963017013921,0.24299580205570714,0.5652963017013921,0.24299580205570714
ER(0.5),14,8,20272019,49,tri_50,56.50523688829925;1.2249589801349583;1.8513673600013887;1.914810808015787,7.392266465431653e-6,1.4819829818669341,3.433937053317939,0.36729829385668294,0.8306367065317667,0.8082921037570993,0.5652963017013921,0.24299580205570714,0.5652963017013921,0.24299580205570714
ER(0.5),14,8,20272019,49,tri_fit,56.498476904654815;1.2247912010113027;1.8513182701750615;1.914836457312334,7.392266460527027e-6,1.481994615141773,3.4339405189032464,0.36730049537150805,0.830636294917777,0.8082921037570993,0.5652963017013921,0.24299580205570714,0.5652963017013921,0.24299580205570714
ER(0.5),14,8,20272019,49,norm_init,24.5;1.0;1.0,7.851983747247163e-5,0.47457724742174184,0.07436133487850227,0.4745772474217463,0.07436133487850267,0.8082921037570993,0.7000000000000001,0.10829210375709919,0.7000000000000001,0.10829210375709919
ER(0.5),14,8,20272019,49,norm_25,25.09009988094221;11.00888500925937;8.787864020380708,6.173330416977435e-6,0.9714728064819333,4.071172795119385,0.9872693057997947,4.138675829763445,0.8082921037570993,0.7,0.1082921037570993,0.7,0.1082921037570993
ER(0.5),14,8,20272019,49,norm_50,25.102754833328028;10.75056002326496;8.91862255175253,6.172434167622942e-6,0.9666155936086915,4.049641898325284,0.9817912678805226,4.114695276157242,0.8082921037570993,0.7,0.1082921037570993,0.7,0.1082921037570993
ER(0.5),14,8,20272019,49,norm_fit,25.10241155981919;10.744561434153713;8.921161712863341,6.1724337073024195e-6,0.9664710803375898,4.048921479541751,0.9816320218950386,4.113914363052421,0.8082921037570993,0.7,0.1082921037570993,0.7,0.1082921037570993
ER(0.5),14,9,20272020,35,emp,-,0.0,0.0,0.0,3.835427714547732e-18,3.469446951953614e-18,0.8414147658518704,0.8055803541668902,0.03583441168498014,0.8055803541668902,0.03583441168498014
ER(0.5),14,9,20272020,35,paper,-,8.609475494774477e-6,184.93818633670944,679.6973039331596,0.05724492180027646,0.12889469130419676,0.8414147658518704,0.8386684143934864,0.0027463514583839777,0.7864285737474274,0.054986192104443
ER(0.5),14,9,20272020,35,tri_init,0.0;0.0;1.0;1.0,1.2493595740483394e-5,1.2190486230263742,2.0258767887485445,0.48658375584712893,0.8086091889132423,0.8414147658518704,0.7948325479665003,0.04658221788537009,0.7948325479665003,0.04658221788537009
ER(0.5),14,9,20272020,35,tri_25,2.223925653622285;0.9433714321934411;1.378721546007945;1.448978546888451,1.0715299637590442e-5,1.2207927169483772,2.3832093575819115,0.362563130246565,0.7093627843916799,0.8414147658518704,0.5849252871536702,0.25648947869820016,0.5849252871536702,0.25648947869820016
ER(0.5),14,9,20272020,35,tri_50,2.2234890118796455;0.9434316475603592;1.3787276002875775;1.4489723157894143,1.0715299636896268e-5,1.2207932602134965,2.383209192740213,0.3625631424015421,0.7093624688485782,0.8414147658518704,0.5849252871536702,0.25648947869820016,0.5849252871536702,0.25648947869820016
ER(0.5),14,9,20272020,35,tri_fit,2.2230324577210174;0.943471801641762;1.3787363683463174;1.4489727087998867,1.0715299636345732e-5,1.220793845700282,2.383214417249949,0.36256212321158243,0.7093616881817775,0.8414147658518704,0.5849252871536702,0.25648947869820016,0.5849252871536702,0.25648947869820016
ER(0.5),14,9,20272020,35,norm_init,17.5;1.0;1.0,0.00010037763395661033,0.4040848900829828,0.10102508610860042,0.40408489008298676,0.10102508610860125,0.8414147658518704,0.7000000000000002,0.14141476585187018,0.7000000000000002,0.14141476585187018
ER(0.5),14,9,20272020,35,norm_25,17.922457539126416;7.509191552397903;7.662971383712315,8.42006067859157e-6,0.5231950297840178,1.4617501645229336,0.5262809744566749,1.4707778720231766,0.8414147658518704,0.7,0.1414147658518704,0.7,0.1414147658518704
ER(0.5),14,9,20272020,35,norm_50,17.922476920153986;7.512384772196672;7.661345933082291,8.420060237738331e-6,0.5232769999278938,1.4620746426314524,0.5263643264983525,1.4711069221694508,0.8414147658518704,0.7,0.1414147658518704,0.7,0.1414147658518704
ER(0.5),14,9,20272020,35,norm_fit,17.9224774168949;7.512348184530237;7.661393604174217,8.420060237611354e-6,0.5232785769870508,1.4620795741435175,0.526365931511106,1.4711119367688397,0.8414147658518704,0.7,0.1414147658518704,0.7,0.1414147658518704
ER(0.5),14,10,20272021,45,emp,-,0.0,0.0,0.0,7.075744344314263e-18,4.52029098102859e-18,0.8609657491262915,0.8327646753433425,0.028201073782949004,0.8327646753433425,0.028201073782949004
ER(0.5),14,10,20272021,45,paper,-,7.1453547349929536e-6,0.09067372888586533,0.21325811706677755,0.07231690439174422,0.14227971765877143,0.8609657491262915,0.8281059575622421,0.03285979156404939,0.8066490821872485,0.05431666693904302
ER(0.5),14,10,20272021,45,tri_init,0.0;0.0;1.0;1.0,1.1498620087572746e-5,1.4789170524905517,2.4211833695145533,0.5933383470600928,0.9647632902896031,0.8609657491262915,0.8485051961715079,0.012460552954783655,0.8485051961715079,0.012460552954783655
ER(0.5),14,10,20272021,45,tri_25,17.101652148316653;3.83892893458031;1.9948799749522077;1.4340767418502174,8.623486654510578e-6,1.4509506383899073,3.149365202681905,0.373266890734033,0.8006503024823572,0.8609657491262915,0.5420142978795984,0.3189514512466931,0.5420142978795984,0.3189514512466931
ER(0.5),14,10,20272021,45,tri_50,17.09903807064091;3.838962416963164;1.9948688811065554;1.4340543653827185,8.623486652255097e-6,1.450954911240383,3.1493536294834046,0.373270156470342,0.8006522669052775,0.8609657491262915,0.5420142978795984,0.3189514512466931,0.5420142978795984,0.3189514512466931
ER(0.5),14,10,20272021,45,tri_fit,17.09853723784942;3.8389808144271416;1.9948719428975321;1.4340537796715302,8.623486651888187e-6,1.4509555805431136,3.149356316695433,0.3732699070300829,0.8006520329761823,0.8609657491262915,0.5420142978795984,0.3189514512466931,0.5420142978795984,0.3189514512466931
ER(0.5),14,10,20272021,45,norm_init,22.5;1.0;1.0,8.592845514495114e-5,0.4560141453103547,0.06174739830840226,0.45601414531035916,0.06174739830840268,0.8609657491262915,0.7500000000000001,0.11096574912629142,0.7500000000000001,0.11096574912629142
ER(0.5),14,10,20272021,45,norm_25,23.187835763983802;21.082066979376805;8.706579974370108,7.743540458438506e-6,1.5623467011384138,6.922619179445329,1.6749347468094902,7.403652381552503,0.8609657491262915,0.75,0.11096574912629154,0.75,0.11096574912629154
ER(0.5),14,10,20272021,45,norm_50,23.260137483088425;11.005239627230367;8.202651633943333,7.0483833008758136e-6,0.9017816014181679,3.6857860792519173,0.9158383247089694,3.744299065554781,0.8609657491262915,0.75,0.11096574912629154,0.75,0.11096574912629154
ER(0.5),14,10,20272021,45,norm_fit,23.261262558805708;9.56449386352715;8.229187849121198,7.018461907428125e-6,0.7961804832998709,3.175207763504524,0.8049617112476021,3.2114900816579555,0.8609657491262915,0.75,0.11096574912629154,0.75,0.11096574912629154
ER(0.25),12,1,20281812,15,emp,-,0.0,0.0,0.0,7.631127120768212e-18,6.808927756734611e-18,0.7633254617586126,0.7317401646149994,0.031585297143613245,0.7317401646149994,0.031585297143613245
ER(0.25),12,1,20281812,15,paper,-,1.5224219116992117e-5,3512.182206476088,9938.22018179554,0.04162496887530981,0.09234485866975443,0.7633254617586126,0.751355340145963,0.011970121612649653,0.7209001914658832,0.042425270292729356
ER(0.25),12,1,20281812,15,tri_init,0.0;0.0;1.0;1.0,3.088955644310879e-5,0.45107373531795747,0.802386477934547,0.2280662583775522,0.4061355059736226,0.7633254617586126,0.6877974696168819,0.07552799214173067,0.6877974696168819,0.07552799214173067
ER(0.25),12,1,20281812,15,tri_25,0.0;-0.43966845105844554;0.6997664419006286;0.9619482093608224,2.8895882959995168e-5,0.44176008408616996,0.7148377389518674,0.2599685083243751,0.42214325002224307,0.7633254617586126,0.617888995308006,0.1454364664506066,0.617888995308006,0.1454364664506066
ER(0.25),12,1,20281812,15,tri_50,0.0;-0.43967236770744333;0.6997670741416839;0.9619506538841939,2.889588295977605e-5,0.44176019063183175,0.7148383776777025,0.259968168097455,0.42214297413222684,0.7633254617586126,0.617888995308006,0.1454364664506066,0.617888995308006,0.1454364664506066
ER(0.25),12,1,20281812,15,tri_fit,0.0;-0.4396723675286444;0.6997670741625093;0.9619506538420233,2.8895882959776048e-5,0.44176019063109606,0.7148383776732559,0.25996816809981715,0.4221429741341314,0.7633254617586126,0.617888995308006,0.1454364664506066,0.617888995308006,0.1454364664506066
ER(0.25),12,1,20281812,15,norm_init,7.5;1.0;1.0,0.0001720411118792156,0.3139884740442626,0.15419440889898808,0.31398847404914676,0.15419440890052494,0.7633254617586126,0.5769230769230769,0.18640238483553573,0.5769230769230769,0.18640238483553573
ER(0.25),12,1,20281812,15,norm_25,7.678076518536727;3.607025334896699;3.7826278017791006,1.576731733218795e-5,0.11006222854580702,0.13780361490973808,0.11009111258270175,0.13784458739244826,0.7633254617586126,0.5769230769230769,0.18640238483553573,0.5769230769230769,0.18640238483553573
ER(0.25),12,1,20281812,15,norm_50,7.6780897600011935;3.6069905067071932;3.7826133087609985,1.5767317327635048e-5,0.1100604167754727,0.1377997906232538,0.11008929827370427,0.13784075845049268,0.7633254617586126,0.5769230769230769,0.18640238483553573,0.5769230769230769,0.18640238483553573
ER(0.25),12,1,20281812,15,norm_fit,7.6780897600011935;3.6069905067071932;3.7826133087609985,1.5767317327635048e-5,0.1100604167754727,0.1377997906232538,0.11008929827370427,0.13784075845049268,0.7633254617586126,0.5769230769230769,0.18640238483553573,0.5769230769230769,0.18640238483553573
ER(0.25),12,2,20281813,17,emp,-,0.0,0.0,0.0,0.0,0.0,0.8008168503983236,0.7707236672976183,0.0300931831007053,0.7707236672976183,0.0300931831007053
ER(0.25),12,2,20281813,17,paper,-,1.6281998829673036e-5,2059.9498196046648,6536.537059143888,0.048558580621913504,0.1195811672032478,0.8008168503983236,0.798257397530653,0.002559452867670675,0.7593700291347677,0.04144682126355592
ER(0.25),12,2,20281813,17,tri_init,0.0;0.0;1.0;1.0,2.743793664704154e-5,0.5036757995258864,0.87478703065636,0.25894115029484227,0.4452863065161561,0.8008168503983236,0.7242404822841146,0.07657636811420898,0.7242404822841146,0.07657636811420898
ER(0.25),12,2,20281813,17,tri_25,1.5760743050394599;0.9305040393814423;1.01315660310399;0.8345572763397724,2.6691891037161534e-5,0.4979855503826889,0.8143798264026683,0.27391527334912985,0.444741155879561,0.8008168503983236,0.6290350195100718,0.17178183088825183,0.6290350195100718,0.17178183088825183
ER(0.25),12,2,20281813,17,tri_50,1.5587855394735948;0.9306600842278764;1.013208599169331;0.8345088269781916,2.669188893889489e-5,0.49801933905025086,0.8144447647940404,0.27391487946692133,0.44474518553850334,0.8008168503983236,0.6290350195100718,0.17178183088825183,0.6290350195100718,0.17178183088825183
ER(0.25),12,2,20281813,17,tri_fit,1.5507677223286656;0.9300744015607787;1.0131610752335543;0.8346670081985665,2.6691888236882916e-5,0.49803840119908943,0.814494559113301,0.27390299073259283,0.44473560537571205,0.8008168503983236,0.6290350195100718,0.17178183088825183,0.6290350195100718,0.17178183088825183
ER(0.25),12,2,20281813,17,norm_init,8.5;1.0;1.0,0.00016803197120109878,0.3320204037224424,0.15739497325236682,0.3320204037276328,0.15739497325399188,0.8008168503983236,0.6071428571428571,0.19367399325546653,0.6071428571428571,0.19367399325546653
ER(0.25),12,2,20281813,17,norm_25,8.610161483599754;3.9754807905211766;4.3696073686891586,1.6578487871486495e-5,0.14772159381163394,0.21434385006948475,0.147828107625619,0.21453272854048314,0.8008168503983236,0.6071428571428571,0.19367399325546653,0.6071428571428571,0.19367399325546653
ER(0.25),12,2,20281813,17,norm_50,8.61010231409367;3.975410893902653;4.370259582505515,1.6578487560053338e-5,0.1477376542745845,0.21437761603558572,0.14784422752427118,0.2145666096330725,0.8008168503983236,0.6071428571428571,0.19367399325546653,0.6071428571428571,0.19367399325546653
ER(0.25),12,2,20281813,17,norm_fit,8.610102287354712;3.975410871916062;4.370259748582885,1.6578487560053304e-5,0.14773765815273196,0.21437762413909775,0.14784423141693798,0.21456661776463565,0.8008168503983236,0.6071428571428571,0.19367399325546653,0.6071428571428571,0.19367399325546653
ER(0.25),12,3,20281814,15,emp,-,0.0,0.0,0.0,6.036750180799319e-18,3.464361026494721e-18,0.7432304047517361,0.7054629280337339,0.03776747671800218,0.7054629280337339,0.03776747671800218
ER(0.25),12,3,20281814,15,paper,-,8.086935263106913e-6,3512.1752419761347,10688.91853844629,0.037041320613618124,0.0758002945293103,0.7432304047517361,0.7392016679343134,0.004028736817422662,0.7111518766936058,0.03207852805813027
ER(0.25),12,3,20281814,15,tri_init,0.0;0.0;1.0;1.0,2.8399359578606406e-5,0.4507899587495101,0.788383959666935,0.2299457409668529,0.3881521534700471,0.7432304047517361,0.6445537619153393,0.09867664283639677,0.6445537619153393,0.09867664283639677
ER(0.25),12,3,20281814,15,tri_25,3.5237444860516725;-0.06504497558714845;0.760840719196249;0.8194608177372493,2.6050416685656234e-5,0.4327294899438759,0.6801238463068148,0.27146100104457443,0.41674087422227707,0.7432304047517361,0.6445537619153393,0.09867664283639677,0.6445537619153393,0.09867664283639677
ER(0.25),12,3,20281814,15,tri_50,3.508740085131943;-0.06700365984796035;0.7605696327853865;0.8198590805473336,2.6050413063780815e-5,0.4327594681299779,0.6801946468543043,0.2714446374585201,0.416728041985681,0.7432304047517361,0.6445537619153393,0.09867664283639677,0.6445537619153393,0.09867664283639677
ER(0.25),12,3,20281814,15,tri_fit,3.501233961720904;-0.0675640594206826;0.7604280202298158;0.8199144616192809,2.6050410929209964e-5,0.43277110102440036,0.680195433881214,0.271455987427211,0.41673502728468903,0.7432304047517361,0.6445537619153393,0.09867664283639677,0.6445537619153393,0.09867664283639677
ER(0.25),12,3,20281814,15,norm_init,7.5;1.0;1.0,0.00015425493546668124,0.32027690817339277,0.1754873764246645,0.3202769081782472,0.17548737642612922,0.7432304047517361,0.5357142857142857,0.20751611903745038,0.5357142857142857,0.20751611903745038
ER(0.25),12,3,20281814,15,norm_25,7.522717774299386;3.3513006602920203;3.492242490886979,9.431667943683169e-6,0.10544981870478129,0.13096170168152751,0.10546121740231489,0.13097236351963074,0.7432304047517361,0.5357142857142857,0.20751611903745038,0.5357142857142857,0.20751611903745038
ER(0.25),12,3,20281814,15,norm_50,7.5227156112774365;3.3512366902747637;3.492489436944688,9.431667857006795e-6,0.10545155176337129,0.13096557505738332,0.10546295231423689,0.13097623984165874,0.7432304047517361,0.5357142857142857,0.20751611903745038,0.5357142857142857,0.20751611903745038
ER(0.25),12,3,20281814,15,norm_fit,7.5227156112774365;3.3512366902747637;3.492489436944688,9.431667857006795e-6,0.10545155176337129,0.13096557505738332,0.10546295231423689,0.13097623984165874,0.7432304047517361,0.5357142857142857,0.20751611903745038,0.5357142857142857,0.20751611903745038
ER(0.25),12,4,20281815,9,emp,-,0.0,0.0,0.0,0.0,0.0,0.7692668404573071,0.7390680080155578,0.030198832441749257,0.7390680080155578,0.030198832441749257
ER(0.25),12,4,20281815,9,paper,-,3.205117089719494e-7,2860.501359635333,7794.768646938216,0.01576302916174681,0.012672392588233602,0.7692668404573071,0.7638230504783148,0.005443789978992308,0.7193645885072572,0.049902251950049936
ER(0.25),12,4,20281815,9,tri_init,0.0;0.0;1.0;1.0,5.403328050846772e-5,0.3117638050174957,0.5421775361928607,0.16503297390926921,0.2730855263862319,0.7692668404573071,0.6212998304175927,0.14796701003971435,0.6212998304175927,0.14796701003971435
ER(0.25),12,4,20281815,9,tri_25,3.6586186537279337;0.025397136982797785;0.5506313078597632;0.5367074101036121,3.249161439089858e-5,0.2633944203140427,0.3916761089322558,0.21926866266009626,0.3225253814686004,0.7692668404573071,0.6053278384542673,0.1639390020030398,0.6053278384542673,0.1639390020030398
ER(0.25),12,4,20281815,9,tri_50,3.5740644522750094;0.023688792915571247;0.5501154711134179;0.5367658209851603,3.249157207036952e-5,0.26347243009979704,0.3917653692569176,0.21931953908286383,0.3225770722492596,0.7692668404573071,0.6053278384542673,0.1639390020030398,0.6053278384542673,0.1639390020030398
ER(0.25),12,4,20281815,9,tri_fit,3.487476865060871;0.022233220625213747;0.5500620911114754;0.5372346188281993,3.249149730565388e-5,0.26358722349178854,0.3919686629316692,0.21927663671644396,0.3225297095624691,0.7692668404573071,0.6053278384542673,0.1639390020030398,0.6053278384542673,0.1639390020030398
ER(0.25),12,4,20281815,9,norm_init,4.5;1.0;1.0,0.00018373050416555886,0.26428857652483595,0.18287450978312533,0.26428862206519643,0.18287453007509666,0.7692668404573071,0.5,0.2692668404573071,0.5,0.2692668404573071
ER(0.25),12,4,20281815,9,norm_25,4.4999960470838865;2.9579172599600914;2.4477386063242945,3.9338737936299425e-6,0.07420838711601994,0.09206947373041892,0.07423136958226413,0.09205741449840606,0.7692668404573071,0.5,0.2692668404573071,0.5,0.2692668404573071
ER(0.25),12,4,20281815,9,norm_50,4.499999999600199;2.957841378326154;2.4478032052158,3.933873753297353e-6,0.07420784028864119,0.09206980930764147,0.07423082305180462,0.09205775046607628,0.7692668404573071,0.5,0.2692668404573071,0.5,0.2692668404573071
ER(0.25),12,4,20281815,9,norm_fit,4.499999999600199;2.957841378326154;2.4478032052158,3.933873753297353e-6,0.07420784028864119,0.09206980930764147,0.07423082305180462,0.09205775046607628,0.7692668404573071,0.5,0.2692668404573071,0.5,0.2692668404573071
ER(0.25),12,5,20281816,11,emp,-,0.0,0.0,0.0,0.0,0.0,0.7936872184431911,0.7632755089555483,0.030411709487642824,0.7632755089555483,0.030411709487642824
ER(0.25),12,5,20281816,11,paper,-,1.5419849835904183e-5,4408.41158967732,12211.329810342699,0.027610651497650785,0.06816880776022657,0.7936872184431911,0.7877439973053808,0.005943221137810317,0.7563595828186058,0.0373276356245853
ER(0.25),12,5,20281816,11,tri_init,0.0;0.0;1.0;1.0,4.308326809127532e-5,0.3647864624589255,0.6354229591632413,0.18711508447647937,0.3235621494245902,0.7936872184431911,0.6639440493234278,0.12974316911976336,0.6639440493234278,0.12974316911976336
ER(0.25),12,5,20281816,11,tri_25,0.05568298726295399;-2.3128068254301444;0.26095572668889966;1.0610682306266968,3.4549546106943986e-5,0.33326184959482064,0.5130901028121408,0.23571152582854948,0.36380964381273345,0.7936872184431911,0.6464927785740688,0.14719443986912228,0.6464927785740688,0.14719443986912228
ER(0.25),12,5,20281816,11,tri_50,0.04635118894570584;-2.3144479803520044;0.26064967140752604;1.061336398815561,3.454954271889298e-5,0.33327311905264767,0.5130994940487439,0.23571555547566925,0.36381026488511603,0.7936872184431911,0.6464927785740688,0.14719443986912228,0.6464927785740688,0.14719443986912228
ER(0.25),12,5,20281816,11,tri_fit,0.04228746962311707;-2.3151736105053518;0.26055464821490737;1.0614474457637868,3.4549541331734535e-5,0.333279526673347,0.5131162913483694,0.23571409477288113,0.3638128845288698,0.7936872184431911,0.6464927785740688,0.14719443986912228,0.6464927785740688,0.14719443986912228
ER(0.25),12,5,20281816,11,norm_init,5.5;1.0;1.0,0.00020255768492620822,0.27596305556207823,0.1805958255977739,0.2759630556903895,0.18059582566094678,0.7936872184431911,0.55,0.24368721844319108,0.55,0.24368721844319108
ER(0.25),12,5,20281816,11,norm_25,5.4729554939191996;3.2892094960304683;3.1667292776013505,1.657421143512462e-5,0.07636227206815485,0.08155847097920924,0.07638386858629137,0.0815609571432687,0.7936872184431911,0.55,0.24368721844319108,0.55,0.24368721844319108
ER(0.25),12,5,20281816,11,norm_50,5.4729540812689255;3.2891869524440365;3.1667236088944564,1.657421143340077e-5,0.0763615583974515,0.08155777322959064,0.07638315375140138,0.08156025863586651,0.7936872184431911,0.55,0.24368721844319108,0.55,0.24368721844319108
ER(0.25),12,5,20281816,11,norm_fit,5.4729540812689255;3.2891869524440365;3.1667236088944564,1.657421143340077e-5,0.0763615583974515,0.08155777322959064,0.07638315375140138,0.08156025863586651,0.7936872184431911,0.55,0.24368721844319108,0.55,0.24368721844319108
ER(0.25),12,6,20281817,19,emp,-,0.0,0.0,0.0,8.716370530255704e-18,7.757919228897728e-18,0.776228141283609,0.7415981714988793,0.03462996978472965,0.7415981714988793,0.03462996978472965
ER(0.25),12,6,20281817,19,paper,-,1.2978452056417981e-5,960.2825841206449,3098.096808084959,0.05187169410406959,0.12366659352393257,0.776228141283609,0.7665981581845809,0.009629983099028072,0.7415981714988793,0.03462996978472965
ER(0.25),12,6,20281817,19,tri_init,0.0;0.0;1.0;1.0,2.4286060775514762e-5,0.5489399960986581,0.9209999423893175,0.28371008676134485,0.46745412731296887,0.776228141283609,0.7219589064432084,0.05426923484040058,0.7219589064432084,0.05426923484040058
ER(0.25),12,6,20281817,19,tri_25,3.28719366109415;0.8262025567403267;1.0337649336329775;0.9007397857382861,2.3716761856180347e-5,0.5416583701268337,0.8719522794253954,0.29018768763345226,0.46037809669224355,0.776228141283609,0.6151709268255766,0.16105721445803234,0.6151709268255766,0.16105721445803234
ER(0.25),12,6,20281817,19,tri_50,3.2852169566399967;0.8264103792090611;1.0338550496008299;0.9007313450751778,2.3716761610532285e-5,0.5416636664277833,0.8719806578053719,0.29017899916067236,0.46037411945952417,0.776228141283609,0.6151709268255766,0.16105721445803234,0.6151709268255766,0.16105721445803234
ER(0.25),12,6,20281817,19,tri_fit,3.2813156566689132;0.8262247697473315;1.0338179083920185;0.9007482250935578,2.3716761166687834e-5,0.5416716738231874,0.871991164710018,0.2901812261656406,0.4603763046551307,0.776228141283609,0.6151709268255766,0.16105721445803234,0.6151709268255766,0.16105721445803234
ER(0.25),12,6,20281817,19,norm_init,9.5;1.0;1.0,0.0001501617917460168,0.34949345183185854,0.1714078632359805,0.3494934518373158,0.171407863237722,0.776228141283609,0.59375,0.18247814128360895,0.59375,0.18247814128360895
ER(0.25),12,6,20281817,19,norm_25,9.614242066218388;4.005707946423736;4.389896030434758,1.374115566090945e-5,0.1625058190804016,0.24886458698459168,0.1626285524950798,0.2491006675634066,0.776228141283609,0.59375,0.18247814128360895,0.59375,0.18247814128360895
ER(0.25),12,6,20281817,19,norm_50,9.614300315228716;4.005742067774204;4.390281388177977,1.3741155532347417e-5,0.16252144326841594,0.24890172750754513,0.16264423316061524,0.2491379281949958,0.776228141283609,0.59375,0.18247814128360895,0.59375,0.18247814128360895
ER(0.25),12,6,20281817,19,norm_fit,9.614300315228716;4.005742067774204;4.390281388177977,1.3741155532347417e-5,0.16252144326841594,0.24890172750754513,0.16264423316061524,0.2491379281949958,0.776228141283609,0.59375,0.18247814128360895,0.59375,0.18247814128360895
ER(0.25),12,7,20281818,14,emp,-,0.0,0.0,0.0,7.296120434569813e-18,2.7769124835677133e-18,0.7538614468407902,0.7311111148565307,0.022750331984259464,0.7311111148565307,0.022750331984259464
ER(0.25),12,7,20281818,14,paper,-,2.151373054004253e-5,4168.025605691321,11063.223295583124,0.04684155250342188,0.08647003940405966,0.7538614468407902,0.7325255831976017,0.021335863643188402,0.7160058724572046,0.037855574383585555
ER(0.25),12,7,20281818,14,tri_init,0.0;0.0;1.0;1.0,4.129329371716183e-5,0.4413097092130272,0.7748822836073127,0.226982981243739,0.39413726302744495,0.7538614468407902,0.6917567698190338,0.06210467702175637,0.6917567698190338,0.06210467702175637
ER(0.25),12,7,20281818,14,tri_25,1.2695140198304626;-0.4189202639540987;0.6074988238469143;0.8804721320090262,3.714693351624393e-5,0.41808423339382145,0.6514790926074384,0.27377750086021047,0.4251851800551341,0.7538614468407902,0.604223740249446,0.14963770659134412,0.604223740249446,0.14963770659134412
ER(0.25),12,7,20281818,14,tri_50,1.2705302234521705;-0.4188531755269457;0.6075418761280177;0.8804929333696992,3.7146933255368486e-5,0.4180849596375505,0.6514898556827521,0.27376977547147874,0.42517921632532807,0.7538614468407902,0.604223740249446,0.14963770659134412,0.604223740249446,0.14963770659134412
ER(0.25),12,7,20281818,14,tri_fit,1.2705324509976519;-0.41885277314096003;0.6075420398587689;0.8804929533608746,3.714693325521049e-5,0.4180849629262208,0.6514898899548561,0.2737697531621993,0.42517919999839016,0.7538614468407902,0.604223740249446,0.14963770659134412,0.604223740249446,0.14963770659134412
ER(0.25),12,7,20281818,14,norm_init,7.0;1.0;1.0,0.000169337561195175,0.3001982938658443,0.14590051466416623,0.30019829108958823,0.1459005137875604,0.7538614468407902,0.5833333333333334,0.17052811350745678,0.5833333333333334,0.17052811350745678
ER(0.25),12,7,20281818,14,norm_25,7.25549508590744;3.489889724817848;3.1930819315958128,2.0869434409684338e-5,0.0879088684866621,0.10126041922865596,0.087921705578786,0.10127346176032778,0.7538614468407902,0.5833333333333334,0.17052811350745678,0.5833333333333334,0.17052811350745678
ER(0.25),12,7,20281818,14,norm_50,7.255498889558181;3.489788972844328;3.1932902664259952,2.086943433563817e-5,0.08790727973862973,0.10125813838390436,0.08792011553335378,0.10127117881303187,0.7538614468407902,0.5833333333333334,0.17052811350745678,0.5833333333333334,0.17052811350745678
ER(0.25),12,7,20281818,14,norm_fit,7.255498889558181;3.489788972844328;3.1932902664259952,2.086943433563817e-5,0.08790727973862973,0.10125813838390436,0.08792011553335378,0.10127117881303187,0.7538614468407902,0.5833333333333334,0.17052811350745678,0.5833333333333334,0.17052811350745678
ER(0.25),12,8,20281819,20,emp,-,0.0,0.0,0.0,0.0,0.0,0.8162075572350613,0.7795073774960357,0.03670017973902562,0.7795073774960357,0.03670017973902562
ER(0.25),12,8,20281819,20,paper,-,1.830545902937856e-5,606.4593854878772,2050.6681026036213,0.06656883447658787,0.142158252246251,0.8162075572350613,0.8131776252190441,0.0030299320160172005,0.7663139948410734,0.0498935623939879
ER(0.25),12,8,20281819,20,tri_init,0.0;0.0;1.0;1.0,2.523814486025171e-5,0.5833760539524699,0.9625247433302399,0.3044116731085717,0.4922195759789722,0.8162075572350613,0.7719666727404703,0.04424088449459107,0.7719666727404703,0.04424088449459107
ER(0.25),12,8,20281819,20,tri_25,13.140652635746076;5.322488205933141;1.9499745193261133;0.3224425166715112,2.4327441803636833e-5,0.5521816978884317,0.9545477874558025,0.2729869065155592,0.46194061035791195,0.8162075572350613,0.6475144858251306,0.16869307140993073,0.6475144858251306,0.16869307140993073
ER(0.25),12,8,20281819,20,tri_50,13.138029727087275;5.322470016799229;1.9499903099177347;0.32246254436022653,2.4327441667073563e-5,0.5521883173469857,0.9545677843730049,0.2729836302305307,0.4619387974497549,0.8162075572350613,0.6475144858251306,0.16869307140993073,0.6475144858251306,0.16869307140993073
ER(0.25),12,8,20281819,20,tri_fit,13.135141680769749;5.322036065680074;1.9498904123410061;0.32249746790867473,2.432744150090772e-5,0.5521940449818351,0.954565126662019,0.27298973382117664,0.4619434024451173,0.8162075572350613,0.6475144858251306,0.16869307140993073,0.6475144858251306,0.16869307140993073
ER(0.25),12,8,20281819,20,norm_init,10.0;1.0;1.0,0.0001638608073448162,0.35739303458422006,0.16662670617506936,0.3573930313065912,0.1666267051297927,0.8162075572350613,0.625,0.19120755723506133,0.625,0.19120755723506133
ER(0.25),12,8,20281819,20,norm_25,10.153727295492747;4.717128776274092;5.361807802446418,1.772296439400486e-5,0.24423385721553414,0.4615758848279191,0.24487103986889022,0.4629832267197967,0.8162075572350613,0.625,0.19120755723506133,0.625,0.19120755723506133
ER(0.25),12,8,20281819,20,norm_50,10.153727835442375;4.717122795704249;5.361814466052309,1.7722964393984973e-5,0.24423380951216664,0.4615756823404594,0.24487099247399374,0.4629830246968639,0.8162075572350613,0.625,0.19120755723506133,0.625,0.19120755723506133
ER(0.25),12,8,20281819,20,norm_fit,10.153727835442375;4.717122795704249;5.361814466052309,1.7722964393984973e-5,0.24423380951216664,0.4615756823404594,0.24487099247399374,0.4629830246968639,0.8162075572350613,0.625,0.19120755723506133,0.625,0.19120755723506133
ER(0.25),12,9,20281820,18,emp,-,0.0,0.0,0.0,0.0,0.0,0.7474859994280021,0.7063785413333517,0.04110745809465044,0.7063785413333517,0.04110745809465044
ER(0.25),12,9,20281820,18,paper,-,1.0143280068888507e-5,1445.0011702034396,4435.28213737586,0.04626103984849192,0.1016979971543838,0.7474859994280021,0.7397711765734394,0.0077148228545627084,0.7101638247978986,0.037322174630103455
ER(0.25),12,9,20281820,18,tri_init,0.0;0.0;1.0;1.0,2.414369478082953e-5,0.5255222776942486,0.8780898743068761,0.2698128627020765,0.4406494944082075,0.7474859994280021,0.6864076521903946,0.06107834723760752,0.6864076521903946,0.06107834723760752
ER(0.25),12,9,20281820,18,tri_25,3.0949370926333026;0.05744458328134327;0.8711814032002906;0.9414283552777843,2.3578163354011348e-5,0.5113749983904731,0.8093239290194764,0.28783961296830024,0.4472720111654999,0.7474859994280021,0.6218421008360686,0.12564389859193348,0.6218421008360686,0.12564389859193348
ER(0.25),12,9,20281820,18,tri_50,3.0915707110700605;0.05751922700572217;0.8711271072715467;0.9413570174376251,2.3578162765210534e-5,0.5113797606526101,0.80930281435834,0.287854834938725,0.44728044741816525,0.7474859994280021,0.6218421008360686,0.12564389859193348,0.6218421008360686,0.12564389859193348
ER(0.25),12,9,20281820,18,tri_fit,3.0831508331220867;0.058056237463528775;0.8711413913499113;0.9413018251679817,2.357816194668968e-5,0.5113939410560551,0.8093030149235586,0.28785856141127114,0.44727422495483204,0.7474859994280021,0.6218421008360686,0.12564389859193348,0.6218421008360686,0.12564389859193348
ER(0.25),12,9,20281820,18,norm_init,9.0;1.0;1.0,0.0001473127869393184,0.34470329860174276,0.1799619087637656,0.3447032955002267,0.1799619077812622,0.7474859994280021,0.5625,0.1849859994280021,0.5625,0.1849859994280021
ER(0.25),12,9,20281820,18,norm_25,9.083958007288567;3.7118528327019784;4.020100406568945,1.1231521278342955e-5,0.13686941219072676,0.19197885294310343,0.1369193913900676,0.19206335377330228,0.7474859994280021,0.5625,0.1849859994280021,0.5625,0.1849859994280021
ER(0.25),12,9,20281820,18,norm_50,9.083961174493204;3.711831071465134;4.020120989486916,1.123152127766181e-5,0.13686901699803425,0.19197785056333155,0.1369189957273816,0.192062350332484,0.7474859994280021,0.5625,0.1849859994280021,0.5625,0.1849859994280021
ER(0.25),12,9,20281820,18,norm_fit,9.083961174493204;3.711831071465134;4.020120989486916,1.123152127766181e-5,0.13686901699803425,0.19197785056333155,0.1369189957273816,0.192062350332484,0.7474859994280021,0.5625,0.1849859994280021,0.5625,0.1849859994280021
ER(0.25),12,10,20281821,11,emp,-,0.0,0.0,0.0,5.483460804616138e-18,3.998340051969456e-18,0.7539602516041647,0.7293031109229315,0.024657140681233147,0.7293031109229315,0.024657140681233147
ER(0.25),12,10,20281821,11,paper,-,1.796885951580668e-5,4408.412268340926,10916.837743889891,0.031383970985217474,0.061080428831882846,0.7539602516041647,0.7369960140389621,0.0169642375652026,0.7337034655401309,0.020256786064033805
ER(0.25),12,10,20281821,11,tri_init,0.0;0.0;1.0;1.0,5.05681066651272e-5,0.3669900268469179,0.6740432121532459,0.1890776489932016,0.3424725260926557,0.7539602516041647,0.6601206815561486,0.09383957004801613,0.6601206815561486,0.09383957004801613
ER(0.25),12,10,20281821,11,tri_25,0.0;-0.10950030110591269;0.5846173560186363;0.6697012112818584,3.9604366429482984e-5,0.3312089280009639,0.5354155397626824,0.24418107532538966,0.39504282057843393,0.7539602516041647,0.6266755781449806,0.12728467345918404,0.6266755781449806,0.12728467345918404
ER(0.25),12,10,20281821,11,tri_50,0.0;-0.31328881575901807;0.549988566425784;0.6967322707247804,3.959600053928369e-5,0.33078527386590245,0.5349173951130103,0.245027041404685,0.3965516937798959,0.7539602516041647,0.6266755781449806,0.12728467345918404,0.6266755781449806,0.12728467345918404
ER(0.25),12,10,20281821,11,tri_fit,0.0;-0.3133948428115925;0.5499683484275675;0.6967468236740127,3.9596000537240186e-5,0.33078500272203876,0.534916434353364,0.24502771836521398,0.3965524098258695,0.7539602516041647,0.6266755781449806,0.12728467345918404,0.6266755781449806,0.12728467345918404
ER(0.25),12,10,20281821,11,norm_init,5.5;1.0;1.0,0.00017929463629846342,0.2710134693190793,0.13194698979868952,0.271013469447481,0.131946989837824,0.7539602516041647,0.55,0.20396025160416464,0.55,0.20396025160416464
ER(0.25),12,10,20281821,11,norm_25,5.572194969039048;3.2305922601327786;2.750480612352225,1.9062008376844792e-5,0.06940240097428556,0.07243057755590444,0.06941258441020207,0.07243238048295822,0.7539602516041647,0.55,0.20396025160416464,0.55,0.20396025160416464
ER(0.25),12,10,20281821,11,norm_50,5.572205434246032;3.2305896557318063;2.750490864858588,1.9062008373039202e-5,0.06940237582662837,0.07243060791565528,0.0694125593676114,0.07243241087435465,0.7539602516041647,0.55,0.20396025160416464,0.55,0.20396025160416464
ER(0.25),12,10,20281821,11,norm_fit,5.572205434246032;3.2305896557318063;2.750490864858588,1.9062008373039202e-5,0.06940237582662837,0.07243060791565528,0.0694125593676114,0.07243241087435465,0.7539602516041647,0.55,0.20396025160416464,0.55,0.20396025160416464
ER(0.25),14,1,20282012,22,emp,-,0.0,0.0,0.0,5.7270411468340395e-18,4.711452787101708e-18,0.7957785854954411,0.7618410263133603,0.033937559182080856,0.7618410263133603,0.033937559182080856
ER(0.25),14,1,20282012,22,paper,-,1.1577714942236165e-5,136206.45811931705,478538.9590594757,0.04365435886207805,0.08746705952369346,0.7957785854954411,0.7804944665150625,0.015284118980378625,0.7340338437682177,0.06174474172722344
ER(0.25),14,1,20282012,22,tri_init,0.0;0.0;1.0;1.0,1.6419291490886848e-5,0.8514099003259281,1.5950208240224015,0.3384411272803512,0.6300760642651716,0.7957785854954411,0.6870623925703568,0.10871619292508428,0.6870623925703568,0.10871619292508428
ER(0.25),14,1,20282012,22,tri_25,1.2692095603007152;1.2935052257270592;1.1010270089276473;0.8624652221856479,1.6128574712041766e-5,0.8466477232800323,1.5465505754731048,0.34152873948431306,0.6208491859615288,0.7957785854954411,0.6111111111111112,0.18466747438432995,0.6111111111111112,0.18466747438432995
ER(0.25),14,1,20282012,22,tri_50,1.268434509187203;1.29347306520519;1.1010268679754802;0.8624751006833222,1.6128574708873656e-5,0.846648770565727,1.546555523447845,0.34152748916803694,0.6208481092895733,0.7957785854954411,0.6111111111111112,0.18466747438432995,0.6111111111111112,0.18466747438432995
ER(0.25),14,1,20282012,22,tri_fit,1.2681662483301535;1.2934801405987064;1.1010278573780055;0.8624699559708329,1.6128574707771778e-5,0.846648797791651,1.5465550682924667,0.3415280327954384,0.6208488826017641,0.7957785854954411,0.6111111111111112,0.18466747438432995,0.6111111111111112,0.18466747438432995
ER(0.25),14,1,20282012,22,norm_init,11.0;1.0;1.0,0.00013943225908994944,0.33160915605236724,0.09276557286541656,0.33160915287609266,0.09276557226285953,0.7957785854954411,0.6111111111111112,0.18466747438432995,0.6111111111111112,0.18466747438432995
ER(0.25),14,1,20282012,22,norm_25,11.198006919646934;5.233117743113634;6.057674262323145,1.115664339793967e-5,0.18657777869661346,0.3289033926437347,0.18678982619755716,0.32934099165753183,0.7957785854954411,0.6111111111111112,0.18466747438432995,0.6111111111111112,0.18466747438432995
ER(0.25),14,1,20282012,22,norm_50,11.19798946048409;5.233061214091103;6.05759861746047,1.1156643394396528e-5,0.186571450611498,0.32888794867920834,0.18678347474889154,0.32932549626554786,0.7957785854954411,0.6111111111111112,0.18466747438432995,0.6111111111111112,0.18466747438432995
ER(0.25),14,1,20282012,22,norm_fit,11.19798946048409;5.233061214091103;6.05759861746047,1.1156643394396528e-5,0.186571450611498,0.32888794867920834,0.18678347474889154,0.32932549626554786,0.7957785854954411,0.6111111111111112,0.18466747438432995,0.6111111111111112,0.18466747438432995
ER(0.25),14,2,20282013,24,emp,-,0.0,0.0,0.0,0.0,0.0,0.7638638083489783,0.7303132183712919,0.03355058997768634,0.7303132183712919,0.03355058997768634
ER(0.25),14,2,20282013,24,paper,-,9.453085977881294e-6,73639.49612431071,251167.28847101508,0.042859645102111744,0.08688258362807882,0.7638638083489783,0.7503640438920616,0.013499764456916696,0.7172181286769416,0.0466456796720367
ER(0.25),14,2,20282013,24,tri_init,0.0;0.0;1.0;1.0,1.4742526825081942e-5,0.9053541933620525,1.6554542133827534,0.358032824964826,0.6542462648139835,0.7638638083489783,0.6735501758115493,0.09031363253742897,0.6735501758115493,0.09031363253742897
ER(0.25),14,2,20282013,24,tri_25,0.019152336604472662;-1.1250880755257497;0.7825198389248504;1.2116720677791186,1.4572395839682694e-5,0.9035808204626915,1.629165640359685,0.3579877689141003,0.6451315035664922,0.7638638083489783,0.6196729901796009,0.1441908181693774,0.6196729901796009,0.1441908181693774
ER(0.25),14,2,20282013,24,tri_50,0.017436646718510772;-1.125007683897448;0.7825296764012766;1.2116556110054533,1.4572395832428523e-5,0.9035820920178252,1.6291662865298009,0.35798867061447703,0.6451324815386754,0.7638638083489783,0.6196729901796009,0.1441908181693774,0.6196729901796009,0.1441908181693774
ER(0.25),14,2,20282013,24,tri_fit,0.01491454815156705;-1.1249674568285668;0.7825414964893297;1.2116512951295206,1.457239582209434e-5,0.9035846140368698,1.6291745218147635,0.3579876603281552,0.6451321092473028,0.7638638083489783,0.6196729901796009,0.1441908181693774,0.6196729901796009,0.1441908181693774
ER(0.25),14,2,20282013,24,norm_init,12.0;1.0;1.0,0.00012567934074578363,0.339598402528094,0.09911536741031517,0.33959839920885576,0.09911536677143876,0.7638638083489783,0.6000000000000001,0.16386380834897818,0.6000000000000001,0.16386380834897818
ER(0.25),14,2,20282013,24,norm_25,12.122268038330928;5.209120810979402;5.93860189878459,9.55542555703365e-6,0.18471850692497732,0.3558045163476069,0.18492451403897964,0.3562549416094533,0.7638638083489783,0.6,0.1638638083489783,0.6,0.1638638083489783
ER(0.25),14,2,20282013,24,norm_50,12.121913740385867;5.20930420032855;5.938532063290086,9.555425163650525e-6,0.18472536075035775,0.3558213564904543,0.18493138520977884,0.35627182294142457,0.7638638083489783,0.6,0.1638638083489783,0.6,0.1638638083489783
ER(0.25),14,2,20282013,24,norm_fit,12.121913740385867;5.20930420032855;5.938532063290086,9.555425163650525e-6,0.18472536075035775,0.3558213564904543,0.18493138520977884,0.35627182294142457,0.7638638083489783,0.6,0.1638638083489783,0.6,0.1638638083489783
ER(0.25),14,3,20282014,23,emp,-,0.0,0.0,0.0,7.604266842290413e-18,6.377929288586168e-18,0.7525421791405413,0.7061066663656123,0.04643551277492908,0.7061066663656123,0.04643551277492908
ER(0.25),14,3,20282014,23,paper,-,6.383056710965974e-6,102327.58489397893,333705.2727268487,0.03293723310589763,0.07541830021927405,0.7525421791405413,0.7455125078019654,0.007029671338575905,0.7095519763687322,0.042990202771809094
ER(0.25),14,3,20282014,23,tri_init,0.0;0.0;1.0;1.0,1.4280157358454037e-5,0.8718390637206886,1.6078518588149293,0.3429681787055813,0.6335277636165805,0.7525421791405413,0.646803909320976,0.10573826981956536,0.646803909320976,0.10573826981956536
ER(0.25),14,3,20282014,23,tri_25,0.48591930990653204;-0.8693520432575181;0.7281261019964846;1.0899722004234083,1.3914870664986543e-5,0.8641287945641064,1.5085884082693366,0.3676490359251508,0.6433066007193751,0.7525421791405413,0.5939290411357707,0.15861313800477062,0.5939290411357707,0.15861313800477062
ER(0.25),14,3,20282014,23,tri_50,0.4835590297904201;-0.8693748522871414;0.7281246908696931;1.0899718392266915,1.3914870650302328e-5,0.8641306445534797,1.5085920480232953,0.367649314973102,0.6433072335763883,0.7525421791405413,0.5939290411357707,0.15861313800477062,0.5939290411357707,0.15861313800477062
ER(0.25),14,3,20282014,23,tri_fit,0.47635314886491076;-0.8694635484499447;0.7281149893220723;1.0899653667432534,1.391487062212021e-5,0.8641357707378716,1.508599604296767,0.367651811295536,0.643310865043053,0.7525421791405413,0.5939290411357707,0.15861313800477062,0.5939290411357707,0.15861313800477062
ER(0.25),14,3,20282014,23,norm_init,11.5;1.0;1.0,0.00012164911926831006,0.33717888457084727,0.1016576730904636,0.3371788845708504,0.10165767309046418,0.7525421791405413,0.5750000000000001,0.17754217914054127,0.5750000000000001,0.17754217914054127
ER(0.25),14,3,20282014,23,norm_25,11.598317864558744;4.666872814840086;5.2393921300861654,7.098690703040265e-6,0.1300267124598033,0.20883610103399158,0.13008479218696256,0.20895091244455632,0.7525421791405413,0.575,0.17754217914054138,0.575,0.17754217914054138
ER(0.25),14,3,20282014,23,norm_50,11.598271469904395;4.667087871370113;5.2396826525136575,7.098690642119059e-6,0.13004619065764203,0.20888359559556283,0.1301043030989657,0.2089984787864915,0.7525421791405413,0.575,0.17754217914054138,0.575,0.17754217914054138
ER(0.25),14,3,20282014,23,norm_fit,11.598271469904395;4.667087871370113;5.2396826525136575,7.098690642119059e-6,0.13004619065764203,0.20888359559556283,0.1301043030989657,0.2089984787864915,0.7525421791405413,0.575,0.17754217914054138,0.575,0.17754217914054138
ER(0.25),14,4,20282015,23,emp,-,0.0,0.0,0.0,0.0,0.0,0.7633226081124465,0.7228350039312009,0.04048760418124553,0.7228350039312009,0.04048760418124553
ER(0.25),14,4,20282015,23,paper,-,6.2554988219045816e-6,102327.584874883,376313.9074706149,0.0333594067616183,0.08487383750791767,0.7633226081124465,0.7572079800958582,0.006114628016588242,0.7134813099203722,0.04984129819207428
ER(0.25),14,4,20282015,23,tri_init,0.0;0.0;1.0;1.0,1.3760830145624863e-5,0.8741872068129111,1.631921190681391,0.34550466095281385,0.6388130755402124,0.7633226081124465,0.6475445997028538,0.11577800840959263,0.6475445997028538,0.11577800840959263
ER(0.25),14,4,20282015,23,tri_25,4.77297852205798;-1.3644067465891814;0.6832915986990649;1.1817564839718262,1.347604388961502e-5,0.8647751469098138,1.5412870618204726,0.36342758787637214,0.6421663582070192,0.7633226081124465,0.593961171275841,0.16936143683660543,0.593961171275841,0.16936143683660543
ER(0.25),14,4,20282015,23,tri_50,4.771700031776397;-1.3643482069903115;0.6832953119772296;1.18173979098314,1.3476043881185306e-5,0.864775721227751,1.541284418102545,0.3634295043312909,0.6421682080066362,0.7633226081124465,0.593961171275841,0.16936143683660543,0.593961171275841,0.16936143683660543
ER(0.25),14,4,20282015,23,tri_fit,4.77059181459996;-1.364011183968518;0.683344760978971;1.1817033680417752,1.3476043876237e-5,0.8647772827568397,1.541289259822179,0.36342756207979554,0.6421656609413052,0.7633226081124465,0.593961171275841,0.16936143683660543,0.593961171275841,0.16936143683660543
ER(0.25),14,4,20282015,23,norm_init,11.5;1.0;1.0,0.00012270366668374426,0.34010833853899924,0.10739201146145044,0.34010833853900235,0.10739201146145098,0.7633226081124465,0.5750000000000001,0.1883226081124464,0.5750000000000001,0.1883226081124464
ER(0.25),14,4,20282015,23,norm_25,11.580229703633476;4.759623291656302;5.4022298517186975,7.011362606750319e-6,0.1409474166260927,0.22255101191053903,0.14102377107732458,0.2226956890696402,0.7633226081124465,0.575,0.1883226081124465,0.575,0.1883226081124465
ER(0.25),14,4,20282015,23,norm_50,11.580128222757867;4.752197953465227;5.405260276750565,7.011346395686684e-6,0.14072173400501298,0.2219604145438262,0.1407977644894831,0.22210439994097797,0.7633226081124465,0.575,0.1883226081124465,0.575,0.1883226081124465
ER(0.25),14,4,20282015,23,norm_fit,11.580128232082231;4.752197939398065;5.405260248113709,7.011346395686679e-6,0.1407217323090438,0.22196041080560952,0.1407977627900665,0.22210439619557554,0.7633226081124465,0.575,0.1883226081124465,0.575,0.1883226081124465
ER(0.25),14,5,20282016,26,emp,-,0.0,0.0,0.0,0.0,0.0,0.8101563370657182,0.7779800356783731,0.03217630138734506,0.7779800356783731,0.03217630138734506
ER(0.25),14,5,20282016,26,paper,-,9.632636155138096e-6,33773.45664075553,111623.91715807519,0.0403866859968091,0.09608184089578763,0.8101563370657182,0.804218361972526,0.0059379750931921604,0.7562663820493489,0.053889955016369284
ER(0.25),14,5,20282016,26,tri_init,0.0;0.0;1.0;1.0,1.4826513298830234e-5,0.9627969227110813,1.8292766310012036,0.38113101880999506,0.7229984613561437,0.8101563370657182,0.7435069481262324,0.0666493889394858,0.7435069481262324,0.0666493889394858
ER(0.25),14,5,20282016,26,tri_25,0.9237075158779107;2.540837965696422;1.3034497884133043;0.8116362923220157,1.413747675158334e-5,0.9651715557476567,1.8303794638607405,0.36380430368375777,0.6901875651176759,0.8101563370657182,0.5850074725999989,0.22514886446571936,0.5850074725999989,0.22514886446571936
ER(0.25),14,5,20282016,26,tri_50,0.9009548418733615;2.5401383583967037;1.303348729536581;0.8117351221072402,1.4137476672634087e-5,0.9651931392037251,1.8304195562715657,0.36380461084827354,0.690187829536236,0.8101563370657182,0.5850074725999989,0.22514886446571936,0.5850074725999989,0.22514886446571936
ER(0.25),14,5,20282016,26,tri_fit,0.897706295013485;2.5400817238783304;1.3033357381836013;0.8117415834345367,1.413747666130448e-5,0.9651961130629614,1.8304217103687326,0.36380549773581394,0.6901882116617134,0.8101563370657182,0.5850074725999989,0.22514886446571936,0.5850074725999989,0.22514886446571936
ER(0.25),14,5,20282016,26,norm_init,13.0;1.0;1.0,0.00011799228566364835,0.3509253378580489,0.059477832192584776,0.3509253344044424,0.05947783191720177,0.8101563370657182,0.6500000000000001,0.16015633706571808,0.6500000000000001,0.16015633706571808
ER(0.25),14,5,20282016,26,norm_25,13.257237274775022;5.496355374809448;6.070719383568756,9.669184275991332e-6,0.21603350704988383,0.5607530541435779,0.21634416299697587,0.5616604649259437,0.8101563370657182,0.65,0.1601563370657182,0.65,0.1601563370657182
ER(0.25),14,5,20282016,26,norm_50,13.257213754123994;5.49631074304577;6.070745526433837,9.66918427420567e-6,0.21603228818043924,0.5607486206478172,0.2163429406781043,0.5616560204964376,0.8101563370657182,0.65,0.1601563370657182,0.65,0.1601563370657182
ER(0.25),14,5,20282016,26,norm_fit,13.257213754123994;5.49631074304577;6.070745526433837,9.66918427420567e-6,0.21603228818043924,0.5607486206478172,0.2163429406781043,0.5616560204964376,0.8101563370657182,0.65,0.1601563370657182,0.65,0.1601563370657182
ER(0.25),14,6,20282017,24,emp,-,0.0,0.0,0.0,6.97087685386817e-18,3.5035838449310354e-18,0.7982546435558324,0.7646600667357463,0.03359457682008615,0.7646600667357463,0.03359457682008615
ER(0.25),14,6,20282017,24,paper,-,9.583294376941692e-6,73639.49632564076,251167.2887697464,0.035661357235184626,0.09197417491913124,0.7982546435558324,0.7849150748904703,0.013339568665362123,0.7462111709339556,0.05204347262187681
ER(0.25),14,6,20282017,24,tri_init,0.0;0.0;1.0;1.0,1.5388446477763827e-5,0.9033030461224246,1.6613355944836419,0.35581149838310755,0.6596792834123132,0.7982546435558324,0.7079896583758435,0.09026498517998893,0.7079896583758435,0.09026498517998893
ER(0.25),14,6,20282017,24,tri_25,6.2089757952145925;2.5326345591948005;1.2516818646223211;0.7180747821155243,1.4858822932470605e-5,0.8946515559664175,1.597483877866011,0.35827800769881774,0.645985162350688,0.7982546435558324,0.5893663626455393,0.2088882809102931,0.5893663626455393,0.2088882809102931
ER(0.25),14,6,20282017,24,tri_50,6.2024206951475644;2.5325802432423923;1.2516818050272385;0.718087460713489,1.4858822901006296e-5,0.8946578495520074,1.5975001049071957,0.3582762687140936,0.6459840866164493,0.7982546435558324,0.5893663626455393,0.2088882809102931,0.5893663626455393,0.2088882809102931
ER(0.25),14,6,20282017,24,tri_fit,6.185170173456461;2.5325398002929584;1.2516578158005223;0.7181097618903941,1.4858822867492722e-5,0.8946732747805786,1.597519061257303,0.35827639556489416,0.645981060963595,0.7982546435558324,0.5893663626455393,0.2088882809102931,0.5893663626455393,0.2088882809102931
ER(0.25),14,6,20282017,24,norm_init,12.0;1.0;1.0,0.00012507315824131007,0.3380243133044509,0.090883119000847,0.33802430998012567,0.09088311833147243,0.7982546435558324,0.6315789473684211,0.1666756961874113,0.6315789473684211,0.1666756961874113
ER(0.25),14,6,20282017,24,norm_25,12.231762363051313;5.174206098256371;5.7920699491090675,9.68268792109162e-6,0.1733868847610081,0.32944574216993794,0.1735626582269123,0.32982601862916827,0.7982546435558324,0.631578947368421,0.1666756961874114,0.631578947368421,0.1666756961874114
ER(0.25),14,6,20282017,24,norm_50,12.231693297629832;5.174340466347004;5.792415186563766,9.682687874780624e-6,0.17340982564514548,0.32950483189227303,0.17358567456987523,0.32988528351340596,0.7982546435558324,0.631578947368421,0.1666756961874114,0.631578947368421,0.1666756961874114
ER(0.25),14,6,20282017,24,norm_fit,12.231693297629832;5.174340466347004;5.792415186563766,9.682687874780624e-6,0.17340982564514548,0.32950483189227303,0.17358567456987523,0.32988528351340596,0.7982546435558324,0.631578947368421,0.1666756961874114,0.631578947368421,0.1666756961874114
ER(0.25),14,7,20282018,18,emp,-,0.0,0.0,0.0,5.576826013547483e-18,1.3943304678822284e-18,0.7773433937794283,0.7516157640335145,0.025727629745913805,0.7516157640335145,0.025727629745913805
ER(0.25),14,7,20282018,18,paper,-,1.1973601003113205e-5,266127.7157041054,842705.494243856,0.032893718791319485,0.06967437039736225,0.7773433937794283,0.772898515004704,0.004444878774724326,0.7166344474516982,0.06070894632773005
ER(0.25),14,7,20282018,18,tri_init,0.0;0.0;1.0;1.0,2.150185659513481e-5,0.7330705610602074,1.4242207954627213,0.28626715840299266,0.5624217611360119,0.7773433937794283,0.6733017425877819,0.10404165119164643,0.6733017425877819,0.10404165119164643
ER(0.25),14,7,20282018,18,tri_25,7.590895275691311;-0.09629591099886635;0.7130896320601282;0.8839343873813875,1.987645247723029e-5,0.7031663713561701,1.2364216196591453,0.33333104738269,0.5919303787385226,0.7773433937794283,0.6000000000000001,0.1773433937794282,0.6000000000000001,0.1773433937794282
ER(0.25),14,7,20282018,18,tri_50,7.590319946197563;-0.09625939859046242;0.7131002153263325;0.883946592750577,1.98764524579448e-5,0.7031678914633521,1.2364280382461292,0.33332759290972136,0.5919260700289056,0.7773433937794283,0.6000000000000001,0.1773433937794282,0.6000000000000001,0.1773433937794282
ER(0.25),14,7,20282018,18,tri_fit,7.5882498448770885;-0.09622295464514224;0.713106305254475;0.8839406231806762,1.987645244062782e-5,0.7031693600292814,1.2364309969496914,0.3333275714406338,0.5919262303786628,0.7773433937794283,0.6000000000000001,0.1773433937794282,0.6000000000000001,0.1773433937794282
ER(0.25),14,7,20282018,18,norm_init,9.0;1.0;1.0,0.00014932880845272217,0.29992859017217105,0.08466858662318864,0.2999285872811639,0.08466858608127838,0.7773433937794283,0.6000000000000001,0.1773433937794282,0.6000000000000001,0.1773433937794282
ER(0.25),14,7,20282018,18,norm_25,9.281806316400274;4.436132247660467;4.629405186275559,1.1711105269434197e-5,0.08848149173165312,0.1125566775391586,0.08850015238850138,0.1125845688352599,0.7773433937794283,0.6,0.17734339377942832,0.6,0.17734339377942832
ER(0.25),14,7,20282018,18,norm_50,9.284641648831585;4.4204378620230065;4.666421348178575,1.1710450175392008e-5,0.08849799631372629,0.11242235312878203,0.0885167904398796,0.11245043226237607,0.7773433937794283,0.6,0.17734339377942832,0.6,0.17734339377942832
ER(0.25),14,7,20282018,18,norm_fit,9.28464165734427;4.420437840149006;4.666421269009498,1.1710450175391996e-5,0.08849799405376003,0.11242234895766115,0.08851678817774637,0.1124504280875176,0.7773433937794283,0.6,0.17734339377942832,0.6,0.17734339377942832
ER(0.25),14,8,20282019,24,emp,-,0.0,0.0,0.0,0.0,0.0,0.7320142400143693,0.6971075088004471,0.03490673121392218,0.6971075088004471,0.03490673121392218
ER(0.25),14,8,20282019,24,paper,-,5.94615012351457e-6,73639.49567448445,251167.28738186057,0.034530504878323535,0.07950108061653471,0.7320142400143693,0.7203806972687277,0.011633542745641656,0.6971075088004471,0.03490673121392218
ER(0.25),14,8,20282019,24,tri_init,0.0;0.0;1.0;1.0,1.378496167003867e-5,0.9013943513715342,1.648767189831852,0.35532837230204817,0.6479742140401976,0.7320142400143693,0.6418410139782228,0.09017322603614653,0.6418410139782228,0.09017322603614653
ER(0.25),14,8,20282019,24,tri_25,6.295868798518952;0.3647826595751662;0.9224041242120584;0.9371718613904134,1.3492002117100265e-5,0.8887424571769167,1.5529650474006171,0.3742586657083399,0.6526117654524514,0.7320142400143693,0.5901895993181926,0.14182464069617673,0.5901895993181926,0.14182464069617673
ER(0.25),14,8,20282019,24,tri_50,6.2930318340930675;0.36487341206410523;0.9224215102226707;0.9371734060482617,1.349200210492446e-5,0.8887456743309967,1.552975337079561,0.3742558006130816,0.652608774431921,0.7320142400143693,0.5901895993181926,0.14182464069617673,0.5901895993181926,0.14182464069617673
ER(0.25),14,8,20282019,24,tri_fit,6.291740567734657;0.3647521436154495;0.9223952394238217;0.9371706051856545,1.3492002090569294e-5,0.8887457419632669,1.5529674101127215,0.3742602099330631,0.6526130298347695,0.7320142400143693,0.5901895993181926,0.14182464069617673,0.5901895993181926,0.14182464069617673
ER(0.25),14,8,20282019,24,norm_init,12.0;1.0;1.0,0.0001163177594151394,0.34500917122164426,0.1077334100239717,0.3450091679115301,0.10773340940272383,0.7320142400143693,0.5714285714285715,0.16058566858579781,0.5714285714285715,0.16058566858579781
ER(0.25),14,8,20282019,24,norm_25,12.168934665145114;4.698328424073441;5.195510565894696,6.667241859055249e-6,0.1347288168730709,0.21652159383852546,0.13478827814440517,0.2166389005286668,0.7320142400143693,0.5714285714285714,0.16058566858579792,0.5714285714285714,0.16058566858579792
ER(0.25),14,8,20282019,24,norm_50,12.168518345456082;4.694606067104883;5.194974424900792,6.667236034872223e-6,0.13454544682753253,0.2160506102625559,0.13460463113469998,0.21616730467683223,0.7320142400143693,0.5714285714285714,0.16058566858579792,0.5714285714285714,0.16058566858579792
ER(0.25),14,8,20282019,24,norm_fit,12.168518345456082;4.694606067104883;5.194974424900792,6.667236034872223e-6,0.13454544682753253,0.2160506102625559,0.13460463113469998,0.21616730467683223,0.7320142400143693,0.5714285714285714,0.16058566858579792,0.5714285714285714,0.16058566858579792
ER(0.25),14,9,20282020,18,emp,-,0.0,0.0,0.0,7.105239603351107e-18,7.410741937918042e-18,0.8109788995180817,0.7804468904524462,0.030532009065635468,0.7804468904524462,0.030532009065635468
ER(0.25),14,9,20282020,18,paper,-,1.1094922796428154e-5,266127.71576166956,916594.1350509279,0.027233994836465828,0.07554866608511208,0.8109788995180817,0.8032562075594024,0.007722691958679251,0.7566706624213945,0.054308237096687195
ER(0.25),14,9,20282020,18,tri_init,0.0;0.0;1.0;1.0,1.9263065395631935e-5,0.7358813024918683,1.4391562105701183,0.2888681074323439,0.56651744767663,0.8109788995180817,0.6759003922521925,0.1350785072658892,0.6759003922521925,0.1350785072658892
ER(0.25),14,9,20282020,18,tri_25,0.108275721718217;1.678578020384677;1.0124202936711113;0.6329644929649699,1.8199312318314544e-5,0.7140601068995389,1.2822731822685476,0.3291723965778096,0.592969158684427,0.8109788995180817,0.6391720293000034,0.17180687021807828,0.6391720293000034,0.17180687021807828
ER(0.25),14,9,20282020,18,tri_50,0.1077687339625712;1.6785699964535594;1.0124247326363969;0.632966013135585,1.819931231450157e-5,0.7140608367929829,1.282277142528875,0.329171582979492,0.5929689198512753,0.8109788995180817,0.6391720293000034,0.17180687021807828,0.6391720293000034,0.17180687021807828
ER(0.25),14,9,20282020,18,tri_fit,0.10728993082885276;1.6785817458142394;1.0124253661490064;0.6329637439201156,1.8199312310477667e-5,0.7140610863077496,1.28227705881831,0.3291718130516125,0.5929690876216875,0.8109788995180817,0.6391720293000034,0.17180687021807828,0.6391720293000034,0.17180687021807828
ER(0.25),14,9,20282020,18,norm_init,9.0;1.0;1.0,0.00015446712188848323,0.2991124004941209,0.08523787737125646,0.2991123975996161,0.08523787685013412,0.8109788995180817,0.6000000000000001,0.21097889951808158,0.6000000000000001,0.21097889951808158
ER(0.25),14,9,20282020,18,norm_25,9.08133329715037;4.527057974792599;5.1372960011495294,1.0975938120961172e-5,0.09936569578596537,0.13071576963000414,0.09940099261554575,0.13076836658833646,0.8109788995180817,0.6,0.2109788995180817,0.6,0.2109788995180817
ER(0.25),14,9,20282020,18,norm_50,9.081332570658224;4.526984166155478;5.137646618087239,1.0975938078740893e-5,0.09937033028986676,0.1307220503484773,0.09940563574065198,0.13077466146016425,0.8109788995180817,0.6,0.2109788995180817,0.6,0.2109788995180817
ER(0.25),14,9,20282020,18,norm_fit,9.081332570658224;4.526984166155478;5.137646618087239,1.0975938078740893e-5,0.09937033028986676,0.1307220503484773,0.09940563574065198,0.13077466146016425,0.8109788995180817,0.6,0.2109788995180817,0.6,0.2109788995180817
ER(0.25),14,10,20282021,22,emp,-,0.0,0.0,0.0,0.0,0.0,0.7587223744972146,0.723653405284964,0.035068969212250556,0.723653405284964,0.035068969212250556
ER(0.25),14,10,20282021,22,paper,-,7.07682335794656e-6,136206.45770234065,478538.95835228486,0.031621196281451325,0.08037250378322466,0.7587223744972146,0.7511272252131228,0.007595149284091773,0.7112815327053111,0.04744084179190344
ER(0.25),14,10,20282021,22,tri_init,0.0;0.0;1.0;1.0,1.5059522571116776e-5,0.8437368427216491,1.5885715677954546,0.33049170118168136,0.6239816686246206,0.7587223744972146,0.6513072890870416,0.10741508541017297,0.6513072890870416,0.10741508541017297
ER(0.25),14,10,20282021,22,tri_25,2.5798473982637096;0.0021513500500742007;0.8420557980585857;0.9360957331009012,1.4680593167523312e-5,0.8302644334574373,1.4715623185705426,0.35953982363204035,0.6390079587631835,0.7587223744972146,0.6166004487189928,0.1421219257782218,0.6166004487189928,0.1421219257782218
ER(0.25),14,10,20282021,22,tri_50,2.5782015598175847;0.0021500486963459435;0.8420548741262295;0.9361004934885614,1.4680593156969322e-5,0.8302659367425008,1.471565115881034,0.35953921821506085,0.6390069622656503,0.7587223744972146,0.6166004487189928,0.1421219257782218,0.6166004487189928,0.1421219257782218
ER(0.25),14,10,20282021,22,tri_fit,2.576120906197025;0.0020550497206568027;0.8420399076358308;0.936112297934892,1.4680593142593674e-5,0.8302675246399036,1.471567001866062,0.3595396927613902,0.6390073950329824,0.7587223744972146,0.6166004487189928,0.1421219257782218,0.6166004487189928,0.1421219257782218
ER(0.25),14,10,20282021,22,norm_init,11.0;1.0;1.0,0.00012448293612873928,0.32928113715892715,0.10128751438828774,0.329281133980653,0.10128751379881064,0.7587223744972146,0.5789473684210528,0.17977500607616181,0.5789473684210528,0.17977500607616181
ER(0.25),14,10,20282021,22,norm_25,11.068506239354967;4.602335964034004;5.153831346428243,7.65174087110767e-6,0.11997880287527071,0.17985376690825436,0.12002578687633952,0.17993825153029233,0.7587223744972146,0.5789473684210527,0.17977500607616193,0.5789473684210527,0.17977500607616193
ER(0.25),14,10,20282021,22,norm_50,11.06850240298405;4.602537565340889;5.153722726416293,7.651740857057742e-6,0.11998402274037322,0.1798671989246916,0.12003101223773881,0.17995169500213776,0.7587223744972146,0.5789473684210527,0.17977500607616193,0.5789473684210527,0.17977500607616193
ER(0.25),14,10,20282021,22,norm_fit,11.068502369873212;4.602537644958698;5.153722615274575,7.651740857057717e-6,0.11998402268627638,0.17986719966354134,0.12003101218221854,0.1799516957382822,0.7587223744972146,0.5789473684210527,0.17977500607616193,0.5789473684210527,0.17977500607616193
BA(k=2),12,1,20291812,20,emp,-,0.0,0.0,0.0,0.0,0.0,0.7554036783908936,0.7274303694995685,0.0279733088913251,0.7274303694995685,0.0279733088913251
BA(k=2),12,1,20291812,20,paper,-,1.1826044582358611e-5,606.4578235282795,2050.6652798320824,0.05499007551650124,0.13059710322488843,0.7554036783908936,0.7450960062367109,0.010307672154182712,0.7164180075941534,0.0389856707967402
BA(k=2),12,1,20291812,20,tri_init,0.0;0.0;1.0;1.0,2.3295341747563086e-5,0.571657577851369,0.94885538364103,0.2938578321145026,0.4794105346269217,0.7554036783908936,0.7208954717536102,0.03450820663728338,0.7208954717536102,0.03450820663728338
BA(k=2),12,1,20291812,20,tri_25,4.31761789609763;-0.13871899839655272;0.8888782962005544;1.0759748634405466,2.270223932287559e-5,0.5561148232566026,0.9007677914091572,0.2943497446508725,0.46977433504569516,0.7554036783908936,0.6093729183916987,0.1460307599991949,0.6093729183916987,0.1460307599991949
BA(k=2),12,1,20291812,20,tri_50,4.292037821092979;-0.13531178723047924;0.8894099623411748;1.0753459241622605,2.2702236614650745e-5,0.556172189374646,0.9008446001490775,0.2943615849520513,0.469784336663251,0.7554036783908936,0.6093729183916987,0.1460307599991949,0.6093729183916987,0.1460307599991949
BA(k=2),12,1,20291812,20,tri_fit,4.282339006651429;-0.13592424333977587;0.8893852858057903;1.0755396690168755,2.270223534541243e-5,0.5561966714574578,0.9009212213076816,0.29434170189242403,0.4697706512751431,0.7554036783908936,0.6093729183916987,0.1460307599991949,0.6093729183916987,0.1460307599991949
BA(k=2),12,1,20291812,20,norm_init,10.0;1.0;1.0,0.0001444023029342525,0.3561141895804624,0.18197751991047179,0.35611418631677394,0.18197751887700372,0.7554036783908936,0.5882352941176471,0.16716838427324654,0.5882352941176471,0.16716838427324654
BA(k=2),12,1,20291812,20,norm_25,10.163189531043813;4.020295161531741;4.3682151705627605,1.2644328192438223e-5,0.1682757138760684,0.26191353972745074,0.16840222155511847,0.2621574563461933,0.7554036783908936,0.5882352941176471,0.16716838427324654,0.5882352941176471,0.16716838427324654
BA(k=2),12,1,20291812,20,norm_50,10.163659662637414;4.011063597388739;4.363914456167481,1.264423749486484e-5,0.16763422239919598,0.2603127787392458,0.16775869680763184,0.26055224829081464,0.7554036783908936,0.5882352941176471,0.16716838427324654,0.5882352941176471,0.16716838427324654
BA(k=2),12,1,20291812,20,norm_fit,10.163659662637414;4.011063597388739;4.363914456167481,1.264423749486484e-5,0.16763422239919598,0.2603127787392458,0.16775869680763184,0.26055224829081464,0.7554036783908936,0.5882352941176471,0.16716838427324654,0.5882352941176471,0.16716838427324654
BA(k=2),12,2,20291813,20,emp,-,0.0,0.0,0.0,9.201942734830598e-18,1.0108114016643918e-17,0.8520181839456353,0.8236339278973631,0.028384256048272216,0.8236339278973631,0.028384256048272216
BA(k=2),12,2,20291813,20,paper,-,2.5727553355635567e-5,606.4599638214816,2050.669046372516,0.07102993624047867,0.14989541933289396,0.8520181839456353,0.846762387587706,0.005255796357929388,0.7964963577579159,0.05552182618771939
BA(k=2),12,2,20291813,20,tri_init,0.0;0.0;1.0;1.0,2.91968395018347e-5,0.5855562263098352,0.974175760744464,0.3054243489858516,0.5030192751501441,0.8520181839456353,0.8047591791852001,0.04725900476043521,0.8047591791852001,0.04725900476043521
BA(k=2),12,2,20291813,20,tri_25,0.5443153511827421;0.09314394667166889;1.2334507325780562;1.3978730865669835,2.684639681845353e-5,0.5897366815868428,1.1022487357706796,0.24476543741508408,0.45145211389722767,0.8520181839456353,0.6421945247521389,0.20982365919349644,0.6421945247521389,0.20982365919349644
BA(k=2),12,2,20291813,20,tri_50,0.5437605624471236;0.09313404961584489;1.2334508213985842;1.397877643462906,2.6846396817089486e-5,0.5897380689644636,1.1022522056733712,0.2447651121532566,0.45145184011366285,0.8520181839456353,0.6421945247521389,0.20982365919349644,0.6421945247521389,0.20982365919349644
BA(k=2),12,2,20291813,20,tri_fit,0.5435591084666315;0.09309891588409051;1.233443562875399;1.3978823635118611,2.6846396816565067e-5,0.5897384902111051,1.1022523786502536,0.24476528667654265,0.45145192417078084,0.8520181839456353,0.6421945247521389,0.20982365919349644,0.6421945247521389,0.20982365919349644
BA(k=2),12,2,20291813,20,norm_init,10.0;1.0;1.0,0.00019060963104880924,0.3503986069953484,0.15180406653479764,0.3503986037095981,0.15180406546996153,0.8520181839456353,0.6666666666666666,0.1853515172789687,0.6666666666666666,0.1853515172789687
BA(k=2),12,2,20291813,20,norm_25,10.239034227765561;5.6526903125264205;6.6302527971918614,2.2153259539155524e-5,0.3567172892717108,0.7749565640680403,0.3592619142279553,0.7810021808651991,0.8520181839456353,0.6666666666666666,0.1853515172789687,0.6666666666666666,0.1853515172789687
BA(k=2),12,2,20291813,20,norm_50,10.239359448726391;5.65644351620142;6.626816852454835,2.215325585764204e-5,0.3567850288027548,0.7751816500690318,0.3593300631118164,0.7812285958117561,0.8520181839456353,0.6666666666666666,0.1853515172789687,0.6666666666666666,0.1853515172789687
BA(k=2),12,2,20291813,20,norm_fit,10.239359448726391;5.65644351620142;6.626816852454835,2.215325585764204e-5,0.3567850288027548,0.7751816500690318,0.3593300631118164,0.7812285958117561,0.8520181839456353,0.6666666666666666,0.1853515172789687,0.6666666666666666,0.1853515172789687
BA(k=2),12,3,20291814,20,emp,-,0.0,0.0,0.0,0.0,0.0,0.8458511257869368,0.8197576176742987,0.02609350811263811,0.8197576176742987,0.02609350811263811
BA(k=2),12,3,20291814,20,paper,-,1.8932002682681186e-5,606.4600067185559,2050.66907531372,0.06559779921407138,0.14987808448208453,0.8458511257869368,0.8416174022761431,0.004233723510793652,0.8018538145622149,0.043997311224721836
BA(k=2),12,3,20291814,20,tri_init,0.0;0.0;1.0;1.0,2.726549097253317e-5,0.5778877542035478,0.9751864159544256,0.29935498674526273,0.503854782935514,0.8458511257869368,0.8018538145622149,0.043997311224721836,0.8018538145622149,0.043997311224721836
BA(k=2),12,3,20291814,20,tri_25,7.89110228338607;3.8999237296705807;1.6159675834652294;0.5528638631444013,2.579240282224356e-5,0.5562596866059937,0.9487453841970798,0.27644054639813914,0.472529979154744,0.8458511257869368,0.6176745659359104,0.22817655985102636,0.6176745659359104,0.22817655985102636
BA(k=2),12,3,20291814,20,tri_50,7.885575248626861;3.9001924511840107;1.616063468144574;0.5528682494390685,2.579240254528592e-5,0.5562743253619966,0.9487906294607379,0.27643105897216735,0.47252339079577327,0.8458511257869368,0.6176745659359104,0.22817655985102636,0.6176745659359104,0.22817655985102636
BA(k=2),12,3,20291814,20,tri_fit,7.87669098969078;3.900446073817643;1.6160320651915039;0.5527745227348878,2.579240204397284e-5,0.5562924895423407,0.948793834431341,0.27644273175393835,0.47253035247827757,0.8458511257869368,0.6176745659359104,0.22817655985102636,0.6176745659359104,0.22817655985102636
BA(k=2),12,3,20291814,20,norm_init,10.0;1.0;1.0,0.0001590363347041683,0.35160180776799366,0.1506034773480817,0.35160180449878115,0.15060347627300302,0.8458511257869368,0.6666666666666666,0.17918445912027015,0.6666666666666666,0.17918445912027015
BA(k=2),12,3,20291814,20,norm_25,10.188415313556337;4.57913015444502;5.006617927966602,1.8653943627556586e-5,0.22200502721647694,0.38398402907394785,0.2224322982956415,0.3849081333139437,0.8458511257869368,0.6666666666666666,0.17918445912027015,0.6666666666666666,0.17918445912027015
BA(k=2),12,3,20291814,20,norm_50,10.188430785660326;4.577416285516741;5.0068245452245685,1.8653942413225585e-5,0.22190953272590724,0.3837243949840172,0.22233619928727918,0.38464707386729724,0.8458511257869368,0.6666666666666666,0.17918445912027015,0.6666666666666666,0.17918445912027015
BA(k=2),12,3,20291814,20,norm_fit,10.18843110631811;4.577415119106295;5.006824743085222,1.8653942413223745e-5,0.22190946982613086,0.38372422475918616,0.22233613599565455,0.3846469027193172,0.8458511257869368,0.6666666666666666,0.17918445912027015,0.6666666666666666,0.17918445912027015
BA(k=2),12,4,20291815,20,emp,-,0.0,0.0,0.0,0.0,0.0,0.8452117861939167,0.8181182565289166,0.027093529665000116,0.8181182565289166,0.027093529665000116
BA(k=2),12,4,20291815,20,paper,-,2.3763801923460063e-5,606.4599487736084,2050.669055329292,0.07046605791374838,0.14992465835673044,0.8452117861939167,0.8405921764135679,0.00461960978034881,0.7931039179155032,0.052107868278413516
BA(k=2),12,4,20291815,20,tri_init,0.0;0.0;1.0;1.0,2.9821731391551965e-5,0.5810113704514438,0.9745765469542159,0.3012171130260487,0.5033679666722652,0.8452117861939167,0.8006880812946597,0.044523704899256944,0.8006880812946597,0.044523704899256944
BA(k=2),12,4,20291815,20,tri_25,3.4793056385044525;4.596228765971564;1.8254163123997613;0.5084307976336417,2.8198308883077702e-5,0.5731001404135229,1.010785495362822,0.26383885963060905,0.46453438864635094,0.8452117861939167,0.6421617306486169,0.20305005554529976,0.6421617306486169,0.20305005554529976
BA(k=2),12,4,20291815,20,tri_50,3.4709438718927514;4.596375138599839;1.8254581938396455;0.5083934066383404,2.8198308675872104e-5,0.5731193748671128,1.01082608750944,0.2638385487375155,0.4645366811930848,0.8452117861939167,0.6421617306486169,0.20305005554529976,0.6421617306486169,0.20305005554529976
BA(k=2),12,4,20291815,20,tri_fit,3.462799573802606;4.595848879022963;1.8253710213649499;0.5084769285618047,2.819830846718373e-5,0.5731381362760573,1.010859476466476,0.2638388875185329,0.4645373603345209,0.8452117861939167,0.6421617306486169,0.20305005554529976,0.6421617306486169,0.20305005554529976
BA(k=2),12,4,20291815,20,norm_init,10.0;1.0;1.0,0.0001745148380223269,0.3502551068763208,0.15199568845955003,0.35025510359365614,0.15199568738955532,0.8452117861939167,0.6666666666666666,0.17854511952725005,0.6666666666666666,0.17854511952725005
BA(k=2),12,4,20291815,20,norm_25,10.291686599309646;4.278223081878955;6.4849089792822845,2.2499713747359534e-5,0.2770832881886267,0.5386191605777017,0.2783151510140393,0.5413894085993401,0.8452117861939167,0.6666666666666666,0.17854511952725005,0.6666666666666666,0.17854511952725005
BA(k=2),12,4,20291815,20,norm_50,10.213959507173577;5.015298460267544;5.611077972170634,2.2215271481429835e-5,0.2700135254267475,0.5315827584245859,0.2709701319378809,0.5337502667893549,0.8452117861939167,0.6666666666666666,0.17854511952725005,0.6666666666666666,0.17854511952725005
BA(k=2),12,4,20291815,20,norm_fit,10.214047784739043;5.012624538837061;5.615763201744451,2.2215265678432965e-5,0.27006354151205725,0.5316901861641173,0.2710212862668045,0.5338602855878963,0.8452117861939167,0.6666666666666666,0.17854511952725005,0.6666666666666666,0.17854511952725005
BA(k=2),12,5,20291816,20,emp,-,0.0,0.0,0.0,5.505590779193635e-18,2.4532694666933987e-18,0.7540215045091953,0.7272035645477254,0.02681793996146986,0.7272035645477254,0.02681793996146986
BA(k=2),12,5,20291816,20,paper,-,1.8443219681609078e-5,606.4577201846366,2050.6651837850086,0.07733483731088095,0.13076898194053618,0.7540215045091953,0.7457656434267568,0.008255861082438476,0.7164842855169823,0.03753721899221296
BA(k=2),12,5,20291816,20,tri_init,0.0;0.0;1.0;1.0,2.7563040106322723e-5,0.575852863376416,0.9498480185965597,0.29909708522877126,0.4804452085381477,0.7540215045091953,0.7203069564159261,0.033714548093269125,0.7203069564159261,0.033714548093269125
BA(k=2),12,5,20291816,20,tri_25,0.0;0.624161291256785;1.0796236508652672;0.9703591781494306,2.7248913276167572e-5,0.5725664842634487,0.9457304866659278,0.29121203423488196,0.4680403541011506,0.7540215045091953,0.6298431473518364,0.12417835715735881,0.6298431473518364,0.12417835715735881
BA(k=2),12,5,20291816,20,tri_50,0.0;0.6241612733896343;1.0796236685555352;0.9703592413104335,2.7248913276167416e-5,0.5725664849171457,0.945730499604983,0.29121202530360185,0.4680403446964919,0.7540215045091953,0.6298431473518364,0.12417835715735881,0.6298431473518364,0.12417835715735881
BA(k=2),12,5,20291816,20,tri_fit,0.0;0.6241612733896343;1.0796236685555352;0.9703592413104335,2.7248913276167416e-5,0.5725664849171457,0.945730499604983,0.29121202530360185,0.4680403446964919,0.7540215045091953,0.6298431473518364,0.12417835715735881,0.6298431473518364,0.12417835715735881
BA(k=2),12,5,20291816,20,norm_init,10.0;1.0;1.0,0.00015576400317219026,0.3571886436556679,0.1818917694570912,0.35718864041341336,0.18189176842413796,0.7540215045091953,0.5882352941176471,0.16578621039154817,0.5882352941176471,0.16578621039154817
BA(k=2),12,5,20291816,20,norm_25,10.069351121288415;4.286805398282232;4.7698173445293195,1.8950746771150688e-5,0.20583139255359437,0.3380484323996348,0.20608927272466693,0.33858498045640295,0.7540215045091953,0.5882352941176471,0.16578621039154817,0.5882352941176471,0.16578621039154817
BA(k=2),12,5,20291816,20,norm_50,10.069356373192337;4.286744272273858;4.7697146467717815,1.8950746761861122e-5,0.20582362385319478,0.338028714775711,0.20608146262315002,0.3385651689785601,0.7540215045091953,0.5882352941176471,0.16578621039154817,0.5882352941176471,0.16578621039154817
BA(k=2),12,5,20291816,20,norm_fit,10.069356373192337;4.286744272273858;4.7697146467717815,1.8950746761861122e-5,0.20582362385319478,0.338028714775711,0.20608146262315002,0.3385651689785601,0.7540215045091953,0.5882352941176471,0.16578621039154817,0.5882352941176471,0.16578621039154817
BA(k=2),12,6,20291817,20,emp,-,0.0,0.0,0.0,0.0,0.0,0.7654770406945841,0.73327454293384,0.03220249776074413,0.73327454293384,0.03220249776074413
BA(k=2),12,6,20291817,20,paper,-,1.5149161676802526e-5,606.4580400117259,2050.665108773147,0.06464458866855995,0.13061760733820413,0.7654770406945841,0.7532478648633889,0.012229175831195205,0.7210042261367221,0.044472814557862006
BA(k=2),12,6,20291817,20,tri_init,0.0;0.0;1.0;1.0,2.4165351928594885e-5,0.5810006339006264,0.9479066995867149,0.30303814395742024,0.47864739830406117,0.7654770406945841,0.7262565176276645,0.03922052306691959,0.7262565176276645,0.03922052306691959
BA(k=2),12,6,20291817,20,tri_25,0.24179203196806656;0.41642972330500616;1.0903065071489613;1.0662520595703546,2.3662928721616763e-5,0.578126704217505,0.9674941759075567,0.28342339941509537,0.45803836516787005,0.7654770406945841,0.6299865399830801,0.13549050071150404,0.6299865399830801,0.13549050071150404
BA(k=2),12,6,20291817,20,tri_50,0.23673024569201456;0.416850871479003;1.0903648086309552;1.0661817411414305,2.3662928329014607e-5,0.5781380213756606,0.9675087883386327,0.283424565457848,0.4580380374788916,0.7654770406945841,0.6299865399830801,0.13549050071150404,0.6299865399830801,0.13549050071150404
BA(k=2),12,6,20291817,20,tri_fit,0.23358449523158858;0.4156413758350862;1.0901583092656812;1.0664191035208488,2.3662928141517477e-5,0.5781452287255883,0.9675220427367749,0.2834211658653747,0.45803273068200123,0.7654770406945841,0.6299865399830801,0.13549050071150404,0.6299865399830801,0.13549050071150404
BA(k=2),12,6,20291817,20,norm_init,10.0;1.0;1.0,0.00015613491941518693,0.3597734629198371,0.18327504709468023,0.35977345965310875,0.18327504606798756,0.7654770406945841,0.5882352941176471,0.17724174657693703,0.5882352941176471,0.17724174657693703
BA(k=2),12,6,20291817,20,norm_25,10.176596322777485;4.363987906075851;4.830755196065679,1.5448617925279282e-5,0.20526239845947977,0.35798069829244583,0.20555929106592383,0.35860149811198183,0.7654770406945841,0.5882352941176471,0.17724174657693703,0.5882352941176471,0.17724174657693703
BA(k=2),12,6,20291817,20,norm_50,10.177764748633129;4.3488269106601285;4.847371185898412,1.544844518104569e-5,0.20511487798638217,0.35743819004932664,0.2054119416460037,0.3580590154001012,0.7654770406945841,0.5882352941176471,0.17724174657693703,0.5882352941176471,0.17724174657693703
BA(k=2),12,6,20291817,20,norm_fit,10.177764743794535;4.348826876581409;4.84737118470033,1.5448445181045668e-5,0.20511487599917508,0.35743818474223493,0.20541193964864127,0.3580590100694349,0.7654770406945841,0.5882352941176471,0.17724174657693703,0.5882352941176471,0.17724174657693703
BA(k=2),12,7,20291818,20,emp,-,0.0,0.0,0.0,0.0,0.0,0.8372160244161473,0.8143996827296515,0.022816341686495822,0.8143996827296515,0.022816341686495822
BA(k=2),12,7,20291818,20,paper,-,1.8770937211057505e-5,606.4599560055938,2050.6690547233407,0.06432419304261057,0.14996076886087997,0.8372160244161473,0.8320390848066721,0.005176939609475184,0.7855009670953805,0.051715057320766755
BA(k=2),12,7,20291818,20,tri_init,0.0;0.0;1.0;1.0,2.6940234656283157e-5,0.575140325560964,0.9741127548851128,0.2958702080544466,0.5029195008385633,0.8372160244161473,0.7982021749971326,0.039013849419014646,0.7982021749971326,0.039013849419014646
BA(k=2),12,7,20291818,20,tri_25,9.922566269085495;1.1996753490914873;1.158985834275895;1.0186031137623142,2.5149661751190408e-5,0.5501330915154291,0.9387522753714093,0.272730916551099,0.46920809919469775,0.8372160244161473,0.5928365543019674,0.24437947011417993,0.5928365543019674,0.24437947011417993
BA(k=2),12,7,20291818,20,tri_50,9.893821863754797;1.200856669021739;1.159196513814115;1.0184176993407976,2.5149660126566893e-5,0.5501998780347966,0.9388716529981217,0.27272861671371584,0.46920717885675495,0.8372160244161473,0.5928365543019674,0.24437947011417993,0.5928365543019674,0.24437947011417993
BA(k=2),12,7,20291818,20,tri_fit,9.881554975058885;1.2009333900667114;1.1592479214903881;1.0184307530012653,2.514965940391716e-5,0.5502292135158048,0.9389364485924521,0.27272259267254906,0.4692041831351024,0.8372160244161473,0.5928365543019674,0.24437947011417993,0.5928365543019674,0.24437947011417993
BA(k=2),12,7,20291818,20,norm_init,10.0;1.0;1.0,0.00016547351157684322,0.35181702512983704,0.1522991681237525,0.35181702185210795,0.15229916705444949,0.8372160244161473,0.6666666666666666,0.17054935774948066,0.6666666666666666,0.17054935774948066
BA(k=2),12,7,20291818,20,norm_25,10.291629380532257;4.644428386730707;5.156444235037918,1.8302389139505818e-5,0.22909269309905,0.4130148779340725,0.22960416943443712,0.4141323389477999,0.8372160244161473,0.6666666666666666,0.17054935774948066,0.6666666666666666,0.17054935774948066
BA(k=2),12,7,20291818,20,norm_50,10.291675717945488;4.6439085109933655;5.156597021319423,1.830238901183661e-5,0.22906787167282633,0.4129462432769059,0.229579181518843,0.41406330578454,0.8372160244161473,0.6666666666666666,0.17054935774948066,0.6666666666666666,0.17054935774948066
BA(k=2),12,7,20291818,20,norm_fit,10.291674033715267;4.643869576861559;5.156629189935706,1.8302389011137754e-5,0.22906696118009198,0.4129435257597406,0.2295782669976436,0.41406057786404177,0.8372160244161473,0.6666666666666666,0.17054935774948066,0.6666666666666666,0.17054935774948066
BA(k=2),12,8,20291819,20,emp,-,0.0,0.0,0.0,7.100623445029806e-18,8.673617379884035e-18,0.7413666677394659,0.709193177208407,0.03217349053105889,0.709193177208407,0.03217349053105889
BA(k=2),12,8,20291819,20,paper,-,1.73547282642229e-5,606.4574557563741,1851.0166428569262,0.07564550540729305,0.11843835036760259,0.7413666677394659,0.7272597429573264,0.014106924782139485,0.6929907503256831,0.048375917413782776
BA(k=2),12,8,20291819,20,tri_init,0.0;0.0;1.0;1.0,2.661055221548397e-5,0.5757310881383612,0.9310804781570869,0.29864496700255905,0.47196119128423825,0.7413666677394659,0.7042387483506772,0.03712791938878868,0.7042387483506772,0.03712791938878868
BA(k=2),12,8,20291819,20,tri_25,14.10186034205474;-0.04302906464499424;0.9425691977973141;1.1200507256573335,2.5853824535662594e-5,0.5398972262213924,0.8699188452180143,0.2889373165941246,0.45505522051725955,0.7413666677394659,0.5882352941176475,0.1531313736218184,0.5882352941176475,0.1531313736218184
BA(k=2),12,8,20291819,20,tri_50,14.077538563564936;-0.04505811964525425;0.9422393742760692;1.1202789888734732,2.585382217068357e-5,0.5399510666190949,0.8700030895119536,0.28894836767975773,0.45507114387151304,0.7413666677394659,0.5882352941176475,0.1531313736218184,0.5882352941176475,0.1531313736218184
BA(k=2),12,8,20291819,20,tri_fit,14.075519439342509;-0.044288278209404945;0.9424038164990964;1.1202011654192214,2.585382187627386e-5,0.5399570966089156,0.8700284410914932,0.28893933179759906,0.4550640987715244,0.7413666677394659,0.5882352941176475,0.1531313736218184,0.5882352941176475,0.1531313736218184
BA(k=2),12,8,20291819,20,norm_init,10.0;1.0;1.0,0.0001554452352594172,0.3584105170887362,0.18228481742962677,0.3584105138449189,0.18228481638082253,0.7413666677394659,0.5882352941176471,0.15313137362181883,0.5882352941176471,0.15313137362181883
BA(k=2),12,8,20291819,20,norm_25,10.260037329848071;4.2811653207262195;6.951895715248542,1.8765911762159263e-5,0.31981310104422606,0.667088317019022,0.32152892321951737,0.671286444080598,0.7413666677394659,0.5882352941176471,0.15313137362181883,0.5882352941176471,0.15313137362181883
BA(k=2),12,8,20291819,20,norm_50,10.353480298134011;4.151244048910888;4.843608833508599,1.7163953387931537e-5,0.20071627031632638,0.3414354948478007,0.20095895166160843,0.34196700573587735,0.7413666677394659,0.5882352941176471,0.15313137362181883,0.5882352941176471,0.15313137362181883
BA(k=2),12,8,20291819,20,norm_fit,10.356027648306334;4.236855224737773;4.554633105168212,1.7130072653635783e-5,0.19348845275347343,0.322386615097794,0.19368653423102697,0.3228137706937033,0.7413666677394659,0.5882352941176471,0.15313137362181883,0.5882352941176471,0.15313137362181883
BA(k=2),12,9,20291820,20,emp,-,0.0,0.0,0.0,0.0,0.0,0.7850873426187575,0.7631854952313484,0.02190184738740908,0.7631854952313484,0.02190184738740908
BA(k=2),12,9,20291820,20,paper,-,1.9455170349421634e-5,606.459147830751,2050.6680851732203,0.07610796793151957,0.1423288580566512,0.7850873426187575,0.7801409957106679,0.004946346908089594,0.7361940596491033,0.04889328296965412
BA(k=2),12,9,20291820,20,tri_init,0.0;0.0;1.0;1.0,2.7111821131475625e-5,0.5761545511162722,0.9618072715448079,0.29788817574353416,0.4915997914053779,0.7850873426187575,0.7480435865951885,0.03704375602356891,0.7480435865951885,0.03704375602356891
BA(k=2),12,9,20291820,20,tri_25,3.5389105041891553;1.8112367861426952;1.3199717965690663;0.8979382227752394,2.614409770611799e-5,0.5670174009806673,0.9725213261303122,0.2726261626023633,0.46151142443978116,0.7850873426187575,0.6019881117684203,0.1830992308503372,0.6019881117684203,0.1830992308503372
BA(k=2),12,9,20291820,20,tri_50,3.528792463678107;1.813554482269787;1.3203862770857342;0.8975843776244932,2.614409718873215e-5,0.5670415843835002,0.9725775566785763,0.2726202858012023,0.46150773615544105,0.7850873426187575,0.6019881117684203,0.1830992308503372,0.6019881117684203,0.1830992308503372
BA(k=2),12,9,20291820,20,tri_fit,3.5185012628247287;1.8132540398761325;1.3203131332126432;0.8975962563380574,2.614409660254804e-5,0.5670643320497808,0.9726050842528939,0.27262630503243285,0.4615127468754027,0.7850873426187575,0.6019881117684203,0.1830992308503372,0.6019881117684203,0.1830992308503372
BA(k=2),12,9,20291820,20,norm_init,10.0;1.0;1.0,0.00016113039516470927,0.35486826960421936,0.16826937354286894,0.35486826634393914,0.168269372498156,0.7850873426187575,0.625,0.16008734261875746,0.625,0.16008734261875746
BA(k=2),12,9,20291820,20,norm_25,10.262871384323711;4.577818494155327;5.009763560352116,1.8873564852797352e-5,0.2262925471334433,0.3981831969815604,0.22671849852660295,0.3991032079481395,0.7850873426187575,0.625,0.16008734261875746,0.625,0.16008734261875746
BA(k=2),12,9,20291820,20,norm_50,10.262831170018066;4.577238538262909;5.010694412626965,1.88735645219906e-5,0.22629757107113657,0.39819205508340155,0.2267236171678586,0.39911227048989456,0.7850873426187575,0.625,0.16008734261875746,0.625,0.16008734261875746
BA(k=2),12,9,20291820,20,norm_fit,10.262831170018066;4.577238538262909;5.010694412626965,1.88735645219906e-5,0.22629757107113657,0.39819205508340155,0.2267236171678586,0.39911227048989456,0.7850873426187575,0.625,0.16008734261875746,0.625,0.16008734261875746
BA(k=2),12,10,20291821,20,emp,-,0.0,0.0,0.0,7.582094614773637e-18,2.135630605041629e-18,0.7601335290854132,0.7298150979399297,0.030318431145483493,0.7298150979399297,0.030318431145483493
BA(k=2),12,10,20291821,20,paper,-,1.4860097347975406e-5,606.457768968054,2050.665119190353,0.06083534340980394,0.13062969748447664,0.7601335290854132,0.7483899544803336,0.011743574605079576,0.7181999919578866,0.041933537127526566
BA(k=2),12,10,20291821,20,tri_init,0.0;0.0;1.0;1.0,2.351611448147398e-5,0.5770439883405615,0.9473485223825557,0.2983486048052733,0.4781460431519034,0.7601335290854132,0.7232443651555881,0.03688916392982511,0.7232443651555881,0.03688916392982511
BA(k=2),12,10,20291821,20,tri_25,0.0;1.137495072220636;1.212847310377769;0.935483203347202,2.3077320529105888e-5,0.5751719946326087,0.9681356993046841,0.27992538952829826,0.4591446591415744,0.7601335290854132,0.6297950795298952,0.130338449555518,0.6297950795298952,0.130338449555518
BA(k=2),12,10,20291821,20,tri_50,0.0;1.1374949279853825;1.212847288330002;0.9354831975020144,2.3077320529105813e-5,0.5751719946674498,0.9681356977921607,0.27992539254382753,0.4591446635127463,0.7601335290854132,0.6297950795298952,0.130338449555518,0.6297950795298952,0.130338449555518
BA(k=2),12,10,20291821,20,tri_fit,0.0;1.1374949279853825;1.212847288330002;0.9354831975020144,2.3077320529105813e-5,0.5751719946674498,0.9681356977921607,0.27992539254382753,0.4591446635127463,0.7601335290854132,0.6297950795298952,0.130338449555518,0.6297950795298952,0.130338449555518
BA(k=2),12,10,20291821,20,norm_init,10.0;1.0;1.0,0.00015579475510683384,0.35787249503686985,0.18417344754085954,0.35787249176210223,0.18417344651431292,0.7601335290854132,0.5882352941176471,0.17189823496776613,0.5882352941176471,0.17189823496776613
BA(k=2),12,10,20291821,20,norm_25,10.165851357919564;4.38159491019044;4.934772921899341,1.5158493158220298e-5,0.20606019227268838,0.37248393224421555,0.20639269361600732,0.37318435786078136,0.7601335290854132,0.5882352941176471,0.17189823496776613,0.5882352941176471,0.17189823496776613
BA(k=2),12,10,20291821,20,norm_50,10.165848889733637;4.3815940145407835;4.93477010900564,1.5158493158178556e-5,0.2060600175203689,0.37248348529633596,0.2063925177308242,0.3731839083368325,0.7601335290854132,0.5882352941176471,0.17189823496776613,0.5882352941176471,0.17189823496776613
BA(k=2),12,10,20291821,20,norm_fit,10.165848889733637;4.3815940145407835;4.93477010900564,1.5158493158178556e-5,0.2060600175203689,0.37248348529633596,0.2063925177308242,0.3731839083368325,0.7601335290854132,0.5882352941176471,0.17189823496776613,0.5882352941176471,0.17189823496776613
BA(k=2),14,1,20292012,24,emp,-,0.0,0.0,0.0,9.249818199262387e-18,5.754624150493112e-18,0.7747305186379442,0.7330417849580636,0.041688733679880574,0.7330417849580636,0.041688733679880574
BA(k=2),14,1,20292012,24,paper,-,9.428151470199383e-6,73639.49612923138,251167.28845692135,0.04142670732021174,0.08691923711037988,0.7747305186379442,0.7647524260742731,0.009978092563671104,0.7191804473272523,0.055550071310691895
BA(k=2),14,1,20292012,24,tri_init,0.0;0.0;1.0;1.0,1.4618233818095971e-5,0.9040033977406501,1.6550596995280644,0.35688609921818143,0.6538862098732193,0.7747305186379442,0.6740850792917848,0.10064543934615933,0.6740850792917848,0.10064543934615933
BA(k=2),14,1,20292012,24,tri_25,0.0;0.1562024268190947;0.971671110766437;1.0359429742949047,1.4445223109697389e-5,0.9025329621172893,1.6342444168797323,0.3547987505589268,0.6432925018019944,0.7747305186379442,0.6197012156438275,0.15502930299411666,0.6197012156438275,0.15502930299411666
BA(k=2),14,1,20292012,24,tri_50,0.0;0.15620235556137405;0.9716711331711142;1.0359429871008121,1.4445223109697375e-5,0.9025329634614178,1.6342444380765044,0.35479874598267996,0.6432925008167663,0.7747305186379442,0.6197012156438275,0.15502930299411666,0.6197012156438275,0.15502930299411666
BA(k=2),14,1,20292012,24,tri_fit,0.0;0.15620235556137405;0.9716711331711142;1.0359429871008121,1.4445223109697375e-5,0.9025329634614178,1.6342444380765044,0.35479874598267996,0.6432925008167663,0.7747305186379442,0.6197012156438275,0.15502930299411666,0.6197012156438275,0.15502930299411666
BA(k=2),14,1,20292012,24,norm_init,12.0;1.0;1.0,0.0001261657038329982,0.3414637954452256,0.09948323732138276,0.3414637921277693,0.0994832366855193,0.7747305186379442,0.6000000000000001,0.1747305186379441,0.6000000000000001,0.1747305186379441
BA(k=2),14,1,20292012,24,norm_25,12.135644610724187;5.246103161934664;6.006664833983202,9.523034949574954e-6,0.1912737762170928,0.36993978630116153,0.19149850555566197,0.3704356713287783,0.7747305186379442,0.6,0.1747305186379442,0.6,0.1747305186379442
BA(k=2),14,1,20292012,24,norm_50,12.135685473440827;5.246401598587298;6.005945927017433,9.523034865166659e-6,0.19125583518558545,0.36989778540024537,0.19148047364063245,0.3703934586141525,0.7747305186379442,0.6,0.1747305186379442,0.6,0.1747305186379442
BA(k=2),14,1,20292012,24,norm_fit,12.135685473440827;5.246401598587298;6.005945927017433,9.523034865166659e-6,0.19125583518558545,0.36989778540024537,0.19148047364063245,0.3703934586141525,0.7747305186379442,0.6,0.1747305186379442,0.6,0.1747305186379442
BA(k=2),14,2,20292013,24,emp,-,0.0,0.0,0.0,3.716828168399295e-18,2.168404344971009e-19,0.7608006473475826,0.726943396954279,0.03385725039330356,0.726943396954279,0.03385725039330356
BA(k=2),14,2,20292013,24,paper,-,1.022293502194025e-5,73639.4961154763,251167.2884826554,0.05417749287032885,0.08693984983030958,0.7608006473475826,0.7522950905279677,0.008505556819614846,0.7147613978158965,0.04603924953168603
BA(k=2),14,2,20292013,24,tri_init,0.0;0.0;1.0;1.0,1.5954166353836898e-5,0.9025709465410096,1.6561425388150142,0.356911599106766,0.6548806050402951,0.7608006473475826,0.6873939078362482,0.07340673951133436,0.6873939078362482,0.07340673951133436
BA(k=2),14,2,20292013,24,tri_25,1.6715294699772618;-1.7089603338173835;0.6654154363002108;1.2693661378415833,1.5737524025222407e-5,0.8967611141046582,1.6001409276674594,0.36468003926311093,0.6513214391576096,0.7608006473475826,0.6196573792789417,0.14114326806864086,0.6196573792789417,0.14114326806864086
BA(k=2),14,2,20292013,24,tri_50,1.6690168714347347;-1.708729107605833;0.6654297199675944;1.2693243519640562,1.5737524017047716e-5,0.8967622549774663,1.6001313780932793,0.36468388282247916,0.6513237135348611,0.7608006473475826,0.6196573792789417,0.14114326806864086,0.6196573792789417,0.14114326806864086
BA(k=2),14,2,20292013,24,tri_fit,1.6688607766892567;-1.7086532333895208;0.6654512638275467;1.2693190781564923,1.5737524013018895e-5,0.8967630362395923,1.600139486574606,0.36468160769825403,0.6513223131886519,0.7608006473475826,0.6196573792789417,0.14114326806864086,0.6196573792789417,0.14114326806864086
BA(k=2),14,2,20292013,24,norm_init,12.0;1.0;1.0,0.0001228056542193843,0.3409846800799755,0.09919625334649428,0.34098467678035116,0.09919625270001113,0.7608006473475826,0.6000000000000001,0.16080064734758248,0.6000000000000001,0.16080064734758248
BA(k=2),14,2,20292013,24,norm_25,12.138185988949335;5.077057090661915;5.6265785492669895,1.0354115266307098e-5,0.1745564597962656,0.3001067183194864,0.17469380533465276,0.30039916347748186,0.7608006473475826,0.6,0.1608006473475826,0.6,0.1608006473475826
BA(k=2),14,2,20292013,24,norm_50,12.138183491134624;5.0773960473509625;5.626314552811646,1.0354115237722052e-5,0.17456317267436275,0.3001262790769544,0.17470052693059793,0.3004187449885418,0.7608006473475826,0.6,0.1608006473475826,0.6,0.1608006473475826
BA(k=2),14,2,20292013,24,norm_fit,12.138183550448074;5.077396234504169;5.626313911735461,1.0354115237721854e-5,0.17456315534542802,0.30012623768403157,0.1747005095420802,0.3004187034593546,0.7608006473475826,0.6,0.1608006473475826,0.6,0.1608006473475826
BA(k=2),14,3,20292014,24,emp,-,0.0,0.0,0.0,0.0,0.0,0.8037161609632646,0.7659790485069732,0.03773711245629141,0.7659790485069732,0.03773711245629141
BA(k=2),14,3,20292014,24,paper,-,1.1389612575649752e-5,73639.49631242792,251167.28876073597,0.04196968469706864,0.09204004326771024,0.8037161609632646,0.7993017000365946,0.004414460926669972,0.7470490104583094,0.05666715050495519
BA(k=2),14,3,20292014,24,tri_init,0.0;0.0;1.0;1.0,1.555243512052258e-5,0.9053434255575254,1.6603014866651067,0.35780368920736016,0.6587510035882526,0.8037161609632646,0.708237339812218,0.09547882115104656,0.708237339812218,0.09547882115104656
BA(k=2),14,3,20292014,24,tri_25,1.7929180170297763;2.495276811105914;1.3146050821056827;0.7790930991782814,1.5091584294515649e-5,0.9053321045543747,1.6572418541087024,0.344265066273517,0.6336495624473755,0.8037161609632646,0.6104852571517453,0.1932309038115193,0.6104852571517453,0.1932309038115193
BA(k=2),14,3,20292014,24,tri_50,1.7905829674172926;2.49491003938795;1.3145438173606503;0.7791252858093815,1.5091584280492203e-5,0.9053330343863416,1.6572363559343173,0.34426862871694736,0.6336533032893371,0.8037161609632646,0.6104852571517453,0.1932309038115193,0.6104852571517453,0.1932309038115193
BA(k=2),14,3,20292014,24,tri_fit,1.788858648815793;2.4948409645304532;1.3145201164535687;0.7791219536740183,1.509158427700734e-5,0.9053335256516379,1.6572276755086763,0.34427192413797486,0.6336556956298959,0.8037161609632646,0.6104852571517453,0.1932309038115193,0.6104852571517453,0.1932309038115193
BA(k=2),14,3,20292014,24,norm_init,12.0;1.0;1.0,0.0001326194384599257,0.3394688098862537,0.09208832194423029,0.3394688065643992,0.09208832128525528,0.8037161609632646,0.6315789473684211,0.17213721359484346,0.6315789473684211,0.17213721359484346
BA(k=2),14,3,20292014,24,norm_25,12.271358014253885;5.573065183536997;6.428733948195065,1.0905495751237e-5,0.2282955647232054,0.4741325072173848,0.22870117290609393,0.47506048223258895,0.8037161609632646,0.631578947368421,0.17213721359484357,0.631578947368421,0.17213721359484357
BA(k=2),14,3,20292014,24,norm_50,12.271483672973837;5.572706060470038;6.427351730121208,1.0905495389896312e-5,0.22820193771970787,0.4738834935268324,0.22860701708593903,0.4748101869068393,0.8037161609632646,0.631578947368421,0.17213721359484357,0.631578947368421,0.17213721359484357
BA(k=2),14,3,20292014,24,norm_fit,12.271483671971655;5.572706059583253;6.427351728725377,1.0905495389896308e-5,0.22820193759366664,0.47388349318220185,0.2286070169592194,0.47481018656056123,0.8037161609632646,0.631578947368421,0.17213721359484357,0.631578947368421,0.17213721359484357
BA(k=2),14,4,20292015,24,emp,-,0.0,0.0,0.0,0.0,0.0,0.803382790245896,0.7658354991640102,0.037547291081885814,0.7658354991640102,0.037547291081885814
BA(k=2),14,4,20292015,24,paper,-,1.1457723843193432e-5,73639.49631008101,251167.28875785068,0.04480140728008189,0.09209154168708351,0.803382790245896,0.7988131942077313,0.004569596038164647,0.7469491929939098,0.056433597251986156
BA(k=2),14,4,20292015,24,tri_init,0.0;0.0;1.0;1.0,1.5738547042480363e-5,0.9055228357110232,1.6599999011790547,0.35843228190755483,0.6584833201683425,0.803382790245896,0.7082014892649257,0.09518130098097033,0.7082014892649257,0.09518130098097033
BA(k=2),14,4,20292015,24,tri_25,7.122199276168288;-1.7142342193452509;0.7106439611629339;1.3782594745533134,1.5276841511215444e-5,0.9004723736741265,1.646111424469528,0.34541822786873655,0.6337635637363175,0.803382790245896,0.6104859539063029,0.1928968363395931,0.6104859539063029,0.1928968363395931
BA(k=2),14,4,20292015,24,tri_50,7.116155185977284;-1.7145233610479982;0.7105844319832649;1.378295761327954,1.5276841496883067e-5,0.9004769070793429,1.6461082315741158,0.34542105151106095,0.6337644166278883,0.803382790245896,0.6104859539063029,0.1928968363395931,0.6104859539063029,0.1928968363395931
BA(k=2),14,4,20292015,24,tri_fit,7.111489925176208;-1.714656605905259;0.7105823111862309;1.3783158694002187,1.527684147502606e-5,0.9004817366811654,1.6461273861656267,0.3454188808876005,0.6337643228177189,0.803382790245896,0.6104859539063029,0.1928968363395931,0.6104859539063029,0.1928968363395931
BA(k=2),14,4,20292015,24,norm_init,12.0;1.0;1.0,0.0001315818307285385,0.34010619878599385,0.09258530683329068,0.340106195470525,0.09258530617714202,0.803382790245896,0.6315789473684211,0.17180384287747485,0.6315789473684211,0.17180384287747485
BA(k=2),14,4,20292015,24,norm_25,12.263246826495289;5.538248724867991;6.347233994211402,1.1013343583482733e-5,0.22550220348823793,0.4573896328401669,0.22587322428051188,0.45823559384618845,0.803382790245896,0.631578947368421,0.17180384287747497,0.631578947368421,0.17180384287747497
BA(k=2),14,4,20292015,24,norm_50,12.263247930366903;5.538255618119916;6.347223880644022,1.1013343583463819e-5,0.22550210108087143,0.45738941963666646,0.22587312074146162,0.4582353779581469,0.803382790245896,0.631578947368421,0.17180384287747497,0.631578947368421,0.17180384287747497
BA(k=2),14,4,20292015,24,norm_fit,12.263247930366903;5.538255618119916;6.347223880644022,1.1013343583463819e-5,0.22550210108087143,0.45738941963666646,0.22587312074146162,0.4582353779581469,0.803382790245896,0.631578947368421,0.17180384287747497,0.631578947368421,0.17180384287747497
BA(k=2),14,5,20292016,24,emp,-,0.0,0.0,0.0,9.39482759042569e-18,1.1002916122155407e-17,0.8171842408704838,0.7718421264271157,0.04534211444336811,0.7718421264271157,0.04534211444336811
BA(k=2),14,5,20292016,24,paper,-,1.1224480425086327e-5,73639.49632221973,251167.28876738605,0.04175894190602707,0.09196960757035164,0.8171842408704838,0.8074814152591874,0.009702825611296428,0.7571569680213142,0.060027272849169644
BA(k=2),14,5,20292016,24,tri_init,0.0;0.0;1.0;1.0,1.543573407825183e-5,0.9056608383857935,1.661152188033951,0.3581316979973917,0.6595263375475846,0.8171842408704838,0.7095800765037165,0.10760416436676734,0.7095800765037165,0.10760416436676734
BA(k=2),14,5,20292016,24,tri_25,6.377642888337718;0.2414961944020008;1.0108551588327042;1.0890242130312635,1.5111847940231388e-5,0.9017752827578321,1.660726924000201,0.3438928675811442,0.6367779425136875,0.8171842408704838,0.6315789473684211,0.18560529350206267,0.6315789473684211,0.18560529350206267
BA(k=2),14,5,20292016,24,tri_50,6.377183812112085;0.2415039943619187;1.0108567215928284;1.0890263742707607,1.5111847938697587e-5,0.9017758101171158,1.6607285016809747,0.3438923934088487,0.6367773169935028,0.8171842408704838,0.6315789473684211,0.18560529350206267,0.6315789473684211,0.18560529350206267
BA(k=2),14,5,20292016,24,tri_fit,6.3768222008618345;0.2414581743130689;1.0108530039398225;1.0890301982711574,1.5111847937520452e-5,0.9017761782607733,1.660730517902012,0.34389240892677725,0.6367778292897581,0.8171842408704838,0.6315789473684211,0.18560529350206267,0.6315789473684211,0.18560529350206267
BA(k=2),14,5,20292016,24,norm_init,12.0;1.0;1.0,0.00013028094297433328,0.33802950120674874,0.09083554746026312,0.33802949788363806,0.09083554679515282,0.8171842408704838,0.6315789473684211,0.18560529350206267,0.6315789473684211,0.18560529350206267
BA(k=2),14,5,20292016,24,norm_25,12.134176309421282;5.261941084293982;6.551165432723245,1.0854271166808097e-5,0.21686982138969504,0.44085938778833733,0.2172381648325374,0.4416936567821587,0.8171842408704838,0.631578947368421,0.18560529350206278,0.631578947368421,0.18560529350206278
BA(k=2),14,5,20292016,24,norm_50,12.141034836424966;5.541835958696018;6.370996708321676,1.0840182108377168e-5,0.22298350363337843,0.4599304172553925,0.22336343848690648,0.46079582573254024,0.8171842408704838,0.631578947368421,0.18560529350206278,0.631578947368421,0.18560529350206278
BA(k=2),14,5,20292016,24,norm_fit,12.141036811042765;5.541938981883549;6.370866380662518,1.0840182105511934e-5,0.22298293651416073,0.4599298552194754,0.22336285991389138,0.4607952369611857,0.8171842408704838,0.631578947368421,0.18560529350206278,0.631578947368421,0.18560529350206278
BA(k=2),14,6,20292017,24,emp,-,0.0,0.0,0.0,0.0,0.0,0.7346726044632894,0.6965003585965124,0.03817224586677703,0.6965003585965124,0.03817224586677703
BA(k=2),14,6,20292017,24,paper,-,1.1900782248896651e-5,73639.49570815446,251167.2876420713,0.04489606705964326,0.08512090499401125,0.7346726044632894,0.7242492923735598,0.010423312089729575,0.6836393477219728,0.051033256741316646
BA(k=2),14,6,20292017,24,tri_init,0.0;0.0;1.0;1.0,1.598940453585286e-5,0.9051669045897759,1.653043226388793,0.35806166278631835,0.6520027548135271,0.7346726044632894,0.6415915689577623,0.09308103550552715,0.6415915689577623,0.09308103550552715
BA(k=2),14,6,20292017,24,tri_25,0.5228095022931019;0.17315940010403583;1.0375898640886057;1.0933075182643783,1.579612287796834e-5,0.9078292039817575,1.6843352711947053,0.34049604804296507,0.6298883495852442,0.7346726044632894,0.5901661491129062,0.1445064553503832,0.5901661491129062,0.1445064553503832
BA(k=2),14,6,20292017,24,tri_50,0.5204442773402876;0.1730773067468017;1.037574105489033;1.0933125066659946,1.579612286989593e-5,0.9078309477085278,1.6843352505621303,0.34049736543030973,0.6298895755981434,0.7346726044632894,0.5901661491129062,0.1445064553503832,0.5901661491129062,0.1445064553503832
BA(k=2),14,6,20292017,24,tri_fit,0.5191105933716648;0.17306248888223566;1.0375679247300122;1.0933198352481235,1.579612286579037e-5,0.907832199535704,1.6843358249810865,0.3404972475784038,0.6298887001634894,0.7346726044632894,0.5901661491129062,0.1445064553503832,0.5901661491129062,0.1445064553503832
BA(k=2),14,6,20292017,24,norm_init,12.0;1.0;1.0,0.00013393375812165425,0.3418161949709889,0.10188165491561735,0.34181619165609706,0.10188165428748243,0.7346726044632894,0.5714285714285715,0.1632440330347179,0.5714285714285715,0.1632440330347179
BA(k=2),14,6,20292017,24,norm_25,12.179636106464047;5.5924572046209535;6.481708401116744,1.1462029044774418e-5,0.23615503832628243,0.4871207316952969,0.23658125248182774,0.4881004269178766,0.7346726044632894,0.5714285714285714,0.16324403303471802,0.5714285714285714,0.16324403303471802
BA(k=2),14,6,20292017,24,norm_50,12.17963398506528;5.592477149977061;6.481684676491983,1.1462029044662015e-5,0.2361549975038314,0.48712082708661253,0.23658120959892537,0.4881005174978018,0.7346726044632894,0.5714285714285714,0.16324403303471802,0.5714285714285714,0.16324403303471802
BA(k=2),14,6,20292017,24,norm_fit,12.17963398506528;5.592477149977061;6.481684676491983,1.1462029044662015e-5,0.2361549975038314,0.48712082708661253,0.23658120959892537,0.4881005174978018,0.7346726044632894,0.5714285714285714,0.16324403303471802,0.5714285714285714,0.16324403303471802
BA(k=2),14,7,20292018,24,emp,-,0.0,0.0,0.0,0.0,0.0,0.7736946140125314,0.7312891746271468,0.04240543938538455,0.7312891746271468,0.04240543938538455
BA(k=2),14,7,20292018,24,paper,-,9.774553814551891e-6,73639.49609902501,251167.28844243762,0.04249863535620218,0.08702777474326802,0.7736946140125314,0.7640457895049282,0.009648824507603182,0.7177534910158803,0.055941122996651105
BA(k=2),14,7,20292018,24,tri_init,0.0;0.0;1.0;1.0,1.5155251746227817e-5,0.9032183865703758,1.6541685949604699,0.3560600061929987,0.6530760823354679,0.7736946140125314,0.6736195321124383,0.10007508190009307,0.6736195321124383,0.10007508190009307
BA(k=2),14,7,20292018,24,tri_25,6.4789338966619665;1.062786297593632;1.0899608757708412;0.9040824515998678,1.4954512717430874e-5,0.8957185438824153,1.6152781298481989,0.3560101919366741,0.643075144557218,0.7736946140125314,0.6196732223713501,0.15402139164118123,0.6196732223713501,0.15402139164118123
BA(k=2),14,7,20292018,24,tri_50,6.471310442040302;1.0626781079837875;1.0899514684175078;0.9041022348689595,1.4954512683228132e-5,0.8957257009269765,1.61529516173402,0.3560087838215554,0.643074255859472,0.7736946140125314,0.6196732223713501,0.15402139164118123,0.6196732223713501,0.15402139164118123
BA(k=2),14,7,20292018,24,tri_fit,6.4624853622154514;1.062165179976331;1.0898785089504806;0.9041875728537927,1.495451264202893e-5,0.8957340701823793,1.6153121050708061,0.3560071164994338,0.6430719963466262,0.7736946140125314,0.6196732223713501,0.15402139164118123,0.6196732223713501,0.15402139164118123
BA(k=2),14,7,20292018,24,norm_init,12.0;1.0;1.0,0.0001239798541372455,0.3420536735376449,0.10089130429244368,0.34205367022192396,0.10089130366109866,0.7736946140125314,0.6000000000000001,0.17369461401253128,0.6000000000000001,0.17369461401253128
BA(k=2),14,7,20292018,24,norm_25,12.167079327043641;5.186117093711871;5.838828383370779,9.824943272049103e-6,0.18063677907672138,0.34191124349794655,0.18082069448518417,0.34231162808190996,0.7736946140125314,0.6,0.1736946140125314,0.6,0.1736946140125314
BA(k=2),14,7,20292018,24,norm_50,12.167075743473985;5.186149344847187;5.838790246685788,9.824943271671932e-6,0.18063680420330208,0.34191159430352136,0.1808207182458224,0.3423119758305763,0.7736946140125314,0.6,0.1736946140125314,0.6,0.1736946140125314
BA(k=2),14,7,20292018,24,norm_fit,12.167075743473985;5.186149344847187;5.838790246685788,9.824943271671932e-6,0.18063680420330208,0.34191159430352136,0.1808207182458224,0.3423119758305763,0.7736946140125314,0.6,0.1736946140125314,0.6,0.1736946140125314
BA(k=2),14,8,20292019,24,emp,-,0.0,0.0,0.0,0.0,0.0,0.8029072184448939,0.7662547599587202,0.03665245848617371,0.7662547599587202,0.03665245848617371
BA(k=2),14,8,20292019,24,paper,-,1.1410309908285614e-5,73639.49630735048,251167.28876079066,0.04177392733092792,0.09203783910308293,0.8029072184448939,0.7981388127108078,0.004768405734086101,0.7472894130843999,0.05561780536049399
BA(k=2),14,8,20292019,24,tri_init,0.0;0.0;1.0;1.0,1.5676222679525373e-5,0.905176746942185,1.6604280945720924,0.3577456279621479,0.6588803891459998,0.8029072184448939,0.7083337603403956,0.09457345810449824,0.7083337603403956,0.09457345810449824
BA(k=2),14,8,20292019,24,tri_25,13.125291720042979;1.0255872614547035;1.112912013911461;1.0038605352898424,1.5212063505140424e-5,0.8958592769911188,1.6469803627863424,0.3413083035760847,0.6310268100585177,0.8029072184448939,0.6104830459842083,0.19242417246068555,0.6104830459842083,0.19242417246068555
BA(k=2),14,8,20292019,24,tri_50,13.12329935438331;1.0257028489192783;1.1129210373857386;1.0038465739716604,1.5212063498671264e-5,0.895860903524659,1.6469792449919831,0.3413088525254928,0.6310262936834201,0.8029072184448939,0.6104830459842083,0.19242417246068555,0.6104830459842083,0.19242417246068555
BA(k=2),14,8,20292019,24,tri_fit,13.121771276512648;1.0259406963708007;1.1129584972360855;1.0038136328807388,1.5212063493101772e-5,0.8958624197437106,1.6469842388469074,0.34130830372736576,0.6310261200390703,0.8029072184448939,0.6104830459842083,0.19242417246068555,0.6104830459842083,0.19242417246068555
BA(k=2),14,8,20292019,24,norm_init,12.0;1.0;1.0,0.00013177386363694724,0.33995340908760335,0.09204028984412352,0.3399534057662028,0.09204028918555202,0.8029072184448939,0.6315789473684211,0.17132827107647275,0.6315789473684211,0.17132827107647275
BA(k=2),14,8,20292019,24,norm_25,12.265509322876737;5.55085281185909;6.357746801294966,1.0946422671312297e-5,0.2237691283690217,0.4608149494012385,0.2241469284037409,0.4616765229316049,0.8029072184448939,0.631578947368421,0.17132827107647286,0.631578947368421,0.17132827107647286
BA(k=2),14,8,20292019,24,norm_50,12.26556894286347;5.550958262480952;6.3577311717271625,1.0946422659692774e-5,0.22377464403700145,0.4608306669820484,0.22415246728711588,0.4616922973919713,0.8029072184448939,0.631578947368421,0.17132827107647286,0.631578947368421,0.17132827107647286
BA(k=2),14,8,20292019,24,norm_fit,12.26556894286347;5.550958262480952;6.3577311717271625,1.0946422659692774e-5,0.22377464403700145,0.4608306669820484,0.22415246728711588,0.4616922973919713,0.8029072184448939,0.631578947368421,0.17132827107647286,0.631578947368421,0.17132827107647286
BA(k=2),14,9,20292020,24,emp,-,0.0,0.0,0.0,3.8738621947980724e-18,5.7626135920022975e-18,0.7761514958852171,0.7329139330629028,0.04323756282231439,0.7329139330629028,0.04323756282231439
BA(k=2),14,9,20292020,24,paper,-,9.420521453422286e-6,73639.49610598006,251167.28843248443,0.04268695702267989,0.0870801959386668,0.7761514958852171,0.7672708976612711,0.008880598223946046,0.7190600022301125,0.057091493655104686
BA(k=2),14,9,20292020,24,tri_init,0.0;0.0;1.0;1.0,1.4593046060006738e-5,0.9038681944975715,1.6542168600762224,0.3568590643669916,0.6531421849074945,0.7761514958852171,0.6740266668072201,0.10212482907799703,0.6740266668072201,0.10212482907799703
BA(k=2),14,9,20292020,24,tri_25,7.283632685180185;1.0965793316621988;1.1111330703985796;0.9029868275322287,1.4426140807785212e-5,0.8962929916188735,1.6251849289642053,0.35405728537013104,0.6421976493802024,0.7761514958852171,0.6196999531426087,0.15645154274260842,0.6196999531426087,0.15645154274260842
BA(k=2),14,9,20292020,24,tri_50,7.282343321725088;1.0964064943336875;1.111109985828249;0.9030136327609198,1.4426140802312381e-5,0.8962942683167916,1.6251885023482666,0.35405678389213435,0.6421972384499446,0.7761514958852171,0.6196999531426087,0.15645154274260842,0.6196999531426087,0.15645154274260842
BA(k=2),14,9,20292020,24,tri_fit,7.281837509206017;1.096427790648882;1.111107184051325;0.9030059641874685,1.4426140800239129e-5,0.8962943524261674,1.625184561437048,0.3540581914328573,0.6421981742522858,0.7761514958852171,0.6196999531426087,0.15645154274260842,0.6196999531426087,0.15645154274260842
BA(k=2),14,9,20292020,24,norm_init,12.0;1.0;1.0,0.00012621811800486198,0.34259029116267653,0.10099322627572767,0.3425902878482172,0.10099322564591649,0.7761514958852171,0.6000000000000001,0.17615149588521706,0.6000000000000001,0.17615149588521706
BA(k=2),14,9,20292020,24,norm_25,12.111804365161941;5.253597059238667;6.024113615723813,9.516339691357049e-6,0.19359677060201172,0.3737354337151141,0.19382582526917116,0.3742423185134437,0.7761514958852171,0.6,0.17615149588521717,0.6,0.17615149588521717
BA(k=2),14,9,20292020,24,norm_50,12.112554991731056;5.253349933364957;6.018681185626566,9.516332862245298e-6,0.19332381377239155,0.37304255508446027,0.19355172889160052,0.37354675211484456,0.7761514958852171,0.6,0.17615149588521717,0.6,0.17615149588521717
BA(k=2),14,9,20292020,24,norm_fit,12.112555143245947;5.253348550759268;6.018677397923911,9.516332862241708e-6,0.1933235568977524,0.37304188754214984,0.19355147101017497,0.37354608219179875,0.7761514958852171,0.6,0.17615149588521717,0.6,0.17615149588521717
BA(k=2),14,10,20292021,24,emp,-,0.0,0.0,0.0,4.972020972165079e-18,2.8853836382184693e-18,0.7998865891148171,0.7647114282778666,0.03517516083695049,0.7647114282778666,0.03517516083695049
BA(k=2),14,10,20292021,24,paper,-,1.1503349646718903e-5,73639.49631427717,251167.28876607105,0.04374808481446034,0.09199514950330805,0.7998865891148171,0.7958785844262819,0.004008004688535238,0.7461992712415247,0.053687317873292395
BA(k=2),14,10,20292021,24,tri_init,0.0;0.0;1.0;1.0,1.5812597720233772e-5,0.9036277810363929,1.6608619007047443,0.35601848952282084,0.6592589014336817,0.7998865891148171,0.707968051152327,0.09191853796249017,0.707968051152327,0.09191853796249017
BA(k=2),14,10,20292021,24,tri_25,39.25241044596951;-3.1462129124385707;0.5017613035521384;1.5698454278550178,1.540688799972918e-5,0.8694756953964483,1.5896305846300374,0.34541608286978404,0.6369569799084476,0.7998865891148171,0.6104903086813005,0.18939628043351664,0.6104903086813005,0.18939628043351664
BA(k=2),14,10,20292021,24,tri_50,39.25189390170939;-3.1462074384902206;0.5017651321711343;1.5698446062583908,1.5406887997870112e-5,0.8694762653508676,1.5896333548191275,0.34541572195279385,0.6369570013734586,0.7998865891148171,0.6104903086813005,0.18939628043351664,0.6104903086813005,0.18939628043351664
BA(k=2),14,10,20292021,24,tri_fit,39.251708424529106;-3.1462211223347225;0.5017592310612558;1.5698432944133138,1.5406887997256345e-5,0.8694761637869481,1.5896306236268736,0.34541661933734047,0.6369576285551055,0.7998865891148171,0.6104903086813005,0.18939628043351664,0.6104903086813005,0.18939628043351664
BA(k=2),14,10,20292021,24,norm_init,12.0;1.0;1.0,0.00013083616926082346,0.3374461476181696,0.09163538395747894,0.3374461442962467,0.09163538329284478,0.7998865891148171,0.6315789473684211,0.168307641746396,0.6315789473684211,0.168307641746396
BA(k=2),14,10,20292021,24,norm_25,12.235831955538554;5.513668483957643;6.304732611639007,1.1090438609004111e-5,0.21867276703996347,0.4466253662849651,0.21902694880860385,0.44742739674481485,0.7998865891148171,0.631578947368421,0.16830764174639612,0.631578947368421,0.16830764174639612
BA(k=2),14,10,20292021,24,norm_50,12.23585029891322;5.513619441255585;6.304490502834197,1.1090438598284233e-5,0.21865749740072787,0.44658511780489796,0.21901159937944883,0.4473869565931094,0.7998865891148171,0.631578947368421,0.16830764174639612,0.631578947368421,0.16830764174639612
BA(k=2),14,10,20292021,24,norm_fit,12.23585029891322;5.513619441255585;6.304490502834197,1.1090438598284233e-5,0.21865749740072787,0.44658511780489796,0.21901159937944883,0.4473869565931094,0.7998865891148171,0.631578947368421,0.16830764174639612,0.631578947368421,0.16830764174639612
BA(k=4),12,1,20301812,32,emp,-,0.0,0.0,0.0,0.0,0.0,0.7588818141540582,0.7296901253495858,0.029191688804472427,0.7296901253495858,0.029191688804472427
BA(k=4),12,1,20301812,32,paper,-,1.2212160951181222e-5,0.16350371564245159,0.4210580608422952,0.09890137546344518,0.17828477749784818,0.7588818141540582,0.7424120598624231,0.016469754291635108,0.7114839298473439,0.04739788430671432
BA(k=4),12,1,20301812,32,tri_init,0.0;0.0;1.0;1.0,1.9702421992683976e-5,0.8595558537489616,1.2463849927419133,0.45335652702873813,0.6367111919620887,0.7588818141540582,0.7578265391289472,0.0010552750251110465,0.7578265391289472,0.0010552750251110465
BA(k=4),12,1,20301812,32,tri_25,17.395375514419246;0.30227134285415047;1.416153297055431;1.5965876579332883,1.666706375418097e-5,0.7918388632355459,1.439625049149492,0.3206500899431481,0.5528661621393253,0.7588818141540582,0.483853380607739,0.2750284335463192,0.483853380607739,0.2750284335463192
BA(k=4),12,1,20301812,32,tri_50,17.383503617087847;0.30290992651937837;1.4161837836473392;1.59646951902948,1.6667063514338474e-5,0.7918805903351985,1.4396626722641592,0.3206584292441429,0.552866427507899,0.7588818141540582,0.483853380607739,0.2750284335463192,0.483853380607739,0.2750284335463192
BA(k=4),12,1,20301812,32,tri_fit,17.37326233950169;0.3024355988602666;1.4161646355737676;1.5965095420309614,1.666706325553583e-5,0.7919115411635232,1.4397464512698563,0.3206557690936128,0.5528710035472023,0.7588818141540582,0.483853380607739,0.2750284335463192,0.483853380607739,0.2750284335463192
BA(k=4),12,1,20301812,32,norm_init,16.0;1.0;1.0,0.00011720658929504473,0.4407207313569886,0.1549045342312727,0.44072072726632966,0.15490453350988567,0.7588818141540582,0.64,0.11888181415405819,0.64,0.11888181415405819
BA(k=4),12,1,20301812,32,norm_25,16.49870930960992;6.074483145009826;5.908180385908755,1.2367891516067377e-5,0.4474007875962097,1.4032287064819235,0.45023425325748406,1.4133464698475298,0.7588818141540582,0.64,0.11888181415405819,0.64,0.11888181415405819
BA(k=4),12,1,20301812,32,norm_50,16.498583220200473;6.074116962103861;5.909827000830486,1.2367891158923507e-5,0.44750615119152265,1.4036678678359333,0.45034175871631993,1.4137936611697408,0.7588818141540582,0.64,0.11888181415405819,0.64,0.11888181415405819
BA(k=4),12,1,20301812,32,norm_fit,16.498583220200473;6.074116962103861;5.909827000830486,1.2367891158923507e-5,0.44750615119152265,1.4036678678359333,0.45034175871631993,1.4137936611697408,0.7588818141540582,0.64,0.11888181415405819,0.64,0.11888181415405819
BA(k=4),12,2,20301813,32,emp,-,0.0,0.0,0.0,0.0,0.0,0.7802359456218012,0.7563942247314294,0.023841720890371843,0.7563942247314294,0.023841720890371843
BA(k=4),12,2,20301813,32,paper,-,1.2710309339922459e-5,0.16688510492477002,0.42746203210602374,0.09754012626589052,0.1841231353127496,0.7802359456218012,0.7658314572067288,0.014404488415072358,0.7391759785583533,0.041059967063447944
BA(k=4),12,2,20301813,32,tri_init,0.0;0.0;1.0;1.0,2.10284009418017e-5,0.857474593529263,1.2559604673078286,0.45143664603041145,0.6457032020634065,0.7802359456218012,0.7802359456218012,0.0,0.7802359456218012,0.0
BA(k=4),12,2,20301813,32,tri_25,2.1603735313019183;1.1017582800898582;1.451512750702296;1.4418749895799796,1.763710037697017e-5,0.8410087276582936,1.4961963685390796,0.3291951712751775,0.5636641829081035,0.7802359456218012,0.4804350557281574,0.2998008898936438,0.4804350557281574,0.2998008898936438
BA(k=4),12,2,20301813,32,tri_50,2.1442483006752737;1.1025041796194637;1.451642835616714;1.4417891840425814,1.7637100037274424e-5,0.8410610073832332,1.4963034184650195,0.3291907602644993,0.5636606285783079,0.7802359456218012,0.4804350557281574,0.2998008898936438,0.4804350557281574,0.2998008898936438
BA(k=4),12,2,20301813,32,tri_fit,2.1183050723479373;1.1020040274560172;1.4516744965626192;1.4418391109376307,1.76370997368955e-5,0.8411509410986788,1.496509806959056,0.3291844558973331,0.5636643778898334,0.7802359456218012,0.4804350557281574,0.2998008898936438,0.4804350557281574,0.2998008898936438
BA(k=4),12,2,20301813,32,norm_init,16.0;1.0;1.0,0.00011602652942269777,0.43760404860211866,0.14331229251229702,0.43760404450915674,0.14331229177667798,0.7802359456218012,0.6666666666666666,0.11356927895513458,0.6666666666666666,0.11356927895513458
BA(k=4),12,2,20301813,32,norm_25,16.55467664149375;5.7389184872706345;5.511399187635563,1.2668293422855982e-5,0.3964817118707023,1.1754507775722263,0.39834514052032816,1.1819488460094603,0.7802359456218012,0.6666666666666666,0.11356927895513458,0.6666666666666666,0.11356927895513458
BA(k=4),12,2,20301813,32,norm_50,16.554776268929583;5.735457874124441;5.505875074253065,1.2668284222695878e-5,0.3958372792877827,1.1727649388956067,0.3976904199778478,1.1792251681640935,0.7802359456218012,0.6666666666666666,0.11356927895513458,0.6666666666666666,0.11356927895513458
BA(k=4),12,2,20301813,32,norm_fit,16.554826466405384;5.736446286788017;5.504684960798056,1.2668283966127827e-5,0.39580975788150125,1.172658228853005,0.3976625929510372,1.1791173294419448,0.7802359456218012,0.6666666666666666,0.11356927895513458,0.6666666666666666,0.11356927895513458
BA(k=4),12,3,20301814,32,emp,-,0.0,0.0,0.0,0.0,0.0,0.7847954704926309,0.7580130974975635,0.02678237299506736,0.7580130974975635,0.02678237299506736
BA(k=4),12,3,20301814,32,paper,-,1.3381276485493164e-5,0.1667882637848614,0.42728573605503767,0.10117604989724666,0.1841273019527625,0.7847954704926309,0.7680646152723914,0.016730855220239427,0.7400308089141227,0.044764661578508225
BA(k=4),12,3,20301814,32,tri_init,0.0;0.0;1.0;1.0,2.0806152207935604e-5,0.860084318767629,1.2549264308118522,0.4536034007080245,0.6447495542680807,0.7847954704926309,0.7842917045733383,0.0005037659192925759,0.7842917045733383,0.0005037659192925759
BA(k=4),12,3,20301814,32,tri_25,0.07951640116438405;3.0701011417702566;1.9288953222379015;1.2397465734297484,1.715873235193982e-5,0.8491284474608457,1.6035162344444718,0.3071501099051867,0.5518419005399046,0.7847954704926309,0.4886962058566895,0.2960992646359414,0.4886962058566895,0.2960992646359414
BA(k=4),12,3,20301814,32,tri_50,0.0;3.037054956268148;1.9233862959750478;1.244320323810438,1.7158671209368184e-5,0.8494318434839928,1.6038682121594194,0.3072366875287167,0.5519299382670322,0.7847954704926309,0.4886962058566895,0.2960992646359414,0.4886962058566895,0.2960992646359414
BA(k=4),12,3,20301814,32,tri_fit,0.0;2.970469939880249;1.9109903283222582;1.2540230914809765,1.7158522659625006e-5,0.8494541987196836,1.6029739555399605,0.3074561163627918,0.5520421704510624,0.7847954704926309,0.4886962058566895,0.2960992646359414,0.4886962058566895,0.2960992646359414
BA(k=4),12,3,20301814,32,norm_init,16.0;1.0;1.0,0.00011845140303133423,0.43966248395389085,0.14420955238424216,0.439662479858248,0.14420955165424384,0.7847954704926309,0.6666666666666666,0.11812880382596425,0.6666666666666666,0.11812880382596425
BA(k=4),12,3,20301814,32,norm_25,16.55709990992472;6.273527825852955;6.041047145826663,1.3090844129838666e-5,0.4693657101980338,1.4934834716068068,0.472730760123483,1.5055985428806695,0.7847954704926309,0.6666666666666666,0.11812880382596425,0.6666666666666666,0.11812880382596425
BA(k=4),12,3,20301814,32,norm_50,16.557142358437243;6.27424493373058;6.039867805670847,1.3090843964845824e-5,0.4693200729657935,1.4932956001062772,0.4726841871447068,1.5054071198506673,0.7847954704926309,0.6666666666666666,0.11812880382596425,0.6666666666666666,0.11812880382596425
BA(k=4),12,3,20301814,32,norm_fit,16.55714236202435;6.274244684293576;6.039867656876572,1.30908439648458e-5,0.4693200459451033,1.493295482525255,0.47268415945853576,1.505406999734652,0.7847954704926309,0.6666666666666666,0.11812880382596425,0.6666666666666666,0.11812880382596425
BA(k=4),12,4,20301815,32,emp,-,0.0,0.0,0.0,1.437960187316121e-17,8.598755413821345e-18,0.790761494214342,0.7604558277152461,0.03030566649909594,0.7604558277152461,0.03030566649909594
BA(k=4),12,4,20301815,32,paper,-,1.2815201438387948e-5,0.1675020675094802,0.4274071620398383,0.09986599577770099,0.1840759122468101,0.790761494214342,0.7739270859040337,0.016834408310308357,0.7468918097948926,0.043869684419449495
BA(k=4),12,4,20301815,32,tri_init,0.0;0.0;1.0;1.0,2.016955775015209e-5,0.8621117950097735,1.2557285717011686,0.4556823877107685,0.645473190814363,0.790761494214342,0.7890525050925552,0.0017089891217868525,0.7890525050925552,0.0017089891217868525
BA(k=4),12,4,20301815,32,tri_25,0.03211542194190925;-1.5817959403665844;1.1498500164724907;1.9991755079852727,1.6829670309438758e-5,0.851878925491304,1.5995305319671769,0.31139437857578406,0.5539601842798505,0.790761494214342,0.49224588407052017,0.2985156101438219,0.49224588407052017,0.2985156101438219
BA(k=4),12,4,20301815,32,tri_50,0.027693989589718145;-1.5812663682473262;1.1499311629281155;1.9990939160896515,1.6829670245606345e-5,0.8518939747520942,1.599557105682946,0.311394444541079,0.5539595152250104,0.790761494214342,0.49224588407052017,0.2985156101438219,0.49224588407052017,0.2985156101438219
BA(k=4),12,4,20301815,32,tri_fit,0.02367262370390631;-1.5800333594171834;1.1501795827405592;1.998948151091384,1.68296701984979e-5,0.8519069981294599,1.5996156426551502,0.3113860447672003,0.5539545632006909,0.790761494214342,0.49224588407052017,0.2985156101438219,0.49224588407052017,0.2985156101438219
BA(k=4),12,4,20301815,32,norm_init,16.0;1.0;1.0,0.00011620171074907565,0.4358948841936949,0.1430030675538431,0.43589488009807825,0.14300306682068964,0.790761494214342,0.6666666666666666,0.12409482754767542,0.6666666666666666,0.12409482754767542
BA(k=4),12,4,20301815,32,norm_25,16.371177376577233;6.311286558544891;6.1112781508337175,1.2754364662961064e-5,0.47636967936290264,1.5267964351619445,0.47992279242008096,1.5396329704391514,0.790761494214342,0.6666666666666666,0.12409482754767542,0.6666666666666666,0.12409482754767542
BA(k=4),12,4,20301815,32,norm_50,16.371116912234687;6.310295557886347;6.111547496503768,1.2754364567044319e-5,0.4763292324222778,1.5266124449041367,0.4798812145481338,1.5394446293703823,0.790761494214342,0.6666666666666666,0.12409482754767542,0.6666666666666666,0.12409482754767542
BA(k=4),12,4,20301815,32,norm_fit,16.371116912234687;6.310295557886347;6.111547496503768,1.2754364567044319e-5,0.4763292324222778,1.5266124449041367,0.4798812145481338,1.5394446293703823,0.790761494214342,0.6666666666666666,0.12409482754767542,0.6666666666666666,0.12409482754767542
BA(k=4),12,5,20301816,32,emp,-,0.0,0.0,0.0,6.679760627455534e-18,2.211347213673311e-18,0.7978343215294698,0.7662184355601177,0.03161588596935205,0.7662184355601177,0.03161588596935205
BA(k=4),12,5,20301816,32,paper,-,1.260379866950227e-5,0.16449898902042562,0.46925020428990194,0.09719914114309539,0.20138773372130936,0.7978343215294698,0.7864672860427738,0.011367035486695931,0.7484465710082177,0.049387750521252105
BA(k=4),12,5,20301816,32,tri_init,0.0;0.0;1.0;1.0,1.9744160115538273e-5,0.8628829864711324,1.2304239651905706,0.45594477587114,0.6363037724068468,0.7978343215294698,0.7958042798799596,0.0020300416495101503,0.7958042798799596,0.0020300416495101503
BA(k=4),12,5,20301816,32,tri_25,0.8653219467200285;1.1206349014642396;1.6192793780954657;1.5790429581680807,1.6086826562977746e-5,0.8483981797552653,1.577221346716361,0.3057362533868083,0.5449576615282633,0.7978343215294698,0.49175693970756623,0.3060773818219035,0.49175693970756623,0.3060773818219035
BA(k=4),12,5,20301816,32,tri_50,0.8653424178212784;1.1207980384588336;1.6191898230448674;1.5788338768643615,1.6086826104848816e-5,0.8483994774467964,1.5771310707931239,0.30576038901800523,0.5449722565262007,0.7978343215294698,0.49175693970756623,0.3060773818219035,0.49175693970756623,0.3060773818219035
BA(k=4),12,5,20301816,32,tri_fit,0.8670261081749161;1.120598056519381;1.6191042242802354;1.578828431520741,1.6086823632274472e-5,0.8483953928324058,1.5770884856347196,0.30576781246858603,0.5449747605817236,0.7978343215294698,0.49175693970756623,0.3060773818219035,0.49175693970756623,0.3060773818219035
BA(k=4),12,5,20301816,32,norm_init,16.0;1.0;1.0,0.00012111859213254826,0.439154752622548,0.19941336376116867,0.43915474851691466,0.19941336237876092,0.7978343215294698,0.6666666666666666,0.13116765486280313,0.6666666666666666,0.13116765486280313
BA(k=4),12,5,20301816,32,norm_25,16.43841496225287;6.576280362508727;6.38080612223895,1.253762014712477e-5,0.5092022080206434,1.3901948796134602,0.5137812614098715,1.4038882502063614,0.7978343215294698,0.6666666666666666,0.13116765486280313,0.6666666666666666,0.13116765486280313
BA(k=4),12,5,20301816,32,norm_50,16.438411008996233;6.576255937636841;6.380842867627683,1.2537620146956015e-5,0.509203555501898,1.3901993505708221,0.5137826429917008,1.4038928273609619,0.7978343215294698,0.6666666666666666,0.13116765486280313,0.6666666666666666,0.13116765486280313
BA(k=4),12,5,20301816,32,norm_fit,16.438411008996233;6.576255937636841;6.380842867627683,1.2537620146956015e-5,0.509203555501898,1.3901993505708221,0.5137826429917008,1.4038928273609619,0.7978343215294698,0.6666666666666666,0.13116765486280313,0.6666666666666666,0.13116765486280313
BA(k=4),12,6,20301817,32,emp,-,0.0,0.0,0.0,9.161182769126987e-18,6.145619048714303e-18,0.7846015330589692,0.758055684949427,0.02654584810954219,0.758055684949427,0.02654584810954219
BA(k=4),12,6,20301817,32,paper,-,1.3369129390936266e-5,0.16333052209214918,0.4273706042985329,0.09832363243577254,0.18410744096316,0.7846015330589692,0.7681040637554931,0.016497469303476064,0.7400655704435323,0.04453596261543691
BA(k=4),12,6,20301817,32,tri_init,0.0;0.0;1.0;1.0,2.0704745750358033e-5,0.8582761467609976,1.2553888390756949,0.45139616818895706,0.6451691391197794,0.7846015330589692,0.7846015330589692,0.0,0.7846015330589692,0.0
BA(k=4),12,6,20301817,32,tri_25,1.0614980663136846;-1.1904093834791933;1.2054421787905327;1.9355789532167174,1.7077089004791824e-5,0.8447212326356941,1.5885127045318639,0.30713950001946605,0.5533752376387445,0.7846015330589692,0.4882140330256151,0.29638750003335407,0.4882140330256151,0.29638750003335407
BA(k=4),12,6,20301817,32,tri_50,1.0617810892025874;-1.190322232739735;1.2054420987966878;1.9355514255581758,1.7077088899910504e-5,0.8447204748248861,1.5885012659188253,0.3071417853691967,0.5533762534065995,0.7846015330589692,0.4882140330256151,0.29638750003335407,0.4882140330256151,0.29638750003335407
BA(k=4),12,6,20301817,32,tri_fit,1.062347134980393;-1.190147931260818;1.205441938808998;1.9354963702410928,1.7077088699505144e-5,0.8447189593874321,1.5884783884391405,0.30714635635097426,0.5533782850790971,0.7846015330589692,0.4882140330256151,0.29638750003335407,0.4882140330256151,0.29638750003335407
BA(k=4),12,6,20301817,32,norm_init,16.0;1.0;1.0,0.00012052002059162364,0.4375694225055274,0.1436362623473398,0.4375694184029453,0.14363626161510273,0.7846015330589692,0.6666666666666666,0.11793486639230255,0.6666666666666666,0.11793486639230255
BA(k=4),12,6,20301817,32,norm_25,16.565998986406058;6.869572187514498;28.764147879770604,1.8954330737805746e-5,1.5163893456324473,5.946680123913147,1.8185418642268463,7.138476270018568,0.7846015330589692,0.6666666666666666,0.11793486639230255,0.6666666666666666,0.11793486639230255
BA(k=4),12,6,20301817,32,norm_50,16.504815264285188;4.59270481243834;22.274025870685747,1.778379480292493e-5,1.5998830556556192,5.499092933298391,1.8167448822941663,6.240632276153065,0.7846015330589692,0.6666666666666666,0.11793486639230255,0.6666666666666666,0.11793486639230255
BA(k=4),12,6,20301817,32,norm_fit,16.801477584152757;6.7244931229980835;13.225752939546467,1.5323767980381873e-5,1.0338880086998656,3.8796012929712496,1.0889941746710345,4.091240768604249,0.7846015330589692,0.6666666666666666,0.11793486639230255,0.6666666666666666,0.11793486639230255
BA(k=4),12,7,20301818,32,emp,-,0.0,0.0,0.0,5.575268449177345e-18,4.207835982932404e-18,0.7919103693167523,0.760588508940272,0.031321860376480326,0.760588508940272,0.031321860376480326
BA(k=4),12,7,20301818,32,paper,-,1.2897851480614062e-5,0.16451192670203593,0.4274286629574028,0.09760698326182618,0.18405198077525675,0.7919103693167523,0.7741935771096223,0.01771679220712996,0.7469556143179008,0.04495475499885149
BA(k=4),12,7,20301818,32,tri_init,0.0;0.0;1.0;1.0,2.0166749903296056e-5,0.8612778234710357,1.2555634053393474,0.45444810546984443,0.6452948114739115,0.7919103693167523,0.7903992491006315,0.0015111202161207649,0.7903992491006315,0.0015111202161207649
BA(k=4),12,7,20301818,32,tri_25,6.139613427326976;3.5540706157118436;1.9999874366585317;1.146413177153652,1.6715856671949167e-5,0.8299700464219089,1.55819358103042,0.3088760097926347,0.5533084464349973,0.7919103693167523,0.4919078036494326,0.3000025656673197,0.4919078036494326,0.3000025656673197
BA(k=4),12,7,20301818,32,tri_50,6.134591595464528;3.5537765130741175;1.9999505606915082;1.1464946908927232,1.6715856602198795e-5,0.8299869575898569,1.558238166538103,0.30887235551956943,0.5533056424514811,0.7919103693167523,0.4919078036494326,0.3000025656673197,0.4919078036494326,0.3000025656673197
BA(k=4),12,7,20301818,32,tri_fit,6.129607185355202;3.5535073841772102;1.9999140360573662;1.1465081166916091,1.671585653152662e-5,0.8300023968862823,1.5582672039381578,0.3088741911891741,0.5533087713253394,0.7919103693167523,0.4919078036494326,0.3000025656673197,0.4919078036494326,0.3000025656673197
BA(k=4),12,7,20301818,32,norm_init,16.0;1.0;1.0,0.00011697913897385824,0.43833860730384816,0.1428316475706487,0.43833860320081786,0.1428316468375017,0.7919103693167523,0.6666666666666666,0.12524370265008566,0.6666666666666666,0.12524370265008566
BA(k=4),12,7,20301818,32,norm_25,16.430340645199998;6.31023906946914;6.197306189688924,1.2770597903094766e-5,0.4802530635861494,1.5546880604120645,0.48397208415754606,1.5681445017692228,0.7919103693167523,0.6666666666666666,0.12524370265008566,0.6666666666666666,0.12524370265008566
BA(k=4),12,7,20301818,32,norm_50,16.426270727853115;6.3480285445604085;6.138749659559697,1.2770161175357946e-5,0.47803290968433076,1.5457016160876114,0.4817017897748545,1.5589698386552975,0.7919103693167523,0.6666666666666666,0.12524370265008566,0.6666666666666666,0.12524370265008566
BA(k=4),12,7,20301818,32,norm_fit,16.426270908364838;6.348031314225881;6.138742173533411,1.277016117535163e-5,0.47803250543679815,1.545699917307257,0.48170137601438073,1.5589681036568839,0.7919103693167523,0.6666666666666666,0.12524370265008566,0.6666666666666666,0.12524370265008566
BA(k=4),12,8,20301819,32,emp,-,0.0,0.0,0.0,0.0,0.0,0.817060732386073,0.7902866902201069,0.026774042165966128,0.7902866902201069,0.026774042165966128
BA(k=4),12,8,20301819,32,paper,-,1.3220913772108014e-5,0.1665988646334214,0.4320837093528157,0.09516303744098581,0.1886313239153539,0.817060732386073,0.8005311968273865,0.016529535558686526,0.7718518048921351,0.0452089274939379
BA(k=4),12,8,20301819,32,tri_init,0.0;0.0;1.0;1.0,2.1271953038665208e-5,0.8589734438986111,1.263449938217127,0.45225663704865027,0.6526907116140057,0.817060732386073,0.817060732386073,0.0,0.817060732386073,0.0
BA(k=4),12,8,20301819,32,tri_25,0.06069290593781688;2.0073092358145654;1.6587193362719805;1.3978217433879412,1.7198869876026266e-5,0.8466952092307429,1.5617455084600629,0.3135615947773076,0.5604009045225037,0.817060732386073,0.4992116609695802,0.3178490714164928,0.4992116609695802,0.3178490714164928
BA(k=4),12,8,20301819,32,tri_50,0.056082184326939004;2.007881727183783;1.6588018198736254;1.3976993329017193,1.719886980798632e-5,0.8467109621381297,1.5617636432867184,0.3135651304594776,0.5604034752023044,0.817060732386073,0.4992116609695802,0.3178490714164928,0.4992116609695802,0.3178490714164928
BA(k=4),12,8,20301819,32,tri_fit,0.054404506624446035;2.0077490609029436;1.6587822312109026;1.3977267213691276,1.7198869786410017e-5,0.8467164233368086,1.5617762112665765,0.31356444364510866,0.5604030096753985,0.817060732386073,0.4992116609695802,0.3178490714164928,0.4992116609695802,0.3178490714164928
BA(k=4),12,8,20301819,32,norm_init,16.0;1.0;1.0,0.0001198137271815627,0.43757432241726285,0.13245150356247018,0.43757431831416604,0.132451502814411,0.817060732386073,0.6956521739130435,0.12140855847302956,0.6956521739130435,0.12140855847302956
BA(k=4),12,8,20301819,32,norm_25,16.571094032542373;6.477537422847859;5.887099366822402,1.3065769461417408e-5,0.46794335705833623,1.4933525909338095,0.4714036152318502,1.5058008760873658,0.817060732386073,0.6956521739130435,0.12140855847302956,0.6956521739130435,0.12140855847302956
BA(k=4),12,8,20301819,32,norm_50,16.554499847682525;6.261987164013677;5.981976215770075,1.3060841468867039e-5,0.46098045579395985,1.4629342859783476,0.46422693390370495,1.4745929107866178,0.817060732386073,0.6956521739130435,0.12140855847302956,0.6956521739130435,0.12140855847302956
BA(k=4),12,8,20301819,32,norm_fit,16.554585851579294;6.262048252873943;5.98178102532257,1.306084144942447e-5,0.4609692556235568,1.4628876285975412,0.46421549895327646,1.4745453598840126,0.817060732386073,0.6956521739130435,0.12140855847302956,0.6956521739130435,0.12140855847302956
BA(k=4),12,9,20301820,32,emp,-,0.0,0.0,0.0,5.0414733326854065e-18,1.8526854844795106e-18,0.7830831049152849,0.7574144655650258,0.025668639350259093,0.7574144655650258,0.025668639350259093
BA(k=4),12,9,20301820,32,paper,-,1.2088412073896717e-5,0.16561777210811926,0.42730885810385033,0.0950878289997782,0.1841224258409581,0.7830831049152849,0.7672483987891665,0.01583470612611837,0.7397307407136194,0.04335236420166544
BA(k=4),12,9,20301820,32,tri_init,0.0;0.0;1.0;1.0,2.03142978886499e-5,0.8581078703297389,1.2550731387120002,0.4519653628115153,0.6448898053403953,0.7830831049152849,0.7830831049152849,0.0,0.7830831049152849,0.0
BA(k=4),12,9,20301820,32,tri_25,2.2377916125765953;1.9518026800637496;1.6341352057904233;1.3669318969433084,1.6695261872051176e-5,0.8399417579599338,1.5252133864628699,0.31926056026153454,0.5563145989820016,0.7830831049152849,0.477408711139329,0.3056743937759559,0.477408711139329,0.3056743937759559
BA(k=4),12,9,20301820,32,tri_50,2.234039431481869;1.9512969367882131;1.634035473826505;1.366992636925366,1.6695261797369114e-5,0.8399547767430371,1.5252253508683777,0.3192642097240318,0.5563169906756043,0.7830831049152849,0.477408711139329,0.3056743937759559,0.477408711139329,0.3056743937759559
BA(k=4),12,9,20301820,32,tri_fit,2.2292188739687058;1.9502531354814916;1.6338323005846078;1.3671716552101176,1.6695261710705857e-5,0.8399698899157808,1.525242842394666,0.3192658949796429,0.5563164600757939,0.7830831049152849,0.477408711139329,0.3056743937759559,0.477408711139329,0.3056743937759559
BA(k=4),12,9,20301820,32,norm_init,16.0;1.0;1.0,0.00011787060773335203,0.44043545593659694,0.1442731850131372,0.4404354518436458,0.14427318428177355,0.7830831049152849,0.6666666666666666,0.11641643824861825,0.6666666666666666,0.11641643824861825
BA(k=4),12,9,20301820,32,norm_25,16.5808917126205;6.00207915564547;5.771645674990282,1.2206523366908102e-5,0.4323052343886127,1.3311184543502799,0.43483061005998297,1.3400788771179692,0.7830831049152849,0.6666666666666666,0.11641643824861825,0.6666666666666666,0.11641643824861825
BA(k=4),12,9,20301820,32,norm_50,16.580933096413855;6.005086824311105;5.774015703660488,1.2206520891382737e-5,0.4326782604789503,1.3327114548777863,0.43521113254849625,1.341699965950561,0.7830831049152849,0.6666666666666666,0.11641643824861825,0.6666666666666666,0.11641643824861825
BA(k=4),12,9,20301820,32,norm_fit,16.580933158643056;6.0050859624819095;5.7740161322412025,1.2206520891382573e-5,0.4326782385440673,1.332711355923673,0.43521111007832064,1.341699864992414,0.7830831049152849,0.6666666666666666,0.11641643824861825,0.6666666666666666,0.11641643824861825
BA(k=4),12,10,20301821,32,emp,-,0.0,0.0,0.0,6.425652324982918e-18,3.366268786345923e-18,0.7951701850644882,0.7651580644282525,0.030012120636235706,0.7651580644282525,0.030012120636235706
BA(k=4),12,10,20301821,32,paper,-,1.2334911781801311e-5,0.16681582480202337,0.4690381219507962,0.10150825561767657,0.20146477428017867,0.7951701850644882,0.7762831344911798,0.018887050573308417,0.7478626771561249,0.047307507908363355
BA(k=4),12,10,20301821,32,tri_init,0.0;0.0;1.0;1.0,1.9394952490573885e-5,0.8615155427921459,1.2296313510732784,0.45494666244427945,0.6356636136554316,0.7951701850644882,0.7933262658115406,0.001843919252947579,0.7933262658115406,0.001843919252947579
BA(k=4),12,10,20301821,32,tri_25,0.8027412408713253;3.3591608709980645;1.999992018519536;1.2136050551804056,1.5649408825293682e-5,0.8478328017595487,1.5817875928989067,0.30480142083846956,0.5437554292281349,0.7951701850644882,0.49224000966951964,0.3029301753949686,0.49224000966951964,0.3029301753949686
BA(k=4),12,10,20301821,32,tri_50,0.8027412408713253;3.3591608709980645;1.999992018519536;1.2136050551804056,1.5649408825293682e-5,0.8478328017595487,1.5817875928989067,0.30480142083846956,0.5437554292281349,0.7951701850644882,0.49224000966951964,0.3029301753949686,0.49224000966951964,0.3029301753949686
BA(k=4),12,10,20301821,32,tri_fit,0.8027412408713253;3.3591608709980645;1.999992018519536;1.2136050551804056,1.5649408825293682e-5,0.8478328017595487,1.5817875928989067,0.30480142083846956,0.5437554292281349,0.7951701850644882,0.49224000966951964,0.3029301753949686,0.49224000966951964,0.3029301753949686
BA(k=4),12,10,20301821,32,norm_init,16.0;1.0;1.0,0.00012319363350759627,0.44046107880528745,0.20117778805467346,0.4404610747119537,0.20117778667749142,0.7951701850644882,0.6666666666666666,0.1285035183978216,0.6666666666666666,0.1285035183978216
BA(k=4),12,10,20301821,32,norm_25,16.415464928282745;6.774479482087787;6.588472893539464,1.2342422887051135e-5,0.5409186583384973,1.494384566965237,0.5463764068204575,1.510945887940107,0.7951701850644882,0.6666666666666666,0.1285035183978216,0.6666666666666666,0.1285035183978216
BA(k=4),12,10,20301821,32,norm_50,16.41556434365248;6.774922912309662;6.587652386138615,1.2342422809272107e-5,0.5408828441326519,1.494260238242274,0.5463395062408768,1.5108180990323121,0.7951701850644882,0.6666666666666666,0.1285035183978216,0.6666666666666666,0.1285035183978216
BA(k=4),12,10,20301821,32,norm_fit,16.41556434365248;6.774922912309662;6.587652386138615,1.2342422809272107e-5,0.5408828441326519,1.494260238242274,0.5463395062408768,1.5108180990323121,0.7951701850644882,0.6666666666666666,0.1285035183978216,0.6666666666666666,0.1285035183978216
BA(k=4),14,1,20302012,40,emp,-,0.0,0.0,0.0,0.0,0.0,0.8408245738361163,0.8123913581695079,0.02843321566660839,0.8123913581695079,0.02843321566660839
BA(k=4),14,1,20302012,40,paper,-,8.158693470335337e-6,4.0265148806067375,14.934187070014232,0.064302796420589,0.1438649902897838,0.8408245738361163,0.8344143208728843,0.006410252963232055,0.781803262006058,0.05902131183005832
BA(k=4),14,1,20302012,40,tri_init,0.0;0.0;1.0;1.0,1.18711043599253e-5,1.3521946773857914,2.3151674984509856,0.540665191165298,0.9199361515399387,0.8408245738361163,0.8169795679240034,0.023845005912112915,0.8169795679240034,0.023845005912112915
BA(k=4),14,1,20302012,40,tri_25,41.5598030678665;0.4484357515920532;1.4604091073793586;1.714131992060541,9.658558811302658e-6,1.2977050543926976,2.80851041545355,0.36365435696712095,0.7807370898451325,0.8408245738361163,0.5771055549875695,0.26371901884854676,0.5771055549875695,0.26371901884854676
BA(k=4),14,1,20302012,40,tri_50,41.4679299907768;0.4354908335059637;1.4594720121656837;1.7159984406897582,9.65855189837758e-6,1.2978272981467194,2.809509073611093,0.363564773593674,0.7807394229269139,0.8408245738361163,0.5771055549875695,0.26371901884854676,0.5771055549875695,0.26371901884854676
BA(k=4),14,1,20302012,40,tri_fit,41.467929990892564;0.4354908335222453;1.4594720121656135;1.7159984406830369,9.65855189837757e-6,1.2978272981466201,2.809509073607415,0.3635647735943671,0.7807394229274607,0.8408245738361163,0.5771055549875695,0.26371901884854676,0.5771055549875695,0.26371901884854676
BA(k=4),14,1,20302012,40,norm_init,20.0;1.0;1.0,9.25406555673012e-5,0.4288619048141449,0.06445356659196436,0.4288619005580865,0.06445356620461581,0.8408245738361163,0.7142857142857144,0.1265388595504019,0.7142857142857144,0.1265388595504019
BA(k=4),14,1,20302012,40,norm_25,20.491850566462627;9.151365947550444;8.142338485336792,7.884970334331056e-6,0.7197055827950325,2.6810757969109047,0.72694596301107,2.708880969739517,0.8408245738361163,0.7142857142857143,0.126538859550402,0.7142857142857143,0.126538859550402
BA(k=4),14,1,20302012,40,norm_50,20.50902215659029;8.71180907432187;8.259084653273456,7.880581292420893e-6,0.6985526409938569,2.5855101918398904,0.7050421253291855,2.610340638726775,0.8408245738361163,0.7142857142857143,0.126538859550402,0.7142857142857143,0.126538859550402
BA(k=4),14,1,20302012,40,norm_fit,20.509021533613396;8.71141874894771;8.259253434017744,7.880581288726801e-6,0.6985412969533408,2.585455818552921,0.7050303644818086,2.610284590644984,0.8408245738361163,0.7142857142857143,0.126538859550402,0.7142857142857143,0.126538859550402
BA(k=4),14,2,20302013,40,emp,-,0.0,0.0,0.0,8.711411385358419e-18,7.140625801346494e-18,0.8114102791842809,0.7842024333101112,0.02720784587416969,0.7842024333101112,0.02720784587416969
BA(k=4),14,2,20302013,40,paper,-,7.438446367487463e-6,4.026236816605079,14.933747919505057,0.0634373514347068,0.14204544419405965,0.8114102791842809,0.8054093929284286,0.006000886255852267,0.7547942911491782,0.056615988035102705
BA(k=4),14,2,20302013,40,tri_init,0.0;0.0;1.0;1.0,1.130071644180323e-5,1.3520526079378465,2.3118664064663945,0.5406085312125984,0.916811010929133,0.8114102791842809,0.7885397313980911,0.0228705477861898,0.7885397313980911,0.0228705477861898
BA(k=4),14,2,20302013,40,tri_25,1.9228369098547344;0.9187078145763439;1.49169712776437;1.5651676516291568,9.398898401691066e-6,1.3514862872150983,2.8607902894649913,0.37649856586987496,0.7880751582894621,0.8114102791842809,0.5756578111180484,0.2357524680662325,0.5756578111180484,0.2357524680662325
BA(k=4),14,2,20302013,40,tri_50,1.9215904113969093;0.9186998898525937;1.4916932754262315;1.5651650624999094,9.39889840059151e-6,1.3514879702141416,2.8607903152742202,0.37649926279034945,0.7880756634398829,0.8114102791842809,0.5756578111180484,0.2357524680662325,0.5756578111180484,0.2357524680662325
BA(k=4),14,2,20302013,40,tri_fit,1.9205327817646478;0.9188070284358079;1.4917122151485291;1.565157897559353,9.39889839950863e-6,1.351489274952867,2.8607988926198757,0.3764979767669773,0.788074537575221,0.8114102791842809,0.5756578111180484,0.2357524680662325,0.5756578111180484,0.2357524680662325
BA(k=4),14,2,20302013,40,norm_init,20.0;1.0;1.0,9.025762999977834e-5,0.4288853349544803,0.06982828173714871,0.4288853306996742,0.06982828137103976,0.8114102791842809,0.6896551724137933,0.12175510677048762,0.6896551724137933,0.12175510677048762
BA(k=4),14,2,20302013,40,norm_25,20.34418996546576;11.595866006694575;7.034590095261711,7.586846084916093e-6,0.8619088625341618,3.1884607613682956,0.8774201471076276,3.2457896050973067,0.8114102791842809,0.6896551724137931,0.12175510677048773,0.6896551724137931,0.12175510677048773
BA(k=4),14,2,20302013,40,norm_50,20.4649177958752;8.226131125438176;7.861762381747194,7.373410654950807e-6,0.6272672418048452,2.2697237012993177,0.6319655929765142,2.287366375065345,0.8114102791842809,0.6896551724137931,0.12175510677048773,0.6896551724137931,0.12175510677048773
BA(k=4),14,2,20302013,40,norm_fit,20.464966688606864;8.224475680436306;7.862394009806246,7.373410573506451e-6,0.6272108329449114,2.2694589354407944,0.6319076315897696,2.2870954420435385,0.8114102791842809,0.6896551724137931,0.12175510677048773,0.6896551724137931,0.12175510677048773
BA(k=4),14,3,20302014,40,emp,-,0.0,0.0,0.0,0.0,0.0,0.8066305944403441,0.7820221665328762,0.024608427907467978,0.7820221665328762,0.024608427907467978
BA(k=4),14,3,20302014,40,paper,-,7.609357629811664e-6,4.026014980142562,14.933740275442958,0.06617728672922066,0.14206844591757087,0.8066305944403441,0.8001269640279605,0.006503630412383665,0.7539044761411164,0.05272611829922769
BA(k=4),14,3,20302014,40,tri_init,0.0;0.0;1.0;1.0,1.152388067133546e-5,1.351187460178429,2.311655389487299,0.539812107211968,0.9166106724044796,0.8066305944403441,0.776641090616534,0.02998950382381016,0.776641090616534,0.02998950382381016
BA(k=4),14,3,20302014,40,tri_25,1.1463261974738688;1.3185160341645115;1.5286867508806619;1.505333323430121,9.597189838652168e-6,1.3516038935677157,2.8449150984934413,0.3783116648528779,0.7881985895349749,0.8066305944403441,0.55698179383649,0.24964880060385408,0.55698179383649,0.24964880060385408
BA(k=4),14,3,20302014,40,tri_50,1.1421028736794365;1.3179155088721721;1.528600293342705;1.505414641813996,9.5971898346794e-6,1.3516095255109994,2.8449250018381043,0.37831223632318095,0.7881992374505326,0.8066305944403441,0.55698179383649,0.24964880060385408,0.55698179383649,0.24964880060385408
BA(k=4),14,3,20302014,40,tri_fit,1.1363875397661198;1.316844416580419;1.5284416751950258;1.5055662302932737,9.597189829581929e-6,1.3516170797886429,2.844935833596518,0.3783129871802373,0.7881994315110029,0.8066305944403441,0.55698179383649,0.24964880060385408,0.55698179383649,0.24964880060385408
BA(k=4),14,3,20302014,40,norm_init,20.0;1.0;1.0,9.018755285173627e-5,0.42936845747957697,0.07032317849844213,0.429368453226854,0.07032317813251271,0.8066305944403441,0.6896551724137933,0.11697542202655087,0.6896551724137933,0.11697542202655087
BA(k=4),14,3,20302014,40,norm_25,20.498075143778557;6.42326335788508;10.47119166331274,7.736733578315499e-6,0.8632421212945305,3.0554146345398294,0.8753981205743265,3.0991942202158835,0.8066305944403441,0.6896551724137931,0.11697542202655098,0.6896551724137931,0.11697542202655098
BA(k=4),14,3,20302014,40,norm_50,20.562478819606433;7.813427647211007;7.71493243039337,7.497627481701414e-6,0.5866624326602135,2.080036289777154,0.5904540971776119,2.0940888838325225,0.8066305944403441,0.6896551724137931,0.11697542202655098,0.6896551724137931,0.11697542202655098
BA(k=4),14,3,20302014,40,norm_fit,20.56003933341363;8.087884071701984;7.7173134703511606,7.4950240944246275e-6,0.6059384280737653,2.1667173253444143,0.6101371830721811,2.1823811030219162,0.8066305944403441,0.6896551724137931,0.11697542202655098,0.6896551724137931,0.11697542202655098
BA(k=4),14,4,20302015,40,emp,-,0.0,0.0,0.0,3.851896021113342e-18,3.796643185362341e-18,0.8370296059342613,0.8109521882178764,0.026077417716384943,0.8109521882178764,0.026077417716384943
BA(k=4),14,4,20302015,40,paper,-,7.5602472882521546e-6,4.0268373824635715,14.934185134098337,0.06272511331210495,0.1438702179342587,0.8370296059342613,0.8308048093886918,0.006224796545569511,0.7812630108419896,0.055766595092271776
BA(k=4),14,4,20302015,40,tri_init,0.0;0.0;1.0;1.0,1.1722036430371847e-5,1.3519401405033802,2.3151733839799267,0.5406366405738673,0.9199423098852074,0.8370296059342613,0.8153506285236818,0.02167897741057956,0.8153506285236818,0.02167897741057956
BA(k=4),14,4,20302015,40,tri_25,0.6851831561061482;-1.632916070965787;1.0961931776030474;1.9737516660574548,9.558725265370712e-6,1.351562214970051,2.857013717492175,0.374048672372459,0.7854264191183681,0.8370296059342613,0.5772909742435299,0.2597386316907314,0.5772909742435299,0.2597386316907314
BA(k=4),14,4,20302015,40,tri_50,0.6835685506020566;-1.6329473701263715;1.0961889881225089;1.9737548629488215,9.558725263804453e-6,1.3515643583084027,2.8570180059321197,0.3740487870447403,0.7854265846763303,0.8370296059342613,0.5772909742435299,0.2597386316907314,0.5772909742435299,0.2597386316907314
BA(k=4),14,4,20302015,40,tri_fit,0.6830009274290622;-1.6329753481454028;1.0961844471219977;1.9737589828958202,9.558725263236067e-6,1.3515651132105102,2.8570191997680507,0.37404883033048975,0.7854265704214667,0.8370296059342613,0.5772909742435299,0.2597386316907314,0.5772909742435299,0.2597386316907314
BA(k=4),14,4,20302015,40,norm_init,20.0;1.0;1.0,9.019184096989426e-5,0.42956947748179786,0.06459348537212763,0.42956947322799666,0.06459348498418267,0.8370296059342613,0.7142857142857144,0.12274389164854693,0.7142857142857144,0.12274389164854693
BA(k=4),14,4,20302015,40,norm_25,20.54573136931929;8.17307751936334;7.709823540000282,7.503495795516774e-6,0.6107005742641141,2.1877375354212893,0.6150224767970424,2.2038901728623888,0.8370296059342613,0.7142857142857143,0.12274389164854704,0.7142857142857143,0.12274389164854704
BA(k=4),14,4,20302015,40,norm_50,20.545744289759316;8.173481101885768;7.709581745439947,7.503495789944294e-6,0.6107070936167716,2.1877684146482133,0.6150292255477988,2.2039219345303374,0.8370296059342613,0.7142857142857143,0.12274389164854704,0.7142857142857143,0.12274389164854704
BA(k=4),14,4,20302015,40,norm_fit,20.545744289759316;8.173481101885768;7.709581745439947,7.503495789944294e-6,0.6107070936167716,2.1877684146482133,0.6150292255477988,2.2039219345303374,0.8370296059342613,0.7142857142857143,0.12274389164854704,0.7142857142857143,0.12274389164854704
BA(k=4),14,5,20302016,40,emp,-,0.0,0.0,0.0,9.514476479282281e-18,4.233424234142416e-18,0.8372756327720092,0.8111597617499596,0.026115871022049597,0.8111597617499596,0.026115871022049597
BA(k=4),14,5,20302016,40,paper,-,7.458670693143557e-6,4.026893302551152,14.934188542029421,0.06214804369335232,0.14386276766186704,0.8372756327720092,0.8309823619010712,0.006293270870938006,0.7813298614947808,0.05594577127722844
BA(k=4),14,5,20302016,40,tri_init,0.0;0.0;1.0;1.0,1.1587925213549455e-5,1.3516310661690145,2.3152463776957815,0.5402823488531239,0.9200129278304554,0.8372756327720092,0.805378837856371,0.03189679491563824,0.805378837856371,0.03189679491563824
BA(k=4),14,5,20302016,40,tri_25,19.048550671945982;4.566578764284147;1.9890731867219322;1.0958036902103827,9.39836958547195e-6,1.3271137932299155,2.8141663962469776,0.37226379474119214,0.7844707293914487,0.8372756327720092,0.5765926952590047,0.26068293751300453,0.5765926952590047,0.26068293751300453
BA(k=4),14,5,20302016,40,tri_50,19.019487865656423;4.567992573396152;1.9892868447272203;1.0955777647266172,9.398369563402157e-6,1.3271522750889915,2.814248918278738,0.37226523790854343,0.784473815873567,0.8372756327720092,0.5765926952590047,0.26068293751300453,0.5765926952590047,0.26068293751300453
BA(k=4),14,5,20302016,40,tri_fit,18.96122931147316;4.570809043522409;1.9896485655685774;1.0951300243437734,9.398369517865901e-6,1.3272299775959855,2.814363711598174,0.37227453579684494,0.784479737732541,0.8372756327720092,0.5765926952590047,0.26068293751300453,0.5765926952590047,0.26068293751300453
BA(k=4),14,5,20302016,40,norm_init,20.0;1.0;1.0,9.116706573544576e-5,0.42995229186978434,0.06443406068058682,0.42995228761500087,0.06443406029267301,0.8372756327720092,0.7142857142857144,0.12298991848629481,0.7142857142857144,0.12298991848629481
BA(k=4),14,5,20302016,40,norm_25,20.563308213608053;8.702564522168021;7.827758997855225,7.428090293068815e-6,0.6598693261858076,2.4078433601200047,0.6654082712746134,2.4287999358662216,0.8372756327720092,0.7142857142857143,0.12298991848629492,0.7142857142857143,0.12298991848629492
BA(k=4),14,5,20302016,40,norm_50,20.537059474232265;8.35773989701498;7.860095375856163,7.423985333022963e-6,0.6373524199703795,2.3082247745482674,0.6422766637209549,2.326767779586267,0.8372756327720092,0.7142857142857143,0.12298991848629492,0.7142857142857143,0.12298991848629492
BA(k=4),14,5,20302016,40,norm_fit,20.537163339700957;8.34336701311841;7.870665198197141,7.423977845815774e-6,0.637306146403093,2.307933197581348,0.6422253356750293,2.326457206468799,0.8372756327720092,0.7142857142857143,0.12298991848629492,0.7142857142857143,0.12298991848629492
BA(k=4),14,6,20302017,40,emp,-,0.0,0.0,0.0,3.805541081464638e-18,1.4426918191092347e-18,0.801958063263584,0.7644799963082304,0.037478066955353606,0.7644799963082304,0.037478066955353606
BA(k=4),14,6,20302017,40,paper,-,7.261769425799668e-6,4.025562140645731,14.933067371505075,0.06751630360707937,0.13969390212987579,0.801958063263584,0.7941787756279074,0.0077792876356765905,0.749647751461224,0.05231031180236001
BA(k=4),14,6,20302017,40,tri_init,0.0;0.0;1.0;1.0,1.0651709869490008e-5,1.352524793976179,2.308223187527512,0.5411086874832661,0.913348030161684,0.801958063263584,0.7690279096592991,0.03293015360428486,0.7690279096592991,0.03293015360428486
BA(k=4),14,6,20302017,40,tri_25,14.29697669731081;0.4703369825189472;1.508758742033314;1.6329877238584574,9.000275119910743e-6,1.3360257587459075,2.891340185156908,0.3689902999894831,0.7845267612277805,0.801958063263584,0.5785368774294729,0.22342118583411108,0.5785368774294729,0.22342118583411108
BA(k=4),14,6,20302017,40,tri_50,14.287928232492078;0.46987383608986516;1.5086650716221548;1.6330439940068937,9.000275114046287e-6,1.336038570901554,2.891339952634563,0.36899430417134044,0.7845279164956275,0.801958063263584,0.5785368774294729,0.22342118583411108,0.5785368774294729,0.22342118583411108
BA(k=4),14,6,20302017,40,tri_fit,14.282612332574066;0.4694652668372249;1.508635928343223;1.633109580765679,9.000275106098275e-6,1.3360446182901498,2.8913821775871758,0.3689903664672998,0.7845271497882378,0.801958063263584,0.5785368774294729,0.22342118583411108,0.5785368774294729,0.22342118583411108
BA(k=4),14,6,20302017,40,norm_init,20.0;1.0;1.0,8.992114739322877e-5,0.4300785299510588,0.07504737784566534,0.4300785256989213,0.0750473774975579,0.801958063263584,0.6666666666666667,0.13529139659691725,0.6666666666666667,0.13529139659691725
BA(k=4),14,6,20302017,40,norm_25,20.27346572335874;8.424767614889129;8.195124962530027,7.196995820716064e-6,0.6731165818380532,2.4731993384544597,0.6788808011196192,2.495117267284232,0.801958063263584,0.6666666666666666,0.13529139659691736,0.6666666666666666,0.13529139659691736
BA(k=4),14,6,20302017,40,norm_50,20.272525673269868;8.440254079793826;8.181299265614783,7.196985369159821e-6,0.6728331721407215,2.472259033034362,0.6785938764401999,2.4941642283623024,0.801958063263584,0.6666666666666666,0.13529139659691736,0.6666666666666666,0.13529139659691736
BA(k=4),14,6,20302017,40,norm_fit,20.27252178389328;8.440325488669776;8.181258695702956,7.196985368995265e-6,0.6728341139603109,2.4722644609002713,0.6785948570064962,2.4941698170054694,0.801958063263584,0.6666666666666666,0.13529139659691736,0.6666666666666666,0.13529139659691736
BA(k=4),14,7,20302018,40,emp,-,0.0,0.0,0.0,4.30274591060225e-18,2.4341787551684846e-18,0.8319349924640519,0.8088442065807124,0.02309078588333946,0.8088442065807124,0.02309078588333946
BA(k=4),14,7,20302018,40,paper,-,7.716894995885971e-6,4.026926030502883,14.934190582493217,0.06306010031670845,0.14387573405369927,0.8319349924640519,0.8251020654444379,0.006832927019614021,0.7758161799079255,0.056118812556126385
BA(k=4),14,7,20302018,40,tri_init,0.0;0.0;1.0;1.0,1.200925853063274e-5,1.3517864881249908,2.315253889854582,0.540507776484224,0.9200180995798766,0.8319349924640519,0.8035320316722017,0.02840296079185023,0.8035320316722017,0.02840296079185023
BA(k=4),14,7,20302018,40,tri_25,24.777198947699265;2.8327394141208804;1.7129920200753268;1.32784634891789,9.825292622640342e-6,1.3198645781638498,2.7695445366762597,0.377136888517701,0.7865130610091403,0.8319349924640519,0.560755046431371,0.2711799460326809,0.560755046431371,0.2711799460326809
BA(k=4),14,7,20302018,40,tri_50,24.777041426141274;2.832719950061902;1.7129867970080235;1.3278474799797444,9.825292622455272e-6,1.3198648335217513,2.7695423832819728,0.3771373422780932,0.7865132672536312,0.8319349924640519,0.560755046431371,0.2711799460326809,0.560755046431371,0.2711799460326809
BA(k=4),14,7,20302018,40,tri_fit,24.776879395824224;2.8327105100939907;1.7129891748159298;1.327851507020569,9.825292622336406e-6,1.3198649755088934,2.7695468496345317,0.3771366314635647,0.7865129321376421,0.8319349924640519,0.560755046431371,0.2711799460326809,0.560755046431371,0.2711799460326809
BA(k=4),14,7,20302018,40,norm_init,20.0;1.0;1.0,9.05086699249252e-5,0.4297923040347726,0.06459513084342994,0.42979229978003397,0.06459513045415614,0.8319349924640519,0.7142857142857144,0.11764927817833748,0.7142857142857144,0.11764927817833748
BA(k=4),14,7,20302018,40,norm_25,20.603655304466386;8.002860627715835;7.543976502328679,7.623586824280649e-6,0.5835142703505349,2.066145925457401,0.5872824886458708,2.080112428768531,0.8319349924640519,0.7142857142857143,0.11764927817833759,0.7142857142857143,0.11764927817833759
BA(k=4),14,7,20302018,40,norm_50,20.6038755380104;8.00299856629178;7.5388997804405715,7.623585743870018e-6,0.5830506724609034,2.0641445362920137,0.586810785427605,2.078079050943803,0.8319349924640519,0.7142857142857143,0.11764927817833759,0.7142857142857143,0.11764927817833759
BA(k=4),14,7,20302018,40,norm_fit,20.6038755380104;8.00299856629178;7.5388997804405715,7.623585743870018e-6,0.5830506724609034,2.0641445362920137,0.586810785427605,2.078079050943803,0.8319349924640519,0.7142857142857143,0.11764927817833759,0.7142857142857143,0.11764927817833759
BA(k=4),14,8,20302019,40,emp,-,0.0,0.0,0.0,7.036061140989874e-18,1.9290345523918962e-18,0.830593175600009,0.8084489615250668,0.02214421407494216,0.8084489615250668,0.02214421407494216
BA(k=4),14,8,20302019,40,paper,-,8.24101881667362e-6,4.0265183135935665,14.934178154536037,0.06663044202001571,0.14389193637222356,0.830593175600009,0.8208451323868474,0.009748043213161584,0.775706941728774,0.054886233871235035
BA(k=4),14,8,20302019,40,tri_init,0.0;0.0;1.0;1.0,1.208400731959398e-5,1.3518041401528047,2.315067421755412,0.5403135199415094,0.9198500541614273,0.830593175600009,0.803283376380648,0.027309799219361053,0.803283376380648,0.027309799219361053
BA(k=4),14,8,20302019,40,tri_25,0.6513461731546242;-1.5482432924699163;1.1426316087977493;1.997524531212655,9.819152008183302e-6,1.351838636712527,2.898130127962519,0.3671498103383135,0.7807452592240783,0.830593175600009,0.5746756052244201,0.25591757037558893,0.5746756052244201,0.25591757037558893
BA(k=4),14,8,20302019,40,tri_50,0.6491015880712099;-1.5483190877884885;1.142619852353464;1.9975301111391037,9.819152006436145e-6,1.3518416303890985,2.8981339111733995,0.36715045634967636,0.7807459331855494,0.830593175600009,0.5746756052244201,0.25591757037558893,0.5746756052244201,0.25591757037558893
BA(k=4),14,8,20302019,40,tri_fit,0.6471400673337622;-1.5482765452241778;1.1426298686172593;1.9975321794442433,9.819152005073337e-6,1.3518441613369543,2.8981456387702154,0.36714920101886933,0.7807449118217529,0.830593175600009,0.5746756052244201,0.25591757037558893,0.5746756052244201,0.25591757037558893
BA(k=4),14,8,20302019,40,norm_init,20.0;1.0;1.0,9.303520474302354e-5,0.4292261758758292,0.06496041631638354,0.42922617162024396,0.06496041593033794,0.830593175600009,0.7142857142857144,0.11630746131429459,0.7142857142857144,0.11630746131429459
BA(k=4),14,8,20302019,40,norm_25,20.613090976152247;8.514566426508283;8.239241169534278,7.912384957378845e-6,0.6850233332852713,2.515160953387548,0.6910681802514658,2.5381876981107836,0.830593175600009,0.7142857142857143,0.1163074613142947,0.7142857142857143,0.1163074613142947
BA(k=4),14,8,20302019,40,norm_50,20.632714077242603;8.534288869346655;8.06116511878287,7.910881438326625e-6,0.6696023651494869,2.4474762550700015,0.6752783661410973,2.4690173042235135,0.830593175600009,0.7142857142857143,0.1163074613142947,0.7142857142857143,0.1163074613142947
BA(k=4),14,8,20302019,40,norm_fit,20.63472190947325;8.51663891489877;8.04199724169212,7.91084460795563e-6,0.6665735813376563,2.4339488563521456,0.6721735925865544,2.4551844075192526,0.830593175600009,0.7142857142857143,0.1163074613142947,0.7142857142857143,0.1163074613142947
BA(k=4),14,9,20302020,40,emp,-,0.0,0.0,0.0,0.0,0.0,0.7802197921509247,0.7563432862743272,0.02387650587659751,0.7563432862743272,0.02387650587659751
BA(k=4),14,9,20302020,40,paper,-,7.18831714077373e-6,4.025707281574919,14.933044219283676,0.06768236082670522,0.13974984508147528,0.7802197921509247,0.7742246175832986,0.005995174567626105,0.7289553341501346,0.05126445800079016
BA(k=4),14,9,20302020,40,tri_init,0.0;0.0;1.0;1.0,1.1245676117813652e-5,1.3506342173215586,2.307748012863481,0.5395716805124657,0.9129033726202863,0.7802197921509247,0.7510473314829097,0.029172460668015043,0.7510473314829097,0.029172460668015043
BA(k=4),14,9,20302020,40,tri_25,38.905054192973274;-2.5126743630147788;0.9575721919213648;1.9992137671357544,9.528091435592695e-6,1.3019615159668363,2.699475729603894,0.38722519920719234,0.7919489335537226,0.7802197921509247,0.5560133384551073,0.2242064536958175,0.5560133384551073,0.2242064536958175
BA(k=4),14,9,20302020,40,tri_50,38.90093437264806;-2.512661104410596;0.9575563410232347;1.9992062577283507,9.528091429055098e-6,1.3019669126147635,2.699470590192391,0.3872278364007552,0.7919496908515676,0.7802197921509247,0.5560133384551073,0.2242064536958175,0.5560133384551073,0.2242064536958175
BA(k=4),14,9,20302020,40,tri_fit,38.89919090940177;-2.512641473058331;0.9575654357856733;1.9992069683328917,9.52809142693381e-6,1.3019692026636753,2.6994817360746506,0.38722671759607197,0.7919492061483038,0.7802197921509247,0.5560133384551073,0.2242064536958175,0.5560133384551073,0.2242064536958175
BA(k=4),14,9,20302020,40,norm_init,20.0;1.0;1.0,8.968279973394205e-5,0.43108763369618086,0.07632030788034469,0.43108762944710294,0.07632030753210209,0.7802197921509247,0.6666666666666667,0.113553125484258,0.6666666666666667,0.113553125484258
BA(k=4),14,9,20302020,40,norm_25,20.584820951822056;7.708531805266922;7.363880798588011,7.219479269673817e-6,0.5472959018499205,1.9067010039721166,0.5503691760295527,1.9179725978557154,0.7802197921509247,0.6666666666666666,0.11355312548425811,0.6666666666666666,0.11355312548425811
BA(k=4),14,9,20302020,40,norm_50,20.584730019467905;7.693709428301545;7.36896139707163,7.219471280515445e-6,0.5467168837712925,1.9040971584712054,0.5497786896481105,1.9153243683872767,0.7802197921509247,0.6666666666666666,0.11355312548425811,0.6666666666666666,0.11355312548425811
BA(k=4),14,9,20302020,40,norm_fit,20.584736962122104;7.693615381251233;7.369012983501696,7.2194712801189676e-6,0.546715074090052,1.904088473530074,0.5497768363433678,1.915315514388997,0.7802197921509247,0.6666666666666666,0.11355312548425811,0.6666666666666666,0.11355312548425811
BA(k=4),14,10,20302021,40,emp,-,0.0,0.0,0.0,6.137030221581563e-18,1.2731133212176554e-17,0.7891657204400447,0.7601213308964734,0.02904438954357136,0.7601213308964734,0.02904438954357136
BA(k=4),14,10,20302021,40,paper,-,7.024629766769733e-6,4.025919786073819,14.933074877251052,0.06548651709001733,0.13970295207536398,0.7891657204400447,0.7856877774882945,0.0034779429517501903,0.7411441239685403,0.04802159647150439
BA(k=4),14,10,20302021,40,tri_init,0.0;0.0;1.0;1.0,1.0995699782860255e-5,1.3511587398916785,2.3082386047363848,0.540072876891513,0.9133632853238502,0.7891657204400447,0.7644032692987232,0.024762451141321584,0.7644032692987232,0.024762451141321584
BA(k=4),14,10,20302021,40,tri_25,0.07444305805155994;-0.2793819369257478;1.3061796230742964;1.678079077207863,9.35137048135817e-6,1.354403912393561,2.832055292971385,0.38461885836825216,0.7927920237279793,0.7891657204400447,0.5769872340292712,0.21217848641077353,0.5769872340292712,0.21217848641077353
BA(k=4),14,10,20302021,40,tri_50,0.07260803244386499;-0.27954540133237665;1.3061533450763434;1.6780979389380586,9.351370479221563e-6,1.354406440427282,2.8320564914986552,0.3846197089948989,0.7927926679058301,0.7891657204400447,0.5769872340292712,0.21217848641077353,0.5769872340292712,0.21217848641077353
BA(k=4),14,10,20302021,40,tri_fit,0.06824880668688005;-0.27996024574436557;1.3060865163586726;1.6781513110481234,9.351370474467816e-6,1.3544122519808601,2.832060305313366,0.38462122001005966,0.7927935190967424,0.7891657204400447,0.5769872340292712,0.21217848641077353,0.5769872340292712,0.21217848641077353
BA(k=4),14,10,20302021,40,norm_init,20.0;1.0;1.0,8.753980194832794e-5,0.4311273137606645,0.07527478882373453,0.4311273095116327,0.07527478847417951,0.7891657204400447,0.6666666666666667,0.122499053773378,0.6666666666666667,0.122499053773378
BA(k=4),14,10,20302021,40,norm_25,20.40684791317801;8.102059926845689;7.580341317254845,7.137558210766927e-6,0.5945971541944202,2.1180846226730075,0.59857380236051,2.1328878445690473,0.7891657204400447,0.6666666666666666,0.12249905377337811,0.6666666666666666,0.12249905377337811
BA(k=4),14,10,20302021,40,norm_50,20.43362023091322;7.797336842535899;7.489296323626426,7.132772583499806e-6,0.5641084668868214,1.9845743941601293,0.5674887316853049,1.997045735207247,0.7891657204400447,0.6666666666666666,0.12249905377337811,0.6666666666666666,0.12249905377337811
BA(k=4),14,10,20302021,40,norm_fit,20.433620200944766;7.79733678541965;7.4892964585095285,7.132772583499804e-6,0.5641084756862556,1.9845744308667852,0.5674887406218021,1.9970457724479311,0.7891657204400447,0.6666666666666666,0.12249905377337811,0.6666666666666666,0.12249905377337811
WS(k=4;b=0.1),12,1,20311812,24,emp,-,0.0,0.0,0.0,0.0,0.0,0.8331721967129133,0.8044958445963399,0.028676352116573378,0.8044958445963399,0.028676352116573378
WS(k=4;b=0.1),12,1,20311812,24,paper,-,1.902736670263954e-5,61.425849642131645,221.80331464670252,0.08764138218717406,0.17493365333047173,0.8331721967129133,0.8243741347086212,0.008798062004292118,0.7710808611551481,0.06209133555776525
WS(k=4;b=0.1),12,1,20311812,24,tri_init,0.0;0.0;1.0;1.0,2.4269956634069975e-5,0.6868354923095322,1.0765720076046115,0.3625214393572391,0.5553890915861177,0.8331721967129133,0.8180085776828387,0.015163619030074571,0.8180085776828387,0.015163619030074571
WS(k=4;b=0.1),12,1,20311812,24,tri_25,2.5239242062104363;4.1574588491748035;1.9981228396109396;0.8569902313552831,2.118421276092924e-5,0.6781818738065023,1.270426215493524,0.2703474535057612,0.4877836879949012,0.8331721967129133,0.6171647076760136,0.2160074890368997,0.6171647076760136,0.2160074890368997
WS(k=4;b=0.1),12,1,20311812,24,tri_50,2.5207052142130713;4.157474998426952;1.9981438712814796;0.8570119178574734,2.1184212738181613e-5,0.6781908703716256,1.2704533834777032,0.2703443221554693,0.4877813600323948,0.8331721967129133,0.6171647076760136,0.2160074890368997,0.6171647076760136,0.2160074890368997
WS(k=4;b=0.1),12,1,20311812,24,tri_fit,2.517801968415346;4.157320036036657;1.9981018847639735;0.8570185829879214,2.118421271082962e-5,0.6781983183610287,1.2704592250149167,0.27034691079715895,0.48778320296533817,0.8331721967129133,0.6171647076760136,0.2160074890368997,0.6171647076760136,0.2160074890368997
WS(k=4;b=0.1),12,1,20311812,24,norm_init,12.0;1.0;1.0,0.00015921025151922782,0.3871100814133541,0.17136332449369532,0.38711007784472473,0.17136332332662366,0.8331721967129133,0.6666666666666666,0.16650553004624669,0.6666666666666666,0.16650553004624669
WS(k=4;b=0.1),12,1,20311812,24,norm_25,12.327007828641879;6.042877562023002;6.7425317185839155,1.7291035997070997e-5,0.4376748779907953,1.0329519434281098,0.44139544375075784,1.0426509424554125,0.8331721967129133,0.6666666666666666,0.16650553004624669,0.6666666666666666,0.16650553004624669
WS(k=4;b=0.1),12,1,20311812,24,norm_50,12.327086635241743;6.043674549259093;6.7421256201445825,1.72910358951838e-5,0.4376977335955418,1.0330334825958283,0.44141879135771206,1.0427339641554358,0.8331721967129133,0.6666666666666666,0.16650553004624669,0.6666666666666666,0.16650553004624669
WS(k=4;b=0.1),12,1,20311812,24,norm_fit,12.327086635241743;6.043674549259093;6.7421256201445825,1.72910358951838e-5,0.4376977335955418,1.0330334825958283,0.44141879135771206,1.0427339641554358,0.8331721967129133,0.6666666666666666,0.16650553004624669,0.6666666666666666,0.16650553004624669
WS(k=4;b=0.1),12,2,20311813,24,emp,-,0.0,0.0,0.0,0.0,0.0,0.8278056529669657,0.8020101888207586,0.025795464146207148,0.8020101888207586,0.025795464146207148
WS(k=4;b=0.1),12,2,20311813,24,paper,-,1.6948853373889045e-5,61.42591100853356,221.80333189062182,0.08083566182045718,0.17489437946409078,0.8278056529669657,0.825417482955127,0.002388170011838775,0.7699798630883783,0.05782578987858744
WS(k=4;b=0.1),12,2,20311813,24,tri_init,0.0;0.0;1.0;1.0,2.3803742041169622e-5,0.6835765583892115,1.076855721192246,0.35964271043253293,0.5556221993184964,0.8278056529669657,0.8071757388473105,0.0206299141196552,0.8071757388473105,0.0206299141196552
WS(k=4;b=0.1),12,2,20311813,24,tri_25,3.663703019655669;1.6561984619375507;1.473472934528193;1.1941693136965559,2.0974473344868892e-5,0.6705058601494346,1.2066873001557434,0.2818698500867056,0.4939422080917685,0.8278056529669657,0.5676565767695093,0.2601490761974564,0.5676565767695093,0.2601490761974564
WS(k=4;b=0.1),12,2,20311813,24,tri_50,3.748440467184977;1.6715678108104055;1.4745484872957013;1.1907782373164202,2.0974447016381406e-5,0.6702728027875429,1.2054616293936982,0.2820626591260677,0.493979906168602,0.8278056529669657,0.5676565767695093,0.2601490761974564,0.5676565767695093,0.2601490761974564
WS(k=4;b=0.1),12,2,20311813,24,tri_fit,3.73789408528743;1.6711483239397231;1.4744794210112406;1.1908703936728335,2.0974446758604096e-5,0.6703015370775941,1.2055164867479429,0.2820607975642158,0.49397749800319773,0.8278056529669657,0.5676565767695093,0.2601490761974564,0.5676565767695093,0.2601490761974564
WS(k=4;b=0.1),12,2,20311813,24,norm_init,12.0;1.0;1.0,0.00015197507365996397,0.38844038369896267,0.17093381056991808,0.38844038013017923,0.17093380940038558,0.8278056529669657,0.6666666666666666,0.1611389863002991,0.6666666666666666,0.1611389863002991
WS(k=4;b=0.1),12,2,20311813,24,norm_25,12.368496020933314;5.5148747994012695;6.059164221744423,1.624951438046524e-5,0.36454520981781086,0.8082919152656141,0.3665320734593841,0.8133033310192643,0.8278056529669657,0.6666666666666666,0.1611389863002991,0.6666666666666666,0.1611389863002991
WS(k=4;b=0.1),12,2,20311813,24,norm_50,12.368502784419977;5.5148938530496725;6.059159377861935,1.6249514380249325e-5,0.36454606427247355,0.8082947645037911,0.3665329418852235,0.8133062194158769,0.8278056529669657,0.6666666666666666,0.1611389863002991,0.6666666666666666,0.1611389863002991
WS(k=4;b=0.1),12,2,20311813,24,norm_fit,12.368502784419977;5.5148938530496725;6.059159377861935,1.6249514380249325e-5,0.36454606427247355,0.8082947645037911,0.3665329418852235,0.8133062194158769,0.8278056529669657,0.6666666666666666,0.1611389863002991,0.6666666666666666,0.1611389863002991
WS(k=4;b=0.1),12,3,20311814,24,emp,-,0.0,0.0,0.0,0.0,0.0,0.8326406581914525,0.8042140817346985,0.02842657645675395,0.8042140817346985,0.02842657645675395
WS(k=4;b=0.1),12,3,20311814,24,paper,-,1.9317147042512343e-5,61.42590730807047,221.80334808924357,0.08410616601463014,0.1748488928552069,0.8326406581914525,0.8242518139600616,0.008388844231390857,0.7757942084226461,0.05684644976880637
WS(k=4;b=0.1),12,3,20311814,24,tri_init,0.0;0.0;1.0;1.0,2.4797283186401568e-5,0.6860575403631529,1.0772171527193812,0.3613902578867757,0.5559268327903758,0.8326406581914525,0.8175450996728073,0.015095558518645191,0.8175450996728073,0.015095558518645191
WS(k=4;b=0.1),12,3,20311814,24,tri_25,0.0611764894502864;2.3673573416690408;1.6825900328185022;1.151634558737584,2.1757054446468125e-5,0.6835185521761153,1.2756773022780368,0.2699870852280196,0.4882481184523863,0.8326406581914525,0.592384709574153,0.2402559486172995,0.592384709574153,0.2402559486172995
WS(k=4;b=0.1),12,3,20311814,24,tri_50,0.059692134889763944;2.3675276634314453;1.682616615999955;1.151618042015969,2.1757054434732616e-5,0.683522695355351,1.2756853344596395,0.2699862484046558,0.4882466401540271,0.8326406581914525,0.592384709574153,0.2402559486172995,0.592384709574153,0.2402559486172995
WS(k=4;b=0.1),12,3,20311814,24,tri_fit,0.05714809567505626;2.367590091927966;1.6826274077110708;1.1515980330253788,2.1757054412454972e-5,0.6835293642661511,1.275697513906152,0.2699870061544308,0.48824784703121027,0.8326406581914525,0.592384709574153,0.2402559486172995,0.592384709574153,0.2402559486172995
WS(k=4;b=0.1),12,3,20311814,24,norm_init,12.0;1.0;1.0,0.0001588241693410664,0.3843450346899477,0.17019545959594298,0.38434503111560353,0.1701954584245343,0.8326406581914525,0.6666666666666666,0.16597399152478587,0.6666666666666666,0.16597399152478587
WS(k=4;b=0.1),12,3,20311814,24,norm_25,12.337266673415675;5.939656857062179;6.559544959277817,1.7670864216861667e-5,0.41705945126555977,0.9796753531132693,0.42030341476354993,0.9880700503177863,0.8326406581914525,0.6666666666666666,0.16597399152478587,0.6666666666666666,0.16597399152478587
WS(k=4;b=0.1),12,3,20311814,24,norm_50,12.337268155011959;5.939654199039396;6.559549570766933,1.7670864216851363e-5,0.4170595654539865,0.9796756571198835,0.42030353281644345,0.9880703643032869,0.8326406581914525,0.6666666666666666,0.16597399152478587,0.6666666666666666,0.16597399152478587
WS(k=4;b=0.1),12,3,20311814,24,norm_fit,12.337268155011959;5.939654199039396;6.559549570766933,1.7670864216851363e-5,0.4170595654539865,0.9796756571198835,0.42030353281644345,0.9880703643032869,0.8326406581914525,0.6666666666666666,0.16597399152478587,0.6666666666666666,0.16597399152478587
WS(k=4;b=0.1),12,4,20311815,24,emp,-,0.0,0.0,0.0,6.358414927554358e-18,1.0551910960100405e-17,0.877542022811397,0.8497604393113877,0.027781583500009366,0.8497604393113877,0.027781583500009366
WS(k=4;b=0.1),12,4,20311815,24,paper,-,2.2534090970271627e-5,61.426436151330854,221.8039785139374,0.0933100050406593,0.17987331069559406,0.877542022811397,0.8746554292337023,0.0028865935776947182,0.8155572676395643,0.06198475517183277
WS(k=4;b=0.1),12,4,20311815,24,tri_init,0.0;0.0;1.0;1.0,2.7496382565413958e-5,0.691772062425116,1.0862414256753832,0.36751225322125114,0.5642389360540687,0.877542022811397,0.8554479618682116,0.022094060943185445,0.8554479618682116,0.022094060943185445
WS(k=4;b=0.1),12,4,20311815,24,tri_25,5.552930335653008;1.7945808747898682;1.6279000159408485;1.3396461625869331,2.3403625677681282e-5,0.6757606300359876,1.2843123221195014,0.2665320475175357,0.48734589024027264,0.877542022811397,0.5522584873394794,0.3252835354719177,0.5522584873394794,0.3252835354719177
WS(k=4;b=0.1),12,4,20311815,24,tri_50,5.566371501468304;1.7927285566470887;1.6275927123230922;1.3399623794504143,2.3403625599982238e-5,0.6757248305057169,1.2842434446299775,0.2665314402046128,0.48734495937469013,0.877542022811397,0.5522584873394794,0.3252835354719177,0.5522584873394794,0.3252835354719177
WS(k=4;b=0.1),12,4,20311815,24,tri_fit,5.575592198929625;1.7916425856216223;1.6274051009220551;1.3401442183617027,2.3403625546994063e-5,0.6757001742804298,1.2841925428973144,0.2665317639516758,0.4873445404561198,0.877542022811397,0.5522584873394794,0.3252835354719177,0.5522584873394794,0.3252835354719177
WS(k=4;b=0.1),12,4,20311815,24,norm_init,12.0;1.0;1.0,0.0001671950037061488,0.38616711730761394,0.1575113706489978,0.38616711374080626,0.15751136945532188,0.877542022811397,0.7058823529411765,0.17165966987022052,0.7058823529411765,0.17165966987022052
WS(k=4;b=0.1),12,4,20311815,24,norm_25,12.376391853201199;6.498546666402096;7.107419979425204,1.981912909767797e-5,0.48739365609105406,1.1748655696728423,0.49268146010601677,1.1889225232720502,0.877542022811397,0.7058823529411765,0.17165966987022052,0.7058823529411765,0.17165966987022052
WS(k=4;b=0.1),12,4,20311815,24,norm_50,12.376391127745743;6.498413040132415;7.10740443918436,1.9819129095592846e-5,0.48738495650686725,1.1748373587057284,0.4926724548827048,1.1888934429340292,0.877542022811397,0.7058823529411765,0.17165966987022052,0.7058823529411765,0.17165966987022052
WS(k=4;b=0.1),12,4,20311815,24,norm_fit,12.376391176957048;6.498411334008886;7.107411587729107,1.9819129095585904e-5,0.48738526225822126,1.1748382582871684,0.4926727730990976,1.1888943765488298,0.877542022811397,0.7058823529411765,0.17165966987022052,0.7058823529411765,0.17165966987022052
WS(k=4;b=0.1),12,5,20311816,24,emp,-,0.0,0.0,0.0,4.9938755217844575e-18,5.204170427930421e-18,0.7860667889673304,0.7603733613671008,0.025693427600229635,0.7603733613671008,0.025693427600229635
WS(k=4;b=0.1),12,5,20311816,24,paper,-,1.7195872739451946e-5,61.42480558431615,221.801615790231,0.09088605033311364,0.16822168561976472,0.7860667889673304,0.7763580144401816,0.0097087745271488,0.7296882830625768,0.05637850590475357
WS(k=4;b=0.1),12,5,20311816,24,tri_init,0.0;0.0;1.0;1.0,2.343847516341617e-5,0.6854649734689658,1.0631929745291082,0.36232580334327025,0.543285661456101,0.7860667889673304,0.7654667964384446,0.02059999252888578,0.7654667964384446,0.02059999252888578
WS(k=4;b=0.1),12,5,20311816,24,tri_25,0.3693202697404519;-0.3452890145276012;1.1804676933261005;1.505925498744164,2.1012845531478503e-5,0.6809224972972063,1.2255920932806672,0.2839621515454432,0.4854431151472667,0.7860667889673304,0.608259830309939,0.17780695865739138,0.608259830309939,0.17780695865739138
WS(k=4;b=0.1),12,5,20311816,24,tri_50,0.3484582564217759;-0.344160275282558;1.1806023308713243;1.5057118249733759,2.1012845112342677e-5,0.6809774059833158,1.2256675694518455,0.2839685651816108,0.48544457566337584,0.7860667889673304,0.608259830309939,0.17780695865739138,0.608259830309939,0.17780695865739138
WS(k=4;b=0.1),12,5,20311816,24,tri_fit,0.30673422978442394;-0.3419027967924716;1.1808716059617719;1.5052844774317997,2.1012844480080477e-5,0.6810872253674265,1.2258185050538717,0.2839813952872053,0.48544749749826005,0.7860667889673304,0.608259830309939,0.17780695865739138,0.608259830309939,0.17780695865739138
WS(k=4;b=0.1),12,5,20311816,24,norm_init,12.0;1.0;1.0,0.00015509338253938792,0.3930364529926902,0.18967468554667619,0.39303644944406557,0.18967468441109747,0.7860667889673304,0.631578947368421,0.15448784159890938,0.631578947368421,0.15448784159890938
WS(k=4;b=0.1),12,5,20311816,24,norm_25,12.374768134079824;5.5436383714997435;6.15287022994403,1.6302118647102855e-5,0.3800001715548309,0.8437936341561716,0.3821294194819046,0.8491885622654642,0.7860667889673304,0.631578947368421,0.15448784159890938,0.631578947368421,0.15448784159890938
WS(k=4;b=0.1),12,5,20311816,24,norm_50,12.374878988254903;5.543947184991688;6.152737235580759,1.630211857174369e-5,0.3800107939496516,0.843829869699361,0.3821402032808352,0.8492252635961364,0.7860667889673304,0.631578947368421,0.15448784159890938,0.631578947368421,0.15448784159890938
WS(k=4;b=0.1),12,5,20311816,24,norm_fit,12.374885029612942;5.544078848061934;6.1526017624561415,1.6302118567127444e-5,0.380010535644109,0.8438312285170765,0.3821399124318458,0.8492265535189141,0.7860667889673304,0.631578947368421,0.15448784159890938,0.631578947368421,0.15448784159890938
WS(k=4;b=0.1),12,6,20311817,24,emp,-,0.0,0.0,0.0,0.0,0.0,0.8253460654460295,0.8007648278429302,0.02458123760309927,0.8007648278429302,0.02458123760309927
WS(k=4;b=0.1),12,6,20311817,24,paper,-,5.9784673344884436e-5,61.42601929657607,221.8035630511928,0.10697523888251763,0.18101571472014935,0.8253460654460295,0.8220411131603153,0.0033049522857142577,0.769451803730738,0.05589426171529155
WS(k=4;b=0.1),12,6,20311817,24,tri_init,0.0;0.0;1.0;1.0,5.9876784570134894e-5,0.6959588196942039,1.0872568643681786,0.37049399349182854,0.5653754219767799,0.8253460654460295,0.7963419659703762,0.0290040994756533,0.7963419659703762,0.0290040994756533
WS(k=4;b=0.1),12,6,20311817,24,tri_25,0.07994284951437267;0.4202836729108553;2.0;2.0,4.835407782997994e-5,0.6997173574613632,1.6539164463346836,0.21755383233402145,0.47287616719604186,0.8253460654460295,0.6903982533152209,0.13494781213080864,0.6903982533152209,0.13494781213080864
WS(k=4;b=0.1),12,6,20311817,24,tri_50,0.08059852726071667;0.42012636713516543;2.0;2.0,4.835407779008273e-5,0.6997159649814857,1.6539255803649897,0.2175539727881557,0.47287991839853305,0.8253460654460295,0.6903982533152209,0.13494781213080864,0.6903982533152209,0.13494781213080864
WS(k=4;b=0.1),12,6,20311817,24,tri_fit,0.08088896626071385;0.42034410367766156;2.0;2.0,4.835407775512107e-5,0.6997146858342114,1.6539051052418599,0.21755378109434567,0.47287472086260585,0.8253460654460295,0.6903982533152209,0.13494781213080864,0.6903982533152209,0.13494781213080864
WS(k=4;b=0.1),12,6,20311817,24,norm_init,12.0;1.0;1.0,0.00022256921196132074,0.3792280702706776,0.1542268963129822,0.3792280667187202,0.15422689513829543,0.8253460654460295,0.6666666666666666,0.15867939877936288,0.6666666666666666,0.15867939877936288
WS(k=4;b=0.1),12,6,20311817,24,norm_25,12.216042684224929;20.827931764419496;17.84598452438053,4.4257926492296945e-5,1.0125540822619885,2.660535269537015,1.173220655858385,3.104916523172917,0.8253460654460295,0.6666666666666666,0.15867939877936288,0.6666666666666666,0.15867939877936288
WS(k=4;b=0.1),12,6,20311817,24,norm_50,12.19021443247994;21.157107019346576;18.117466563732464,4.425713166811714e-5,1.0125251909928417,2.6493756292592336,1.1775136711664187,3.1038620405241444,0.8253460654460295,0.6666666666666666,0.15867939877936288,0.6666666666666666,0.15867939877936288
WS(k=4;b=0.1),12,6,20311817,24,norm_fit,12.186389762950153;21.19822242088473;18.12728638928118,4.425712113344546e-5,1.0126066084967231,2.6487877723899222,1.1780030206147192,3.1042708284176057,0.8253460654460295,0.6666666666666666,0.15867939877936288,0.6666666666666666,0.15867939877936288
WS(k=4;b=0.1),12,7,20311818,24,emp,-,0.0,0.0,0.0,0.0,0.0,0.8732466506507424,0.847429210543996,0.02581744010674636,0.847429210543996,0.02581744010674636
WS(k=4;b=0.1),12,7,20311818,24,paper,-,2.3069214545709946e-5,61.42641748196544,221.80397458064596,0.09237155602308997,0.17990027950196963,0.8732466506507424,0.8699294704264936,0.0033171802242487614,0.8144966727506509,0.05874997790009151
WS(k=4;b=0.1),12,7,20311818,24,tri_init,0.0;0.0;1.0;1.0,2.8047066019321867e-5,0.6911136927271357,1.0861447065509968,0.3667814774505812,0.5641635740773923,0.8732466506507424,0.8530861928081559,0.020160457842586466,0.8530861928081559,0.020160457842586466
WS(k=4;b=0.1),12,7,20311818,24,tri_25,0.4714882918023356;-0.5451195735836115;1.2888673684824437;1.7931177175666084,2.3823627684064344e-5,0.6898226070486254,1.3422926458624953,0.25824206562034324,0.4824506652701716,0.8732466506507424,0.551412857439396,0.3218337932113463,0.551412857439396,0.3218337932113463
WS(k=4;b=0.1),12,7,20311818,24,tri_50,0.4728912100517161;-0.5450397624345606;1.2888705946458079;1.7931032155096425,2.3823627680353804e-5,0.6898189923809874,1.3422801363022818,0.25824278979961207,0.4824503402290167,0.8732466506507424,0.551412857439396,0.3218337932113463,0.551412857439396,0.3218337932113463
WS(k=4;b=0.1),12,7,20311818,24,tri_fit,0.47379975787879963;-0.5450205722936318;1.2888858357880968;1.7931037453461685,2.3823627676184088e-5,0.6898164277218997,1.342281483307874,0.25824176263691284,0.48245043562294027,0.8732466506507424,0.551412857439396,0.3218337932113463,0.551412857439396,0.3218337932113463
WS(k=4;b=0.1),12,7,20311818,24,norm_init,12.0;1.0;1.0,0.00016878080309859687,0.3861795305200322,0.15776536993938944,0.3861795269519844,0.15776536874674793,0.8732466506507424,0.7058823529411765,0.16736429770956585,0.7058823529411765,0.16736429770956585
WS(k=4;b=0.1),12,7,20311818,24,norm_25,12.423010538393486;6.5011574959441765;7.09408093976026,2.026062520808045e-5,0.4864002371206135,1.1731495927106228,0.4916648192816126,1.1871402693517052,0.8732466506507424,0.7058823529411765,0.16736429770956585,0.7058823529411765,0.16736429770956585
WS(k=4;b=0.1),12,7,20311818,24,norm_50,12.422517016193911;6.500647113959612;7.099417539596351,2.0260622015992078e-5,0.48667389896838387,1.173965857097081,0.4919492874984451,1.1879862151209248,0.8732466506507424,0.7058823529411765,0.16736429770956585,0.7058823529411765,0.16736429770956585
WS(k=4;b=0.1),12,7,20311818,24,norm_fit,12.42251697493393;6.500647211131711;7.099417351263849,2.026062201599206e-5,0.48667389408894624,1.1739658433545552,0.4919492823985776,1.1879862007874744,0.8732466506507424,0.7058823529411765,0.16736429770956585,0.7058823529411765,0.16736429770956585
WS(k=4;b=0.1),12,8,20311819,24,emp,-,0.0,0.0,0.0,7.75649161468714e-18,5.204170427930421e-18,0.836550476684804,0.8063729144863325,0.030177562198471453,0.8063729144863325,0.030177562198471453
WS(k=4;b=0.1),12,8,20311819,24,paper,-,1.913773770090691e-5,61.42595132218541,221.80334560614858,0.08737146956564316,0.17484257602905126,0.836550476684804,0.8289943538307667,0.007556122854037284,0.7874615735948489,0.04908890308995506
WS(k=4;b=0.1),12,8,20311819,24,tri_init,0.0;0.0;1.0;1.0,2.4522693793244738e-5,0.6869325614601991,1.0772622198752528,0.36256259712230643,0.5559684491392439,0.836550476684804,0.8200977355176254,0.016452741167178542,0.8200977355176254,0.016452741167178542
WS(k=4;b=0.1),12,8,20311819,24,tri_25,4.882254060921303;2.619881669181835;1.740198611028744;1.1024787474841409,2.1631606988145886e-5,0.6715910871420331,1.2571878750821965,0.27107570858621816,0.48956413225064965,0.836550476684804,0.6173161912434494,0.2192342854413546,0.6173161912434494,0.2192342854413546
WS(k=4;b=0.1),12,8,20311819,24,tri_50,4.879061591291829;2.6195369892094322;1.740135705184318;1.1025329459404507,2.1631606958070497e-5,0.6715995544478429,1.2572015527036025,0.2710763428080901,0.4895644067027818,0.836550476684804,0.6173161912434494,0.2192342854413546,0.6173161912434494,0.2192342854413546
WS(k=4;b=0.1),12,8,20311819,24,tri_fit,4.878006318466931;2.619447224536327;1.7401020077801246;1.102532041723672,2.163160694933767e-5,0.6716021163015093,1.2571971258241035,0.2710788906474567,0.489565801477881,0.836550476684804,0.6173161912434494,0.2192342854413546,0.6173161912434494,0.2192342854413546
WS(k=4;b=0.1),12,8,20311819,24,norm_init,12.0;1.0;1.0,0.00015479238544921533,0.3865451836196712,0.17012778054634842,0.3865451800485927,0.17012777937487747,0.836550476684804,0.6666666666666666,0.16988381001813735,0.6666666666666666,0.16988381001813735
WS(k=4;b=0.1),12,8,20311819,24,norm_25,12.208621409648401;5.623747945381165;7.623709882584004,1.766634792537121e-5,0.47206446761652565,1.1223146509493367,0.4771662229277527,1.1355795924415562,0.836550476684804,0.6666666666666666,0.16988381001813735,0.6666666666666666,0.16988381001813735
WS(k=4;b=0.1),12,8,20311819,24,norm_50,12.313938490014522;5.89577612385631;6.749714379511597,1.7538932245157986e-5,0.4288190110641402,1.0053975720818589,0.43233422150637435,1.014512111964202,0.836550476684804,0.6666666666666666,0.16988381001813735,0.6666666666666666,0.16988381001813735
WS(k=4;b=0.1),12,8,20311819,24,norm_fit,12.289865095061291;5.9335102782204086;6.54165908320589,1.7531735225884408e-5,0.41840058267769115,0.9752783879875736,0.4216059237035108,0.9835680031729478,0.836550476684804,0.6666666666666666,0.16988381001813735,0.6666666666666666,0.16988381001813735
WS(k=4;b=0.1),12,9,20311820,24,emp,-,0.0,0.0,0.0,0.0,0.0,0.7892591247663815,0.7622395733491129,0.02701955141726864,0.7622395733491129,0.02701955141726864
WS(k=4;b=0.1),12,9,20311820,24,paper,-,1.7558833075509835e-5,61.42473186260243,221.8016228937095,0.09338317740809793,0.16820653347166445,0.7892591247663815,0.7806570774673891,0.008602047298992388,0.7305519913162998,0.05870713345008172
WS(k=4;b=0.1),12,9,20311820,24,tri_init,0.0;0.0;1.0;1.0,2.370368073080744e-5,0.685436615879897,1.0633263829469697,0.3626847930332376,0.5434076970092196,0.7892591247663815,0.7672959550347604,0.021963169731621046,0.7672959550347604,0.021963169731621046
WS(k=4;b=0.1),12,9,20311820,24,tri_25,0.2445013101026307;0.19036585679295437;1.2852918584091906;1.4183783806300498,2.13428916257205e-5,0.6815058441705376,1.2339567794949617,0.2833961772627348,0.48587956004320065,0.7892591247663815,0.6082954037556102,0.1809637210107713,0.6082954037556102,0.1809637210107713
WS(k=4;b=0.1),12,9,20311820,24,tri_50,0.24076408967576712;0.19041729909436428;1.2853684447876932;1.418367977775474,2.1342891502601386e-5,0.6815160704392673,1.2340076828854967,0.2833909556783002,0.48588201005537274,0.7892591247663815,0.6082954037556102,0.1809637210107713,0.6082954037556102,0.1809637210107713
WS(k=4;b=0.1),12,9,20311820,24,tri_fit,0.23755855010984417;0.1903759046154944;1.2853796333028036;1.4183938103902087,2.1342891437180485e-5,0.6815248162661304,1.234034344244234,0.28338796441115693,0.48588036293598863,0.7892591247663815,0.6082954037556102,0.1809637210107713,0.6082954037556102,0.1809637210107713
WS(k=4;b=0.1),12,9,20311820,24,norm_init,12.0;1.0;1.0,0.0001562662495225952,0.3942007274339392,0.18956382366794597,0.39420072389114197,0.18956382253189655,0.7892591247663815,0.631578947368421,0.15768017739796047,0.631578947368421,0.15768017739796047
WS(k=4;b=0.1),12,9,20311820,24,norm_25,12.325474654998994;5.594266373573765;6.255220329993635,1.674043633175315e-5,0.39192203548626187,0.8716761102160624,0.39424228628840724,0.8775854083147099,0.7892591247663815,0.631578947368421,0.15768017739796047,0.631578947368421,0.15768017739796047
WS(k=4;b=0.1),12,9,20311820,24,norm_50,12.325479342793882;5.594367756784287;6.255136093677371,1.6740436329491556e-5,0.3919229834257094,0.8716805859745244,0.3942432327331552,0.8775898945116086,0.7892591247663815,0.631578947368421,0.15768017739796047,0.631578947368421,0.15768017739796047
WS(k=4;b=0.1),12,9,20311820,24,norm_fit,12.325479342793882;5.594367756784287;6.255136093677371,1.6740436329491556e-5,0.3919229834257094,0.8716805859745244,0.3942432327331552,0.8775898945116086,0.7892591247663815,0.631578947368421,0.15768017739796047,0.631578947368421,0.15768017739796047
WS(k=4;b=0.1),12,10,20311821,24,emp,-,0.0,0.0,0.0,0.0,0.0,0.8736044482649606,0.8476170890658871,0.02598735919907358,0.8476170890658871,0.02598735919907358
WS(k=4;b=0.1),12,10,20311821,24,paper,-,2.1725463585855298e-5,61.426364389185316,221.8039647739835,0.089666480571379,0.17994566315596602,0.8736044482649606,0.8702564324643276,0.003348015800633042,0.8145791618519842,0.05902528641297644
WS(k=4;b=0.1),12,10,20311821,24,tri_init,0.0;0.0;1.0;1.0,2.663913877918522e-5,0.689633154635674,1.0858145552616958,0.3650779971676686,0.5638831748285756,0.8736044482649606,0.8533294018047092,0.020275046460251467,0.8533294018047092,0.020275046460251467
WS(k=4;b=0.1),12,10,20311821,24,tri_25,0.8975954803324717;-1.6442064321870935;1.1093160350603044;1.973455749260922,2.244807501504986e-5,0.6869552606964805,1.3411379286236307,0.2561454901900832,0.4826654600532355,0.8736044482649606,0.551233872203681,0.3223705760612796,0.551233872203681,0.3223705760612796
WS(k=4;b=0.1),12,10,20311821,24,tri_50,0.8983636043797493;-1.6441814173909697;1.1093196257172693;1.9734514161143593,2.2448075012167667e-5,0.6869532046063458,1.3411335181922663,0.2561455370328729,0.4826654448599035,0.8736044482649606,0.551233872203681,0.3223705760612796,0.551233872203681,0.3223705760612796
WS(k=4;b=0.1),12,10,20311821,24,tri_fit,0.8991876849364189;-1.6441508272390195;1.1093240577848162;1.9734419608294906,2.2448075009049657e-5,0.686950908319751,1.3411283510325458,0.2561458755716233,0.482665904956225,0.8736044482649606,0.551233872203681,0.3223705760612796,0.551233872203681,0.3223705760612796
WS(k=4;b=0.1),12,10,20311821,24,norm_init,12.0;1.0;1.0,0.00016762525818736566,0.3856145031111544,0.15834726842624544,0.3856144995394135,0.1583472672361267,0.8736044482649606,0.7058823529411765,0.16772209532378413,0.7058823529411765,0.16772209532378413
WS(k=4;b=0.1),12,10,20311821,24,norm_25,12.410990928794162;6.525697620999323;7.151578262212398,1.8916623883925258e-5,0.488695740247975,1.188077705837719,0.4941384222382696,1.2025668130582523,0.8736044482649606,0.7058823529411765,0.16772209532378413,0.7058823529411765,0.16772209532378413
WS(k=4;b=0.1),12,10,20311821,24,norm_50,12.411753824253458;6.526172821140191;7.150486828268689,1.8916622475888224e-5,0.4886599925887991,1.1879823556892108,0.4941011670093448,1.2024674268118718,0.8736044482649606,0.7058823529411765,0.16772209532378413,0.7058823529411765,0.16772209532378413
WS(k=4;b=0.1),12,10,20311821,24,norm_fit,12.411753824253458;6.526172821140191;7.150486828268689,1.8916622475888224e-5,0.4886599925887991,1.1879823556892108,0.4941011670093448,1.2024674268118718,0.8736044482649606,0.7058823529411765,0.16772209532378413,0.7058823529411765,0.16772209532378413
WS(k=4;b=0.1),14,1,20312012,28,emp,-,0.0,0.0,0.0,0.0,0.0,0.8385705101837899,0.8071198639703073,0.03145064621348259,0.8071198639703073,0.03145064621348259
WS(k=4;b=0.1),14,1,20312012,28,paper,-,1.1644968881256346e-5,13320.569331248189,53418.33477360628,0.05476692744189103,0.12103786988606303,0.8385705101837899,0.8326752453611258,0.005895264822664115,0.7722347576011753,0.0663357525826146
WS(k=4;b=0.1),14,1,20312012,28,tri_init,0.0;0.0;1.0;1.0,1.4353902249987663e-5,1.0310287781588132,1.8444883070397167,0.41209851223400096,0.7326179975933444,0.8385705101837899,0.7639834978925489,0.07458701229124098,0.7639834978925489,0.07458701229124098
WS(k=4;b=0.1),14,1,20312012,28,tri_25,8.304703923172537;3.874751276642293;1.719048035442892;0.83079818032181,1.3262612856624476e-5,1.0294896384705012,2.0344915791226685,0.3375660826652336,0.6624865718619506,0.8385705101837899,0.6219824296544371,0.21658808052935286,0.6219824296544371,0.21658808052935286
WS(k=4;b=0.1),14,1,20312012,28,tri_50,8.303811763166042;3.874746125439056;1.7190462214002948;0.8307978497340408,1.3262612855199368e-5,1.0294905039896536,2.0344923682992944,0.33756631117141106,0.662486727654631,0.8385705101837899,0.6219824296544371,0.21658808052935286,0.6219824296544371,0.21658808052935286
WS(k=4;b=0.1),14,1,20312012,28,tri_fit,8.302932783759054;3.8747602857903938;1.7190436366673267;0.8307916915884331,1.3262612853917531e-5,1.029491234868409,2.034489898755679,0.33756724172520336,0.6624873166121729,0.8385705101837899,0.6219824296544371,0.21658808052935286,0.6219824296544371,0.21658808052935286
WS(k=4;b=0.1),14,1,20312012,28,norm_init,14.0;1.0;1.0,0.00012343516900758278,0.365913869399336,0.0952956351248599,0.36591386582598145,0.09529563440329634,0.8385705101837899,0.6666666666666669,0.17190384351712307,0.6666666666666669,0.17190384351712307
WS(k=4;b=0.1),14,1,20312012,28,norm_25,14.279730164612046;6.8107696476509325;7.775244904854704,1.0637024580098353e-5,0.42732102542019734,1.0054249092155745,0.42944638077829805,1.0107183711841379,0.8385705101837899,0.6666666666666666,0.1719038435171233,0.6666666666666666,0.1719038435171233
WS(k=4;b=0.1),14,1,20312012,28,norm_50,14.279921142699054;6.809767394603308;7.774888897060183,1.0637024431817802e-5,0.42722864819531653,1.0051577076720368,0.42935273947240404,1.010447842193264,0.8385705101837899,0.6666666666666666,0.1719038435171233,0.6666666666666666,0.1719038435171233
WS(k=4;b=0.1),14,1,20312012,28,norm_fit,14.279921142699054;6.809767394603308;7.774888897060183,1.0637024431817802e-5,0.42722864819531653,1.0051577076720368,0.42935273947240404,1.010447842193264,0.8385705101837899,0.6666666666666666,0.1719038435171233,0.6666666666666666,0.1719038435171233
WS(k=4;b=0.1),14,2,20312013,28,emp,-,0.0,0.0,0.0,5.441630722347655e-18,4.9065389333867974e-18,0.8000631774775816,0.764968531935902,0.035094645541679625,0.764968531935902,0.035094645541679625
WS(k=4;b=0.1),14,2,20312013,28,paper,-,1.057807254898991e-5,13320.569274041467,47285.74286999786,0.05633253041004279,0.10539991299060944,0.8000631774775816,0.7826587055879127,0.01740447188966887,0.737217149171385,0.06284602830619657
WS(k=4;b=0.1),14,2,20312013,28,tri_init,0.0;0.0;1.0;1.0,1.3902513292638116e-5,1.0309452855720829,1.9151683158240107,0.4125693540846522,0.7544912924026912,0.8000631774775816,0.7293438977718595,0.07071927970572212,0.7293438977718595,0.07071927970572212
WS(k=4;b=0.1),14,2,20312013,28,tri_25,0.03975025534425413;-3.3251571251126353;0.6514574492370294;1.797653254785837,1.3079274499917005e-5,1.0355610231226076,2.088154099497009,0.3492059077289462,0.6915951636252579,0.8000631774775816,0.5936994591119743,0.2063637183656073,0.5936994591119743,0.2063637183656073
WS(k=4;b=0.1),14,2,20312013,28,tri_50,0.038702704762245035;-3.3251790770873995;0.6514544207027333;1.797661453937148,1.3079274497834559e-5,1.0355621674410704,2.0881575893699424,0.34920528598347333,0.6915943100055265,0.8000631774775816,0.5936994591119743,0.2063637183656073,0.5936994591119743,0.2063637183656073
WS(k=4;b=0.1),14,2,20312013,28,tri_fit,0.036345842166040136;-3.3253223753829064;0.651438676813872;1.7976952620025153,1.3079274495669997e-5,1.0355649013018438,2.0881691890674956,0.3492031838875617,0.6915920808358235,0.8000631774775816,0.5936994591119743,0.2063637183656073,0.5936994591119743,0.2063637183656073
WS(k=4;b=0.1),14,2,20312013,28,norm_init,14.0;1.0;1.0,0.00012193556298268561,0.36892127307063916,0.06773343297762605,0.368921269502699,0.0677334327078894,0.8000631774775816,0.6363636363636366,0.16369954111394502,0.6363636363636366,0.16369954111394502
WS(k=4;b=0.1),14,2,20312013,28,norm_25,14.312627151229968;6.401749172414247;7.30052580721947,1.0042626257569945e-5,0.3697733364602726,1.0581566579056343,0.3711276266972066,1.0623417307599867,0.8000631774775816,0.6363636363636364,0.16369954111394525,0.6363636363636364,0.16369954111394525
WS(k=4;b=0.1),14,2,20312013,28,norm_50,14.312583179960813;6.4020864831312;7.300475212314722,1.004262624451909e-5,0.3697916361750522,1.058223110569432,0.37114609162396806,1.062408728207391,0.8000631774775816,0.6363636363636364,0.16369954111394525,0.6363636363636364,0.16369954111394525
WS(k=4;b=0.1),14,2,20312013,28,norm_fit,14.312583179960813;6.4020864831312;7.300475212314722,1.004262624451909e-5,0.3697916361750522,1.058223110569432,0.37114609162396806,1.062408728207391,0.8000631774775816,0.6363636363636364,0.16369954111394525,0.6363636363636364,0.16369954111394525
WS(k=4;b=0.1),14,3,20312014,28,emp,-,0.0,0.0,0.0,0.0,0.0,0.8694595142796306,0.8372633772372801,0.03219613704235058,0.8372633772372801,0.03219613704235058
WS(k=4;b=0.1),14,3,20312014,28,paper,-,1.3065115335739283e-5,13320.569359592719,47285.74300683405,0.058759667471424706,0.11133625177113213,0.8694595142796306,0.8665789419575798,0.002880572322050856,0.8004940941679696,0.06896542011166107
WS(k=4;b=0.1),14,3,20312014,28,tri_init,0.0;0.0;1.0;1.0,1.529508015821814e-5,1.0325959224799006,1.9247488918236508,0.4139686096541048,0.7636466552538222,0.8694595142796306,0.8004940941679696,0.06896542011166107,0.8004940941679696,0.06896542011166107
WS(k=4;b=0.1),14,3,20312014,28,tri_25,0.6355529786261092;-2.094835104568228;0.9089424992606515;1.788495685801832,1.3688337120663633e-5,1.04234184378409,2.1957455738465095,0.3242975773340903,0.6746208331925898,0.8694595142796306,0.6060802893555206,0.26337922492411003,0.6060802893555206,0.26337922492411003
WS(k=4;b=0.1),14,3,20312014,28,tri_50,0.6314804914379737;-2.095042520394963;0.9089188704678622;1.788524331641784,1.3688337116725132e-5,1.0423459263869743,2.1957584157659022,0.32429709760062037,0.6746210503140109,0.8694595142796306,0.6060802893555206,0.26337922492411003,0.6060802893555206,0.26337922492411003
WS(k=4;b=0.1),14,3,20312014,28,tri_fit,0.6305985934592027;-2.0950340642092025;0.9089167516807873;1.7885252642565295,1.3688337115623367e-5,1.042346932142362,2.1957584564479893,0.32429721082061697,0.674620688374649,0.8694595142796306,0.6060802893555206,0.26337922492411003,0.6060802893555206,0.26337922492411003
WS(k=4;b=0.1),14,3,20312014,28,norm_init,14.0;1.0;1.0,0.0001295057936073325,0.3665642333650176,0.05419188846503684,0.36656422979439995,0.05419188815804852,0.8694595142796306,0.7000000000000002,0.16945951427963046,0.7000000000000002,0.16945951427963046
WS(k=4;b=0.1),14,3,20312014,28,norm_25,14.376841094345659;7.3417734592124235;8.372919902266949,1.141297898602169e-5,0.5084282581850901,1.5411067194384112,0.5119134841612518,1.5522400678400503,0.8694595142796306,0.7,0.16945951427963069,0.7,0.16945951427963069
WS(k=4;b=0.1),14,3,20312014,28,norm_50,14.376842189943467;7.3417613075877055;8.372953276792941,1.1412978985966785e-5,0.5084298158621837,1.5411119612176833,0.5119150796425018,1.5522454319682817,0.8694595142796306,0.7,0.16945951427963069,0.7,0.16945951427963069
WS(k=4;b=0.1),14,3,20312014,28,norm_fit,14.376842189943467;7.3417613075877055;8.372953276792941,1.1412978985966785e-5,0.5084298158621837,1.5411119612176833,0.5119150796425018,1.5522454319682817,0.8694595142796306,0.7,0.16945951427963069,0.7,0.16945951427963069
WS(k=4;b=0.1),14,4,20312015,28,emp,-,0.0,0.0,0.0,3.78764572527804e-18,1.978483305018826e-18,0.7938480009002998,0.7625528628535374,0.03129513804676243,0.7625528628535374,0.03129513804676243
WS(k=4;b=0.1),14,4,20312015,28,paper,-,1.2309014575094497e-5,13320.569286087073,47285.74289965435,0.05987837478283186,0.10799859055167388,0.7938480009002998,0.7719076849734027,0.021940315926897158,0.7358464198559502,0.058001581044349604
WS(k=4;b=0.1),14,4,20312015,28,tri_init,0.0;0.0;1.0;1.0,1.5203826217357217e-5,1.0321355759616246,1.9192022748844824,0.41395605014937487,0.7583764316413404,0.7938480009002998,0.7283192801086632,0.06552872079163663,0.7283192801086632,0.06552872079163663
WS(k=4;b=0.1),14,4,20312015,28,tri_25,0.43905644000927396;1.9014980137763873;1.4254251721979743;1.1265316100966287,1.3960331227812961e-5,1.0385622655484905,2.1288848875936,0.3392038427749696,0.683036655007079,0.7938480009002998,0.5721309358932282,0.22171706500707167,0.5721309358932282,0.22171706500707167
WS(k=4;b=0.1),14,4,20312015,28,tri_50,0.4374826501606727;1.9015500861112304;1.4254323736965042;1.126525612018157,1.3960331225500117e-5,1.038563915474793,2.1288883268172825,0.33920371948001987,0.6830364179143303,0.7938480009002998,0.5721309358932282,0.22171706500707167,0.5721309358932282,0.22171706500707167
WS(k=4;b=0.1),14,4,20312015,28,tri_fit,0.43432559487932687;1.9015582508497182;1.4254415502609072;1.1265298596751878,1.3960331221698076e-5,1.0385673238204365,2.128902169669115,0.3392022889480228,0.6830356032140285,0.7938480009002998,0.5721309358932282,0.22171706500707167,0.5721309358932282,0.22171706500707167
WS(k=4;b=0.1),14,4,20312015,28,norm_init,14.0;1.0;1.0,0.00012656585522654952,0.3694752439330216,0.0630047467197423,0.36947524036850743,0.06300474643900338,0.7938480009002998,0.6363636363636366,0.15748436453666326,0.6363636363636366,0.15748436453666326
WS(k=4;b=0.1),14,4,20312015,28,norm_25,14.464613224526103;8.732180057140853;6.688306910095351,1.1480958947035564e-5,0.533657222611413,1.5992560244096736,0.5376938684902661,1.6119501067314257,0.7938480009002998,0.6363636363636364,0.15748436453666348,0.6363636363636364,0.15748436453666348
WS(k=4;b=0.1),14,4,20312015,28,norm_50,14.366823733954437;6.824552236786045;7.712759293498582,1.1264861176752889e-5,0.4294172037291118,1.255599675326051,0.4314807434110231,1.2620821638237654,0.7938480009002998,0.6363636363636364,0.15748436453666348,0.6363636363636364,0.15748436453666348
WS(k=4;b=0.1),14,4,20312015,28,norm_fit,14.371488568623974;6.801394016407697;7.722188892582651,1.1264792310952126e-5,0.4285314053955574,1.252292127458069,0.4305856762543962,1.2587430349772817,0.7938480009002998,0.6363636363636364,0.15748436453666348,0.6363636363636364,0.15748436453666348
WS(k=4;b=0.1),14,5,20312016,28,emp,-,0.0,0.0,0.0,3.7179608443012254e-18,5.364336092018247e-18,0.8350377242910925,0.8054960990518758,0.029541625239216662,0.8054960990518758,0.029541625239216662
WS(k=4;b=0.1),14,5,20312016,28,paper,-,1.1742502608953452e-5,13320.569331149936,53418.33477400374,0.05633182035619668,0.12103638148379983,0.8350377242910925,0.8273105062026135,0.007727218088478982,0.7715312543266257,0.06350646996446674
WS(k=4;b=0.1),14,5,20312016,28,tri_init,0.0;0.0;1.0;1.0,1.446332369206887e-5,1.0311440546945914,1.844464405892025,0.4124524783778324,0.7325967520563986,0.8350377242910925,0.7634638924538696,0.07157383183722288,0.7634638924538696,0.07157383183722288
WS(k=4;b=0.1),14,5,20312016,28,tri_25,4.758080664841813;0.3311036553183141;1.2088109347526295;1.3480961105943265,1.3293055197558942e-5,1.0334510021807546,2.0405085077873983,0.33722958453575247,0.6604809661377783,0.8350377242910925,0.5996315432416434,0.2354061810494491,0.5996315432416434,0.2354061810494491
WS(k=4;b=0.1),14,5,20312016,28,tri_50,4.757098191407618;0.33111787724414005;1.208808766077724;1.3480929666349108,1.3293055195956878e-5,1.0334519389893384,2.0405070729577117,0.337230145637325,0.6604810439389389,0.8350377242910925,0.5996315432416434,0.2354061810494491,0.5996315432416434,0.2354061810494491
WS(k=4;b=0.1),14,5,20312016,28,tri_fit,4.75640152550386;0.331116958024518;1.2088080083495119;1.3480918716338852,1.3293055194890553e-5,1.0334526027951123,2.040507774837848,0.33723034067605057,0.6604812333143246,0.8350377242910925,0.5996315432416434,0.2354061810494491,0.5996315432416434,0.2354061810494491
WS(k=4;b=0.1),14,5,20312016,28,norm_init,14.0;1.0;1.0,0.00012521374928268404,0.3669682687655636,0.09531684648129585,0.36696826519425507,0.09531684576005103,0.8350377242910925,0.6666666666666669,0.1683710576244256,0.6666666666666669,0.1683710576244256
WS(k=4;b=0.1),14,5,20312016,28,norm_25,14.327837785398573;6.830311463336184;7.815906984941684,1.0696627127079192e-5,0.43316041629948754,1.0176834034108038,0.43534879236549756,1.023143529100466,0.8350377242910925,0.6666666666666666,0.16837105762442584,0.6666666666666666,0.16837105762442584
WS(k=4;b=0.1),14,5,20312016,28,norm_50,14.327755057738944;6.832741943549353;7.813820154741226,1.0696626614762449e-5,0.4331718718886728,1.0177433460086267,0.4353599287977082,1.023202780862386,0.8350377242910925,0.6666666666666666,0.16837105762442584,0.6666666666666666,0.16837105762442584
WS(k=4;b=0.1),14,5,20312016,28,norm_fit,14.327752920689361;6.832742970226848;7.813816809204157,1.0696626614754539e-5,0.43317169970449115,1.017742867024486,0.4353597535995179,1.0232022941242,0.8350377242910925,0.6666666666666666,0.16837105762442584,0.6666666666666666,0.16837105762442584
WS(k=4;b=0.1),14,6,20312017,28,emp,-,0.0,0.0,0.0,0.0,0.0,0.8319981698523494,0.8040403036743777,0.02795786617797169,0.8040403036743777,0.02795786617797169
WS(k=4;b=0.1),14,6,20312017,28,paper,-,1.1935027066531e-5,13320.569328336176,53418.33477300061,0.058812778761925866,0.12109084497864915,0.8319981698523494,0.822383507871786,0.009614661980563377,0.7708972974381865,0.061100872414162954
WS(k=4;b=0.1),14,6,20312017,28,tri_init,0.0;0.0;1.0;1.0,1.461214690519158e-5,1.0315838677753737,1.844136924508865,0.4131999504389643,0.7323050946121038,0.8319981698523494,0.76300914342386,0.06898902642848947,0.76300914342386,0.06898902642848947
WS(k=4;b=0.1),14,6,20312017,28,tri_25,0.0;0.1998000358645888;1.1908967696582669;1.3748333370604262,1.3381448116224542e-5,1.0388221989749618,2.0518649755930456,0.3370289768794267,0.6588857983553255,0.8319981698523494,0.599376339955316,0.2326218298970334,0.599376339955316,0.2326218298970334
WS(k=4;b=0.1),14,6,20312017,28,tri_50,0.0;0.19979280090389703;1.1908956006096156;1.3748340955404956,1.3381448116223293e-5,1.0388221887652407,2.0518648211051014,0.33702901954367165,0.6588858403023571,0.8319981698523494,0.599376339955316,0.2326218298970334,0.599376339955316,0.2326218298970334
WS(k=4;b=0.1),14,6,20312017,28,tri_fit,0.0;0.19979280090389703;1.1908956006096156;1.3748340955404956,1.3381448116223293e-5,1.0388221887652407,2.0518648211051014,0.33702901954367165,0.6588858403023571,0.8319981698523494,0.599376339955316,0.2326218298970334,0.599376339955316,0.2326218298970334
WS(k=4;b=0.1),14,6,20312017,28,norm_init,14.0;1.0;1.0,0.00012694577213660368,0.36883267233595374,0.09580588582203635,0.36883266876964027,0.09580588510443078,0.8319981698523494,0.6666666666666669,0.16533150318568257,0.6666666666666669,0.16533150318568257
WS(k=4;b=0.1),14,6,20312017,28,norm_25,14.354969896831985;6.890373375128891;7.9222662515496145,1.0837902758335357e-5,0.44728218719834567,1.0513383814767072,0.4496497373675758,1.0572731685028538,0.8319981698523494,0.6666666666666666,0.1653315031856828,0.6666666666666666,0.1653315031856828
WS(k=4;b=0.1),14,6,20312017,28,norm_50,14.354979524358493;6.8904738425103735;7.920894329780008,1.0837902648522159e-5,0.44718979068898307,1.0510818008218288,0.44955573542970456,1.0570124155762006,0.8319981698523494,0.6666666666666666,0.1653315031856828,0.6666666666666666,0.1653315031856828
WS(k=4;b=0.1),14,6,20312017,28,norm_fit,14.354979524358493;6.8904738425103735;7.920894329780008,1.0837902648522159e-5,0.44718979068898307,1.0510818008218288,0.44955573542970456,1.0570124155762006,0.8319981698523494,0.6666666666666666,0.1653315031856828,0.6666666666666666,0.1653315031856828
WS(k=4;b=0.1),14,7,20312018,28,emp,-,0.0,0.0,0.0,3.988815869951252e-18,5.485677294651096e-18,0.8282808392012782,0.7975222831304976,0.030758556070780596,0.7975222831304976,0.030758556070780596
WS(k=4;b=0.1),14,7,20312018,28,paper,-,1.2223327874378246e-5,13320.569328443815,47285.74297022539,0.06030529601462055,0.10890875466480647,0.8282808392012782,0.8170259212426929,0.011254917958585242,0.7624325143122103,0.06584832488906789
WS(k=4;b=0.1),14,7,20312018,28,tri_init,0.0;0.0;1.0;1.0,1.498947578970441e-5,1.0318375749055426,1.9200637950865962,0.41365375747972194,0.7591952621896683,0.8282808392012782,0.7624325143122103,0.06584832488906789,0.7624325143122103,0.06584832488906789
WS(k=4;b=0.1),14,7,20312018,28,tri_25,2.194523424723584;-0.5002391314997919;1.0659077426777723;1.468325595113659,1.370408108269704e-5,1.0365365857314197,2.1138370809464933,0.34092143847124595,0.6840365997813679,0.8282808392012782,0.5991576101322369,0.22912322906904126,0.5991576101322369,0.22912322906904126
WS(k=4;b=0.1),14,7,20312018,28,tri_50,2.194028680363313;-0.5002303102038969;1.0659106264181542;1.4683266232537355,1.3704081081950649e-5,1.0365371971788482,2.1138397560470334,0.34092103685833336,0.6840362304803764,0.8282808392012782,0.5991576101322369,0.22912322906904126,0.5991576101322369,0.22912322906904126
WS(k=4;b=0.1),14,7,20312018,28,tri_fit,2.193345389351776;-0.5003254507115762;1.0659010025637958;1.4683418178326573,1.3704081081082947e-5,1.0365379912420418,2.1138443061350864,0.3409204706692617,0.6840359893979966,0.8282808392012782,0.5991576101322369,0.22912322906904126,0.5991576101322369,0.22912322906904126
WS(k=4;b=0.1),14,7,20312018,28,norm_init,14.0;1.0;1.0,0.00012733144626560938,0.3693827126804719,0.06139109359359208,0.3693827091157966,0.06139109331140593,0.8282808392012782,0.6666666666666669,0.1616141725346113,0.6666666666666669,0.1616141725346113
WS(k=4;b=0.1),14,7,20312018,28,norm_25,14.396756891524664;6.828669485623095;7.834364897093395,1.1112969478494262e-5,0.4383393691254361,1.2866829936802342,0.44054592758204997,1.2936240711212446,0.8282808392012782,0.6666666666666666,0.16161417253461152,0.6666666666666666,0.16161417253461152
WS(k=4;b=0.1),14,7,20312018,28,norm_50,14.396889606313112;6.847118763203241;7.824528340177181,1.111294562401961e-5,0.43885787185145264,1.2887100524266055,0.4410690141858643,1.2956675031712512,0.8282808392012782,0.6666666666666666,0.16161417253461152,0.6666666666666666,0.16161417253461152
WS(k=4;b=0.1),14,7,20312018,28,norm_fit,14.396889606313112;6.847118763203241;7.824528340177181,1.111294562401961e-5,0.43885787185145264,1.2887100524266055,0.4410690141858643,1.2956675031712512,0.8282808392012782,0.6666666666666666,0.16161417253461152,0.6666666666666666,0.16161417253461152
WS(k=4;b=0.1),14,8,20312019,28,emp,-,0.0,0.0,0.0,6.39401452080838e-18,4.9369842861500336e-18,0.762654340286827,0.7304609841036003,0.03219335618322672,0.7304609841036003,0.03219335618322672
WS(k=4;b=0.1),14,8,20312019,28,paper,-,1.056279971705642e-5,13320.569134088228,47285.742629280525,0.0580392721909136,0.10448965960387126,0.762654340286827,0.7429020375090856,0.019752302777741426,0.7044508250367313,0.058203515250095705
WS(k=4;b=0.1),14,8,20312019,28,tri_init,0.0;0.0;1.0;1.0,1.3982773222154452e-5,1.0312129723934893,1.912782348796004,0.4130295281376237,0.7523044993929838,0.762654340286827,0.6970827175463559,0.06557162274047112,0.6970827175463559,0.06557162274047112
WS(k=4;b=0.1),14,8,20312019,28,tri_25,27.431162333687222;1.9874627481084848;1.4083413206996986;1.0355403550830868,1.3143253822580563e-5,1.008397004351431,2.0272180254983847,0.3507468612705793,0.6901034563535925,0.762654340286827,0.5678019909756721,0.19485234931115492,0.5678019909756721,0.19485234931115492
WS(k=4;b=0.1),14,8,20312019,28,tri_50,27.42843163335256;1.9870729325298968;1.4082857055907518;1.0355943296217174,1.3143253816685325e-5,1.0083997424749924,2.0272232970011412,0.35074705728435995,0.6901037516564834,0.762654340286827,0.5678019909756721,0.19485234931115492,0.5678019909756721,0.19485234931115492
WS(k=4;b=0.1),14,8,20312019,28,tri_fit,27.427691713935495;1.9873446707862363;1.4083237847546661;1.0355571208088947,1.3143253814999857e-5,1.008400500063339,2.0272246788115296,0.3507469453771114,0.6901034766953078,0.762654340286827,0.5678019909756721,0.19485234931115492,0.5678019909756721,0.19485234931115492
WS(k=4;b=0.1),14,8,20312019,28,norm_init,14.0;1.0;1.0,0.00012066477195655027,0.37019818568342816,0.07281202312424133,0.37019818212045297,0.07281202286447022,0.762654340286827,0.6086956521739132,0.1539586881129138,0.6086956521739132,0.1539586881129138
WS(k=4;b=0.1),14,8,20312019,28,norm_25,14.330734618504303;9.117877445138271;9.271900595872669,1.0829854232426071e-5,0.6949672263154884,2.2041045238522785,0.7036446739322112,2.2327168791777052,0.762654340286827,0.6086956521739131,0.1539586881129139,0.6086956521739131,0.1539586881129139
WS(k=4;b=0.1),14,8,20312019,28,norm_50,14.329616206655421;6.348979540083166;7.2563871963028665,1.0022952493282574e-5,0.36542994089033454,1.036034154623963,0.3667134508304201,1.0399994840375835,0.762654340286827,0.6086956521739131,0.1539586881129139,0.6086956521739131,0.1539586881129139
WS(k=4;b=0.1),14,8,20312019,28,norm_fit,14.330479343616606;6.380193640506145;7.228074156881711,1.0022842942876174e-5,0.3654627979117228,1.0366083925817604,0.3667420657693215,1.040562109674102,0.762654340286827,0.6086956521739131,0.1539586881129139,0.6086956521739131,0.1539586881129139
WS(k=4;b=0.1),14,9,20312020,28,emp,-,0.0,0.0,0.0,0.0,0.0,0.8319981698523493,0.7989034424084089,0.033094727443940375,0.7989034424084089,0.033094727443940375
WS(k=4;b=0.1),14,9,20312020,28,paper,-,1.2099156243321038e-5,13320.569332480938,47285.742971680185,0.05866427010741903,0.1088623779341253,0.8319981698523493,0.822383507871786,0.009614661980563266,0.7708972974381867,0.06110087241416262
WS(k=4;b=0.1),14,9,20312020,28,tri_init,0.0;0.0;1.0;1.0,1.4899388261903247e-5,1.0319070127414287,1.9203431147854175,0.4135145206963821,0.7594464158638606,0.8319981698523493,0.76300914342386,0.06898902642848936,0.76300914342386,0.06898902642848936
WS(k=4;b=0.1),14,9,20312020,28,tri_25,0.0;2.60491487249438;1.5277652332724492;1.0269190786478573,1.3678721352580935e-5,1.0388852047116053,2.1326589755839094,0.33842514053238937,0.6840716987186716,0.8319981698523493,0.599376339955316,0.23262182989703328,0.599376339955316,0.23262182989703328
WS(k=4;b=0.1),14,9,20312020,28,tri_50,0.0;2.6049148384329137;1.5277652361642438;1.0269190782762074,1.3678721352580933e-5,1.0388852045390036,2.1326589802738565,0.3384251402386474,0.6840716996381536,0.8319981698523493,0.599376339955316,0.23262182989703328,0.599376339955316,0.23262182989703328
WS(k=4;b=0.1),14,9,20312020,28,tri_fit,0.0;2.6049148384329137;1.5277652361642438;1.0269190782762074,1.3678721352580933e-5,1.0388852045390036,2.1326589802738565,0.3384251402386474,0.6840716996381536,0.8319981698523493,0.599376339955316,0.23262182989703328,0.599376339955316,0.23262182989703328
WS(k=4;b=0.1),14,9,20312020,28,norm_init,14.0;1.0;1.0,0.00012613045599235663,0.36833642968362734,0.060694421520793046,0.3683364261165444,0.060694421235901776,0.8319981698523493,0.6666666666666669,0.16533150318568246,0.6666666666666669,0.16533150318568246
WS(k=4;b=0.1),14,9,20312020,28,norm_25,14.363869536060117;6.812584376223956;7.761399356058651,1.1041181054357353e-5,0.4303819985138408,1.264575029905168,0.43249118563808847,1.2711985952871019,0.8319981698523493,0.6666666666666666,0.16533150318568268,0.6666666666666666,0.16533150318568268
WS(k=4;b=0.1),14,9,20312020,28,norm_50,14.363766099749226;6.8101095218053125;7.763841615776726,1.1041180463016907e-5,0.43039179118347404,1.2645743236884823,0.43250163014704446,1.2711997831080801,0.8319981698523493,0.6666666666666666,0.16533150318568268,0.6666666666666666,0.16533150318568268
WS(k=4;b=0.1),14,9,20312020,28,norm_fit,14.363766099991023;6.810109523714896;7.763841614681656,1.1041180463016905e-5,0.43039179123237076,1.264574323882298,0.43250163019633164,1.2711997833033093,0.8319981698523493,0.6666666666666666,0.16533150318568268,0.6666666666666666,0.16533150318568268
WS(k=4;b=0.1),14,10,20312021,28,emp,-,0.0,0.0,0.0,0.0,0.0,0.8041256008435996,0.7722399629580963,0.03188563788550336,0.7722399629580963,0.03188563788550336
WS(k=4;b=0.1),14,10,20312021,28,paper,-,1.0426747781495128e-5,13320.569255019145,53418.334658573964,0.05644746273710462,0.11758561576635454,0.8041256008435996,0.799102124640817,0.005023476202782651,0.7430850229961272,0.06104057784747241
WS(k=4;b=0.1),14,10,20312021,28,tri_init,0.0;0.0;1.0;1.0,1.3758220842265964e-5,1.0303164832676572,1.838917697466382,0.4118968189775039,0.7274425292502853,0.8041256008435996,0.7299012559312417,0.07422434491235796,0.7299012559312417,0.07422434491235796
WS(k=4;b=0.1),14,10,20312021,28,tri_25,3.1866715073510545;2.0040084107129803;1.4166774818952994;1.0301087192156309,1.2978884837252253e-5,1.0319818486484504,1.9989262326816466,0.3490808452097551,0.6678469489455574,0.8041256008435996,0.6151140392513638,0.18901156159223587,0.6151140392513638,0.18901156159223587
WS(k=4;b=0.1),14,10,20312021,28,tri_50,3.185167814445617;2.0042721734457016;1.416719237704564;1.030077196910157,1.2978884833952509e-5,1.0319835941329307,1.998933500079685,0.34907967753948826,0.6678459677785807,0.8041256008435996,0.6151140392513638,0.18901156159223587,0.6151140392513638,0.18901156159223587
WS(k=4;b=0.1),14,10,20312021,28,tri_fit,3.183021694689925;2.004315058827175;1.4167278298093877;1.0300738989522753,1.2978884829656043e-5,1.0319858855667503,1.9989401659380759,0.34907907884381134,0.6678455362328001,0.8041256008435996,0.6151140392513638,0.18901156159223587,0.6151140392513638,0.18901156159223587
WS(k=4;b=0.1),14,10,20312021,28,norm_init,14.0;1.0;1.0,0.00012052383379714743,0.36897925041042146,0.10325489404365176,0.3689792468438421,0.10325489335160785,0.8041256008435996,0.6363636363636366,0.16776196447996305,0.6363636363636366,0.16776196447996305
WS(k=4;b=0.1),14,10,20312021,28,norm_25,14.253359027326383;6.385894673537627;7.263082600650657,9.918142549696087e-6,0.36613884396873536,0.824825617258069,0.367451145062461,0.8280221412647567,0.8041256008435996,0.6363636363636364,0.16776196447996328,0.6363636363636364,0.16776196447996328
WS(k=4;b=0.1),14,10,20312021,28,norm_50,14.253292191744734;6.3862699776625345;7.263780678683309,9.918142477954665e-6,0.3662123647082737,0.8250302895411045,0.3675254639968138,0.8282288543801493,0.8041256008435996,0.6363636363636364,0.16776196447996328,0.6363636363636364,0.16776196447996328
WS(k=4;b=0.1),14,10,20312021,28,norm_fit,14.253292191744734;6.3862699776625345;7.263780678683309,9.918142477954665e-6,0.3662123647082737,0.8250302895411045,0.3675254639968138,0.8282288543801493,0.8041256008435996,0.6363636363636364,0.16776196447996328,0.6363636363636364,0.16776196447996328
WS(k=4;b=0.5),12,1,20321812,24,emp,-,0.0,0.0,0.0,9.92577447010611e-18,9.055522398700297e-18,0.8452425126881834,0.8100530178038097,0.03518949488437373,0.8100530178038097,0.03518949488437373
WS(k=4;b=0.5),12,1,20321812,24,paper,-,1.871920055394245e-5,61.425872851373754,221.80334161730127,0.08119869274308943,0.17483359317582997,0.8452425126881834,0.8408273756910032,0.0044151369971802135,0.7896722555483575,0.055570257139825885
WS(k=4;b=0.5),12,1,20321812,24,tri_init,0.0;0.0;1.0;1.0,2.3683090253782753e-5,0.6853184527653339,1.0773347023392186,0.3601505534627513,0.5560368665794341,0.8452425126881834,0.8242105431876338,0.02103196950054964,0.8242105431876338,0.02103196950054964
WS(k=4;b=0.5),12,1,20321812,24,tri_25,2.5676221833287336;0.33861747522851177;1.4127351080481094;1.4929693887707463,2.0951179197910274e-5,0.6769213840176453,1.2950857204922186,0.2637672543100101,0.4902751572954245,0.8452425126881834,0.6422075571208404,0.20303495556734297,0.6422075571208404,0.20303495556734297
WS(k=4;b=0.5),12,1,20321812,24,tri_50,2.5668887797463618;0.33864506570353625;1.4127318643595146;1.492958067437035,2.0951179189640444e-5,0.6769233038478988,1.2950849302631497,0.26376835492051415,0.49027561914236295,0.8452425126881834,0.6422075571208404,0.20303495556734297,0.6422075571208404,0.20303495556734297
WS(k=4;b=0.5),12,1,20321812,24,tri_fit,2.566508849408742;0.3386495430697714;1.412726839223513;1.4929507134590339,2.0951179185967008e-5,0.6769242890118761,1.2950833557447254,0.2637692993982397,0.49027615455931367,0.8452425126881834,0.6422075571208404,0.20303495556734297,0.6422075571208404,0.20303495556734297
WS(k=4;b=0.5),12,1,20321812,24,norm_init,12.0;1.0;1.0,0.00015579591157759766,0.3830456963352122,0.170147320935119,0.3830456927540377,0.17014731976316985,0.8452425126881834,0.6666666666666666,0.17857584602151677,0.6666666666666666,0.17857584602151677
WS(k=4;b=0.5),12,1,20321812,24,norm_25,12.312593584740428;7.403992459867765;6.026862558255295,1.7335928470071e-5,0.4880079389782017,1.2081590691347024,0.49371091714869747,1.2232305980290314,0.8452425126881834,0.6666666666666666,0.17857584602151677,0.6666666666666666,0.17857584602151677
WS(k=4;b=0.5),12,1,20321812,24,norm_50,12.151730073325616;6.406700530913946;6.82133193311699,1.7108314912720862e-5,0.45700437710184333,1.1166502577973256,0.46151076725581597,1.1285403973498103,0.8452425126881834,0.6666666666666666,0.17857584602151677,0.6666666666666666,0.17857584602151677
WS(k=4;b=0.5),12,1,20321812,24,norm_fit,12.179023009559724;6.044598615138054;6.771182482517525,1.7087938575432995e-5,0.4321921317105044,1.037417914712829,0.43597269374984465,1.0472692833647768,0.8452425126881834,0.6666666666666666,0.17857584602151677,0.6666666666666666,0.17857584602151677
WS(k=4;b=0.5),12,2,20321813,24,emp,-,0.0,0.0,0.0,7.933256628385625e-18,1.0392517546463503e-17,0.832221462780547,0.8039262767160807,0.028295186064466238,0.8039262767160807,0.028295186064466238
WS(k=4;b=0.5),12,2,20321813,24,paper,-,1.6755738516145906e-5,61.42590533775181,221.80332392550199,0.07993612458345872,0.1749049792303769,0.832221462780547,0.824070067851199,0.008151394929348021,0.7708042113498451,0.06141725143070187
WS(k=4;b=0.5),12,2,20321813,24,tri_init,0.0;0.0;1.0;1.0,2.338463885739102e-5,0.6846191059559769,1.076682237432706,0.3605751592159466,0.5554684563498588,0.832221462780547,0.8170690266585717,0.015152436121975255,0.8170690266585717,0.015152436121975255
WS(k=4;b=0.5),12,2,20321813,24,tri_25,0.013387460669382812;0.6165074325816204;1.3133476137144426;1.3708652036987388,2.0590006486825845e-5,0.6807003544775949,1.2312268322125062,0.2807947502215798,0.4939257591646902,0.832221462780547,0.5924341903670722,0.23978727241347475,0.5924341903670722,0.23978727241347475
WS(k=4;b=0.5),12,2,20321813,24,tri_50,0.012003320501899024;0.6167189724987249;1.3134258357048108;1.3708500625456808,2.0590006470559116e-5,0.6807043175579653,1.231256719609109,0.2807896382091177,0.4939250374948174,0.832221462780547,0.5924341903670722,0.23978727241347475,0.5924341903670722,0.23978727241347475
WS(k=4;b=0.5),12,2,20321813,24,tri_fit,0.001474456130694554;0.6182833940311825;1.3136099752923893;1.3704762315373127,2.0590006313008013e-5,0.6807302773712145,1.2312586804898986,0.2808052688606059,0.49393551138555053,0.832221462780547,0.5924341903670722,0.23978727241347475,0.5924341903670722,0.23978727241347475
WS(k=4;b=0.5),12,2,20321813,24,norm_init,12.0;1.0;1.0,0.00015380196960661254,0.3884157554596123,0.1711488709018111,0.38841575188988026,0.17114886973314977,0.832221462780547,0.6666666666666666,0.16555479611388035,0.6666666666666666,0.16555479611388035
WS(k=4;b=0.5),12,2,20321813,24,norm_25,12.331032933746151;5.600500622578904;6.212575320683123,1.606981111180406e-5,0.3790280274191793,0.8523718557838118,0.38130531755062436,0.8581562436971378,0.832221462780547,0.6666666666666666,0.16555479611388035,0.6666666666666666,0.16555479611388035
WS(k=4;b=0.5),12,2,20321813,24,norm_50,12.331035794363263;5.600617029759482;6.212403410697633,1.606981110646819e-5,0.3790245006290078,0.8523636411781874,0.38130169066345226,0.8581477812351332,0.832221462780547,0.6666666666666666,0.16555479611388035,0.6666666666666666,0.16555479611388035
WS(k=4;b=0.5),12,2,20321813,24,norm_fit,12.331035794363263;5.600617029759482;6.212403410697633,1.606981110646819e-5,0.3790245006290078,0.8523636411781874,0.38130169066345226,0.8581477812351332,0.832221462780547,0.6666666666666666,0.16555479611388035,0.6666666666666666,0.16555479611388035
WS(k=4;b=0.5),12,3,20321814,24,emp,-,0.0,0.0,0.0,0.0,0.0,0.7646432845187363,0.7306633779207501,0.03397990659798622,0.7306633779207501,0.03397990659798622
WS(k=4;b=0.5),12,3,20321814,24,paper,-,1.4497164732494691e-5,61.423263424533815,221.7983954052351,0.07905647034071021,0.1576206018071473,0.7646432845187363,0.75345541371963,0.011187870799106325,0.7174598684769584,0.04718341604177789
WS(k=4;b=0.5),12,3,20321814,24,tri_init,0.0;0.0;1.0;1.0,2.1559260759568802e-5,0.6811847123492777,1.0529274578386736,0.35739932964096516,0.5335076700970588,0.7646432845187363,0.7498667991546596,0.014776485364076719,0.7498667991546596,0.014776485364076719
WS(k=4;b=0.5),12,3,20321814,24,tri_25,2.1387365784896586;4.686160019930082;1.993167287759707;0.5284608365021406,2.0317721893521542e-5,0.6726687312237261,1.1806788748888355,0.29450604395199004,0.49329373481494937,0.7646432845187363,0.6423473694421098,0.12229591507662652,0.6423473694421098,0.12229591507662652
WS(k=4;b=0.5),12,3,20321814,24,tri_50,2.131327810001172;4.686266198054782;1.9933082062343805;0.528528212813461,2.0317721652762096e-5,0.6726909290168834,1.1807862688740056,0.29448719839666077,0.49328756102416227,0.7646432845187363,0.6423473694421098,0.12229591507662652,0.6423473694421098,0.12229591507662652
WS(k=4;b=0.5),12,3,20321814,24,tri_fit,2.1296059318339435;4.6862403369881225;1.9932549747436845;0.5285449215681737,2.0317721491640434e-5,0.6726941205241781,1.180770539059722,0.2944902251942836,0.49328405961502725,0.7646432845187363,0.6423473694421098,0.12229591507662652,0.6423473694421098,0.12229591507662652
WS(k=4;b=0.5),12,3,20321814,24,norm_init,12.0;1.0;1.0,0.00014038209219201448,0.3878743290772704,0.2002222352529773,0.38787432551198636,0.20022223411829634,0.7646432845187363,0.6,0.16464328451873633,0.6,0.16464328451873633
WS(k=4;b=0.5),12,3,20321814,24,norm_25,12.131554545247283;5.082832184964929;5.597333003557891,1.4590157850178692e-5,0.31090913889900595,0.6658766535372815,0.31204372361414984,0.6686419439430716,0.7646432845187363,0.6,0.16464328451873633,0.6,0.16464328451873633
WS(k=4;b=0.5),12,3,20321814,24,norm_50,12.131501232118643;5.083023581639866;5.597036036656775,1.4590157817867542e-5,0.3109028047171325,0.6658616068640475,0.3120372749719403,0.6686266194094257,0.7646432845187363,0.6,0.16464328451873633,0.6,0.16464328451873633
WS(k=4;b=0.5),12,3,20321814,24,norm_fit,12.131501232118643;5.083023581639866;5.597036036656775,1.4590157817867542e-5,0.3109028047171325,0.6658616068640475,0.3120372749719403,0.6686266194094257,0.7646432845187363,0.6,0.16464328451873633,0.6,0.16464328451873633
WS(k=4;b=0.5),12,4,20321815,24,emp,-,0.0,0.0,0.0,5.003095639062062e-18,6.1331736667334966e-18,0.7873353971789452,0.761180785711799,0.02615461146714615,0.761180785711799,0.02615461146714615
WS(k=4;b=0.5),12,4,20321815,24,paper,-,1.4392047434291514e-5,61.42472484492376,221.80172709105256,0.07764338504667961,0.1678908843516095,0.7873353971789452,0.7803763239141798,0.006959073264765414,0.7346305162838909,0.05270488089505432
WS(k=4;b=0.5),12,4,20321815,24,tri_init,0.0;0.0;1.0;1.0,2.1794665874964266e-5,0.6798813368176481,1.0647055902779983,0.3563080122181497,0.5445364998340488,0.7873353971789452,0.7733094116434428,0.014025985535502383,0.7733094116434428,0.014025985535502383
WS(k=4;b=0.5),12,4,20321815,24,tri_25,6.095236281225483;1.8805543473746456;1.494042291338568;1.08406013375113,1.9779817546955418e-5,0.6599722759386679,1.165651113714958,0.28729603517080776,0.4907972742535808,0.7873353971789452,0.584729523821319,0.20260587335762614,0.584729523821319,0.20260587335762614
WS(k=4;b=0.5),12,4,20321815,24,tri_50,6.091888734749831;1.8806136691039028;1.4940480219114938;1.0840910690758006,1.977981738698383e-5,0.6599817009261884,1.165669599418023,0.2872927694376399,0.4907919894638485,0.7873353971789452,0.584729523821319,0.20260587335762614,0.584729523821319,0.20260587335762614
WS(k=4;b=0.5),12,4,20321815,24,tri_fit,6.087062044673116;1.8802888507408462;1.4939461360917758;1.0841300426733733,1.977981721887498e-5,0.6599945553570375,1.1656679195812818,0.28729862309579884,0.4907921958602839,0.7873353971789452,0.584729523821319,0.20260587335762614,0.584729523821319,0.20260587335762614
WS(k=4;b=0.5),12,4,20321815,24,norm_init,12.0;1.0;1.0,0.00014744805992596518,0.3907401400324567,0.1872363739842957,0.39074013646832817,0.18723637284009542,0.7873353971789452,0.631578947368421,0.15575644981052417,0.631578947368421,0.15575644981052417
WS(k=4;b=0.5),12,4,20321815,24,norm_25,12.308331409791993;5.212590381857054;5.7653192452720265,1.4471835738984537e-5,0.33033854835058435,0.710061038402937,0.3317214010878237,0.7134771948143875,0.7873353971789452,0.631578947368421,0.15575644981052417,0.631578947368421,0.15575644981052417
WS(k=4;b=0.5),12,4,20321815,24,norm_50,12.308323899965021;5.212600724023759;5.765313885904624,1.447183573875924e-5,0.33033885586583994,0.7100620482506106,0.3317217117412426,0.7134782136679031,0.7873353971789452,0.631578947368421,0.15575644981052417,0.631578947368421,0.15575644981052417
WS(k=4;b=0.5),12,4,20321815,24,norm_fit,12.308323899965021;5.212600724023759;5.765313885904624,1.447183573875924e-5,0.33033885586583994,0.7100620482506106,0.3317217117412426,0.7134782136679031,0.7873353971789452,0.631578947368421,0.15575644981052417,0.631578947368421,0.15575644981052417
WS(k=4;b=0.5),12,5,20321816,24,emp,-,0.0,0.0,0.0,1.182168220590322e-17,1.2733261004507766e-17,0.7951324019784823,0.7652928329742935,0.029839569004188826,0.7652928329742935,0.029839569004188826
WS(k=4;b=0.5),12,5,20321816,24,paper,-,1.4622917443945013e-5,61.42511064044016,221.80189720173735,0.07820746752558694,0.16764254539012421,0.7951324019784823,0.7900887648412881,0.005043637137194246,0.7522810175690049,0.042851384409477444
WS(k=4;b=0.5),12,5,20321816,24,tri_init,0.0;0.0;1.0;1.0,2.231234153551272e-5,0.6824241397976799,1.0668179217238796,0.3589131076579559,0.546295947572317,0.7951324019784823,0.7782083596659215,0.01692404231256084,0.7782083596659215,0.01692404231256084
WS(k=4;b=0.5),12,5,20321816,24,tri_25,0.8049998910912641;0.9931335605797832;1.3424308700741492;1.2122700070230246,2.0603722477875312e-5,0.6757009595513961,1.1895041445987702,0.29143023679029495,0.49501124904494914,0.7951324019784823,0.6083714883658948,0.1867609136125875,0.6083714883658948,0.1867609136125875
WS(k=4;b=0.5),12,5,20321816,24,tri_50,0.7996582010170205;0.9923728236543073;1.3422191250029454;1.2123423366080444,2.0603722255518616e-5,0.675714726293819,1.1894810684094368,0.2914433474459366,0.4950154279841403,0.7951324019784823,0.6083714883658948,0.1867609136125875,0.6083714883658948,0.1867609136125875
WS(k=4;b=0.5),12,5,20321816,24,tri_fit,0.7971103987423577;0.9929189886829581;1.3423219871583938;1.212237154260462,2.0603722160758096e-5,0.6757215677059238,1.189497855490026,0.29144371030454996,0.4950177501881063,0.7951324019784823,0.6083714883658948,0.1867609136125875,0.6083714883658948,0.1867609136125875
WS(k=4;b=0.5),12,5,20321816,24,norm_init,12.0;1.0;1.0,0.00014101813212943323,0.38734059652794395,0.18356581405892913,0.38734059296567347,0.18356581290381802,0.7951324019784823,0.631578947368421,0.16355345461006132,0.631578947368421,0.16355345461006132
WS(k=4;b=0.5),12,5,20321816,24,norm_25,12.219439177279131;5.052199043942611;5.51867542771143,1.4766831051844082e-5,0.30552270868766374,0.6348705900431161,0.3065724544983762,0.6374221130986825,0.7951324019784823,0.631578947368421,0.16355345461006132,0.631578947368421,0.16355345461006132
WS(k=4;b=0.5),12,5,20321816,24,norm_50,12.219440070297066;5.052195674471291;5.518682471369098,1.476683105182928e-5,0.3055229274493577,0.6348711563819907,0.3065726765229679,0.6374226874793035,0.7951324019784823,0.631578947368421,0.16355345461006132,0.631578947368421,0.16355345461006132
WS(k=4;b=0.5),12,5,20321816,24,norm_fit,12.219440070297066;5.052195674471291;5.518682471369098,1.476683105182928e-5,0.3055229274493577,0.6348711563819907,0.3065726765229679,0.6374226874793035,0.7951324019784823,0.631578947368421,0.16355345461006132,0.631578947368421,0.16355345461006132
WS(k=4;b=0.5),12,6,20321817,24,emp,-,0.0,0.0,0.0,7.230239231621975e-18,2.387707603851044e-18,0.8367425812342576,0.8061954290803838,0.030547152153873824,0.8061954290803838,0.030547152153873824
WS(k=4;b=0.5),12,6,20321817,24,paper,-,1.890220168190474e-5,61.425831726256,221.8033345251293,0.08282370350111268,0.17487101291212898,0.8367425812342576,0.8295752485978006,0.007167332636456969,0.7769022450463626,0.05984033618789497
WS(k=4;b=0.5),12,6,20321817,24,tri_init,0.0;0.0;1.0;1.0,2.3982195040107537e-5,0.6849761571996877,1.0769044437093922,0.36005464094831036,0.5556608087043278,0.8367425812342576,0.8198363231803777,0.016906258053879908,0.8198363231803777,0.016906258053879908
WS(k=4;b=0.5),12,6,20321817,24,tri_25,0.007469684316182057;-1.3806703775613334;1.0774350378729232;1.78146163049287,2.088643631985829e-5,0.6832667005977211,1.2849079493343945,0.2672241258108295,0.48795965493609755,0.8367425812342576,0.6173310691899154,0.21941151204434217,0.6173310691899154,0.21941151204434217
WS(k=4;b=0.5),12,6,20321817,24,tri_50,0.006378694744633788;-1.38076738889982;1.0774065550364864;1.7814670479509753,2.0886436311002738e-5,0.6832694252488861,1.2849069729321658,0.2672257992976731,0.48796058128792635,0.8367425812342576,0.6173310691899154,0.21941151204434217,0.6173310691899154,0.21941151204434217
WS(k=4;b=0.5),12,6,20321817,24,tri_fit,0.005121838740567773;-1.3805527232378254;1.0774482242162136;1.7814327620961896,2.088643630131443e-5,0.6832728350271399,1.2849162308040818,0.2672252892805822,0.48796059410413,0.8367425812342576,0.6173310691899154,0.21941151204434217,0.6173310691899154,0.21941151204434217
WS(k=4;b=0.5),12,6,20321817,24,norm_init,12.0;1.0;1.0,0.00016104523560709887,0.3848395174886653,0.1706661721256113,0.3848395139104058,0.1706661709562928,0.8367425812342576,0.6666666666666666,0.17007591456759097,0.6666666666666666,0.17007591456759097
WS(k=4;b=0.5),12,6,20321817,24,norm_25,12.301227975187185;6.094423858190171;6.841233430418613,1.7133422744377746e-5,0.44152699912600013,1.0598869846527574,0.44552021906192407,1.0703243561326123,0.8367425812342576,0.6666666666666666,0.17007591456759097,0.6666666666666666,0.17007591456759097
WS(k=4;b=0.5),12,6,20321817,24,norm_50,12.30116916697893;6.0942109033946785;6.8412269396197765,1.713342272853112e-5,0.44151420609954967,1.0598449531195238,0.44550706962741754,1.0702813144176664,0.8367425812342576,0.6666666666666666,0.17007591456759097,0.6666666666666666,0.17007591456759097
WS(k=4;b=0.5),12,6,20321817,24,norm_fit,12.30116916697893;6.0942109033946785;6.8412269396197765,1.713342272853112e-5,0.44151420609954967,1.0598449531195238,0.44550706962741754,1.0702813144176664,0.8367425812342576,0.6666666666666666,0.17007591456759097,0.6666666666666666,0.17007591456759097
WS(k=4;b=0.5),12,7,20321818,24,emp,-,0.0,0.0,0.0,0.0,0.0,0.7650670690012081,0.730610224372273,0.03445684462893517,0.730610224372273,0.03445684462893517
WS(k=4;b=0.5),12,7,20321818,24,paper,-,1.2120306251540863e-5,61.42346080680611,221.7984838985397,0.07177831272180046,0.15757221645646483,0.7650670690012081,0.754119690137981,0.010947378863227164,0.7174098218086746,0.0476572471925335
WS(k=4;b=0.5),12,7,20321818,24,tri_init,0.0;0.0;1.0;1.0,2.034809349465568e-5,0.6796936311128934,1.0529930763665771,0.3562316600765926,0.5335054355275891,0.7650670690012081,0.7434811491596017,0.021585919841606405,0.7434811491596017,0.021585919841606405
WS(k=4;b=0.5),12,7,20321818,24,tri_25,0.4409964843194955;2.0541504759467646;1.467210108426258;0.9405581007044738,1.910267929260709e-5,0.6734702333586639,1.1435674076601428,0.3032076656628112,0.4938643427703109,0.7650670690012081,0.6000000000000003,0.16506706900120782,0.6000000000000003,0.16506706900120782
WS(k=4;b=0.5),12,7,20321818,24,tri_50,0.43053485036090405;2.0547108586862777;1.467343747771005;0.9404923596632434,1.9102678657957608e-5,0.673498747586275,1.1436378855558693,0.3032011795086683,0.49386181919902655,0.7650670690012081,0.6000000000000003,0.16506706900120782,0.6000000000000003,0.16506706900120782
WS(k=4;b=0.5),12,7,20321818,24,tri_fit,0.4257089273714457;2.05497038775932;1.467397290089751;0.9404684655793831,1.9102678374695953e-5,0.6735117572700864,1.1436672899242875,0.30319821461810403,0.4938595124792329,0.7650670690012081,0.6000000000000003,0.16506706900120782,0.6000000000000003,0.16506706900120782
WS(k=4;b=0.5),12,7,20321818,24,norm_init,12.0;1.0;1.0,0.00013972508813753367,0.39096012186930407,0.19960423579240236,0.390960118303788,0.1996042346565788,0.7650670690012081,0.6,0.16506706900120816,0.6,0.16506706900120816
WS(k=4;b=0.5),12,7,20321818,24,norm_25,11.700850738264212;4.059002459075119;8.949889692060273,1.5214110358872906e-5,0.5319110221763255,1.2034544735794097,0.539778641338267,1.2226383089769455,0.7650670690012081,0.6,0.16506706900120816,0.6,0.16506706900120816
WS(k=4;b=0.5),12,7,20321818,24,norm_50,12.179639055994999;4.873736539275688;5.341904023093183,1.2870971807537156e-5,0.28374675973725066,0.584326090421378,0.28455793467740104,0.5862629864876379,0.7650670690012081,0.6,0.16506706900120816,0.6,0.16506706900120816
WS(k=4;b=0.5),12,7,20321818,24,norm_fit,12.18100068699295;4.874108231332928;5.3620968171507934,1.2870849541126346e-5,0.2849663821800961,0.587735613739041,0.28579118173833296,0.5897067798075388,0.7650670690012081,0.6,0.16506706900120816,0.6,0.16506706900120816
WS(k=4;b=0.5),12,8,20321819,24,emp,-,0.0,0.0,0.0,0.0,0.0,0.7921714529253421,0.7634902890933779,0.028681163831964174,0.7634902890933779,0.028681163831964174
WS(k=4;b=0.5),12,8,20321819,24,paper,-,1.4486124042673964e-5,61.424934911207714,221.80176783468636,0.07830487091032806,0.16781003653140147,0.7921714529253421,0.7863742251340144,0.0057972277913276304,0.7456562819264971,0.046515170998844946
WS(k=4;b=0.5),12,8,20321819,24,tri_init,0.0;0.0;1.0;1.0,2.184185589099871e-5,0.682059534012101,1.0652934644618,0.35854764052929883,0.545017284280085,0.7921714529253421,0.7762282938810602,0.015943159044281896,0.7762282938810602,0.015943159044281896
WS(k=4;b=0.5),12,8,20321819,24,tri_25,19.075153673295674;2.3385416528368013;1.5726103718905071;1.017839910922821,1.9727866348670987e-5,0.627052584498779,1.105390589348302,0.2877527816305772,0.4898565074053539,0.7921714529253421,0.5848534290959773,0.20731802382936482,0.5848534290959773,0.20731802382936482
WS(k=4;b=0.5),12,8,20321819,24,tri_50,19.061650695808492;2.3377872932302157;1.5725772732673344;1.017982781724326,1.972786588583552e-5,0.627088528203258,1.105500910996213,0.2877428726746178,0.48985808750170673,0.7921714529253421,0.5848534290959773,0.20731802382936482,0.5848534290959773,0.20731802382936482
WS(k=4;b=0.5),12,8,20321819,24,tri_fit,19.056473600931042;2.337842399451501;1.572517885048299;1.0179812729831006,1.972786552231871e-5,0.6271025382929486,1.105494956349015,0.2877483808965723,0.48985455655804816,0.7921714529253421,0.5848534290959773,0.20731802382936482,0.5848534290959773,0.20731802382936482
WS(k=4;b=0.5),12,8,20321819,24,norm_init,12.0;1.0;1.0,0.00015000244196970822,0.3914270146007835,0.1860410336508102,0.3914270110384749,0.18604103250388443,0.7921714529253421,0.631578947368421,0.16059250555692106,0.631578947368421,0.16059250555692106
WS(k=4;b=0.5),12,8,20321819,24,norm_25,12.303558176923685;5.251262743319628;5.839838127885548,1.4569978365143956e-5,0.33747476537107446,0.7297293997706755,0.33896290634841264,0.7334226653762063,0.7921714529253421,0.631578947368421,0.16059250555692106,0.631578947368421,0.16059250555692106
WS(k=4;b=0.5),12,8,20321819,24,norm_50,12.303576513208668;5.251697153618018;5.8394585025134305,1.4569978311791013e-5,0.3374774591726638,0.7297449566351322,0.33896557451833076,0.7334382024214805,0.7921714529253421,0.631578947368421,0.16059250555692106,0.631578947368421,0.16059250555692106
WS(k=4;b=0.5),12,8,20321819,24,norm_fit,12.303576513208668;5.251697153618018;5.8394585025134305,1.4569978311791013e-5,0.3374774591726638,0.7297449566351322,0.33896557451833076,0.7334382024214805,0.7921714529253421,0.631578947368421,0.16059250555692106,0.631578947368421,0.16059250555692106
WS(k=4;b=0.5),12,9,20321820,24,emp,-,0.0,0.0,0.0,0.0,0.0,0.8265824561434462,0.7955159295022581,0.03106652664118803,0.7955159295022581,0.03106652664118803
WS(k=4;b=0.5),12,9,20321820,24,paper,-,1.7262132694902604e-5,61.42586777113787,200.12893093251094,0.07824712308641235,0.1598286185627114,0.8265824561434462,0.8167229618747893,0.009859494268656843,0.7689807273065852,0.05760172883686099
WS(k=4;b=0.5),12,9,20321820,24,tri_init,0.0;0.0;1.0;1.0,2.421300431152538e-5,0.6824243179224418,1.0937629955361345,0.3580978679688036,0.5612264279662759,0.8265824561434462,0.8053269419994299,0.021255514144016274,0.8053269419994299,0.021255514144016274
WS(k=4;b=0.5),12,9,20321820,24,tri_25,5.0028679389115025;-0.3847569238918405;1.0857098996646413;1.5125919306870395,2.135984005710868e-5,0.6661417540874695,1.1971074317258439,0.2864249934072344,0.5004865118687793,0.8265824561434462,0.5222617197574192,0.30432073638602697,0.5222617197574192,0.30432073638602697
WS(k=4;b=0.5),12,9,20321820,24,tri_50,4.989855024654963;-0.38476552289033666;1.085673157739446;1.5125434170051821,2.1359839706615198e-5,0.6661753227566155,1.1971509320475031,0.28643217575870367,0.5004921590345686,0.8265824561434462,0.5222617197574192,0.30432073638602697,0.5222617197574192,0.30432073638602697
WS(k=4;b=0.5),12,9,20321820,24,tri_fit,4.987779542794688;-0.38442728609784765;1.0857270888039483;1.5125119568469865,2.1359839663158698e-5,0.6661816403172047,1.1971636624735496,0.2864302437765125,0.5004892331905486,0.8265824561434462,0.5222617197574192,0.30432073638602697,0.5222617197574192,0.30432073638602697
WS(k=4;b=0.5),12,9,20321820,24,norm_init,12.0;1.0;1.0,0.00015440705346940996,0.3868040394244053,0.12353524383952248,0.386804035848496,0.12353524322344395,0.8265824561434462,0.6666666666666666,0.15991578947677954,0.6666666666666666,0.15991578947677954
WS(k=4;b=0.5),12,9,20321820,24,norm_25,12.403996989189302;5.480684489476376;5.978437415469175,1.651396516241646e-5,0.3550626243946657,0.963012158339418,0.35692150663051786,0.9688009983266215,0.8265824561434462,0.6666666666666666,0.15991578947677954,0.6666666666666666,0.15991578947677954
WS(k=4;b=0.5),12,9,20321820,24,norm_50,12.403370167795975;5.475855407448598;5.977630006873646,1.6513958191187977e-5,0.3547157372551787,0.9617288253609864,0.3565688087592761,0.9674985078807026,0.8265824561434462,0.6666666666666666,0.15991578947677954,0.6666666666666666,0.15991578947677954
WS(k=4;b=0.5),12,9,20321820,24,norm_fit,12.40337150060078;5.475875414725088;5.9776076517669265,1.6513958191062525e-5,0.35471561186098527,0.9617286873653902,0.35656867783642626,0.9674983547334366,0.8265824561434462,0.6666666666666666,0.15991578947677954,0.6666666666666666,0.15991578947677954
WS(k=4;b=0.5),12,10,20321821,24,emp,-,0.0,0.0,0.0,0.0,0.0,0.8357044099038129,0.8057208014927296,0.029983608411083273,0.8057208014927296,0.029983608411083273
WS(k=4;b=0.5),12,10,20321821,24,paper,-,1.709428590586625e-5,61.425911873426564,221.80332668150433,0.079254595245528,0.1748873972737488,0.8357044099038129,0.8289577971926267,0.006746612711186151,0.7869563264375586,0.048748083466254255
WS(k=4;b=0.5),12,10,20321821,24,tri_init,0.0;0.0;1.0;1.0,2.381294250906189e-5,0.6837815380310258,1.0770134393839186,0.3597039734322573,0.5557642778947259,0.8357044099038129,0.8190440005839716,0.01666040931984125,0.8190440005839716,0.01666040931984125
WS(k=4;b=0.5),12,10,20321821,24,tri_25,2.996905475334366;2.1625345472609405;1.5629479334174123;1.1050381101398628,2.109253247455935e-5,0.671873695587056,1.2120050062367178,0.28133881573131,0.4948265616338971,0.8357044099038129,0.5927927486535434,0.24291166125026953,0.5927927486535434,0.24291166125026953
WS(k=4;b=0.5),12,10,20321821,24,tri_50,2.990094111055476;2.1629052825343473;1.5630345518586173;1.1050342572469898,2.109253229087697e-5,0.671892980306073,1.2120571587239832,0.2813319076227959,0.4948208208958614,0.8357044099038129,0.5927927486535434,0.24291166125026953,0.5927927486535434,0.24291166125026953
WS(k=4;b=0.5),12,10,20321821,24,tri_fit,2.9857383623353715;2.1628366303037154;1.5630493587561898;1.105049910969559,2.10925321915836e-5,0.6719045777141752,1.2120916843816794,0.2813294203529918,0.4948213641429564,0.8357044099038129,0.5927927486535434,0.24291166125026953,0.5927927486535434,0.24291166125026953
WS(k=4;b=0.5),12,10,20321821,24,norm_init,12.0;1.0;1.0,0.00015398172412088305,0.38731118524941666,0.17078236560317617,0.3873111816803234,0.17078236443284872,0.8357044099038129,0.6666666666666666,0.16903774323714627,0.6666666666666666,0.16903774323714627
WS(k=4;b=0.5),12,10,20321821,24,norm_25,12.279665509912428;5.5520614832352;6.1459170201803905,1.6500807217471727e-5,0.37147227671108046,0.8307943805356731,0.37360683102481784,0.8362000239005571,0.8357044099038129,0.6666666666666666,0.16903774323714627,0.6666666666666666,0.16903774323714627
WS(k=4;b=0.5),12,10,20321821,24,norm_50,12.279669054414589;5.551983930365259;6.145697733683412,1.6500807206104514e-5,0.3714540694477448,0.8307402296287162,0.3735882573944427,0.836144898699288,0.8357044099038129,0.6666666666666666,0.16903774323714627,0.6666666666666666,0.16903774323714627
WS(k=4;b=0.5),12,10,20321821,24,norm_fit,12.279669054414589;5.551983930365259;6.145697733683412,1.6500807206104514e-5,0.3714540694477448,0.8307402296287162,0.3735882573944427,0.836144898699288,0.8357044099038129,0.6666666666666666,0.16903774323714627,0.6666666666666666,0.16903774323714627
WS(k=4;b=0.5),14,1,20322012,28,emp,-,0.0,0.0,0.0,7.92733408908899e-18,3.3290218161060203e-18,0.8327758110733294,0.7993005433547044,0.03347526771862508,0.7993005433547044,0.03347526771862508
WS(k=4;b=0.5),14,1,20322012,28,paper,-,1.0459092229267539e-5,13320.569335351196,47285.74297238266,0.05127340170237332,0.1088311698517,0.8327758110733294,0.8251524343851004,0.007623376688228989,0.7712427769257673,0.06153303414756217
WS(k=4;b=0.5),14,1,20322012,28,tri_init,0.0;0.0;1.0;1.0,1.4057095216192269e-5,1.029665065841927,1.9205655130506143,0.4110838247707378,0.7596504870768542,0.8327758110733294,0.7631966752402157,0.0695791358331137,0.7631966752402157,0.0695791358331137
WS(k=4;b=0.5),14,1,20322012,28,tri_25,0.44705505753888286;4.23793468300821;1.694036018985201;0.7413483919006395,1.2946638215525329e-5,1.0336629975262606,2.0713529109355893,0.34855305797104463,0.6926484331686705,0.8327758110733294,0.5997012983348614,0.23307451273846802,0.5997012983348614,0.23307451273846802
WS(k=4;b=0.5),14,1,20322012,28,tri_50,0.4463810053561732;4.2381038018968855;1.6940661892587883;0.7413304881682735,1.2946638214181518e-5,1.0336639093959956,2.071360170930566,0.34855163958297675,0.6926473960315261,0.8327758110733294,0.5997012983348614,0.23307451273846802,0.5997012983348614,0.23307451273846802
WS(k=4;b=0.5),14,1,20322012,28,tri_fit,0.4437858046518052;4.238067557779952;1.6940597793290115;0.741339211949537,1.2946638208745234e-5,1.0336666600797766,2.0713654549953215,0.34855136046665647,0.6926467888086132,0.8327758110733294,0.5997012983348614,0.23307451273846802,0.5997012983348614,0.23307451273846802
WS(k=4;b=0.5),14,1,20322012,28,norm_init,14.0;1.0;1.0,0.00012131857939308052,0.3679279892854895,0.060270936397338964,0.36792798571263463,0.060270936110337625,0.8327758110733294,0.6666666666666667,0.1661091444066627,0.6666666666666667,0.1661091444066627
WS(k=4;b=0.5),14,1,20322012,28,norm_25,14.26818814507494;6.307424731117217;7.8727524461058875,1.0004565050544472e-5,0.40405459022346796,1.1763866301513866,0.40591429817727925,1.1821660889614198,0.8327758110733294,0.6666666666666666,0.1661091444066628,0.6666666666666666,0.1661091444066628
WS(k=4;b=0.5),14,1,20322012,28,norm_50,14.331751107212506;6.431033909596443;7.27813630685248,9.976697880327968e-6,0.3676440436793438,1.0567332745553026,0.3689979918647887,1.060919752596882,0.8327758110733294,0.6666666666666666,0.1661091444066628,0.6666666666666666,0.1661091444066628
WS(k=4;b=0.5),14,1,20322012,28,norm_fit,14.331855680826404;6.434817166664486;7.276203875240521,9.976696616833234e-6,0.3677567349248452,1.057163420711071,0.3691114544821964,1.061352556847565,0.8327758110733294,0.6666666666666666,0.1661091444066628,0.6666666666666666,0.1661091444066628
WS(k=4;b=0.5),14,2,20322013,28,emp,-,0.0,0.0,0.0,5.698210267842715e-18,3.0532613523886233e-18,0.8028675984781767,0.7656437177300184,0.0372238807481583,0.7656437177300184,0.0372238807481583
WS(k=4;b=0.5),14,2,20322013,28,paper,-,1.0449600179373967e-5,13320.5692717689,47285.742869770875,0.05138394871119842,0.10538129108794633,0.8028675984781767,0.7883465924843368,0.014521005993839875,0.7427798947930739,0.060087703685102745
WS(k=4;b=0.5),14,2,20322013,28,tri_init,0.0;0.0;1.0;1.0,1.3850697227714868e-5,1.0293683995650706,1.9153952596804016,0.4103914312408514,0.7547038505580947,0.8028675984781767,0.7296153804531875,0.07325221802498916,0.7296153804531875,0.07325221802498916
WS(k=4;b=0.5),14,2,20322013,28,tri_25,0.4854573333712363;0.8903441728252351;1.238515073671901;1.14688856093176,1.3177943034488624e-5,1.0326259106980036,2.0651275307852974,0.35466017872202116,0.7003521560253521,0.8028675984781767,0.6151171841670727,0.18775041431110395,0.6151171841670727,0.18775041431110395
WS(k=4;b=0.5),14,2,20322013,28,tri_50,0.48302106538123085;0.8903531240959763;1.2385275565031881;1.1468864529079552,1.3177943030197115e-5,1.0326286961838198,2.0651408356912104,0.35465904113780655,0.700352434564376,0.8028675984781767,0.6151171841670727,0.18775041431110395,0.6151171841670727,0.18775041431110395
WS(k=4;b=0.5),14,2,20322013,28,tri_fit,0.48157413219900597;0.8905510403008465;1.238545166318712;1.1468529095790054,1.3177943025849544e-5,1.0326297430706555,2.0651346630057477,0.35466085540941705,0.7003532951544541,0.8028675984781767,0.6151171841670727,0.18775041431110395,0.6151171841670727,0.18775041431110395
WS(k=4;b=0.5),14,2,20322013,28,norm_init,14.0;1.0;1.0,0.00011771244568269335,0.3655954944846212,0.06757730952231882,0.3655954909101025,0.06757730925010516,0.8028675984781767,0.6363636363636366,0.1665039621145401,0.6363636363636366,0.1665039621145401
WS(k=4;b=0.5),14,2,20322013,28,norm_25,14.220227663361802;6.313369339770331;7.099228856528499,9.98893762783752e-6,0.34508970802097866,0.989652628965191,0.34623549452433167,0.9931688594547045,0.8028675984781767,0.6363636363636364,0.16650396211454033,0.6363636363636364,0.16650396211454033
WS(k=4;b=0.5),14,2,20322013,28,norm_50,14.220522238037281;6.302276372555699;7.119351167502527,9.988905363431674e-6,0.34576538532521595,0.9917580646079839,0.3469198015329814,0.9953008859612841,0.8028675984781767,0.6363636363636364,0.16650396211454033,0.6363636363636364,0.16650396211454033
WS(k=4;b=0.5),14,2,20322013,28,norm_fit,14.220511469262316;6.30235887494744;7.119092596251455,9.98890535819774e-6,0.34575273544759555,0.9917168667226176,0.3469070059787673,0.9952592337994601,0.8028675984781767,0.6363636363636364,0.16650396211454033,0.6363636363636364,0.16650396211454033
WS(k=4;b=0.5),14,3,20322014,28,emp,-,0.0,0.0,0.0,0.0,0.0,0.8309324971618415,0.798167714857266,0.03276478230457547,0.798167714857266,0.03276478230457547
WS(k=4;b=0.5),14,3,20322014,28,paper,-,1.0554570753601917e-5,13320.56932634956,47285.74296989308,0.05091260107170463,0.10890486019086516,0.8309324971618415,0.8224957662292657,0.008436730932575798,0.7705510880138553,0.060381409147986176
WS(k=4;b=0.5),14,3,20322014,28,tri_init,0.0;0.0;1.0;1.0,1.4166292926341486e-5,1.0288276690759994,1.9200737003422923,0.41026924759696415,0.7592039649720002,0.8309324971618415,0.7626737259397764,0.06825877122206503,0.7626737259397764,0.06825877122206503
WS(k=4;b=0.5),14,3,20322014,28,tri_25,12.581791101287225;1.0537821318517246;1.2329327493567328;1.1994529845369786,1.2998475198144995e-5,1.020652855656113,2.04239742325062,0.34808903944729436,0.6915843748697783,0.8309324971618415,0.5778266560668244,0.2531058410950171,0.5778266560668244,0.2531058410950171
WS(k=4;b=0.5),14,3,20322014,28,tri_50,12.58134051918027;1.0538323380758448;1.2329358240364434;1.1994431986444019,1.2998475197419905e-5,1.020653214846563,2.042394765609948,0.348089810695013,0.6915847894458378,0.8309324971618415,0.5778266560668244,0.2531058410950171,0.5778266560668244,0.2531058410950171
WS(k=4;b=0.5),14,3,20322014,28,tri_fit,12.580912802270475;1.0538717717066814;1.232944377027204;1.1994386302149667,1.2998475196355765e-5,1.0206536871100178,2.0423979903235066,0.34808935421189496,0.6915846312357136,0.8309324971618415,0.5778266560668244,0.2531058410950171,0.5778266560668244,0.2531058410950171
WS(k=4;b=0.5),14,3,20322014,28,norm_init,14.0;1.0;1.0,0.0001218562080569436,0.36819130847768977,0.06141378504493613,0.36819130490561386,0.06141378476232235,0.8309324971618415,0.6666666666666669,0.16426583049517463,0.6666666666666669,0.16426583049517463
WS(k=4;b=0.5),14,3,20322014,28,norm_25,14.374263053851633;6.437834472994276;7.268044666910673,1.0035835211819188e-5,0.3674364303832886,1.0564179875724984,0.3687857691367063,1.060591793240145,0.8309324971618415,0.6666666666666666,0.16426583049517485,0.6666666666666666,0.16426583049517485
WS(k=4;b=0.5),14,3,20322014,28,norm_50,14.374310302776522;6.439701826687095;7.269465479120962,1.0035834568762967e-5,0.3676587439057732,1.0571941591097367,0.3690104305710458,1.061375521119407,0.8309324971618415,0.6666666666666666,0.16426583049517485,0.6666666666666666,0.16426583049517485
WS(k=4;b=0.5),14,3,20322014,28,norm_fit,14.374310266165855;6.4397016323956455;7.269465424144349,1.003583456876294e-5,0.36765872726876836,1.0571941002476102,0.36901041376624133,1.061375461713953,0.8309324971618415,0.6666666666666666,0.16426583049517485,0.6666666666666666,0.16426583049517485
WS(k=4;b=0.5),14,4,20322015,28,emp,-,0.0,0.0,0.0,0.0,0.0,0.7650451090570967,0.7311287627328704,0.03391634632422624,0.7311287627328704,0.03391634632422624
WS(k=4;b=0.5),14,4,20322015,28,paper,-,8.016224857046027e-6,13320.5690956059,47285.742540143016,0.04995385374153358,0.10082315541694233,0.7650451090570967,0.7492732996126006,0.015771809444496077,0.709607790648901,0.05543731840819566
WS(k=4;b=0.5),14,4,20322015,28,tri_init,0.0;0.0;1.0;1.0,1.289968924185776e-5,1.027349646032395,1.907627389332307,0.40922793661393814,0.7473309504018111,0.7650451090570967,0.6973474503325765,0.06769765872452016,0.6973474503325765,0.06769765872452016
WS(k=4;b=0.5),14,4,20322015,28,tri_25,0.8461661537364517;-0.6736453593365925;0.9405096339205129;1.3162392684545532,1.2351656981776579e-5,1.027229475203066,1.988777375211074,0.3693775461609562,0.7029091312688052,0.7650451090570967,0.5883508530066309,0.17669425605046574,0.5883508530066309,0.17669425605046574
WS(k=4;b=0.5),14,4,20322015,28,tri_50,0.8359417322683762;-0.6739210467871241;0.9404796252560763;1.3162771909967619,1.2351656946749911e-5,1.0272399515237176,1.9888042815951164,0.36937653259177694,0.7029094140975652,0.7650451090570967,0.5883508530066309,0.17669425605046574,0.5883508530066309,0.17669425605046574
WS(k=4;b=0.5),14,4,20322015,28,tri_fit,0.8336534885368696;-0.6741331269898028;0.9404503801463915;1.3163053139939749,1.235165693934584e-5,1.0272422413309874,1.9888090926560738,0.3693766937627085,0.7029098393961409,0.7650451090570967,0.5883508530066309,0.17669425605046574,0.5883508530066309,0.17669425605046574
WS(k=4;b=0.5),14,4,20322015,28,norm_init,14.0;1.0;1.0,0.00011440612659895897,0.3700818577350303,0.07867960096424768,0.37008185416799494,0.07867960071036209,0.7650451090570967,0.6086956521739132,0.15634945688318347,0.6086956521739132,0.15634945688318347
WS(k=4;b=0.5),14,4,20322015,28,norm_25,14.297812731978189;5.729684936822743;6.380244636288994,8.284934591848426e-6,0.2654242758165962,0.7049453652451022,0.2659192291557939,0.706423395557089,0.7650451090570967,0.6086956521739131,0.15634945688318358,0.6086956521739131,0.15634945688318358
WS(k=4;b=0.5),14,4,20322015,28,norm_50,14.297830385645886;5.730126216574546;6.3803522969732,8.28493455711822e-6,0.2654575731801524,0.7050608613389631,0.26595270283799155,0.7065394443538583,0.7650451090570967,0.6086956521739131,0.15634945688318358,0.6086956521739131,0.15634945688318358
WS(k=4;b=0.5),14,4,20322015,28,norm_fit,14.297830384257711;5.730126226024852;6.380352300139372,8.284934557118219e-6,0.2654575739478129,0.7050608639831774,0.26595270360976914,0.7065394470109573,0.7650451090570967,0.6086956521739131,0.15634945688318358,0.6086956521739131,0.15634945688318358
WS(k=4;b=0.5),14,5,20322016,28,emp,-,0.0,0.0,0.0,5.732832603734899e-18,2.3219161564214657e-18,0.8353963978026255,0.8004137610178892,0.03498263678473634,0.8004137610178892,0.03498263678473634
WS(k=4;b=0.5),14,5,20322016,28,paper,-,1.0421424142120635e-5,13320.569336324637,47285.74297225234,0.052046116287488446,0.10882543834205241,0.8353963978026255,0.8290584193202646,0.006337978482360951,0.7719029414332231,0.0634934563694024
WS(k=4;b=0.5),14,5,20322016,28,tri_init,0.0;0.0;1.0;1.0,1.4024747124045763e-5,1.0301651604491548,1.9206308879876859,0.41162292457329136,0.7597101357613602,0.8353963978026255,0.7636846326409451,0.07171176516168043,0.7636846326409451,0.07171176516168043
WS(k=4;b=0.5),14,5,20322016,28,tri_25,6.616637358031256;2.034057666287295;1.3791401651952977;1.0495549148508394,1.2950108843951248e-5,1.0274656225305936,2.057155964153359,0.349684971510964,0.6938331567507589,0.8353963978026255,0.5999329650584345,0.23546343274419101,0.5999329650584345,0.23546343274419101
WS(k=4;b=0.5),14,5,20322016,28,tri_50,6.615718707615689;2.0339885015223915;1.3791335491477;1.0495694710821646,1.295010884210543e-5,1.0274667304815503,2.0571613319190045,0.3496840472528327,0.6938323719626078,0.8353963978026255,0.5999329650584345,0.23546343274419101,0.5999329650584345,0.23546343274419101
WS(k=4;b=0.5),14,5,20322016,28,tri_fit,6.614404723978003;2.0338215131432986;1.379112924640612;1.0495958552962639,1.2950108839630125e-5,1.0274681654238704,2.057166957586924,0.34968338227038714,0.6938319547566982,0.8353963978026255,0.5999329650584345,0.23546343274419101,0.5999329650584345,0.23546343274419101
WS(k=4;b=0.5),14,5,20322016,28,norm_init,14.0;1.0;1.0,0.00012087696307317969,0.3677946016179955,0.06011287848168217,0.36779459804675324,0.060112878194172444,0.8353963978026255,0.6666666666666669,0.16872973113595868,0.6666666666666669,0.16872973113595868
WS(k=4;b=0.5),14,5,20322016,28,norm_25,14.292555132000794;6.400688169873767;7.273803546951224,9.967841958994833e-6,0.3659824447769248,1.0484286102994838,0.3673137427207555,1.052542204401884,0.8353963978026255,0.6666666666666666,0.1687297311359589,0.6666666666666666,0.1687297311359589
WS(k=4;b=0.5),14,5,20322016,28,norm_50,14.292986679274536;6.421875052093001;7.265291026329664,9.96780312372095e-6,0.3667675418331157,1.0513650723806491,0.3681049109590869,1.055499117017528,0.8353963978026255,0.6666666666666666,0.1687297311359589,0.6666666666666666,0.1687297311359589
WS(k=4;b=0.5),14,5,20322016,28,norm_fit,14.292986466639487;6.42187311086223;7.265293179164133,9.967803123719809e-6,0.36676756569100677,1.0513651268264657,0.3681049353804444,1.055499173143148,0.8353963978026255,0.6666666666666666,0.1687297311359589,0.6666666666666666,0.1687297311359589
WS(k=4;b=0.5),14,6,20322017,28,emp,-,0.0,0.0,0.0,7.949604296538545e-18,2.8345200454169195e-18,0.804495259548774,0.7724546533511529,0.03204060619762106,0.7724546533511529,0.03204060619762106
WS(k=4;b=0.5),14,6,20322017,28,paper,-,9.070654178251042e-6,13320.569267100955,53418.33467067854,0.04853294297822959,0.11742599342240304,0.804495259548774,0.7915042496220779,0.012991009926696107,0.7532529243346382,0.05124233521413579
WS(k=4;b=0.5),14,6,20322017,28,tri_init,0.0;0.0;1.0;1.0,1.3185059251219208e-5,1.027815952716039,1.840003788722921,0.40920857765212587,0.7284196942966007,0.804495259548774,0.7298932865388295,0.07460197300994453,0.7298932865388295,0.07460197300994453
WS(k=4;b=0.5),14,6,20322017,28,tri_25,1.2483326961001193;0.1180327066394701;1.0828768253691017;1.2426740739563231,1.2501175256941307e-5,1.0283800469791509,1.9434930787075217,0.36009158706892136,0.6775033633686068,0.804495259548774,0.5939331240568427,0.21056213549193126,0.5939331240568427,0.21056213549193126
WS(k=4;b=0.5),14,6,20322017,28,tri_50,1.24520049585792;0.11758742260971354;1.082803414936322;1.2427338017837413,1.2501175248307993e-5,1.0283828936513655,1.9434910915109647,0.3600932427607281,0.6775039690875265,0.804495259548774,0.5939331240568427,0.21056213549193126,0.5939331240568427,0.21056213549193126
WS(k=4;b=0.5),14,6,20322017,28,tri_fit,1.2410470063688284;0.11746526478298272;1.0827878499293007;1.2427553998744039,1.2501175236987304e-5,1.0283872099657025,1.9435012211072362,0.3600924864754795,0.6775032259623984,0.804495259548774,0.5939331240568427,0.21056213549193126,0.5939331240568427,0.21056213549193126
WS(k=4;b=0.5),14,6,20322017,28,norm_init,14.0;1.0;1.0,0.00011664681380567681,0.3671791036186315,0.10187876021833198,0.3671791000472514,0.10187875951647972,0.804495259548774,0.6363636363636366,0.1681316231851374,0.6363636363636366,0.1681316231851374
WS(k=4;b=0.5),14,6,20322017,28,norm_25,14.11874514742836;5.749877577524049;8.114539630683616,9.18786656886641e-6,0.39386362764183075,0.892363259091569,0.39569512050841693,0.8968230675252838,0.804495259548774,0.6363636363636364,0.16813162318513764,0.6363636363636364,0.16813162318513764
WS(k=4;b=0.5),14,6,20322017,28,norm_50,14.206591512510027;6.030768049546619;6.848061006957373,9.064556567948218e-6,0.31155016256880613,0.6799343041169224,0.31238738597195076,0.681924782219505,0.804495259548774,0.6363636363636364,0.16813162318513764,0.6363636363636364,0.16813162318513764
WS(k=4;b=0.5),14,6,20322017,28,norm_fit,14.20607940609704;6.063404318918182;6.844467942898493,9.064437553910791e-6,0.3133496701497619,0.6851691155103898,0.3141990580749729,0.6871906929682503,0.804495259548774,0.6363636363636364,0.16813162318513764,0.6363636363636364,0.16813162318513764
WS(k=4;b=0.5),14,7,20322018,28,emp,-,0.0,0.0,0.0,4.8349508894373825e-18,1.0971354589302191e-17,0.7206995028372805,0.6847525788349997,0.03594692400228072,0.6847525788349997,0.03594692400228072
WS(k=4;b=0.5),14,7,20322018,28,paper,-,6.528579949435248e-6,13320.568052619488,53418.33145232696,0.04604268515052075,0.10372897021197891,0.7206995028372805,0.7019778166775146,0.018721686159765882,0.6745635124215156,0.04613599041576488
WS(k=4;b=0.5),14,7,20322018,28,tri_init,0.0;0.0;1.0;1.0,1.200325632308314e-5,1.0270583552192927,1.8225385871834832,0.40905282106287205,0.7120646270343486,0.7206995028372805,0.6440119924317098,0.07668751040557065,0.6440119924317098,0.07668751040557065
WS(k=4;b=0.5),14,7,20322018,28,tri_25,0.6007457365047582;-1.1790176213691623;0.8768382439602558;1.3223869892241629,1.1755710683766448e-5,1.0267240919912624,1.8896784317041193,0.37755743137658276,0.6807651130966278,0.7206995028372805,0.5784044698699446,0.1422950329673358,0.5784044698699446,0.1422950329673358
WS(k=4;b=0.5),14,7,20322018,28,tri_50,0.6000064930295268;-1.1791239484148273;0.8768214819781538;1.3224063857268675,1.1755710681025005e-5,1.0267248083257652,1.889679639569776,0.3775570188324885,0.680764315838668,0.7206995028372805,0.5784044698699446,0.1422950329673358,0.5784044698699446,0.1422950329673358
WS(k=4;b=0.5),14,7,20322018,28,tri_fit,0.599464033480674;-1.1792724267773305;0.8767955752239396;1.322419439306425,1.1755710678337653e-5,1.026725186019132,1.8896752155270897,0.37755886206415157,0.6807658423537949,0.7206995028372805,0.5784044698699446,0.1422950329673358,0.5784044698699446,0.1422950329673358
WS(k=4;b=0.5),14,7,20322018,28,norm_init,14.0;1.0;1.0,0.00011043483982122798,0.37081181108932987,0.12409504892120596,0.3708118075244389,0.12409504827311742,0.7206995028372805,0.5600000000000002,0.1606995028372803,0.5600000000000002,0.1606995028372803
WS(k=4;b=0.5),14,7,20322018,28,norm_25,14.121963618508932;5.524927734235533;6.1405059666096875,7.190352945389749e-6,0.2382448594628351,0.47702108745596583,0.23859926616438001,0.4778233396169634,0.7206995028372805,0.56,0.1606995028372804,0.56,0.1606995028372804
WS(k=4;b=0.5),14,7,20322018,28,norm_50,14.121963716492644;5.524926762769172;6.140506263349282,7.19035294538959e-6,0.23824482178382722,0.4770209773531126,0.23859922834860364,0.4778232291756464,0.7206995028372805,0.56,0.1606995028372804,0.56,0.1606995028372804
WS(k=4;b=0.5),14,7,20322018,28,norm_fit,14.121963716492644;5.524926762769172;6.140506263349282,7.19035294538959e-6,0.23824482178382722,0.4770209773531126,0.23859922834860364,0.4778232291756464,0.7206995028372805,0.56,0.1606995028372804,0.56,0.1606995028372804
WS(k=4;b=0.5),14,8,20322019,28,emp,-,0.0,0.0,0.0,3.703333832376359e-18,4.84869951806108e-18,0.8026195314339494,0.7712236062855182,0.03139592514843115,0.7712236062855182,0.03139592514843115
WS(k=4;b=0.5),14,8,20322019,28,paper,-,9.085003412137674e-6,13320.569256881667,53418.334664905255,0.04899454163948299,0.11749601702290939,0.8026195314339494,0.7982766522498396,0.004342879184109805,0.7426099844019767,0.0600095470319727
WS(k=4;b=0.5),14,8,20322019,28,tri_init,0.0;0.0;1.0;1.0,1.3124497186466917e-5,1.0279941784705167,1.8393559304075924,0.40938768519896385,0.7278389737026333,0.8026195314339494,0.7294506802517025,0.07316885118224692,0.7294506802517025,0.07316885118224692
WS(k=4;b=0.5),14,8,20322019,28,tri_25,0.06478737682964564;2.0077839747420896;1.3563830628321416;0.9828634422188677,1.2386372074827479e-5,1.030260413549027,1.9495830970722896,0.35877680346584045,0.6750653273226654,0.8026195314339494,0.5938352951537211,0.20878423628022824,0.5938352951537211,0.20878423628022824
WS(k=4;b=0.5),14,8,20322019,28,tri_50,0.0634850865943999;2.0077236954047115;1.3563705080138668;0.9828690924316854,1.2386372071527562e-5,1.0302615751109956,1.9495821400963833,0.35877763826684755,0.6750658212866743,0.8026195314339494,0.5938352951537211,0.20878423628022824,0.5938352951537211,0.20878423628022824
WS(k=4;b=0.5),14,8,20322019,28,tri_fit,0.06303723634695745;2.007666537249522;1.35636568222023;0.9828758643033843,1.2386372070203723e-5,1.0302620709059254,1.9495852168271988,0.35877741910457756,0.6750661277770268,0.8026195314339494,0.5938352951537211,0.20878423628022824,0.5938352951537211,0.20878423628022824
WS(k=4;b=0.5),14,8,20322019,28,norm_init,14.0;1.0;1.0,0.00011799923815232346,0.368255212385254,0.10280098219682632,0.3682552088131105,0.10280098150074517,0.8026195314339494,0.6363636363636366,0.1662558950703128,0.6363636363636366,0.1662558950703128
WS(k=4;b=0.5),14,8,20322019,28,norm_25,14.252421163456109;6.128716391795913;6.94404782419816,9.045413284780306e-6,0.32428449547932786,0.7161538922588788,0.3252251645559186,0.7184059452703049,0.8026195314339494,0.6363636363636364,0.16625589507031302,0.6363636363636364,0.16625589507031302
WS(k=4;b=0.5),14,8,20322019,28,norm_50,14.25233414464732;6.1287412564263635;6.944935730032135,9.045413199096011e-6,0.3243470746989189,0.7163222239187192,0.3252883279614827,0.7185757391291484,0.8026195314339494,0.6363636363636364,0.16625589507031302,0.6363636363636364,0.16625589507031302
WS(k=4;b=0.5),14,8,20322019,28,norm_fit,14.25233414464732;6.1287412564263635;6.944935730032135,9.045413199096011e-6,0.3243470746989189,0.7163222239187192,0.3252883279614827,0.7185757391291484,0.8026195314339494,0.6363636363636364,0.16625589507031302,0.6363636363636364,0.16625589507031302
WS(k=4;b=0.5),14,9,20322020,28,emp,-,0.0,0.0,0.0,1.0195209135553727e-17,7.688429551114033e-18,0.8109093314943961,0.7747038144965185,0.03620551699787766,0.7747038144965185,0.03620551699787766
WS(k=4;b=0.5),14,9,20322020,28,paper,-,9.00653864615423e-6,13320.569271503864,53418.334666294686,0.047967039345519,0.11746343179385929,0.8109093314943961,0.7996290020152501,0.011280329479146034,0.7546291149172898,0.05628021657710636
WS(k=4;b=0.5),14,9,20322020,28,tri_init,0.0;0.0;1.0;1.0,1.3049556534799541e-5,1.0282559699249492,1.8396982113532423,0.4095093342564754,0.7281366302371874,0.8109093314943961,0.7306460207630449,0.08026331073135129,0.7306460207630449,0.08026331073135129
WS(k=4;b=0.5),14,9,20322020,28,tri_25,12.229350512962323;3.542897772520568;1.5809099381530543;0.7579199092747371,1.2378763699064126e-5,1.0182831318494039,1.929508918392264,0.35899437661248057,0.6765200390860664,0.8109093314943961,0.5940130901808839,0.21689624131351226,0.5940130901808839,0.21689624131351226
WS(k=4;b=0.5),14,9,20322020,28,tri_50,12.229130522328324;3.542872703689079;1.5809056131819004;0.7579221146456486,1.2378763698464383e-5,1.0182833076680515,1.9295085288248217,0.35899463947544746,0.6765202830025804,0.8109093314943961,0.5940130901808839,0.21689624131351226,0.5940130901808839,0.21689624131351226
WS(k=4;b=0.5),14,9,20322020,28,tri_fit,12.229083213642545;3.5428916773445405;1.5809082444598836;0.7579190243119406,1.237876369834513e-5,1.0182833451042397,1.9295084938361582,0.35899469701161024,0.6765203541684847,0.8109093314943961,0.5940130901808839,0.21689624131351226,0.5940130901808839,0.21689624131351226
WS(k=4;b=0.5),14,9,20322020,28,norm_init,14.0;1.0;1.0,0.00011790672677493396,0.36701882758458615,0.10207071051600348,0.3670188240111502,0.10207070981666873,0.8109093314943961,0.6363636363636366,0.17454569513075957,0.6363636363636366,0.17454569513075957
WS(k=4;b=0.5),14,9,20322020,28,norm_25,14.182893088549294;6.10804920274449;6.927786840670883,8.998922196718558e-6,0.3205820233071638,0.7087701526030743,0.32150330699061547,0.7109714564809382,0.8109093314943961,0.6363636363636364,0.1745456951307598,0.6363636363636364,0.1745456951307598
WS(k=4;b=0.5),14,9,20322020,28,norm_50,14.18289765352439;6.108130647936372;6.92763571860868,8.998922194009215e-6,0.32057678804376954,0.7087571147872365,0.32149801371262493,0.710958275925944,0.8109093314943961,0.6363636363636364,0.1745456951307598,0.6363636363636364,0.1745456951307598
WS(k=4;b=0.5),14,9,20322020,28,norm_fit,14.182897042418785;6.108147913694757;6.927636950993626,8.998922193964163e-6,0.32057796277207573,0.7087604882842707,0.3214991972871518,0.710961671993178,0.8109093314943961,0.6363636363636364,0.1745456951307598,0.6363636363636364,0.1745456951307598
WS(k=4;b=0.5),14,10,20322021,28,emp,-,0.0,0.0,0.0,4.8797745785479944e-18,7.757919228897728e-18,0.7746628198625984,0.7407018774705096,0.0339609423920888,0.7407018774705096,0.0339609423920888
WS(k=4;b=0.5),14,10,20322021,28,paper,-,7.830850682577006e-6,13320.56909820695,53418.33435565451,0.04546974704691728,0.11248842571373857,0.7746628198625984,0.7636103947299351,0.011052425132663357,0.7274701137295019,0.04719270613309656
WS(k=4;b=0.5),14,10,20322021,28,tri_init,0.0;0.0;1.0;1.0,1.2621073899392514e-5,1.026137416883454,1.833537309895568,0.40752851086622116,0.7223566289275863,0.7746628198625984,0.6987582473089173,0.0759045725536811,0.6987582473089173,0.0759045725536811
WS(k=4;b=0.5),14,10,20322021,28,tri_25,1.5749200034764055;-0.8590296454265091;0.9246310423075262;1.317869803224861,1.2216225454218686e-5,1.0254390352178608,1.9102415381021427,0.3698465740416711,0.6836093010171912,0.7746628198625984,0.6086956521739131,0.16596716768868536,0.6086956521739131,0.16596716768868536
WS(k=4;b=0.5),14,10,20322021,28,tri_50,1.57221801791238;-0.8590148667689933;0.9246040795128845;1.317838293151908,1.2216225425017094e-5,1.0254405205492112,1.9102188852763384,0.36985438798147663,0.6836147238576503,0.7746628198625984,0.6086956521739131,0.16596716768868536,0.6086956521739131,0.16596716768868536
WS(k=4;b=0.5),14,10,20322021,28,tri_fit,1.5707880311097564;-0.8589564982498585;0.9246009437237284;1.3178139281487775,1.2216225419312966e-5,1.0254414380957155,1.9102098203997881,0.3698580945453407,0.6836177390893035,0.7746628198625984,0.6086956521739131,0.16596716768868536,0.6086956521739131,0.16596716768868536
WS(k=4;b=0.5),14,10,20322021,28,norm_init,14.0;1.0;1.0,0.00011215820108375642,0.36794063159511453,0.11052725531212984,0.36794062802215,0.11052725463274256,0.7746628198625984,0.6086956521739131,0.16596716768868536,0.6086956521739131,0.16596716768868536
WS(k=4;b=0.5),14,10,20322021,28,norm_25,14.15558910622968;5.727840511916912;6.388198131479365,8.16571871561342e-6,0.26162564564329704,0.5481109340436873,0.26212405937970407,0.5492621074503102,0.7746628198625984,0.6086956521739131,0.16596716768868536,0.6086956521739131,0.16596716768868536
WS(k=4;b=0.5),14,10,20322021,28,norm_50,14.155476868047996;5.724075088807478;6.3922218421409,8.165716015571531e-6,0.2616562585316041,0.548139163704104,0.2621551393668302,0.5492914145928756,0.7746628198625984,0.6086956521739131,0.16596716768868536,0.6086956521739131,0.16596716768868536
WS(k=4;b=0.5),14,10,20322021,28,norm_fit,14.155476868047996;5.724075088807478;6.3922218421409,8.165716015571531e-6,0.2616562585316041,0.548139163704104,0.2621551393668302,0.5492914145928756,0.7746628198625984,0.6086956521739131,0.16596716768868536,0.6086956521739131,0.16596716768868536
3-regular,12,1,20331812,18,emp,-,0.0,0.0,0.0,7.528817791265497e-18,4.499765570884099e-18,0.7787472787996472,0.7299985733677109,0.04874870543193632,0.7299985733677109,0.04874870543193632
3-regular,12,1,20331812,18,paper,-,9.225830632648569e-5,1445.0007575161599,4826.467767013955,0.07293248241263871,0.11107586823760746,0.7787472787996472,0.7745490344521302,0.004198244347517033,0.7356121133140124,0.043135165485634785
3-regular,12,1,20331812,18,tri_init,0.0;0.0;1.0;1.0,0.00010085958937274641,0.5414965768286741,0.8862745068177207,0.28587781144676117,0.44114400220793043,0.7787472787996472,0.7072901673674203,0.07145711143222688,0.7072901673674203,0.07145711143222688
3-regular,12,1,20331812,18,tri_25,0.23123330988400226;0.013426823817976634;1.0317341562370808;1.0272391266516192,0.00010081185622895355,0.5416215143043983,0.9011897723139035,0.27938913589211106,0.43711850455434953,0.7787472787996472,0.7072901673674203,0.07145711143222688,0.7072901673674203,0.07145711143222688
3-regular,12,1,20331812,18,tri_50,0.2210317774236685;0.011396460905848312;1.0325108209681773;1.0287120006704296,0.00010081168393617815,0.5416732906314983,0.9018173579647454,0.2791575730737533,0.4369732211193061,0.7787472787996472,0.6929434757021129,0.08580380309753433,0.6929434757021129,0.08580380309753433
3-regular,12,1,20331812,18,tri_fit,0.22103184234358517;0.011396458559574963;1.0325108229307185;1.0287120034885087,0.00010081168393604772,0.5416732905532655,0.90181735896108,0.2791575725809429,0.4369732208069222,0.7787472787996472,0.6929434757021129,0.08580380309753433,0.6929434757021129,0.08580380309753433
3-regular,12,1,20331812,18,norm_init,9.0;1.0;1.0,0.00024029214857835244,0.3477016951474829,0.18812859482664265,0.3477016920576915,0.18812859388589115,0.7787472787996472,0.5625,0.21624727879964722,0.5625,0.21624727879964722
3-regular,12,1,20331812,18,norm_25,8.983005435440026;4.289804075527135;4.70826869205898,9.191622210631757e-5,0.19365043512624416,0.31147276647975947,0.1938759228593482,0.31190381501038683,0.7787472787996472,0.5625,0.21624727879964722,0.5625,0.21624727879964722
3-regular,12,1,20331812,18,norm_50,8.983046559484608;4.290199023008218;4.708501909319515,9.191622193660164e-5,0.19368159632624185,0.3115451820857112,0.19390723250676153,0.31197654246944495,0.7787472787996472,0.5625,0.21624727879964722,0.5625,0.21624727879964722
3-regular,12,1,20331812,18,norm_fit,8.983046559484608;4.290199023008218;4.708501909319515,9.191622193660164e-5,0.19368159632624185,0.3115451820857112,0.19390723250676153,0.31197654246944495,0.7787472787996472,0.5625,0.21624727879964722,0.5625,0.21624727879964722
3-regular,12,2,20331813,18,emp,-,0.0,0.0,0.0,1.381987481675433e-17,1.2728413447955003e-17,0.7593243118970203,0.7225597304147681,0.036764581482252257,0.7225597304147681,0.036764581482252257
3-regular,12,2,20331813,18,paper,-,8.887116484812419e-5,1445.001150196257,4826.467765552726,0.06873880161024264,0.1110894769515493,0.7593243118970203,0.7499600755812449,0.009364236315775432,0.7103309179324604,0.04899339396455993
3-regular,12,2,20331813,18,tri_init,0.0;0.0;1.0;1.0,9.599357139598337e-5,0.5392672416239496,0.8847449468514023,0.2831456564885516,0.4397876105047428,0.7593243118970203,0.6891185672326261,0.07020574466439422,0.6891185672326261,0.07020574466439422
3-regular,12,2,20331813,18,tri_25,0.09421835018644456;-1.5547328381687557;0.7875860351116583;1.3342763211467779,9.582154122127185e-5,0.5393022307551937,0.9103374547630839,0.2697944402167813,0.4291561124579176,0.7593243118970203,0.6580269239650328,0.1012973879319875,0.6580269239650328,0.1012973879319875
3-regular,12,2,20331813,18,tri_50,0.09118218289369155;-1.5548375369304677;0.787557150251657;1.3343052756083909,9.582154102581997e-5,0.539307898194357,0.910344145651801,0.2697941627417023,0.429153988954905,0.7593243118970203,0.6580269239650328,0.1012973879319875,0.6580269239650328,0.1012973879319875
3-regular,12,2,20331813,18,tri_fit,0.08921383436092131;-1.555235453263053;0.7875097809453969;1.3343704089800532,9.582154087247482e-5,0.539313075639044,0.910360546507862,0.2697927377828193,0.4291548918854177,0.7593243118970203,0.6580269239650328,0.1012973879319875,0.6580269239650328,0.1012973879319875
3-regular,12,2,20331813,18,norm_init,9.0;1.0;1.0,0.00025308748658409136,0.34993288071109047,0.19005417872403155,0.3499328776124206,0.19005417778602066,0.7593243118970203,0.5625,0.19682431189702032,0.5625,0.19682431189702032
3-regular,12,2,20331813,18,norm_25,9.097106916430853;4.4551856944335215;5.231492462011579,8.818331554332056e-5,0.21926254811987922,0.3799672668886322,0.21967824341981818,0.38080010340925163,0.7593243118970203,0.5625,0.19682431189702032,0.5625,0.19682431189702032
3-regular,12,2,20331813,18,norm_50,9.097106361324139;4.455181317330695;5.231495574892608,8.818331554330803e-5,0.2192624120547286,0.3799669039231276,0.21967810677703242,0.3807997391235148,0.7593243118970203,0.5625,0.19682431189702032,0.5625,0.19682431189702032
3-regular,12,2,20331813,18,norm_fit,9.097106361324139;4.455181317330695;5.231495574892608,8.818331554330803e-5,0.2192624120547286,0.3799669039231276,0.21967810677703242,0.3807997391235148,0.7593243118970203,0.5625,0.19682431189702032,0.5625,0.19682431189702032
3-regular,12,3,20331814,18,emp,-,0.0,0.0,0.0,8.626628018795684e-18,9.276900353004592e-18,0.7683345720563706,0.7262791518912394,0.042055420165131197,0.7262791518912394,0.042055420165131197
3-regular,12,3,20331814,18,paper,-,9.007520074779604e-5,1445.0010136062035,4826.4677477073665,0.0694985116606129,0.11106674119325943,0.7683345720563706,0.7622545550166875,0.006080017039683083,0.7262791518912394,0.042055420165131197
3-regular,12,3,20331814,18,tri_init,0.0;0.0;1.0;1.0,9.807952694490971e-5,0.540021543071977,0.8855797267045056,0.28391702669468166,0.4405333745965667,0.7683345720563706,0.6910310214673696,0.07730355058900096,0.6910310214673696,0.07730355058900096
3-regular,12,3,20331814,18,tri_25,0.9181026808284686;-0.20247110734462115;1.010475521174013;1.079271642868517,9.799441219760459e-5,0.538969484179017,0.9056203409520449,0.2741679818945635,0.4343942226500978,0.7683345720563706,0.6910310214673696,0.07730355058900096,0.6910310214673696,0.07730355058900096
3-regular,12,3,20331814,18,tri_50,0.9165972052404178;-0.20238709974632116;1.0105426886388893;1.0792834441348793,9.799441207739208e-5,0.5389749669420467,0.9056524207289907,0.2741605196831655,0.43439191845820346,0.7683345720563706,0.6910310214673696,0.07730355058900096,0.6910310214673696,0.07730355058900096
3-regular,12,3,20331814,18,tri_fit,0.9123547971637503;-0.20246212497287758;1.0105112819331357;1.0793353591913595,9.799441179046715e-5,0.5389818087046696,0.9056611912578432,0.27415760835951586,0.4343851068332018,0.7683345720563706,0.6910310214673696,0.07730355058900096,0.6910310214673696,0.07730355058900096
3-regular,12,3,20331814,18,norm_init,9.0;1.0;1.0,0.0002452479941346504,0.34832016175149905,0.18908564181379678,0.34832015865492905,0.1890856408741321,0.7683345720563706,0.5625,0.20583457205637057,0.5625,0.20583457205637057
3-regular,12,3,20331814,18,norm_25,9.023026059161818;4.366538685308396;4.928524283275065,8.965486714077809e-5,0.2029521085763325,0.34061901062037986,0.20324848591035682,0.34119874509205733,0.7683345720563706,0.5625,0.20583457205637057,0.5625,0.20583457205637057
3-regular,12,3,20331814,18,norm_50,9.02380904458247;4.360246590622709;4.937952496919744,8.965482034167041e-5,0.20292930276182414,0.3405024705112021,0.20322613153166272,0.34108306924120857,0.7683345720563706,0.5625,0.20583457205637057,0.5625,0.20583457205637057
3-regular,12,3,20331814,18,norm_fit,9.02380398853882;4.3603501263551685;4.937803075766719,8.96548203302161e-5,0.20292987372097215,0.3405048471950855,0.20322669632672855,0.3410854343759618,0.7683345720563706,0.5625,0.20583457205637057,0.5625,0.20583457205637057
3-regular,12,4,20331815,18,emp,-,0.0,0.0,0.0,1.1072583079339913e-17,1.6695305342130786e-17,0.809945932690155,0.770730379109086,0.039215553581068985,0.770730379109086,0.039215553581068985
3-regular,12,4,20331815,18,paper,-,8.914861551099702e-5,1445.0038078094394,4826.474636013745,0.07231612732882396,0.12717662810074656,0.809945932690155,0.7999595193675084,0.009986413322646603,0.757686312461291,0.05225962022886399
3-regular,12,4,20331815,18,tri_init,0.0;0.0;1.0;1.0,9.431037221886693e-5,0.5410477910109149,0.9041317403659125,0.2840514020826222,0.4577858536927972,0.809945932690155,0.7350598050481346,0.0748861276420204,0.7350598050481346,0.0748861276420204
3-regular,12,4,20331815,18,tri_25,0.20094106122311067;-0.020035371112837774;1.074363772182433;1.1253149567098084,9.393965802975393e-5,0.5417287237009266,0.9458627187459367,0.26337879208481413,0.4412370758054047,0.809945932690155,0.6832844509604221,0.1266614817297329,0.6832844509604221,0.1266614817297329
3-regular,12,4,20331815,18,tri_50,0.1907462634423577;-0.02039577924409843;1.0743051526101794;1.125373317707536,9.393965763188476e-5,0.5417505875864843,0.9459029277114366,0.2633789035770199,0.4412375147076773,0.809945932690155,0.6832844509604221,0.1266614817297329,0.6832844509604221,0.1266614817297329
3-regular,12,4,20331815,18,tri_fit,0.18918763173242764;-0.02066106755662265;1.0742590911677456;1.125409957649142,9.393965757373247e-5,0.5417539067106869,0.9459077784386272,0.2633797940211464,0.441238552389734,0.809945932690155,0.6832844509604221,0.1266614817297329,0.6832844509604221,0.1266614817297329
3-regular,12,4,20331815,18,norm_init,9.0;1.0;1.0,0.00025017151153226743,0.3446383446966537,0.1692945338159243,0.3446383415929203,0.16929453285878576,0.809945932690155,0.6,0.20994593269015505,0.6,0.20994593269015505
3-regular,12,4,20331815,18,norm_25,9.095808447130693;5.389916217286849;5.001653686712414,8.736759605994911e-5,0.26981120186533586,0.5001420986204476,0.2707108235344282,0.5020391609190615,0.809945932690155,0.6,0.20994593269015505,0.6,0.20994593269015505
3-regular,12,4,20331815,18,norm_50,9.07541598045935;4.749953842906885;5.456216927392554,8.721028737392293e-5,0.24143320732198548,0.4283588180772686,0.2420722066444576,0.42967765450016276,0.809945932690155,0.6,0.20994593269015505,0.6,0.20994593269015505
3-regular,12,4,20331815,18,norm_fit,9.075415405372603;4.74996237885197;5.456211825782507,8.721028737388731e-5,0.24143354006281292,0.4283596863393987,0.2420725416599932,0.4296785279140678,0.809945932690155,0.6,0.20994593269015505,0.6,0.20994593269015505
3-regular,12,5,20331816,18,emp,-,0.0,0.0,0.0,8.76901621403099e-18,7.152448122690996e-18,0.8004870597820309,0.76676299620085,0.03372406358118096,0.76676299620085,0.03372406358118096
3-regular,12,5,20331816,18,paper,-,8.9973803741052e-5,1445.0037882137196,4826.474634024638,0.06988984475128729,0.12722167396326164,0.8004870597820309,0.7970495990004778,0.003437460781553159,0.754430249777571,0.046056810004459936
3-regular,12,5,20331816,18,tri_init,0.0;0.0;1.0;1.0,9.78918229514237e-5,0.5396082672618964,0.9039065972315237,0.2838409816644704,0.45760240994279633,0.8004870597820309,0.733019853864408,0.0674672059176229,0.733019853864408,0.0674672059176229
3-regular,12,5,20331816,18,tri_25,0.697966283271412;1.7482422875959274;1.2778922158040502;0.7987089962135997,9.753488979489647e-5,0.5348078550080841,0.9005604038037135,0.27324115243796504,0.44259875488465383,0.8004870597820309,0.6427848312295308,0.15770222855250016,0.6427848312295308,0.15770222855250016
3-regular,12,5,20331816,18,tri_50,0.6928093499703286;1.7478329138845197;1.2777786360420857;0.7986912850204918,9.75348893329596e-5,0.534817382752619,0.9005568119848554,0.2732542456164392,0.442611221054136,0.8004870597820309,0.6427848312295308,0.15770222855250016,0.6427848312295308,0.15770222855250016
3-regular,12,5,20331816,18,tri_fit,0.6914038714831428;1.7474427742630816;1.2777243765189532;0.7987482478548578,9.753488925848916e-5,0.534821001936841,0.9005657327711221,0.27325444489216255,0.4426126954943201,0.8004870597820309,0.6427848312295308,0.15770222855250016,0.6427848312295308,0.15770222855250016
3-regular,12,5,20331816,18,norm_init,9.0;1.0;1.0,0.00024770084806948807,0.3510263924342999,0.16982916876176327,0.3510263893374113,0.16982916780500765,0.8004870597820309,0.6,0.20048705978203096,0.6,0.20048705978203096
3-regular,12,5,20331816,18,norm_25,9.131389357180682;4.390567449346417;5.00934886470753,8.946639473197225e-5,0.20856983236165838,0.3350141040121742,0.20889602135360477,0.3356579782159623,0.8004870597820309,0.6,0.20048705978203096,0.6,0.20048705978203096
3-regular,12,5,20331816,18,norm_50,9.13139018016117;4.390350782118423;5.009642134770787,8.946639468781569e-5,0.20856847769519596,0.3350079775140607,0.20889467763495623,0.33565186901273797,0.8004870597820309,0.6,0.20048705978203096,0.6,0.20048705978203096
3-regular,12,5,20331816,18,norm_fit,9.13139018016117;4.390350782118423;5.009642134770787,8.946639468781569e-5,0.20856847769519596,0.3350079775140607,0.20889467763495623,0.33565186901273797,0.8004870597820309,0.6,0.20048705978203096,0.6,0.20048705978203096
3-regular,12,6,20331817,18,emp,-,0.0,0.0,0.0,9.832511574696622e-18,3.2276930391774928e-18,0.809945932690155,0.7818030871984611,0.02814284549169388,0.7818030871984611,0.02814284549169388
3-regular,12,6,20331817,18,paper,-,8.85810633064998e-5,1445.00384006005,5154.759393164438,0.07275462700978416,0.13585076242301802,0.809945932690155,0.7999595193675084,0.009986413322646603,0.757686312461291,0.05225962022886399
3-regular,12,6,20331817,18,tri_init,0.0;0.0;1.0;1.0,9.345216460546981e-5,0.541600338865639,0.9191208123322347,0.28467833610750254,0.4637112113837595,0.809945932690155,0.7350598050481345,0.07488612764202052,0.7350598050481345,0.07488612764202052
3-regular,12,6,20331817,18,tri_25,1.4287690774826476;-0.3744003133721415;1.0168414432089656;1.193557673143021,9.301631998603103e-5,0.5395944066686539,0.9564647370496816,0.26294837934080484,0.44489431761817777,0.809945932690155,0.683284450960422,0.12666148172973302,0.683284450960422,0.12666148172973302
3-regular,12,6,20331817,18,tri_50,1.4246663579582795;-0.3739027922000441;1.0169333503339522;1.1934736910245463,9.301631982990342e-5,0.5396036475026428,0.956485197269471,0.26294788156361043,0.44489491084052596,0.809945932690155,0.683284450960422,0.12666148172973302,0.683284450960422,0.12666148172973302
3-regular,12,6,20331817,18,tri_fit,1.4209938128946469;-0.37395053399484063;1.0169044141114505;1.1934722916170082,9.301631969285218e-5,0.5396104708542531,0.9564895498178421,0.26295024979175785,0.4448954833431851,0.809945932690155,0.683284450960422,0.12666148172973302,0.683284450960422,0.12666148172973302
3-regular,12,6,20331817,18,norm_init,9.0;1.0;1.0,0.0002534770432646521,0.34586263814051493,0.17169054385991214,0.34586263503658565,0.1716905429319519,0.809945932690155,0.6,0.20994593269015505,0.6,0.20994593269015505
3-regular,12,6,20331817,18,norm_25,9.089399021606225;4.7861487367590065;5.581714297818598,8.648007344814225e-5,0.24934787788349752,0.4165730323401124,0.25006597377914586,0.4179424428512565,0.809945932690155,0.6,0.20994593269015505,0.6,0.20994593269015505
3-regular,12,6,20331817,18,norm_50,9.089407399530078;4.786132382776886;5.581712129721649,8.648007344764423e-5,0.24934676990355178,0.41657058338779884,0.25006485543981183,0.4179399729668609,0.809945932690155,0.6,0.20994593269015505,0.6,0.20994593269015505
3-regular,12,6,20331817,18,norm_fit,9.089407399530078;4.786132382776886;5.581712129721649,8.648007344764423e-5,0.24934676990355178,0.41657058338779884,0.25006485543981183,0.4179399729668609,0.809945932690155,0.6,0.20994593269015505,0.6,0.20994593269015505
3-regular,12,7,20331818,18,emp,-,0.0,0.0,0.0,1.7124139209780687e-17,2.1987930133364046e-17,0.8004870597820309,0.7667629962008499,0.033724063581181074,0.7667629962008499,0.033724063581181074
3-regular,12,7,20331818,18,paper,-,8.969767774912316e-5,1445.0038365166072,4826.474632203038,0.06862020371182448,0.12722821053676905,0.8004870597820309,0.7970495990004777,0.00343746078155327,0.7401969115415622,0.060290148240468744
3-regular,12,7,20331818,18,tri_init,0.0;0.0;1.0;1.0,9.744033070261722e-5,0.5380156960230021,0.9037848865158262,0.282214847443329,0.4574903282585701,0.8004870597820309,0.7330198538644083,0.06746720591762267,0.7330198538644083,0.06746720591762267
3-regular,12,7,20331818,18,tri_25,0.18630200512387993;0.855731626918943;1.1298383682963182;0.9525474527877602,9.704489817381126e-5,0.5342740349594429,0.9029198772123096,0.2709631876443321,0.44172857410404043,0.8004870597820309,0.6427848312295306,0.15770222855250038,0.6427848312295306,0.15770222855250038
3-regular,12,7,20331818,18,tri_50,0.18294820812930163;0.8554814758318342;1.1298090529085825;0.952547199054538,9.704489789043902e-5,0.5342821389991137,0.9029346261374217,0.27096713330675515,0.4417352807902164,0.8004870597820309,0.6427848312295306,0.15770222855250038,0.6427848312295306,0.15770222855250038
3-regular,12,7,20331818,18,tri_fit,0.18105553450815343;0.8548548552243825;1.1296556605886405;0.9526418547959941,9.704489778028517e-5,0.5342837694386873,0.9029220778744236,0.2709716135483335,0.44173582852539833,0.8004870597820309,0.6427848312295306,0.15770222855250038,0.6427848312295306,0.15770222855250038
3-regular,12,7,20331818,18,norm_init,9.0;1.0;1.0,0.00024835098705071134,0.35014510696756124,0.16988836680764208,0.35014510387041137,0.16988836585146405,0.8004870597820309,0.6,0.20048705978203096,0.6,0.20048705978203096
3-regular,12,7,20331818,18,norm_25,9.149880202786704;4.404044988803402;5.054621827765472,8.914702773935222e-5,0.21022513801724607,0.3409166793467054,0.2105684809755487,0.3415968838075128,0.8004870597820309,0.6,0.20048705978203096,0.6,0.20048705978203096
3-regular,12,7,20331818,18,norm_50,9.149872364434124;4.404045889702256;5.054590328612495,8.914702773848938e-5,0.21022397695812636,0.34091407441228977,0.2105673111416595,0.34159426043819574,0.8004870597820309,0.6,0.20048705978203096,0.6,0.20048705978203096
3-regular,12,7,20331818,18,norm_fit,9.149872364434124;4.404045889702256;5.054590328612495,8.914702773848938e-5,0.21022397695812636,0.34091407441228977,0.2105673111416595,0.34159426043819574,0.8004870597820309,0.6,0.20048705978203096,0.6,0.20048705978203096
3-regular,12,8,20331819,18,emp,-,0.0,0.0,0.0,1.7124139209780687e-17,2.1987930133364046e-17,0.8004870597820307,0.76676299620085,0.03372406358118074,0.76676299620085,0.03372406358118074
3-regular,12,8,20331819,18,paper,-,8.969767774912316e-5,1445.0038365166072,4826.474632203038,0.06862020371182448,0.12722821053676905,0.8004870597820307,0.7970495990004778,0.0034374607815529368,0.7401969115415622,0.06029014824046852
3-regular,12,8,20331819,18,tri_init,0.0;0.0;1.0;1.0,9.744033070261722e-5,0.5380156960230021,0.9037848865158262,0.282214847443329,0.4574903282585701,0.8004870597820307,0.7330198538644084,0.06746720591762234,0.7330198538644084,0.06746720591762234
3-regular,12,8,20331819,18,tri_25,4.5785678176338935;1.1673996250358727;1.1818016394061246;0.9005764938654649,9.704521479348372e-5,0.5249745435919254,0.8865801270748389,0.27094128351024344,0.44166034348340166,0.8004870597820307,0.6427848312295307,0.15770222855250005,0.6427848312295307,0.15770222855250005
3-regular,12,8,20331819,18,tri_50,4.570092519298946;1.1684328893194187;1.181926107761066;0.900339524023806,9.704521422325737e-5,0.5249907061790381,0.8865896092883162,0.2709519776685436,0.4416694184156766,0.8004870597820307,0.6427848312295307,0.15770222855250005,0.6427848312295307,0.15770222855250005
3-regular,12,8,20331819,18,tri_fit,4.5585073229009145;1.167639204831247;1.1818162190564498;0.9005286696640961,9.704521330784818e-5,0.5250158258571839,0.8866446326000006,0.27094402816640545,0.4416613778450258,0.8004870597820307,0.6427848312295307,0.15770222855250005,0.6427848312295307,0.15770222855250005
3-regular,12,8,20331819,18,norm_init,9.0;1.0;1.0,0.00024835098705071134,0.35014510696756124,0.16988836680764208,0.35014510387041137,0.16988836585146405,0.8004870597820307,0.6,0.20048705978203074,0.6,0.20048705978203074
3-regular,12,8,20331819,18,norm_25,9.150333129443421;4.412998361120721;5.042408166300293,8.914710355998774e-5,0.21027554288479697,0.3411583854453956,0.21061836348224897,0.34183772538573926,0.8004870597820307,0.6,0.20048705978203074,0.6,0.20048705978203074
3-regular,12,8,20331819,18,norm_50,9.149872355264991;4.404045347395784;5.0545910908264045,8.914702773848949e-5,0.21022397489192504,0.3409140619900962,0.2105673091149084,0.34159424808476,0.8004870597820307,0.6,0.20048705978203074,0.6,0.20048705978203074
3-regular,12,8,20331819,18,norm_fit,9.149872355264991;4.404045347395784;5.0545910908264045,8.914702773848949e-5,0.21022397489192504,0.3409140619900962,0.2105673091149084,0.34159424808476,0.8004870597820307,0.6,0.20048705978203074,0.6,0.20048705978203074
3-regular,12,9,20331820,18,emp,-,0.0,0.0,0.0,6.96287971721484e-18,9.010137546323265e-19,0.7915140858487623,0.7627956132926139,0.028718472556148344,0.7627956132926139,0.028718472556148344
3-regular,12,9,20331820,18,paper,-,9.025514750681992e-5,1445.0038446154242,4826.474642051254,0.07015027667478674,0.12720881051825955,0.7915140858487623,0.7864359907297215,0.005078095119040782,0.7376196632171005,0.053894422631661776
3-regular,12,9,20331820,18,tri_init,0.0;0.0;1.0;1.0,9.80447803527059e-5,0.5386721011238028,0.9037299014290654,0.2832160041061311,0.4574354999759718,0.7915140858487623,0.7309799026806819,0.06053418316808035,0.7309799026806819,0.06053418316808035
3-regular,12,9,20331820,18,tri_25,1.8200562473860327;-0.4428606709123974;0.9073913274361384;1.1818554779126984,9.752205401112881e-5,0.5309892232988084,0.895260044034204,0.2708288951970684,0.4395410358779708,0.7915140858487623,0.6216066225561815,0.16990746329258077,0.6216066225561815,0.16990746329258077
3-regular,12,9,20331820,18,tri_50,1.8136061563176396;-0.4433694309604306;0.9073350528445974;1.1819635457400643,9.752205347910055e-5,0.5310041437095625,0.895296462128679,0.27082437316979535,0.43953816865447554,0.7915140858487623,0.6216066225561815,0.16990746329258077,0.6216066225561815,0.16990746329258077
3-regular,12,9,20331820,18,tri_fit,1.7888349617590302;-0.44400332100918893;0.9071718333203989;1.1819751345881329,9.752205204928654e-5,0.5310540574485685,0.8953604242654224,0.27083896939067026,0.43955184140298664,0.7915140858487623,0.6216066225561815,0.16990746329258077,0.6216066225561815,0.16990746329258077
3-regular,12,9,20331820,18,norm_init,9.0;1.0;1.0,0.00025296629448867534,0.3512558878916623,0.169936562383446,0.35125588479818426,0.16993656142716593,0.7915140858487623,0.6,0.19151408584876228,0.6,0.19151408584876228
3-regular,12,9,20331820,18,norm_25,9.210480533985303;4.411287168655412;5.08469883508405,8.962601352109626e-5,0.21362420333424265,0.344655855733134,0.2139787273482361,0.34535992980469843,0.7915140858487623,0.6,0.19151408584876228,0.6,0.19151408584876228
3-regular,12,9,20331820,18,norm_50,9.210487044461873;4.411368874107002;5.084529846644394,8.962601350917963e-5,0.21362235788080158,0.3446529088381029,0.21397685934115698,0.34535693768334763,0.7915140858487623,0.6,0.19151408584876228,0.6,0.19151408584876228
3-regular,12,9,20331820,18,norm_fit,9.210487044461873;4.411368874107002;5.084529846644394,8.962601350917963e-5,0.21362235788080158,0.3446529088381029,0.21397685934115698,0.34535693768334763,0.7915140858487623,0.6,0.19151408584876228,0.6,0.19151408584876228
3-regular,12,10,20331821,18,emp,-,0.0,0.0,0.0,0.0,0.0,0.7832108887783493,0.7588282303843777,0.02438265839397158,0.7588282303843777,0.02438265839397158
3-regular,12,10,20331821,18,paper,-,9.22024166589826e-5,1445.0038280953581,4826.474654087174,0.06732446237966533,0.1271870243282773,0.7832108887783493,0.7758223824589653,0.007388506319384036,0.7289399514969556,0.05427093728139376
3-regular,12,10,20331821,18,tri_init,0.0;0.0;1.0;1.0,0.00010330795528884935,0.5389492170184381,0.9038404985161043,0.28520842731486534,0.45753002671269755,0.7832108887783493,0.7145847497300734,0.06862613904827597,0.7145847497300734,0.06862613904827597
3-regular,12,10,20331821,18,tri_25,11.724055757153465;1.3568458710914595;1.1133660129916179;0.8496419632487526,0.00010242911039033577,0.5060881693383024,0.8205060930769797,0.2830624688678617,0.4425249334559192,0.7832108887783493,0.5779772241216593,0.20523366465669002,0.5779772241216593,0.20523366465669002
3-regular,12,10,20331821,18,tri_50,11.638285021943698;1.377850130725154;1.1168214793532194;0.8458314951767896,0.00010242910452520615,0.5062652648624318,0.8207713727693022,0.2831046409445387,0.4425745551064865,0.7832108887783493,0.5779772241216593,0.20523366465669002,0.5779772241216593,0.20523366465669002
3-regular,12,10,20331821,18,tri_fit,11.623312979915967;1.3832478860193291;1.1178611682254016;0.8453032232102582,0.00010242909847745115,0.506302221108172,0.8209061836736973,0.2830472021964986,0.44251939626976877,0.7832108887783493,0.5779772241216593,0.20523366465669002,0.5779772241216593,0.20523366465669002
3-regular,12,10,20331821,18,norm_init,9.0;1.0;1.0,0.0002491728856343657,0.3579820311860084,0.1698654616778509,0.3579820281049092,0.16986546072068875,0.7832108887783493,0.6,0.18321088877834935,0.6,0.18321088877834935
3-regular,12,10,20331821,18,norm_25,9.274815129596272;3.9566840578881184;4.841992764871466,9.275757367181034e-5,0.188601938714337,0.2629905619318976,0.18878174659869779,0.26332397026287147,0.7832108887783493,0.6,0.18321088877834935,0.6,0.18321088877834935
3-regular,12,10,20331821,18,norm_50,9.271132588152044;4.0811804521311705;4.593437265120749,9.272396139142345e-5,0.18570286608079153,0.2586532208012327,0.18586128321256618,0.25894646013696915,0.7832108887783493,0.6,0.18321088877834935,0.6,0.18321088877834935
3-regular,12,10,20331821,18,norm_fit,9.271125120027023;4.081251057328529;4.593416065604193,9.272396138772374e-5,0.18570583610570446,0.2586606986148288,0.18586426306889073,0.2589539592311199,0.7832108887783493,0.6,0.18321088877834935,0.6,0.18321088877834935
3-regular,14,1,20332012,21,emp,-,0.0,0.0,0.0,0.0,0.0,0.8365946201722105,0.7945657969970695,0.042028823175141006,0.7945657969970695,0.042028823175141006
3-regular,14,1,20332012,21,paper,-,5.6353414839352066e-5,173309.75541649215,640585.1595134282,0.04684912067585385,0.09075943022978838,0.8365946201722105,0.8345396569764928,0.0020549631957177406,0.7653784728986901,0.07121614727352044
3-regular,14,1,20332012,21,tri_init,0.0;0.0;1.0;1.0,5.887939350309063e-5,0.8242934944929127,1.5730811355404195,0.3282885168626558,0.6205329702787333,0.8365946201722105,0.6961326862692659,0.1404619339029446,0.6961326862692659,0.1404619339029446
3-regular,14,1,20332012,21,tri_25,2.876694565294116;1.2288162367112345;1.1919987620104366;0.9082947235416879,5.875973658427737e-5,0.8257408330063666,1.590114246711799,0.3164068253723644,0.6034216707681941,0.8365946201722105,0.6580392985156531,0.1785553216565574,0.6580392985156531,0.1785553216565574
3-regular,14,1,20332012,21,tri_50,2.8760207549186863;1.2288867149875626;1.1920052271298955;0.9082835581707026,5.8759736582461065e-5,0.8257411888640752,1.590112649695475,0.31640733515504227,0.6034218003550866,0.8365946201722105,0.6580392985156531,0.1785553216565574,0.6580392985156531,0.1785553216565574
3-regular,14,1,20332012,21,tri_fit,2.8747128265293505;1.2289155259393563;1.192013205364111;0.9082803133052205,5.875973657804768e-5,0.8257424457983285,1.590117515999535,0.3164068258951962,0.6034217253437114,0.8365946201722105,0.6580392985156531,0.1785553216565574,0.6580392985156531,0.1785553216565574
3-regular,14,1,20332012,21,norm_init,10.5;1.0;1.0,0.0001924927129839663,0.32245675700532034,0.09001373514468448,0.3224567570053232,0.09001373514468503,0.8365946201722105,0.6176470588235295,0.21894756134868099,0.6176470588235295,0.21894756134868099
3-regular,14,1,20332012,21,norm_25,10.568490695896571;5.6520202956316234;6.724756248743351,5.462371549591772e-5,0.2319532994047415,0.4100469991311548,0.2324130122471253,0.41095679603473356,0.8365946201722105,0.6176470588235294,0.2189475613486811,0.6176470588235294,0.2189475613486811
3-regular,14,1,20332012,21,norm_50,10.568490729799926;5.652020046965027;6.72475738836808,5.46237154959174e-5,0.23195333424319017,0.4100470707758712,0.23241304735757917,0.4109568682456808,0.8365946201722105,0.6176470588235294,0.2189475613486811,0.6176470588235294,0.2189475613486811
3-regular,14,1,20332012,21,norm_fit,10.568490729799926;5.652020046965027;6.72475738836808,5.46237154959174e-5,0.23195333424319017,0.4100470707758712,0.23241304735757917,0.4109568682456808,0.8365946201722105,0.6176470588235294,0.2189475613486811,0.6176470588235294,0.2189475613486811
3-regular,14,2,20332013,21,emp,-,0.0,0.0,0.0,9.178817980762747e-18,1.100018648826919e-17,0.7561196160777468,0.7140594364512487,0.042060179626498106,0.7140594364512487,0.042060179626498106
3-regular,14,2,20332013,21,paper,-,5.740278600325009e-5,173309.75398348842,640585.1557447715,0.04376165839970006,0.07343101213376325,0.7561196160777468,0.7506072090599658,0.005512407017780996,0.7058033345759703,0.05031628150177647
3-regular,14,2,20332013,21,tri_init,0.0;0.0;1.0;1.0,6.360467567991943e-5,0.8222651413202848,1.5517202213453687,0.3271192639198441,0.6003982400995381,0.7561196160777468,0.6232830009092654,0.13283661516848144,0.6232830009092654,0.13283661516848144
3-regular,14,2,20332013,21,tri_25,0.12229271894071904;0.2189699079439537;0.9527515092287914;0.9072526471934572,6.35108340056465e-5,0.8160283370027278,1.4892898363019795,0.3449224753636123,0.6131804599659252,0.7561196160777468,0.6232830009092654,0.13283661516848144,0.6232830009092654,0.13283661516848144
3-regular,14,2,20332013,21,tri_50,0.121371601840924;0.219032956054998;0.952760570161504;0.9072455767937149,6.351083400032664e-5,0.8160291360918132,1.4892915279777494,0.3449221873588318,0.613180009214127,0.7561196160777468,0.6232830009092654,0.13283661516848144,0.6232830009092654,0.13283661516848144
3-regular,14,2,20332013,21,tri_fit,0.12005840277821107;0.2191002945188334;0.9527666807916616;0.907230959534535,6.351083399385536e-5,0.8160298445952802,1.489290461847811,0.3449233480493736,0.6131811569471578,0.7561196160777468,0.6232830009092654,0.13283661516848144,0.6232830009092654,0.13283661516848144
3-regular,14,2,20332013,21,norm_init,10.5;1.0;1.0,0.00018483908176435766,0.3280278127505726,0.11536354188889066,0.3280278127505756,0.11536354188889117,0.7561196160777468,0.5526315789473685,0.20348803713037833,0.5526315789473685,0.20348803713037833
3-regular,14,2,20332013,21,norm_25,10.519671366811579;4.900630402048886;5.602250053798972,5.737149823106565e-5,0.1505286280253364,0.2296119333973862,0.15062693180482156,0.22978591861809564,0.7561196160777468,0.5526315789473685,0.20348803713037833,0.5526315789473685,0.20348803713037833
3-regular,14,2,20332013,21,norm_50,10.519612421356099;4.898111801591709;5.601280878575156,5.737149552193371e-5,0.15037049875254724,0.22927073272183066,0.15046845762832559,0.22944404238587462,0.7561196160777468,0.5526315789473685,0.20348803713037833,0.5526315789473685,0.20348803713037833
3-regular,14,2,20332013,21,norm_fit,10.519612343398908;4.8981118447197876;5.601280060115741,5.737149552193322e-5,0.15037047325987798,0.22927068614715757,0.15046843206484578,0.22944399567404838,0.7561196160777468,0.5526315789473685,0.20348803713037833,0.5526315789473685,0.20348803713037833
3-regular,14,3,20332014,21,emp,-,0.0,0.0,0.0,6.760075021415536e-18,1.2635607680858098e-17,0.7821080211321098,0.7471171002959246,0.03499092083618516,0.7471171002959246,0.03499092083618516
3-regular,14,3,20332014,21,paper,-,5.688897724591661e-5,173309.7551231044,640585.1588510339,0.04622311900160104,0.0839796578518585,0.7821080211321098,0.7704507572336212,0.011657263898488535,0.720709739689489,0.06139828144262072
3-regular,14,3,20332014,21,tri_init,0.0;0.0;1.0;1.0,6.118763727449441e-5,0.8230686746446106,1.5636325956918702,0.32762093766119244,0.6116541067467876,0.7821080211321098,0.6570074619932779,0.1251005591388319,0.6570074619932779,0.1251005591388319
3-regular,14,3,20332014,21,tri_25,0.07867427569085594;0.24879172544453168;0.9825391009531204;0.9736912425197107,6.108678972988367e-5,0.8206659597860237,1.5288353959022614,0.33259128230770424,0.6091307442569763,0.7821080211321098,0.6395860462892395,0.1425219748428702,0.6395860462892395,0.1425219748428702
3-regular,14,3,20332014,21,tri_50,0.07744055882604066;0.2488618118857519;0.9825574531032296;0.9736896994688558,6.108678972343272e-5,0.8206676420563744,1.528844094473031,0.3325891731553465,0.6091290208109241,0.7821080211321098,0.6395860462892395,0.1425219748428702,0.6395860462892395,0.1425219748428702
3-regular,14,3,20332014,21,tri_fit,0.07531493245060056;0.24907457322283358;0.9825925281460256;0.9736693641459468,6.108678971649544e-5,0.8206699671196571,1.5288518996500136,0.3325873119603766,0.6091269291061481,0.7821080211321098,0.6395860462892395,0.1425219748428702,0.6395860462892395,0.1425219748428702
3-regular,14,3,20332014,21,norm_init,10.5;1.0;1.0,0.00018953266688853375,0.3257640575404328,0.10181478744480842,0.32576405754043575,0.10181478744480894,0.7821080211321098,0.5833333333333335,0.19877468779877627,0.5833333333333335,0.19877468779877627
3-regular,14,3,20332014,21,norm_25,10.617482436831414;5.247211946738001;6.123983679264729,5.6092763457289336e-5,0.1859048607552196,0.3057141136603745,0.18612013270325994,0.30612318278439155,0.7821080211321098,0.5833333333333334,0.19877468779877638,0.5833333333333334,0.19877468779877638
3-regular,14,3,20332014,21,norm_50,10.617383458843001;5.246812267953071;6.124758972021621,5.609276331255064e-5,0.18591281979042598,0.3057235297493781,0.186128152085738,0.30613272136650277,0.7821080211321098,0.5833333333333334,0.19877468779877638,0.5833333333333334,0.19877468779877638
3-regular,14,3,20332014,21,norm_fit,10.61738432607958;5.24678756652578;6.124783471829285,5.609276331236614e-5,0.18591238975284458,0.3057223080768501,0.18612772174399106,0.30613149910860854,0.7821080211321098,0.5833333333333334,0.19877468779877638,0.5833333333333334,0.19877468779877638
3-regular,14,4,20332015,21,emp,-,0.0,0.0,0.0,3.860743741919669e-18,8.690541527449943e-19,0.7901171412737544,0.7504232527194544,0.039693888554300005,0.7504232527194544,0.039693888554300005
3-regular,14,4,20332015,21,paper,-,5.662904458800132e-5,173309.75512247332,640585.1588504255,0.04595961166103057,0.08395329346874633,0.7901171412737544,0.7813791833984592,0.008737957875295188,0.7228574466265407,0.06725969464721371
3-regular,14,4,20332015,21,tri_init,0.0;0.0;1.0;1.0,6.078552756095891e-5,0.8231278678492696,1.5638459416273587,0.3276152278915282,0.6118466682164337,0.7901171412737544,0.6574586481431955,0.13265849313055889,0.6574586481431955,0.13265849313055889
3-regular,14,4,20332015,21,tri_25,2.2524775314208525;-0.48952921182994885;0.8852135879842781;1.0806675201825264,6.0701030185048004e-5,0.8193658028254631,1.5314301205736134,0.3313983163676417,0.6090662073967475,0.7901171412737544,0.6398437316047078,0.15027340966904668,0.6398437316047078,0.15027340966904668
3-regular,14,4,20332015,21,tri_50,2.2508736516951333;-0.4896229849838819;0.8852034827700312;1.0806808908700782,6.070103017803255e-5,0.8193672385678015,1.5314347696461557,0.331397922333998,0.6090662337764716,0.7901171412737544,0.6398437316047078,0.15027340966904668,0.6398437316047078,0.15027340966904668
3-regular,14,4,20332015,21,tri_fit,2.2502434603227672;-0.4895860869634076;0.8852120724182188;1.0806755011806959,6.070103017580713e-5,0.8193678865813908,1.531437938523643,0.33139753636433367,0.609066278264356,0.7901171412737544,0.6398437316047078,0.15027340966904668,0.6398437316047078,0.15027340966904668
3-regular,14,4,20332015,21,norm_init,10.5;1.0;1.0,0.0001899852481598557,0.3256131115588357,0.10143438424536412,0.3256131115588387,0.10143438424536465,0.7901171412737544,0.5833333333333335,0.20678380794042095,0.5833333333333335,0.20678380794042095
3-regular,14,4,20332015,21,norm_25,10.591180208610785;5.267924612507771;6.195185073876922,5.580201678480239e-5,0.18962804149856885,0.3137146208827379,0.1898599605050043,0.3141573210952554,0.7901171412737544,0.5833333333333334,0.20678380794042106,0.5833333333333334,0.20678380794042106
3-regular,14,4,20332015,21,norm_50,10.591241080598772;5.267760417907099;6.19501031387857,5.580201675711102e-5,0.18961171859969753,0.31367963447909647,0.18984357392695897,0.31412220574589383,0.7901171412737544,0.5833333333333334,0.20678380794042106,0.5833333333333334,0.20678380794042106
3-regular,14,4,20332015,21,norm_fit,10.591241080598772;5.267760417907099;6.19501031387857,5.580201675711102e-5,0.18961171859969753,0.31367963447909647,0.18984357392695897,0.31412220574589383,0.7901171412737544,0.5833333333333334,0.20678380794042106,0.5833333333333334,0.20678380794042106
3-regular,14,5,20332016,21,emp,-,0.0,0.0,0.0,1.0775560379696962e-17,1.25289283755982e-17,0.8281143753163516,0.7910651650192141,0.03704921029713748,0.7910651650192141,0.03704921029713748
3-regular,14,5,20332016,21,paper,-,5.679369139192725e-5,173309.75542995424,640585.1595138332,0.045667172792749684,0.09075849715561957,0.8281143753163516,0.8162856214283165,0.01182875388803506,0.763104430259459,0.06500994505689262
3-regular,14,5,20332016,21,tri_init,0.0;0.0;1.0;1.0,6.121487980583132e-5,0.8239565893389034,1.5730586633060455,0.3286094326346273,0.6204934889525779,0.8281143753163516,0.6956549597575884,0.13245941555876317,0.6956549597575884,0.13245941555876317
3-regular,14,5,20332016,21,tri_25,0.6565149230773143;0.4840466819307869;0.9752924023627444;0.9773897301675245,6.092270524591254e-5,0.8216420415991256,1.516392179583097,0.3335033886966723,0.6099094983651612,0.8281143753163516,0.6176470588235295,0.21046731649282202,0.6176470588235295,0.21046731649282202
3-regular,14,5,20332016,21,tri_50,0.6537785953846578;0.4842617924160701;0.9753156526506553;0.9773569629637459,6.092270523399396e-5,0.82164397102647,1.5163913480152797,0.33350454032369287,0.6099098915285766,0.8281143753163516,0.6176470588235295,0.21046731649282202,0.6176470588235295,0.21046731649282202
3-regular,14,5,20332016,21,tri_fit,0.6489707294747074;0.4843587550952892;0.9753103761272705;0.9773359450997966,6.092270522373091e-5,0.821647003788,1.5163856587445026,0.3335077255274071,0.6099113125314604,0.8281143753163516,0.6176470588235295,0.21046731649282202,0.6176470588235295,0.21046731649282202
3-regular,14,5,20332016,21,norm_init,10.5;1.0;1.0,0.0001909521066690619,0.32615217716390815,0.08978206413862118,0.32615217716391115,0.08978206413862173,0.8281143753163516,0.6176470588235295,0.21046731649282202,0.6176470588235295,0.21046731649282202
3-regular,14,5,20332016,21,norm_25,10.62454150208777;5.2687323545846985;6.162028939431704,5.600319725768134e-5,0.18822358686481466,0.3079653466596126,0.18844989483953278,0.3083992861387747,0.8281143753163516,0.6176470588235294,0.21046731649282213,0.6176470588235294,0.21046731649282213
3-regular,14,5,20332016,21,norm_50,10.62435428763252;5.266578023279243;6.171699563234687,5.600318096939754e-5,0.18848989430222246,0.3084975878042759,0.18871753629341192,0.3089342453465609,0.8281143753163516,0.6176470588235294,0.21046731649282213,0.6176470588235294,0.21046731649282213
3-regular,14,5,20332016,21,norm_fit,10.624347356113265;5.266350736394767;6.1719598560345466,5.600318095055863e-5,0.18848752217985074,0.30849003959660837,0.18871516809431454,0.30892670561771457,0.8281143753163516,0.6176470588235294,0.21046731649282213,0.6176470588235294,0.21046731649282213
3-regular,14,6,20332017,21,emp,-,0.0,0.0,0.0,1.0354214298813275e-17,8.160413709169873e-18,0.805163533886522,0.7805632690856482,0.02460026480087374,0.7805632690856482,0.02460026480087374
3-regular,14,6,20332017,21,paper,-,5.785218075795367e-5,173309.75542078202,640585.1595151369,0.04834648766399674,0.090796140324679,0.805163533886522,0.7970798630797062,0.008083670806815713,0.7353751395905308,0.06978839429599115
3-regular,14,6,20332017,21,tri_init,0.0;0.0;1.0;1.0,6.249674505616355e-5,0.8239324842661344,1.5726335279702581,0.3292173275230708,0.6201068280499223,0.805163533886522,0.6942217802225554,0.11094175366396652,0.6942217802225554,0.11094175366396652
3-regular,14,6,20332017,21,tri_25,2.085049996142788;-0.2765715476770844;0.8551653805849193;1.0770429657280773,6.203933989513235e-5,0.81959310373696,1.5053776303405717,0.33653604529544096,0.6113493187590385,0.805163533886522,0.6176470588235295,0.1875164750629924,0.6176470588235295,0.1875164750629924
3-regular,14,6,20332017,21,tri_50,2.085049994513446;-0.2765715476696251;0.8551653806518364;1.0770429657003011,6.203933989510732e-5,0.819593103743581,1.5053776303861695,0.3365360452921085,0.6113493187655652,0.805163533886522,0.6176470588235295,0.1875164750629924,0.6176470588235295,0.1875164750629924
3-regular,14,6,20332017,21,tri_fit,2.085049994513446;-0.2765715476696251;0.8551653806518364;1.0770429657003011,6.203933989510732e-5,0.819593103743581,1.5053776303861695,0.3365360452921085,0.6113493187655652,0.805163533886522,0.6176470588235295,0.1875164750629924,0.6176470588235295,0.1875164750629924
3-regular,14,6,20332017,21,norm_init,10.5;1.0;1.0,0.0001909110867369932,0.3279902925377158,0.09051944165768229,0.3279902925377188,0.09051944165768284,0.805163533886522,0.6176470588235295,0.1875164750629924,0.6176470588235295,0.1875164750629924
3-regular,14,6,20332017,21,norm_25,10.759896707131643;5.23142351511872;6.034708704866339,5.7009791012251396e-5,0.18433919024042453,0.2938415320891989,0.18453701840306927,0.2942180514402758,0.805163533886522,0.6176470588235294,0.18751647506299252,0.6176470588235294,0.18751647506299252
3-regular,14,6,20332017,21,norm_50,10.759861694082392;5.2313291174894925;6.035250797273412,5.700979095892588e-5,0.18435486532897083,0.29387311062985816,0.1845527633109785,0.29424977148318554,0.805163533886522,0.6176470588235294,0.18751647506299252,0.6176470588235294,0.18751647506299252
3-regular,14,6,20332017,21,norm_fit,10.759861694082392;5.2313291174894925;6.035250797273412,5.700979095892588e-5,0.18435486532897083,0.29387311062985816,0.1845527633109785,0.29424977148318554,0.805163533886522,0.6176470588235294,0.18751647506299252,0.6176470588235294,0.18751647506299252
3-regular,14,7,20332018,21,emp,-,0.0,0.0,0.0,1.46825212835225e-17,2.1420861361964844e-17,0.7561196160777467,0.7140594364512486,0.042060179626498106,0.7140594364512486,0.042060179626498106
3-regular,14,7,20332018,21,paper,-,5.7066875514028516e-5,173309.75406342815,640585.1557525295,0.04426519287590635,0.07341626077597731,0.7561196160777467,0.7506072090599658,0.005512407017780885,0.7058033345759703,0.05031628150177636
3-regular,14,7,20332018,21,tri_init,0.0;0.0;1.0;1.0,6.309878124097832e-5,0.82258774486335,1.5520409329580345,0.3274778720888129,0.6006733961971323,0.7561196160777467,0.6232830009092653,0.13283661516848144,0.6232830009092653,0.13283661516848144
3-regular,14,7,20332018,21,tri_25,5.759327016983087;0.4670479788148907;0.9903678114448502;0.8768631679588933,6.301614506053605e-5,0.8121125444883086,1.4833392765137994,0.3442853867182886,0.6122897718386017,0.7561196160777467,0.6232830009092653,0.13283661516848144,0.6232830009092653,0.13283661516848144
3-regular,14,7,20332018,21,tri_50,5.757399294832974;0.46698393694349294;0.9903534066737265;0.8768616845037999,6.301614505013702e-5,0.8121134647348924,1.4833372069385882,0.34428754547104545,0.6122921862944072,0.7561196160777467,0.6232830009092653,0.13283661516848144,0.6232830009092653,0.13283661516848144
3-regular,14,7,20332018,21,tri_fit,5.753427519176962;0.4671147857066217;0.9903803124950897;0.8768443565906905,6.301614502705827e-5,0.8121171412332282,1.4833486779621623,0.3442863505540141,0.6122919420426147,0.7561196160777467,0.6232830009092653,0.13283661516848144,0.6232830009092653,0.13283661516848144
3-regular,14,7,20332018,21,norm_init,10.5;1.0;1.0,0.00018648977626108283,0.3279534037404071,0.1146676156276035,0.32795340374041015,0.11466761562760401,0.7561196160777467,0.5526315789473685,0.20348803713037822,0.5526315789473685,0.20348803713037822
3-regular,14,7,20332018,21,norm_25,10.534713453986736;4.907218836716062;5.721435861938415,5.7008041893581276e-5,0.15497509059749612,0.23785024862747142,0.15508582646752053,0.2380485246802837,0.7561196160777467,0.5526315789473685,0.20348803713037822,0.5526315789473685,0.20348803713037822
3-regular,14,7,20332018,21,norm_50,10.537601471581903;4.926365169256886;5.689335568620947,5.7007764555009856e-5,0.15480888404049217,0.23796362931619863,0.15491839546667985,0.23815957341793537,0.7561196160777467,0.5526315789473685,0.20348803713037822,0.5526315789473685,0.20348803713037822
3-regular,14,7,20332018,21,norm_fit,10.53760185812383;4.926363866926688;5.689338280006792,5.7007764555007105e-5,0.15480891298229507,0.23796366101066632,0.15491842454223803,0.23815960537073044,0.7561196160777467,0.5526315789473685,0.20348803713037822,0.5526315789473685,0.20348803713037822
3-regular,14,8,20332019,21,emp,-,0.0,0.0,0.0,8.007257537490167e-18,4.048010776969682e-18,0.7901171412737545,0.7504232527194545,0.039693888554300005,0.7504232527194545,0.039693888554300005
3-regular,14,8,20332019,21,paper,-,5.68421144291774e-5,173309.75511539675,640585.1588473473,0.04541648012023096,0.08399999056164185,0.7901171412737545,0.7813791833984591,0.00873795787529541,0.7375439323050662,0.052573208968688334
3-regular,14,8,20332019,21,tri_init,0.0;0.0;1.0;1.0,6.116280320804891e-5,0.8230251360462727,1.5636801499273927,0.32741932894080206,0.6117032973194002,0.7901171412737545,0.6574586481431955,0.132658493130559,0.6574586481431955,0.132658493130559
3-regular,14,8,20332019,21,tri_25,0.004674627635569807;0.2238307358996507;0.9829508418771852;0.9729797799212621,6.108105043390493e-5,0.8206683048680327,1.5310857743080089,0.3324566473060154,0.6101248488599413,0.7901171412737545,0.6398437316047078,0.1502734096690468,0.6398437316047078,0.1502734096690468
3-regular,14,8,20332019,21,tri_50,0.004159726549197702;0.22376778716256157;0.9829434184896945;0.9729859021734044,6.108105043146533e-5,0.8206686775609987,1.5310872191335338,0.332456828796189,0.6101254750494366,0.7901171412737545,0.6398437316047078,0.1502734096690468,0.6398437316047078,0.1502734096690468
3-regular,14,8,20332019,21,tri_fit,0.0035383229875347536;0.2237172169107005;0.9829328941018333;0.9729950385399011,6.108105042931604e-5,0.8206691090167769,1.5310862024692526,0.33245698279063157,0.6101250412169336,0.7901171412737545,0.6398437316047078,0.1502734096690468,0.6398437316047078,0.1502734096690468
3-regular,14,8,20332019,21,norm_init,10.5;1.0;1.0,0.00018887173117473126,0.32525932156542936,0.10178463780144244,0.32525932156543236,0.10178463780144295,0.7901171412737545,0.5833333333333335,0.20678380794042106,0.5833333333333335,0.20678380794042106
3-regular,14,8,20332019,21,norm_25,10.576501913759648;5.244570035724927;6.110878731077308,5.607179870941228e-5,0.18441661234996048,0.30389911781726614,0.18462916102742397,0.30430258406683486,0.7901171412737545,0.5833333333333334,0.20678380794042117,0.5833333333333334,0.20678380794042117
3-regular,14,8,20332019,21,norm_50,10.576888809509748;5.242695126829382;6.109941039908157,5.6071796940782056e-5,0.1842739365592454,0.3035864779249891,0.1844859846426513,0.3039889341562163,0.7901171412737545,0.5833333333333334,0.20678380794042117,0.5833333333333334,0.20678380794042117
3-regular,14,8,20332019,21,norm_fit,10.576888809509748;5.242695126829382;6.109941039908157,5.6071796940782056e-5,0.1842739365592454,0.3035864779249891,0.1844859846426513,0.3039889341562163,0.7901171412737545,0.5833333333333334,0.20678380794042117,0.5833333333333334,0.20678380794042117
3-regular,14,9,20332020,21,emp,-,0.0,0.0,0.0,8.600187456774258e-18,7.611068361834778e-18,0.7981262614153994,0.7537294051429846,0.04439685627241485,0.7537294051429846,0.04439685627241485
3-regular,14,9,20332020,21,paper,-,5.654182939078833e-5,173309.7551323314,640585.1588465587,0.0461152029771754,0.0839771224554458,0.7981262614153994,0.7923076095632972,0.005818651852102286,0.740257317874833,0.057868943540566486
3-regular,14,9,20332020,21,tri_init,0.0;0.0;1.0;1.0,6.067409685186922e-5,0.8231451750756423,1.5639120735699756,0.3275897231947644,0.6119143476698061,0.7981262614153994,0.6579098342931133,0.1402164271222861,0.6579098342931133,0.1402164271222861
3-regular,14,9,20332020,21,tri_25,3.3335720945909064;-0.08614217264674583;0.9493703059918024;1.0221712927742925,6.060308739033069e-5,0.81878554746811,1.53408195352368,0.330706936426932,0.6093393149922565,0.7981262614153994,0.640101416920176,0.15802484449522347,0.640101416920176,0.15802484449522347
3-regular,14,9,20332020,21,tri_50,3.333370042535638;-0.08612656113325703;0.9493709755862427;1.0221696386467214,6.0603087389487454e-5,0.818785656399024,1.5340813033525977,0.3307070496017265,0.6093391902274834,0.7981262614153994,0.640101416920176,0.15802484449522347,0.640101416920176,0.15802484449522347
3-regular,14,9,20332020,21,tri_fit,3.3332060180987497;-0.08613100987835551;0.9493703422576205;1.022169347273535,6.060308738879973e-5,0.8187857543305671,1.534081429609631,0.3307071667083145,0.6093393842576034,0.7981262614153994,0.640101416920176,0.15802484449522347,0.640101416920176,0.15802484449522347
3-regular,14,9,20332020,21,norm_init,10.5;1.0;1.0,0.0001906284592958311,0.3254393497506486,0.10140224155254238,0.3254393497506516,0.10140224155254289,0.7981262614153994,0.5833333333333335,0.21479292808206596,0.5833333333333335,0.21479292808206596
3-regular,14,9,20332020,21,norm_25,10.562053575600572;5.336445209117139;6.127151161022411,5.57169935874706e-5,0.19088893300289897,0.3169220163705732,0.19112198437534658,0.31736684596368375,0.7981262614153994,0.5833333333333334,0.21479292808206607,0.5833333333333334,0.21479292808206607
3-regular,14,9,20332020,21,norm_50,10.55467869276451;5.275556286077717;6.215456833351322,5.5715144583593935e-5,0.19089129240963273,0.31595408746387127,0.1911284536171963,0.3164073523253777,0.7981262614153994,0.5833333333333334,0.21479292808206607,0.5833333333333334,0.21479292808206607
3-regular,14,9,20332020,21,norm_fit,10.554614749386923;5.272649660460075;6.2179103242469544,5.571514242373433e-5,0.1908253829241668,0.31577652151035257,0.19106243921219415,0.3162295779628254,0.7981262614153994,0.5833333333333334,0.21479292808206607,0.5833333333333334,0.21479292808206607
3-regular,14,10,20332021,21,emp,-,0.0,0.0,0.0,0.0,0.0,0.7745125689825572,0.7438109478723945,0.030701621110162614,0.7438109478723945,0.030701621110162614
3-regular,14,10,20332021,21,paper,-,5.735558912632873e-5,173309.75514589273,640585.1588551594,0.045187407038904046,0.08396954816838943,0.7745125689825572,0.7595223310687831,0.014990237913774074,0.7118082115971777,0.0627043573853795
3-regular,14,10,20332021,21,tri_init,0.0;0.0;1.0;1.0,6.334925789940307e-5,0.8216294761040797,1.5635425006363444,0.32698299927032587,0.6115626579505382,0.7745125689825572,0.6565562758433602,0.11795629313919698,0.6565562758433602,0.11795629313919698
3-regular,14,10,20332021,21,tri_25,1.8616933309561299;1.972319239710544;1.1545379355719008;0.7238610718533787,6.298891283563042e-5,0.814962290229463,1.4777373505848137,0.34128067173673626,0.6094341340236316,0.7745125689825572,0.5833333333333335,0.19117923564922368,0.5833333333333335,0.19117923564922368
3-regular,14,10,20332021,21,tri_50,1.8595948263606634;1.9721079455330115;1.154502305098573;0.7238898967260302,6.298891282460785e-5,0.8149637871998621,1.4777367742278826,0.3412815658938834,0.6094344061538451,0.7745125689825572,0.5833333333333335,0.19117923564922368,0.5833333333333335,0.19117923564922368
3-regular,14,10,20332021,21,tri_fit,1.8589181080898272;1.9720441095447914;1.1545029594953415;0.7239051471537006,6.298891282023734e-5,0.814964908123321,1.4777449538817364,0.3412794640144934,0.6094331101160163,0.7745125689825572,0.5833333333333335,0.19117923564922368,0.5833333333333335,0.19117923564922368
3-regular,14,10,20332021,21,norm_init,10.5;1.0;1.0,0.00018681129841359776,0.32995291464190174,0.1018337542781332,0.3299529146419047,0.10183375427813371,0.7745125689825572,0.5833333333333335,0.19117923564922368,0.5833333333333335,0.19117923564922368
3-regular,14,10,20332021,21,norm_25,10.684476536142046;4.919138955056164;5.70098383356704,5.722426597693102e-5,0.15632973616901144,0.2349389727026815,0.156439741331169,0.23513906161813955,0.7745125689825572,0.5833333333333334,0.1911792356492238,0.5833333333333334,0.1911792356492238
3-regular,14,10,20332021,21,norm_50,10.682218885456502;4.937146504896516;5.696209962187792,5.722415663923571e-5,0.15706196929929286,0.236634435178699,0.15717344992759577,0.23683745201979,0.7745125689825572,0.5833333333333334,0.1911792356492238,0.5833333333333334,0.1911792356492238
3-regular,14,10,20332021,21,norm_fit,10.682218885456502;4.937146504896516;5.696209962187792,5.722415663923571e-5,0.15706196929929286,0.236634435178699,0.15717344992759577,0.23683745201979,0.7745125689825572,0.5833333333333334,0.1911792356492238,0.5833333333333334,0.1911792356492238
