family,n,instance,seed,m,c_opt,ceil_p1,variant,mse_rel,ew_avg,ew_star_raw,ew_star_nrm,ar_raw,regret_raw,dgamma_raw,dbeta_raw,ar_nrm,regret_nrm,dgamma_nrm,dbeta_nrm,pred_raw,normw_raw,fit_obj,fit_params
BA(k=4),14,1,20292104,40,29.0,0.8138885800609117,exactN,0.0,0.0,0.0,0.0,0.7854367667587655,0.02845181330214619,0.0,0.0,0.7559906954372864,0.05789788462362533,0.0,0.0,22.236424529131575,0.9736505000210087,NaN,
BA(k=4),14,1,20292104,40,29.0,0.8138885800609117,pert:lowd:0.01,0.009999488895368148,0.9831328869750725,0.9902698911849538,0.8343834704983235,0.6896551724137931,0.12423340764711854,-0.40276828892176836,-0.28193780224523785,0.7000882857308617,0.11380029433005001,0.4027682889217683,0.1611073155687074,82300.35775275025,4117.381472444236,NaN,
BA(k=4),14,1,20292104,40,29.0,0.8138885800609117,pert:lowd:0.05,0.049937340615189035,0.9987437902309898,0.9985581357373219,0.929879905451771,0.6896551724137931,0.12423340764711854,-0.40276828892176836,-0.28193780224523785,0.6974951031472173,0.1163934769136944,0.8055365778435366,0.12083048667653051,2.0065104277761877e6,100383.8859655579,NaN,
BA(k=4),14,1,20292104,40,29.0,0.8138885800609117,pert:lowd:0.2,0.19611195437907736,0.9996951504028662,0.999298014986074,0.9450549193753728,0.6896551724137931,0.12423340764711854,-0.40276828892176836,-0.28193780224523785,0.6896551724137936,0.1242334076471181,1.691626813471427,-0.04027682889217682,3.195231129629129e7,1.5985472229122822e6,NaN,
BA(k=4),14,1,20292104,40,29.0,0.8138885800609117,pert:lowd:0.5,0.447193769267417,0.9998079162167091,0.9994144801868969,0.9479276308999867,0.6896551724137931,0.12423340764711854,-0.40276828892176836,-0.28193780224523785,0.6896551724137936,0.1242334076471181,1.691626813471427,-0.04027682889217682,1.995123961666609e8,9.981439952530956e6,NaN,
BA(k=4),14,1,20292104,40,29.0,0.8138885800609117,pert:highd:0.01,0.0049970551154399365,0.034557377863681966,0.0030080822095185852,0.01774618905180142,0.6896551724137933,0.12423340764711843,-0.40276828892176836,0.5235987755982989,0.7559906954372864,0.05789788462362533,0.0,0.0,32.81649682940413,1.6410329502844734,NaN,
BA(k=4),14,1,20292104,40,29.0,0.8138885800609117,pert:highd:0.05,0.024151084699866127,0.17130101616578297,0.015030625623480745,0.09065469761817725,0.6896551724137933,0.12423340764711843,-0.40276828892176836,0.5235987755982989,0.7616083347589274,0.052280245301984274,-0.08055365778435375,0.0,116.67497340861736,5.835740303514857,NaN,
BA(k=4),14,1,20292104,40,29.0,0.8138885800609117,pert:highd:0.2,0.0856416553277224,0.5792485455561946,0.059899531194431116,0.3738084031099349,0.6896551724137933,0.12423340764711843,-0.40276828892176836,0.5235987755982989,0.7840029577506678,0.029885622310243942,-0.1611073155687075,-0.08055365778435364,895.5872325584304,44.801594495447276,NaN,
BA(k=4),14,1,20292104,40,29.0,0.8138885800609117,pert:highd:0.5,0.17334208631874842,0.8804829013195229,0.1477715070211932,0.7883528668160479,0.6896551724137933,0.12423340764711843,-0.40276828892176836,0.5235987755982989,0.7999647287892501,0.013923851271661625,-0.3222146311374148,-0.16110731556870733,4653.404776015882,232.7971526455575,NaN,
BA(k=4),14,1,20292104,40,29.0,0.8138885800609117,pert:nulled:0.01,0.006186402078037222,0.06401492801116564,0.0007977338306598704,0.0005226842054116384,0.6896551724137931,0.12423340764711854,-0.40276828892176836,1.2888585245496587,0.7559906954372864,0.05789788462362533,0.0,0.0,49.81843769047845,2.4914490152597244,NaN,
BA(k=4),14,1,20292104,40,29.0,0.8138885800609117,pert:nulled:0.05,0.029988138165000833,0.30536456386786276,0.003988488224312185,0.002611465710756152,0.6896551724137931,0.12423340764711854,-0.40276828892176836,1.2888585245496587,0.7559906954372864,0.05789788462362533,0.0,0.0,302.84927789294596,15.149002745075421,NaN,
BA(k=4),14,1,20292104,40,29.0,0.8138885800609117,pert:nulled:0.2,0.10721429005641199,0.7884826569646471,0.015949793933982097,0.010416234856026808,0.6896551724137931,0.12423340764711854,-0.40276828892176836,1.2888585245496587,0.7559906954372864,0.05789788462362533,0.0,0.0,3157.753453180089,157.97237601195366,NaN,
BA(k=4),14,1,20292104,40,29.0,0.8138885800609117,pert:nulled:0.5,0.21870302269240277,0.9545097572935993,0.03983663188338542,0.025889036284411006,0.6896551724137931,0.12423340764711854,-0.40276828892176836,1.2888585245496587,0.7559906954372864,0.05789788462362533,0.0,0.0,17896.165340991745,895.312765188144,NaN,
BA(k=4),14,1,20292104,40,29.0,0.8138885800609117,pert:random:0.01,0.00981136991566834,0.8598068099061106,0.9607892752798375,0.6493766729368786,0.6896551724137931,0.12423340764711854,-0.40276828892176836,-0.28193780224523785,0.7103004813316782,0.10358809872923347,0.32221463113741455,0.12083048667653051,5333.244811893069,266.82756706225484,NaN,
BA(k=4),14,1,20292104,40,29.0,0.8138885800609117,pert:random:0.05,0.04864439151153749,0.9934439303040996,0.9987403267925304,0.9936586440947504,0.6896551724137931,0.12423340764711854,-0.40276828892176836,-0.28193780224523785,0.6803318572197233,0.13355672284118836,-1.3694121823340124,0.4027682889217683,146714.89560844415,7340.07691547582,NaN,
BA(k=4),14,1,20292104,40,29.0,0.8138885800609117,pert:random:0.2,0.18631079416977286,0.9996801223526386,0.9935900869727464,0.9963898888051705,0.6896551724137931,0.12423340764711854,-0.40276828892176836,-0.28193780224523785,0.6633908827707281,0.15049769729018359,0.2416609733530608,0.2819378022452379,2.388729655668459e6,119506.39386437146,NaN,
BA(k=4),14,1,20292104,40,29.0,0.8138885800609117,pert:random:0.5,0.41047971401411054,0.9999730311731454,0.9920962683221746,0.9922931843550808,0.6896551724137931,0.12423340764711854,-0.40276828892176836,-0.28193780224523785,0.650560898840106,0.16332768122080565,0.2416609733530608,0.32221463113741466,1.4981444505344559e7,749509.9156732697,NaN,
BA(k=4),14,1,20292104,40,29.0,0.8138885800609117,fit:triangle:mse,0.6906523760495522,0.9903695602474687,0.9835184055458679,0.9981335853009679,0.542241632311378,0.2716469477495337,0.16110731556870733,1.0471975511965976,0.6889942522046003,0.12489432785631138,0.2416609733530608,0.20138414446088415,204160.0776973581,10537.350679209827,0.6906523760495522,2.21358;0.407917;0.38671;0.163943
BA(k=4),14,1,20292104,40,29.0,0.8138885800609117,fit:triangle:wgt,0.8772365016930058,0.9364685376149066,0.9285980193586842,0.9602518866459807,0.5382484902918993,0.27564008976901244,0.9666438934122441,0.9666438934122439,0.7064278986035447,0.10746068145736698,0.5638756044904758,-0.32221463113741466,253.4724459124294,13.641270545065069,0.9321982332262051,0.05;0.766931;0.16192;0.334646
BA(k=4),14,1,20292104,40,29.0,0.8138885800609117,fit:normal:mse,0.5966026578488626,0.9999747296743003,0.9880007648154352,0.9772978793987489,0.6896551724137931,0.12423340764711854,-0.40276828892176836,1.2888585245496587,0.689655172413794,0.12423340764711766,1.691626813471427,0.4027682889217683,10163.407944496179,507.552540314801,0.5966026578488626,20.5892;5.04713;4.98649
BA(k=4),14,1,20292104,40,29.0,0.8138885800609117,fit:normal:wgt,0.9990929254577697,0.9689313477642288,0.9483291758198275,0.9927690602783136,0.6896633446143458,0.12422523544656594,2.658270706883671,-0.24166097335306103,0.6896551724137931,0.12423340764711854,-1.4499658401183662,1.1277512089809514,5.512969666271332e7,2.8369498827795964e6,0.9637717594149336,14.7005;119.357;0.01
BA(k=4),14,1,20292104,40,29.0,0.8138885800609117,paper:empP,0.9993403384212564,0.9999508533231027,0.9998544989581967,0.9999665250790476,0.8079286352345298,0.005959944826381847,0.24166097335306097,0.0805536577843537,0.701063932877112,0.1128246471837997,0.16110731556870728,0.1611073155687074,317.40652473904925,12.430473031719245,NaN,
BA(k=4),14,1,20292104,40,29.0,0.8138885800609117,paper:binP,0.9993403384212564,0.9999508533231027,0.9998544989581967,0.9999665250790476,0.8015933555597755,0.012295224501136182,0.3222146311374147,0.12083048667653051,0.7005952879132933,0.11329329214761841,0.08055365778435353,0.1611073155687074,129.54905645049004,4.810911605243248,NaN,
BA(k=4),14,2,20292105,40,28.0,0.8353386535756055,exactN,0.0,0.0,0.0,0.0,0.8100776532824077,0.02526100029319789,0.0,0.0,0.8133739913885195,0.021964662187086037,0.0,0.0,22.12918715843425,0.9730959517972224,NaN,
BA(k=4),14,2,20292105,40,28.0,0.8353386535756055,pert:lowd:0.01,0.009999489438422398,0.9826384485863041,0.99012286028601,0.9131098281703122,0.7142857142857143,0.12105293928989125,-0.40276828892176836,-0.28193780224523785,0.726942015632112,0.10839663794349352,0.6444292622748293,0.24166097335306103,82558.01938735489,4130.66907707692,NaN,
BA(k=4),14,2,20292105,40,28.0,0.8353386535756055,pert:lowd:0.05,0.04993735402693049,0.9988585410166243,0.9986893295206827,0.9596591681979347,0.7142857142857143,0.12105293928989125,-0.40276828892176836,-0.28193780224523785,0.7263398813979863,0.10899877217761922,0.7249829200591829,0.24166097335306103,2.0128717338807364e6,100711.94195243015,NaN,
BA(k=4),14,2,20292105,40,28.0,0.8353386535756055,pert:lowd:0.2,0.1961121571310994,0.9997714065971792,0.9994119825936285,0.9668263269603274,0.7142857142857143,0.12105293928989125,-0.40276828892176836,-0.28193780224523785,0.7142857142857143,0.12105293928989125,-1.2083048667653051,0.6847060911670061,3.2053851489682376e7,1.6037837163154038e6,NaN,
BA(k=4),14,2,20292105,40,28.0,0.8353386535756055,pert:lowd:0.5,0.4471947306011728,0.9998704436139757,0.9995223096960034,0.9681888664584947,0.7142857142857143,0.12105293928989125,-0.40276828892176836,-0.28193780224523785,0.7142857142857145,0.12105293928989103,-1.2083048667653051,0.724982920059183,2.00146721495003e8,1.0014152533316921e7,NaN,
BA(k=4),14,2,20292105,40,28.0,0.8353386535756055,pert:highd:0.01,0.004977703369309101,0.033291287522116755,0.0028890678995513014,0.008446943246760392,0.7142857142857144,0.12105293928989114,-0.40276828892176836,0.5235987755982989,0.8004211034663029,0.03491755010930264,0.08055365778435353,0.04027682889217682,32.83944693283851,1.642215698413693,NaN,
BA(k=4),14,2,20292105,40,28.0,0.8353386535756055,pert:highd:0.05,0.02405657294574315,0.16453241029201654,0.014437058289821217,0.042456431923358906,0.7142857142857144,0.12105293928989114,-0.40276828892176836,0.5235987755982989,0.8004211034663029,0.03491755010930264,0.08055365778435353,0.04027682889217682,116.89338062960095,5.846999691082564,NaN,
BA(k=4),14,2,20292105,40,28.0,0.8353386535756055,pert:highd:0.2,0.08529699864120653,0.5572490991127362,0.057556359781791806,0.17139781555558806,0.7142857142857144,0.12105293928989114,-0.40276828892176836,0.5235987755982989,0.8076844386382044,0.027654214937401167,0.08055365778435353,0.0,898.0157119995379,44.92681674954212,NaN,
BA(k=4),14,2,20292105,40,28.0,0.8353386535756055,pert:highd:0.5,0.17262646342490792,0.8616101880227793,0.14216223185312962,0.4151808674525762,0.7142857142857144,0.12105293928989114,-0.40276828892176836,0.5235987755982989,0.8231918509116737,0.012146802663931866,-0.08055365778435375,-0.0805536577843537,4667.250227404521,233.51113179991486,NaN,
BA(k=4),14,2,20292105,40,28.0,0.8353386535756055,pert:nulled:0.01,0.006193922108026461,0.06168371614789169,0.0007660311090932918,0.0022120703300672635,0.7142857142857143,0.12105293928989125,-0.40276828892176836,1.2888585245496587,0.8133739913885195,0.021964662187086037,0.0,0.0,49.876444216849094,2.4944387882545342,NaN,
BA(k=4),14,2,20292105,40,28.0,0.8353386535756055,pert:nulled:0.05,0.030025249367831106,0.29504885259508273,0.003830000000125391,0.01103834184473831,0.7142857142857143,0.12105293928989125,-0.40276828892176836,1.2888585245496587,0.8133739913885195,0.021964662187086037,0.0,0.0,303.5647097292464,15.185889737195007,NaN,
BA(k=4),14,2,20292105,40,28.0,0.8353386535756055,pert:nulled:0.2,0.10735353687267456,0.7764285427927415,0.015316387140141951,0.04379644776303027,0.7142857142857143,0.12105293928989125,-0.40276828892176836,1.2888585245496587,0.8230037358519979,0.012334917723607619,-0.08055365778435375,-0.040276828892176875,3166.996168591999,158.448995887615,NaN,
BA(k=4),14,2,20292105,40,28.0,0.8353386535756055,pert:nulled:0.5,0.21900002256303125,0.9506619615645147,0.038257792901924215,0.10741719084038247,0.7142857142857143,0.12105293928989125,-0.40276828892176836,1.2888585245496587,0.8230037358519979,0.012334917723607619,-0.08055365778435375,-0.040276828892176875,17951.17706985506,898.1496744132123,NaN,
BA(k=4),14,2,20292105,40,28.0,0.8353386535756055,pert:random:0.01,0.009996292555662058,0.8184278495252273,0.753432828718444,0.6625205464381273,0.7142857142857141,0.12105293928989147,-0.40276828892176836,1.208304866765305,0.7580523564465046,0.07728629712910096,0.48332194670612183,0.12083048667653046,2464.974241906963,123.33578193442187,NaN,
BA(k=4),14,2,20292105,40,28.0,0.8353386535756055,pert:random:0.05,0.04999591098459822,0.9918575114377516,0.9636457580044919,0.9794884920756471,0.7142857142857143,0.12105293928989125,-0.40276828892176836,1.2888585245496587,0.7399675616755607,0.09537109190004489,0.8860902356278901,0.08055365778435364,70344.10878398956,3519.6430392232255,NaN,
BA(k=4),14,2,20292105,40,28.0,0.8353386535756055,pert:random:0.2,0.19739822322846864,0.9997831059400127,0.9865612756325244,0.9994785937097819,0.7142857142857143,0.12105293928989125,-0.40276828892176836,1.2888585245496587,0.5230985404267946,0.31224011314881095,-0.7249829200591831,0.6847060911670061,1.154152492014783e6,57747.11100500704,NaN,
BA(k=4),14,2,20292105,40,28.0,0.8353386535756055,pert:random:0.5,0.4537094225616507,0.9999997671334838,0.9898896539175998,0.9999971733920915,0.7142857142857143,0.12105293928989125,-0.40276828892176836,1.2888585245496587,0.6274159359261289,0.20792271764947667,-0.9666438934122441,0.6444292622748294,7.249531514431078e6,362723.9717530882,NaN,
BA(k=4),14,2,20292105,40,28.0,0.8353386535756055,fit:triangle:mse,0.7109650490765069,0.9920532118637069,0.9883935727634413,0.996401623108007,0.5415815436078089,0.2937571099677967,0.3222146311374147,1.0471975511965976,0.7163181977841305,0.11902045579147502,0.5638756044904756,0.2819378022452378,56720.411610705385,2958.987054951993,0.7109650490765069,1.19243;0.493927;0.290056;0.214592
BA(k=4),14,2,20292105,40,28.0,0.8353386535756055,fit:triangle:wgt,0.8922481052536444,0.9484668492022743,0.9485177188872618,0.9648658906767383,0.5595019522268962,0.2758367013487093,0.9666438934122441,0.9666438934122439,0.7354604780492776,0.09987817552632794,0.5638756044904756,-0.2819378022452379,254.9552702822043,13.72402912275062,0.9445915212992672,0.05;0.569766;0.329705;0.170747
BA(k=4),14,2,20292105,40,28.0,0.8353386535756055,fit:normal:mse,0.6159660013365086,0.9999955216910407,0.9916039742328946,0.9999699672093816,0.7142857142857143,0.12105293928989125,-0.40276828892176836,1.2888585245496587,0.7142857142857144,0.12105293928989114,-1.2083048667653051,0.4027682889217683,4838.493847872151,242.86383138984996,0.6159660013365086,20.7212;4.63201;4.75965
BA(k=4),14,2,20292105,40,28.0,0.8353386535756055,fit:normal:wgt,0.99962168637392,0.9772474453671235,0.977563117359661,0.9949970513237496,0.7145299330649385,0.12080872051066704,2.5777170490993173,-0.24166097335306103,0.7142857142857143,0.12105293928989125,-1.2083048667653051,1.208304866765305,4.977705868072312e7,2.5741289786741994e6,0.9725345961276494,13.7229;127.077;0.01
BA(k=4),14,2,20292105,40,28.0,0.8353386535756055,paper:empP,0.9995935420480042,0.9999844592008659,0.9999573140531521,0.9999834365607237,0.8284645283666255,0.006874125208980009,0.24166097335306097,0.0805536577843537,0.7402451886102465,0.09509346496535909,0.32221463113741455,0.20138414446088415,283.55112205808,11.149670541877367,NaN,
BA(k=4),14,2,20292105,40,28.0,0.8353386535756055,paper:binP,0.9995935420480042,0.9999844592008659,0.9999573140531521,0.9999834365607237,0.8204074033130235,0.014931250262582019,0.3222146311374147,0.12083048667653051,0.7248380644435704,0.1105005891320352,0.32221463113741455,0.24166097335306103,129.54905645049004,4.810911605243248,NaN,
BA(k=4),14,3,20292106,40,29.0,0.8147777375296682,exactN,0.0,0.0,0.0,0.0,0.785606337180925,0.029171400348743215,0.0,0.0,0.7633660174777769,0.05141172005189132,0.0,0.0,22.215245245303905,0.9724414992971835,NaN,
BA(k=4),14,3,20292106,40,29.0,0.8147777375296682,pert:lowd:0.01,0.009999488980154061,0.9823553715619707,0.9901615896851234,0.8367005686198001,0.6896551724137931,0.12512256511587505,-0.40276828892176836,-0.28193780224523785,0.709658325743965,0.10511941178570317,0.4027682889217683,0.1611073155687074,82311.45955453214,4118.073512146233,NaN,
BA(k=4),14,3,20292106,40,29.0,0.8147777375296682,pert:lowd:0.05,0.04993734270876064,0.9987348616971367,0.9985886889453597,0.9346814766527788,0.6896551724137931,0.12512256511587505,-0.40276828892176836,-0.28193780224523785,0.6897045326328702,0.12507320489679796,1.6110731556870732,-0.12083048667653051,2.006784545720432e6,100400.97531449837,NaN,
BA(k=4),14,3,20292106,40,29.0,0.8147777375296682,pert:lowd:0.2,0.19611198602755597,0.9997098810909518,0.9993287178386613,0.9499355415042248,0.6896551724137931,0.12512256511587505,-0.40276828892176836,-0.28193780224523785,0.6898917827605501,0.12488595476911812,1.5305194979027195,-0.12083048667653051,3.1956686902098294e7,1.5988200175645014e6,NaN,
BA(k=4),14,3,20292106,40,29.0,0.8147777375296682,pert:lowd:0.5,0.44719391932521396,0.9998225346176458,0.9994442043283689,0.9528024386006617,0.6896551724137931,0.12512256511587505,-0.40276828892176836,-0.28193780224523785,0.6898917827605501,0.12488595476911812,1.5305194979027195,-0.12083048667653051,1.9953973085132852e8,9.983144125443792e6,NaN,
BA(k=4),14,3,20292106,40,29.0,0.8147777375296682,pert:highd:0.01,0.005000433295479162,0.03352634610626086,0.0029616284291497457,0.017129333808645366,0.6896551724137933,0.12512256511587494,-0.40276828892176836,0.5235987755982989,0.7633660174777769,0.05141172005189132,0.0,0.0,32.817479072148636,1.6410937411038753,NaN,
BA(k=4),14,3,20292106,40,29.0,0.8147777375296682,pert:highd:0.05,0.024167584674040832,0.16631819533453293,0.014798964387610506,0.08736222178932615,0.6896551724137933,0.12512256511587494,-0.40276828892176836,0.5235987755982989,0.7633660174777769,0.05141172005189132,0.0,0.0,116.68435146462265,5.836322742410884,NaN,
BA(k=4),14,3,20292106,40,29.0,0.8147777375296682,pert:highd:0.2,0.0857018390043087,0.5674645871194243,0.058985409743970936,0.35942072042822043,0.6896551724137933,0.12512256511587494,-0.40276828892176836,0.5235987755982989,0.7705148740417834,0.044262863487884774,0.0,-0.04027682889217682,895.6917474166916,44.80810152301663,NaN,
BA(k=4),14,3,20292106,40,29.0,0.8147777375296682,pert:highd:0.5,0.17346707317463309,0.8741970610788127,0.14558593236405015,0.7675794073760103,0.6896551724137933,0.12512256511587494,-0.40276828892176836,0.5235987755982989,0.7834433591525504,0.03133437837711783,-0.08055365778435375,-0.12083048667653051,4654.001076332739,232.83430657440726,NaN,
BA(k=4),14,3,20292106,40,29.0,0.8147777375296682,pert:nulled:0.01,0.006190197083447903,0.06211885087786138,0.0007853579767340336,0.0005051438614163424,0.6896551724137931,0.12512256511587505,-0.40276828892176836,1.2888585245496587,0.7633660174777769,0.05141172005189132,0.0,0.0,49.82092341352367,2.4916030631563024,NaN,
BA(k=4),14,3,20292106,40,29.0,0.8147777375296682,pert:nulled:0.05,0.03000686607525117,0.2971941493717622,0.0039266214717627364,0.0025239787977833455,0.6896551724137931,0.12512256511587505,-0.40276828892176836,1.2888585245496587,0.7633660174777769,0.05141172005189132,0.0,0.0,302.8800380881237,15.150915864927804,NaN,
BA(k=4),14,3,20292106,40,29.0,0.8147777375296682,pert:nulled:0.2,0.10728455618205536,0.779883009722006,0.01570258079294799,0.010069529412063597,0.6896551724137931,0.12512256511587505,-0.40276828892176836,1.2888585245496587,0.7633660174777769,0.05141172005189132,0.0,0.0,3158.1514676600736,157.99717169690553,NaN,
BA(k=4),14,3,20292106,40,29.0,0.8147777375296682,pert:nulled:0.5,0.21885288573248055,0.9522714302607757,0.03922064659122844,0.025038702499232346,0.6896551724137931,0.12512256511587505,-0.40276828892176836,1.2888585245496587,0.7578584832673935,0.05691925426227473,0.08055365778435353,0.0,17898.53524568808,895.4604704282356,NaN,
BA(k=4),14,3,20292106,40,29.0,0.8147777375296682,pert:random:0.01,0.009999883205175126,0.7815491481131571,0.3222732917006517,0.1869134279117859,0.6896551724137931,0.12512256511587505,-0.40276828892176836,1.2888585245496587,0.7633660174777769,0.05141172005189132,0.0,0.0,3487.1503852662445,174.47347825740684,NaN,
BA(k=4),14,3,20292106,40,29.0,0.8147777375296682,pert:random:0.05,0.049949824141093196,0.989379500606512,0.824999302130692,0.7786393640132862,0.6896551724137931,0.12512256511587505,-0.40276828892176836,1.2888585245496587,0.7339049575019331,0.08087278002773512,0.4027682889217683,0.0,98062.26069780381,4906.184149819022,NaN,
BA(k=4),14,3,20292106,40,29.0,0.8147777375296682,pert:random:0.2,0.19630867377692002,0.9996926889373531,0.9671863837382518,0.9995939935784424,0.6896551724137931,0.12512256511587505,-0.40276828892176836,1.2888585245496587,0.5229659715916684,0.29181176593799985,-0.9666438934122441,0.5638756044904758,1.6027866743633042e6,80188.98797725592,NaN,
BA(k=4),14,3,20292106,40,29.0,0.8147777375296682,pert:random:0.5,0.4481347738999235,0.9999999302131536,0.9844868935350708,0.9814435573474143,0.6896551724137931,0.12512256511587505,-0.40276828892176836,1.2888585245496587,0.46855424666221696,0.34622349086745124,-0.7249829200591831,0.5638756044904758,1.0059924843768705e7,503307.22683303896,NaN,
BA(k=4),14,3,20292106,40,29.0,0.8147777375296682,fit:triangle:mse,0.6923839580058355,0.9920503026237186,0.986350200339904,0.9990619645407485,0.544151708655334,0.2706260288743342,0.16110731556870733,1.0471975511965976,0.6998988811846579,0.11487885634501027,0.2416609733530608,0.20138414446088415,22548.965429110955,1164.3933115760592,0.6923839580058355,0.740527;0.635008;0.172021;0.362946
BA(k=4),14,3,20292106,40,29.0,0.8147777375296682,fit:triangle:wgt,0.8898577446180904,0.9371581621223468,0.925037325768797,0.9574773136020206,0.5287147284574382,0.28606300907223003,0.8860902356278904,0.9666438934122439,0.707529541921986,0.10724819560768217,0.4027682889217683,-0.36249146002959154,276.6524563063056,14.863740345541924,0.9330783118917387,0.05;0.580453;0.3014;0.165746
BA(k=4),14,3,20292106,40,29.0,0.8147777375296682,fit:normal:mse,0.59538880069379,0.9999942333964545,0.9939380008190244,0.970475946852946,0.6896551724137931,0.12512256511587505,-0.40276828892176836,-0.28193780224523785,0.6896551724137933,0.12512256511587494,-1.4499658401183662,0.32221463113741466,5105.212022662351,257.5910040571558,0.59538880069379,20.5428;4.62898;4.98879
BA(k=4),14,3,20292106,40,29.0,0.8147777375296682,fit:normal:wgt,0.9991457164917695,0.9717170226565989,0.9550266471917508,0.9942957140334484,0.6896634260975835,0.12511431143208473,2.658270706883671,-0.24166097335306103,0.6896551724137931,0.12512256511587505,-1.4499658401183662,1.1277512089809514,5.445947987666249e7,2.799983229676382e6,0.9668429767567536,14.6876;123.843;0.01
BA(k=4),14,3,20292106,40,29.0,0.8147777375296682,paper:empP,0.9993408341759503,0.9999568946268215,0.9998700545448194,0.9999725452857859,0.8109956333970757,0.003782104132592501,0.3222146311374147,0.0805536577843537,0.7118933459824904,0.10288439154717777,0.16110731556870728,0.1611073155687074,374.66903516114155,14.356059912244795,NaN,
BA(k=4),14,3,20292106,40,29.0,0.8147777375296682,paper:binP,0.9993408341759503,0.9999568946268215,0.9998700545448194,0.9999725452857859,0.8033334140290743,0.011444323500593878,0.3222146311374147,0.12083048667653051,0.7114981268006111,0.10327961072905711,0.08055365778435353,0.1611073155687074,129.54905645049004,4.810911605243248,NaN,
BA(k=4),14,4,20292107,40,29.0,0.8121332252940359,exactN,0.0,0.0,0.0,0.0,0.7842450942014222,0.027888131092613677,0.0,0.0,0.7788834866915342,0.03324973860250169,0.0,0.0,22.162534353984533,0.9718182926351827,NaN,
BA(k=4),14,4,20292107,40,29.0,0.8121332252940359,pert:lowd:0.01,0.009999489186519989,0.984131079818054,0.9907851717439132,0.8622933415837727,0.6896551724137931,0.12247805288024272,-0.40276828892176836,-0.28193780224523785,0.7034023964944806,0.10873082879955531,0.5638756044904758,0.2013841444608842,82305.44739285621,4117.764145829657,NaN,
BA(k=4),14,4,20292107,40,29.0,0.8121332252940359,pert:lowd:0.05,0.049937347805020425,0.9988453141050057,0.998628724580093,0.9302495331878641,0.6896551724137931,0.12247805288024272,-0.40276828892176836,-0.28193780224523785,0.7060211932703078,0.1061120320237281,0.7249829200591833,0.16110731556870733,2.0066361021862642e6,100393.3358447171,NaN,
BA(k=4),14,4,20292107,40,29.0,0.8121332252940359,pert:lowd:0.2,0.19611206306930024,0.9997284596112305,0.9993301264280126,0.9414017467044787,0.6896551724137931,0.12247805288024272,-0.40276828892176836,-0.28193780224523785,0.6896551724137931,0.12247805288024272,-1.2888585245496587,0.6444292622748293,3.1954317387074806e7,1.5986980701124007e6,NaN,
BA(k=4),14,4,20292107,40,29.0,0.8121332252940359,pert:lowd:0.5,0.4471942846119581,0.9998316612346225,0.9994406674600707,0.9435488909504578,0.6896551724137931,0.12247805288024272,-0.40276828892176836,-0.28193780224523785,0.6896551724137934,0.1224780528802425,-1.2888585245496587,0.6847060911670062,1.9952492835933575e8,9.982382308948664e6,NaN,
BA(k=4),14,4,20292107,40,29.0,0.8121332252940359,pert:highd:0.01,0.004977522153798435,0.03551115858083552,0.0030966026627910798,0.013286387310303944,0.6896551724137933,0.1224780528802426,-0.40276828892176836,0.5235987755982989,0.7788834866915342,0.03324973860250169,0.0,0.0,32.8169461335236,1.6410665487138312,NaN,
BA(k=4),14,4,20292107,40,29.0,0.8121332252940359,pert:highd:0.05,0.024055687970351073,0.1756082118539966,0.015472261298927028,0.06735358064041874,0.6896551724137933,0.1224780528802426,-0.40276828892176836,0.5235987755982989,0.7642349339310188,0.04789829136301704,0.08055365778435375,0.04027682889217682,116.67926785406266,5.836062289419729,NaN,
BA(k=4),14,4,20292107,40,29.0,0.8121332252940359,pert:highd:0.2,0.0852937719974754,0.5866559103972612,0.06164475255926673,0.2761903110457424,0.6896551724137933,0.1224780528802426,-0.40276828892176836,0.5235987755982989,0.7851415247044642,0.026991700589571677,0.0,-0.04027682889217682,895.6351292129297,44.805192345438,NaN,
BA(k=4),14,4,20292107,40,29.0,0.8121332252940359,pert:highd:0.5,0.17261976499520035,0.8816271336006043,0.15195342076877633,0.6360560341240953,0.6896551724137933,0.1224780528802426,-0.40276828892176836,0.5235987755982989,0.7994130333284478,0.012720191965588046,-0.16110731556870728,-0.12083048667653051,4653.678112015719,232.8176968023904,NaN,
BA(k=4),14,4,20292107,40,29.0,0.8121332252940359,pert:nulled:0.01,0.006181470865018704,0.06576889514802904,0.0008212678272401575,0.0023833880025267793,0.6896551724137931,0.12247805288024272,-0.40276828892176836,1.2888585245496587,0.7788834866915342,0.03324973860250169,0.0,0.0,49.81957520236163,2.4915341638320543,NaN,
BA(k=4),14,4,20292107,40,29.0,0.8121332252940359,pert:nulled:0.05,0.02996380432142635,0.31285535630957023,0.004106128854384506,0.011878646557644453,0.6896551724137931,0.12247805288024272,-0.40276828892176836,1.2888585245496587,0.758843439668412,0.05328978562562392,0.1611073155687075,0.04027682889217682,302.8633699797007,15.150060466572011,NaN,
BA(k=4),14,4,20292107,40,29.0,0.8121332252940359,pert:nulled:0.2,0.10712300234737702,0.7959995003476469,0.016419784748930428,0.046912199835087286,0.6896551724137931,0.12247805288024272,-0.40276828892176836,1.2888585245496587,0.758843439668412,0.05328978562562392,0.1611073155687075,0.04027682889217682,3157.9358894371917,157.9860865774642,NaN,
BA(k=4),14,4,20292107,40,29.0,0.8121332252940359,pert:nulled:0.5,0.2185083485252722,0.9564126435064649,0.04100720477093845,0.11398648731730529,0.6896551724137931,0.12247805288024272,-0.40276828892176836,1.2888585245496587,0.758843439668412,0.05328978562562392,0.1611073155687075,0.04027682889217682,17897.25177118492,895.394439999541,NaN,
BA(k=4),14,4,20292107,40,29.0,0.8121332252940359,pert:random:0.01,0.009599095744900745,0.8694587759683926,0.8623844400456555,0.4910211348380001,0.6896551724137931,0.12247805288024272,-0.40276828892176836,1.2888585245496587,0.7162617641853588,0.09587146110867706,0.4027682889217683,0.16110731556870733,4172.581440030404,208.74840152147033,NaN,
BA(k=4),14,4,20292107,40,29.0,0.8121332252940359,pert:random:0.05,0.04743075427020614,0.9914082926452229,0.9937182142766627,0.8517355435443299,0.6896551724137931,0.12247805288024272,-0.40276828892176836,1.2888585245496587,0.6942763990240679,0.11785682626996796,0.48332194670612205,0.24166097335306097,93079.38373111817,4656.789848034106,NaN,
BA(k=4),14,4,20292107,40,29.0,0.8121332252940359,pert:random:0.2,0.17964005882270964,0.9987452315724636,0.9997201096601078,0.9291563308737001,0.6896551724137931,0.12247805288024272,-0.40276828892176836,1.2888585245496587,0.6855782510633212,0.1265549742307147,0.5638756044904758,0.28193780224523785,1.4567046828889654e6,72879.87699853774,NaN,
BA(k=4),14,4,20292107,40,29.0,0.8121332252940359,pert:random:0.5,0.39022908259009154,0.999429824620042,0.9999827493345305,0.9425543199269965,0.6896551724137931,0.12247805288024272,-0.40276828892176836,1.2888585245496587,0.6870905501430731,0.1250426751509628,0.6444292622748293,0.28193780224523785,9.063967447044877e6,453476.78052835097,NaN,
BA(k=4),14,4,20292107,40,29.0,0.8121332252940359,fit:triangle:mse,0.696269013181366,0.9868624552793531,0.9825679741440577,0.9977705792253726,0.5248488490154603,0.2872843762785756,0.3222146311374147,1.0471975511965976,0.6933099841065336,0.11882324118750232,0.4027682889217683,0.24166097335306097,1362.0907114249162,71.3120029347806,0.696269013181366,0.186795;0.499572;0.273453;0.220664
BA(k=4),14,4,20292107,40,29.0,0.8121332252940359,fit:triangle:wgt,0.8821043351086346,0.9361224511330397,0.92587555105839,0.9571794118312352,0.527470513515418,0.2846627117786179,0.8860902356278904,0.9666438934122439,0.7070059392016729,0.10512728609236299,0.5638756044904758,-0.32221463113741466,268.99510415625605,14.469978504548099,0.9318128529910498,0.05;0.636241;0.23731;0.196764
BA(k=4),14,4,20292107,40,29.0,0.8121332252940359,fit:normal:mse,0.5922903794873926,0.9999973302942162,0.9830155241548331,0.9942086896138649,0.6896551724137931,0.12247805288024272,-0.40276828892176836,-0.28193780224523785,0.6896551724137938,0.12247805288024205,1.8527341290401345,0.483321946706122,3711.827663688533,185.09593329236276,0.5922903794873926,20.5945;4.53304;4.42726
BA(k=4),14,4,20292107,40,29.0,0.8121332252940359,fit:normal:wgt,0.9991949771326423,0.9680005547822365,0.946125102949361,0.9877195476877905,0.6897672273746184,0.12236599791941749,2.658270706883671,-0.24166097335306103,0.6896551724137931,0.12247805288024272,-1.2888585245496587,1.1680280378731283,5.351099542810188e7,2.744009118333813e6,0.9627326364675922,14.7144;131.458;0.01
BA(k=4),14,4,20292107,40,29.0,0.8121332252940359,paper:empP,0.9993479078573063,0.9999500267209308,0.9998467208975046,0.9999495171160148,0.805802865000315,0.006330360293720916,0.24166097335306097,0.0805536577843537,0.7055529918250849,0.10658023346895096,0.3222146311374148,0.2013841444608842,355.6592097351061,13.747057385374415,NaN,
BA(k=4),14,4,20292107,40,29.0,0.8121332252940359,paper:binP,0.9993479078573063,0.9999500267209308,0.9998467208975046,0.9999495171160148,0.7996806452299915,0.012452580064044372,0.3222146311374147,0.12083048667653051,0.7053540116405776,0.10677921365345822,0.24166097335306103,0.2013841444608842,129.54905645049004,4.810911605243248,NaN,
BA(k=4),14,5,20292108,40,30.0,0.7932442617785124,exactN,0.0,0.0,0.0,0.0,0.7612646523479827,0.03197960943052969,0.0,0.0,0.7278537530463534,0.06539050873215901,0.0,0.0,22.294231331830602,0.9735369211532675,NaN,
BA(k=4),14,5,20292108,40,30.0,0.7932442617785124,pert:lowd:0.01,0.009999490182076493,0.9835391645515258,0.9913734787486076,0.8217303728433376,0.6666666666666666,0.12657759511184574,-0.40276828892176836,-0.28193780224523785,0.6852731198292003,0.10797114194931212,0.4027682889217683,0.12083048667653057,82325.76553949557,4118.577177595409,NaN,
BA(k=4),14,5,20292108,40,30.0,0.7932442617785124,pert:lowd:0.05,0.049937372402112136,0.9988262218866999,0.9991126568325005,0.945593160600298,0.6666666666666666,0.12657759511184574,-0.40276828892176836,-0.28193780224523785,0.6719176330630684,0.12132662871544397,0.9666438934122439,0.04027682889217682,2.0071377228972947e6,100413.40768078995,NaN,
BA(k=4),14,5,20292108,40,30.0,0.7932442617785124,pert:lowd:0.2,0.19611243494489303,0.9997323867513035,0.9996808610439387,0.9633253422364273,0.6666666666666666,0.12657759511184574,-0.40276828892176836,-0.28193780224523785,0.6666666666666662,0.1265775951118462,1.6110731556870734,-0.241660973353061,3.1962324319586426e7,1.5990184576153532e6,NaN,
BA(k=4),14,5,20292108,40,30.0,0.7932442617785124,pert:lowd:0.5,0.44719604786263784,0.9998368015212564,0.9997604292128458,0.9665275444876854,0.6666666666666666,0.12657759511184574,-0.40276828892176836,-0.28193780224523785,0.666666666666666,0.1265775951118464,1.6110731556870734,-0.2819378022452378,1.9957494793895227e8,9.984383778499348e6,NaN,
BA(k=4),14,5,20292108,40,30.0,0.7932442617785124,pert:highd:0.01,0.0050125785279346744,0.03471820670824609,0.002895256454776651,0.023703195378898693,0.6666666666666667,0.12657759511184563,-0.40276828892176836,0.5235987755982989,0.7278537530463534,0.06539050873215901,0.0,0.0,32.818757200776474,1.6411391386947818,NaN,
BA(k=4),14,5,20292108,40,30.0,0.7932442617785124,pert:highd:0.05,0.024226908638563256,0.17212413381645342,0.01446492961363815,0.1217831079531407,0.6666666666666667,0.12657759511184563,-0.40276828892176836,0.5235987755982989,0.7420485201847062,0.05119574159380613,-0.08055365778435353,-0.04027682889217682,116.69649701367318,5.836752304193123,NaN,
BA(k=4),14,5,20292108,40,30.0,0.7932442617785124,pert:highd:0.2,0.08591825554905416,0.581580661060872,0.05762185720667046,0.4918404820277621,0.6666666666666667,0.12657759511184563,-0.40276828892176836,0.5235987755982989,0.7485649682547899,0.04467929352372246,-0.08055365778435353,-0.08055365778435364,895.826653201565,44.81285837756121,NaN,
BA(k=4),14,5,20292108,40,30.0,0.7932442617785124,pert:highd:0.5,0.17391658023756276,0.8821469482098007,0.1421030944403887,0.8964719594671722,0.6666666666666667,0.12657759511184563,-0.40276828892176836,0.5235987755982989,0.7610060549731261,0.03223820680538625,-0.16110731556870728,-0.16110731556870733,4654.769958738274,232.8613917478466,NaN,
BA(k=4),14,5,20292108,40,30.0,0.7932442617785124,pert:nulled:0.01,0.006184991174451355,0.06431415470110352,0.0007681993525469191,0.0035262797109592483,0.6666666666666666,0.12657759511184574,-0.40276828892176836,1.2888585245496587,0.7278537530463534,0.06539050873215901,0.0,0.0,49.824152068484416,2.491717554419946,NaN,
BA(k=4),14,5,20292108,40,30.0,0.7932442617785124,pert:nulled:0.05,0.029981175711022972,0.3066935605620844,0.0038406713860508587,0.01770914087700041,0.6666666666666666,0.12657759511184574,-0.40276828892176836,1.2888585245496587,0.7278537530463534,0.06539050873215901,0.0,0.0,302.9197990577445,15.15231966878052,NaN,
BA(k=4),14,5,20292108,40,30.0,0.7932442617785124,pert:nulled:0.2,0.10718816927624773,0.7900299317758017,0.01535651672305555,0.07189388771720778,0.6666666666666666,0.12657759511184574,-0.40276828892176836,1.2888585245496587,0.7278537530463534,0.06539050873215901,0.0,0.0,3158.664776960815,158.0152571253339,NaN,
BA(k=4),14,5,20292108,40,30.0,0.7932442617785124,pert:nulled:0.5,0.21864731651847943,0.9550174309900055,0.03834526160108111,0.1835269306553462,0.6666666666666666,0.12657759511184574,-0.40276828892176836,1.2888585245496587,0.7420485201847062,0.05119574159380613,-0.08055365778435353,-0.04027682889217682,17901.58984605122,895.5680350643939,NaN,
BA(k=4),14,5,20292108,40,30.0,0.7932442617785124,pert:random:0.01,0.009499785515717608,0.6035963767981547,0.8591229918299104,0.3776356733499873,0.6666666666666674,0.12657759511184496,-0.40276828892176836,-0.20138414446088418,0.6977699836517808,0.0954742781267316,0.24166097335306103,0.0805536577843537,686.5400298752918,34.34361877901217,NaN,
BA(k=4),14,5,20292108,40,30.0,0.7932442617785124,pert:random:0.05,0.04688183417252696,0.9647269978281993,0.999341106874368,0.792241828153663,0.6666666666666665,0.12657759511184585,-0.40276828892176836,-0.12083048667653051,0.67965413198399,0.11359012979452232,0.3222146311374148,0.16110731556870733,15277.041818767855,764.2828386827954,NaN,
BA(k=4),14,5,20292108,40,30.0,0.7932442617785124,pert:random:0.2,0.1768496972395381,0.9970962390451437,0.9882265223792415,0.9102446797983762,0.6666666666666664,0.12657759511184596,-0.40276828892176836,-0.08055365778435367,0.6617166141561083,0.1315276476224041,0.8055365778435368,0.3624914600295915,248715.06033544405,12442.807237830995,NaN,
BA(k=4),14,5,20292108,40,30.0,0.7932442617785124,pert:random:0.5,0.38229105907866795,0.9993135145210118,0.9844361839138829,0.9310750372087735,0.6666666666666664,0.12657759511184596,-0.40276828892176836,-0.08055365778435367,0.6637875398923485,0.12945672188616386,0.8055365778435368,0.3222146311374147,1.5617530053502156e6,78131.84165893013,NaN,
BA(k=4),14,5,20292108,40,30.0,0.7932442617785124,fit:triangle:mse,0.6872988323483794,0.9921669939506591,0.9867031830004405,0.9994054263468178,0.5406548096868453,0.25258945209166705,0.08055365778435364,1.0471975511965976,0.6788267345534983,0.11441752722501408,0.08055365778435375,0.16110731556870733,29364.560772792393,1508.4759588417696,0.6872988323483794,0.838703;0.556057;0.21363;0.265038
BA(k=4),14,5,20292108,40,30.0,0.7932442617785124,fit:triangle:wgt,0.8295411068759873,0.9486589246970918,0.9356909006971466,0.9768965874379081,0.4923912545489467,0.30085300722956565,0.6444292622748293,1.0069207223044208,0.6641097048394565,0.12913455693905584,-0.4027682889217683,0.16110731556870733,307.1763874860642,16.33792980888653,0.9447407394204936,0.05;0.59829;0.191561;0.148822
BA(k=4),14,5,20292108,40,30.0,0.7932442617785124,fit:normal:mse,0.597229807889924,0.9999279049044253,0.988386008829159,0.961850654550782,0.6666666666666666,0.12657759511184574,-0.40276828892176836,-0.28193780224523785,0.6666666666666667,0.12657759511184563,-1.5305194979027197,0.28193780224523785,12055.465520550963,603.4075882481575,0.597229807889924,20.4636;5.13322;5.19706
BA(k=4),14,5,20292108,40,30.0,0.7932442617785124,fit:normal:wgt,0.9986964736391682,0.9715158096978959,0.9653068433206294,0.99845015295104,0.666666666666666,0.1265775951118464,2.738824364668025,-0.24166097335306103,0.6666666666666666,0.12657759511184574,-1.5305194979027197,1.0874743800887745,5.55699366533784e7,2.844614594179885e6,0.9662664174849086,15.203;129.765;0.01
BA(k=4),14,5,20292108,40,30.0,0.7932442617785124,paper:empP,0.9989093366259688,0.9998817988668776,0.9996872547645546,0.9999257659733511,0.7898718800617879,0.003372381716724493,0.3222146311374147,0.0805536577843537,0.6921605166346071,0.10108374514390528,0.0,0.12083048667653057,406.6863491634708,15.453861251264675,NaN,
BA(k=4),14,5,20292108,40,30.0,0.7932442617785124,paper:binP,0.9989093366259688,0.9998817988668776,0.9996872547645546,0.9999257659733511,0.7831627982270788,0.010081463551433578,0.3222146311374147,0.12083048667653051,0.6921605166346071,0.10108374514390528,0.0,0.12083048667653057,129.54905645049004,4.810911605243248,NaN,
BA(k=4),14,6,20292109,40,31.0,0.7717892592348155,exactN,0.0,0.0,0.0,0.0,0.738192112583367,0.03359714665144842,0.0,0.0,0.7270375487957618,0.04475171043905368,0.0,0.0,22.288081568363445,0.971263966398112,NaN,
BA(k=4),14,6,20292109,40,31.0,0.7717892592348155,pert:lowd:0.01,0.009999486692629747,0.9809089912484343,0.9871932454663104,0.8263200843206143,0.6451612903225806,0.12662796891223482,-0.40276828892176836,-0.28193780224523785,0.6622890116614637,0.10950024757335175,0.5638756044904756,0.1611073155687074,82343.45477057307,4119.33408353196,NaN,
BA(k=4),14,6,20292109,40,31.0,0.7717892592348155,pert:lowd:0.05,0.049937286272718116,0.9985205325776114,0.9976125317753254,0.9292963517283587,0.6451612903225806,0.12662796891223482,-0.40276828892176836,-0.28193780224523785,0.648209455762241,0.12357980347257447,1.208304866765305,0.12083048667653051,2.007574477806008e6,100432.09675916715,NaN,
BA(k=4),14,6,20292109,40,31.0,0.7717892592348155,pert:lowd:0.2,0.19611113302649819,0.9996222307449408,0.9986556574589728,0.945567813930468,0.6451612903225806,0.12662796891223482,-0.40276828892176836,-0.28193780224523785,0.6451612903225811,0.12662796891223438,1.7721804712557807,-0.04027682889217682,3.1969295970521167e7,1.599316782159279e6,NaN,
BA(k=4),14,6,20292109,40,31.0,0.7717892592348155,pert:lowd:0.5,0.4471898750602251,0.9997558288838866,0.9988288018302878,0.9486349754387327,0.6451612903225806,0.12662796891223482,-0.40276828892176836,-0.28193780224523785,0.6451612903225815,0.12662796891223393,1.7721804712557807,0.0,1.9961850022278857e8,9.986247431011248e6,NaN,
BA(k=4),14,6,20292109,40,31.0,0.7717892592348155,pert:highd:0.01,0.0050160415570889684,0.032644579983145974,0.0028289368886811905,0.01655138049211745,0.6451612903225807,0.1266279689122347,-0.40276828892176836,0.5235987755982989,0.7270375487957618,0.04475171043905368,0.0,0.0,32.82032563279964,1.6412060879372115,NaN,
BA(k=4),14,6,20292109,40,31.0,0.7717892592348155,pert:highd:0.05,0.024243824905297664,0.16228989946425817,0.014138648060508519,0.0844229780433515,0.6451612903225807,0.1266279689122347,-0.40276828892176836,0.5235987755982989,0.7270375487957618,0.04475171043905368,0.0,0.0,116.71145617595735,5.83739159545148,NaN,
BA(k=4),14,6,20292109,40,31.0,0.7717892592348155,pert:highd:0.2,0.08597997615047827,0.559978941769861,0.056400243075952906,0.34855695236084266,0.6451612903225807,0.1266279689122347,-0.40276828892176836,0.5235987755982989,0.7338844565293681,0.03790480270544738,0.0,-0.04027682889217682,895.9932448832265,44.819983718287745,NaN,
BA(k=4),14,6,20292109,40,31.0,0.7717892592348155,pert:highd:0.5,0.1740447947260286,0.8727242256385991,0.1394988296772469,0.7558277446141166,0.6451612903225807,0.1266279689122347,-0.40276828892176836,0.5235987755982989,0.7509783631157425,0.02081089611907294,-0.16110731556870728,-0.16110731556870733,4655.720213105052,232.9020459781285,NaN,
BA(k=4),14,6,20292109,40,31.0,0.7717892592348155,pert:nulled:0.01,0.006196372992695263,0.060499196963946546,0.0007498011333713939,0.00048764111116689907,0.6451612903225806,0.12662796891223482,-0.40276828892176836,1.2888585245496587,0.7270375487957618,0.04475171043905368,0.0,0.0,49.82811965022539,2.491886989089922,NaN,
BA(k=4),14,6,20292109,40,31.0,0.7717892592348155,pert:nulled:0.05,0.030037345073332056,0.2900139479390455,0.0037490185228405116,0.0024365230611471623,0.6451612903225806,0.12662796891223482,-0.40276828892176836,1.2888585245496587,0.7119091597759101,0.05988009945890538,0.08055365778435375,0.04027682889217682,302.96884460039024,15.154416671766217,NaN,
BA(k=4),14,6,20292109,40,31.0,0.7717892592348155,pert:nulled:0.2,0.10739892837347903,0.7713294924169544,0.014995065620076097,0.009720610437724172,0.6451612903225806,0.12662796891223482,-0.40276828892176836,1.2888585245496587,0.7119091597759101,0.05988009945890538,0.08055365778435375,0.04027682889217682,3159.299073640511,158.04239258181397,NaN,
BA(k=4),14,6,20292109,40,31.0,0.7717892592348155,pert:nulled:0.5,0.21909685161396655,0.949584825657692,0.03746841264390587,0.024171313817140116,0.6451612903225806,0.12662796891223482,-0.40276828892176836,1.2888585245496587,0.7204433036546313,0.05134595558018418,0.08055365778435375,0.0,17905.366160296024,895.7296109282804,NaN,
BA(k=4),14,6,20292109,40,31.0,0.7717892592348155,pert:random:0.01,0.009229409268116762,0.6972536832342445,0.8526863048901883,0.5242899280364445,0.6451612903225805,0.12662796891223493,-0.40276828892176836,1.1277512089809514,0.6670174173237035,0.104771841911112,0.4027682889217683,0.1611073155687074,1285.4337386627074,64.30222595810505,NaN,
BA(k=4),14,6,20292109,40,31.0,0.7717892592348155,pert:random:0.05,0.04683840456063309,0.9820910090267528,0.9967367112452074,0.9139655771107374,0.6451612903225805,0.12662796891223493,-0.40276828892176836,1.1680280378731283,0.6493371093829511,0.12245214985186437,0.48332194670612205,0.24166097335306103,27432.214915071752,1372.3352150302676,NaN,
BA(k=4),14,6,20292109,40,31.0,0.7717892592348155,pert:random:0.2,0.19571440643004562,0.9993862943167958,0.9784468121793178,0.9760871528444973,0.6451612903225806,0.12662796891223482,-0.40276828892176836,1.2888585245496587,0.649658654821651,0.12213060441316448,0.5638756044904756,0.24166097335306103,445041.58007148973,22264.030091816112,NaN,
BA(k=4),14,6,20292109,40,31.0,0.7717892592348155,pert:random:0.5,0.4966750053417524,0.9999931842339029,0.9730326791539733,0.9844485882027548,0.6451612903225806,0.12662796891223482,-0.40276828892176836,1.2888585245496587,0.6493371093829511,0.12245214985186437,0.48332194670612205,0.24166097335306103,2.803930449598415e6,140271.51132637486,NaN,
BA(k=4),14,6,20292109,40,31.0,0.7717892592348155,fit:triangle:mse,0.6707056771860676,0.9923005336107757,0.9873488177221442,0.9987581457492373,0.540693953677306,0.23109530555750946,0.0,1.0471975511965976,0.6586218313263893,0.11316742790842615,0.24166097335306103,0.20138414446088415,216155.87098036558,11046.425973346055,0.6707056771860676,2.27014;0.606071;0.182074;0.323544
BA(k=4),14,6,20292109,40,31.0,0.7717892592348155,fit:triangle:wgt,0.8026019434279451,0.9469576232511638,0.9327892995029434,0.9707127882183844,0.47272047326309663,0.2990687859717188,0.5638756044904756,1.0069207223044208,0.649655450059116,0.12213380917569949,-0.3222146311374148,0.20138414446088415,315.4862487712438,16.74898815950324,0.9430340182863243,0.05;0.366125;0.390211;0.0912812
BA(k=4),14,6,20292109,40,31.0,0.7717892592348155,fit:normal:mse,0.5553577269583635,0.9999766978834976,0.9802151539515834,0.9816402891543303,0.6451612903225806,0.12662796891223482,-0.40276828892176836,-0.28193780224523785,0.6451612903225803,0.12662796891223516,1.7721804712557807,0.2819378022452379,7489.144390243557,372.2532625631927,0.5553577269583635,20.4156;4.91912;4.48503
BA(k=4),14,6,20292109,40,31.0,0.7717892592348155,fit:normal:wgt,0.9987938173321972,0.9742768356943963,0.9649437791230985,0.9972356066848309,0.6451683378974926,0.12662092133732283,2.658270706883671,-0.24166097335306103,0.6451612903225806,0.12662796891223482,-1.3694121823340124,1.1277512089809514,5.0120257612398595e7,2.5645312838222473e6,0.9695901808756249,14.7142;154.015;0.01
BA(k=4),14,6,20292109,40,31.0,0.7717892592348155,paper:empP,0.9983368473074294,0.9997467815515244,0.9993923488027568,0.9997551085914672,0.7633034381227402,0.008485821112075298,0.3222146311374147,0.12083048667653051,0.6586218313263893,0.11316742790842615,0.24166097335306103,0.20138414446088415,611.0433025184968,22.403363115950537,NaN,
BA(k=4),14,6,20292109,40,31.0,0.7717892592348155,paper:binP,0.9983368473074294,0.9997467815515244,0.9993923488027568,0.9997551085914672,0.7633034381227402,0.008485821112075298,0.3222146311374147,0.12083048667653051,0.6723401456746272,0.09944911356018826,0.16110731556870728,0.1611073155687074,129.54905645049004,4.810911605243248,NaN,
BA(k=4),14,7,20292110,40,30.0,0.7859215811030469,exactN,0.0,0.0,0.0,0.0,0.7586946289140416,0.027226952189005282,0.0,0.0,0.7475533691592529,0.03836821194379403,0.0,0.0,22.206208964935477,0.972947434260652,NaN,
BA(k=4),14,7,20292110,40,30.0,0.7859215811030469,pert:lowd:0.01,0.009999488720726464,0.9824106957102752,0.989661628721385,0.8624780490394552,0.6666666666666666,0.11925491443638025,-0.40276828892176836,-0.28193780224523785,0.6832562700148063,0.10266531108824062,0.48332194670612205,0.2013841444608842,82319.19024387393,4118.439801709788,NaN,
BA(k=4),14,7,20292110,40,30.0,0.7859215811030469,pert:lowd:0.05,0.04993733630329572,0.9987076047053584,0.9984931744938412,0.9344214216293442,0.6666666666666666,0.11925491443638025,-0.40276828892176836,-0.28193780224523785,0.6743477566355127,0.11157382446753417,1.1277512089809512,0.12083048667653046,2.0069753796081496e6,100410.01576318771,NaN,
BA(k=4),14,7,20292110,40,30.0,0.7859215811030469,pert:lowd:0.2,0.19611188919754935,0.9996928008716744,0.9992753222581966,0.9460173976576408,0.6666666666666666,0.11925491443638025,-0.40276828892176836,-0.28193780224523785,0.6666666666666666,0.11925491443638025,-1.3694121823340124,0.6444292622748293,3.1959732944264293e7,1.5989643143723323e6,NaN,
BA(k=4),14,7,20292110,40,30.0,0.7859215811030469,pert:lowd:0.5,0.44719346021765377,0.999808498189335,0.9993978898542588,0.9482367075786421,0.6666666666666666,0.11925491443638025,-0.40276828892176836,-0.28193780224523785,0.6666666666666669,0.11925491443638003,-1.3694121823340124,0.6847060911670062,1.9955875948981923e8,9.98404554252874e6,NaN,
BA(k=4),14,7,20292110,40,30.0,0.7859215811030469,pert:highd:0.01,0.004997457261838417,0.03373131285327334,0.0029018667553869374,0.012440376578310937,0.6666666666666667,0.11925491443638014,-0.40276828892176836,0.5235987755982989,0.7532484060340217,0.03267317506902523,-0.08055365778435375,0.0,32.81817339011488,1.6411269683760423,NaN,
BA(k=4),14,7,20292110,40,30.0,0.7859215811030469,pert:highd:0.05,0.02415304887446105,0.16727335596862394,0.014500880171374173,0.06297251695069606,0.6666666666666667,0.11925491443638014,-0.40276828892176836,0.5235987755982989,0.739302662216663,0.04661891888638392,0.0,0.04027682889217682,116.69093256151695,5.83663618048132,NaN,
BA(k=4),14,7,20292110,40,30.0,0.7859215811030469,pert:highd:0.2,0.08564881945231807,0.5694177296004519,0.05780817748570082,0.2577087854175597,0.6666666666666667,0.11925491443638014,-0.40276828892176836,0.5235987755982989,0.7592436885142125,0.02667789258883435,-0.08055365778435375,-0.04027682889217682,895.7647144102168,44.81156480094242,NaN,
BA(k=4),14,7,20292110,40,30.0,0.7859215811030469,pert:highd:0.5,0.17335696406659662,0.8748840710214189,0.14276478067967086,0.6011193318182287,0.6666666666666667,0.11925491443638014,-0.40276828892176836,0.5235987755982989,0.7672796511966704,0.018641929906376475,-0.16110731556870728,-0.12083048667653051,4654.416706846287,232.85401239744178,NaN,
BA(k=4),14,7,20292110,40,30.0,0.7859215811030469,pert:nulled:0.01,0.006188071346342011,0.062490591979486615,0.000769455216699955,0.002234585412920092,0.6666666666666666,0.11925491443638025,-0.40276828892176836,1.2888585245496587,0.7475533691592529,0.03836821194379403,0.0,0.0,49.82267561268389,2.4916867629631945,NaN,
BA(k=4),14,7,20292110,40,30.0,0.7859215811030469,pert:nulled:0.05,0.029996375717554112,0.2987213775159107,0.0038471350030378207,0.01114087422724157,0.6666666666666666,0.11925491443638025,-0.40276828892176836,1.2888585245496587,0.7342808883665323,0.051640692736514615,0.08055365778435375,0.04027682889217682,302.901560263687,15.151938878940786,NaN,
BA(k=4),14,7,20292110,40,30.0,0.7859215811030469,pert:nulled:0.2,0.10724519596066458,0.7811814967884132,0.015385126721283877,0.04405881597671084,0.6666666666666666,0.11925491443638025,-0.40276828892176836,1.2888585245496587,0.7342808883665323,0.051640692736514615,0.08055365778435375,0.04027682889217682,3158.42897405876,158.0103314776353,NaN,
BA(k=4),14,7,20292110,40,30.0,0.7859215811030469,pert:nulled:0.5,0.21876893661855404,0.9524062171480229,0.03843043216640198,0.10737773396132302,0.6666666666666666,0.11925491443638025,-0.40276828892176836,1.2888585245496587,0.7342808883665323,0.051640692736514615,0.08055365778435375,0.04027682889217682,17900.186100166964,895.5387085034494,NaN,
BA(k=4),14,7,20292110,40,30.0,0.7859215811030469,pert:random:0.01,0.009999992029114873,0.9164609115311318,0.9523861264171909,0.9313787554595423,0.6666666666666666,0.11925491443638025,-0.40276828892176836,-0.28193780224523785,0.6978182820901437,0.08810329901290315,0.5638756044904756,0.08055365778435364,8784.326930633102,439.498338054563,NaN,
BA(k=4),14,7,20292110,40,30.0,0.7859215811030469,pert:random:0.05,0.049957486063787714,0.9971692361503701,0.9979709520421153,0.9839712315136828,0.6666666666666666,0.11925491443638025,-0.40276828892176836,-0.28193780224523785,0.6050213982508195,0.18090018285222742,-0.8860902356278904,0.3624914600295915,236694.08350662366,11842.018352345309,NaN,
BA(k=4),14,7,20292110,40,30.0,0.7859215811030469,pert:random:0.2,0.19643899865900785,0.9999705142659963,0.9998761949114309,0.9608132128943743,0.6666666666666666,0.11925491443638025,-0.40276828892176836,-0.28193780224523785,0.643561817637456,0.14235976346559087,0.4027682889217683,0.3624914600295915,3.8395030668283678e6,192092.97334046866,NaN,
BA(k=4),14,7,20292110,40,30.0,0.7859215811030469,pert:random:0.5,0.44876770723313636,0.9999827995052429,0.9999812460786489,0.9551691909734602,0.6666666666666666,0.11925491443638025,-0.40276828892176836,-0.28193780224523785,0.6252488044881218,0.16067277661492507,0.32221463113741455,0.40276828892176836,2.4062661331080288e7,1.2038704330066089e6,NaN,
BA(k=4),14,7,20292110,40,30.0,0.7859215811030469,fit:triangle:mse,0.6927651799667676,0.9896751563031968,0.9849049712075063,0.9976401929570515,0.5136407735934458,0.27228080750960104,0.24166097335306097,1.0471975511965976,0.673327851067215,0.11259373003583184,0.32221463113741455,0.24166097335306097,4071.9634056065315,211.64295160623325,0.6927651799667676,0.316418;0.458005;0.316182;0.189909
BA(k=4),14,7,20292110,40,30.0,0.7859215811030469,fit:triangle:wgt,0.8816349988253536,0.9433857308095747,0.9399959237387349,0.9650823453774813,0.5101546388679092,0.27576694223513765,0.8860902356278904,0.9666438934122439,0.6832422789679129,0.10267930213513399,0.48332194670612205,-0.32221463113741466,269.1470042887692,14.483528223815043,0.9392908688823934,0.05;0.560818;0.318904;0.15893
BA(k=4),14,7,20292110,40,30.0,0.7859215811030469,fit:normal:mse,0.5975315744290668,0.9999759721718432,0.9857824077412716,0.9966539480485146,0.6666666666666666,0.11925491443638025,-0.40276828892176836,-0.28193780224523785,0.6666666666666675,0.11925491443637937,1.7721804712557807,0.4430451178139451,9899.185626096145,492.684551894559,0.5975315744290668,20.5654;5.05232;4.81013
BA(k=4),14,7,20292110,40,30.0,0.7859215811030469,fit:normal:wgt,0.9996298968926884,0.9728265341336235,0.9619140562120345,0.9945935975895478,0.6670203419717925,0.11890123913125439,2.497163391314964,-0.24166097335306103,0.6666666666666666,0.11925491443638025,-1.3694121823340124,1.1680280378731283,4.3094786239774644e7,2.228422961096704e6,0.9679609992481568,13.199;149.354;0.0105044
BA(k=4),14,7,20292110,40,30.0,0.7859215811030469,paper:empP,0.9992595384340843,0.9999277128046823,0.9998006486907439,0.999920218062688,0.7799667248255547,0.005954856277492149,0.24166097335306097,0.0805536577843537,0.6844749244174125,0.10144665668563435,0.24166097335306103,0.2013841444608842,332.85121046419715,12.912906883503098,NaN,
BA(k=4),14,7,20292110,40,30.0,0.7859215811030469,paper:binP,0.9992595384340843,0.9999277128046823,0.9998006486907439,0.999920218062688,0.7739636025677326,0.011957978535314329,0.3222146311374147,0.12083048667653051,0.6838619491101583,0.10205963199288859,0.16110731556870728,0.2013841444608842,129.54905645049004,4.810911605243248,NaN,
BA(k=4),14,8,20292111,40,29.0,0.8237914347607456,exactN,0.0,0.0,0.0,0.0,0.7886563987537798,0.03513503600696577,0.0,0.0,0.775606382253154,0.04818505250759153,0.0,0.0,22.304938137771494,0.972491928148035,NaN,
BA(k=4),14,8,20292111,40,29.0,0.8237914347607456,pert:lowd:0.01,0.009999488532667189,0.9830171882338059,0.989905529308941,0.8302364824077881,0.6896551724137931,0.13413626234695242,-0.40276828892176836,-0.28193780224523785,0.7011008670890805,0.12269056767166509,0.5638756044904756,0.20138414446088415,82313.51407421977,4117.847339873559,NaN,
BA(k=4),14,8,20292111,40,29.0,0.8237914347607456,pert:lowd:0.05,0.049937331660780834,0.9986847307865242,0.9984349971498194,0.927378480034326,0.6896551724137931,0.13413626234695242,-0.40276828892176836,-0.28193780224523785,0.7171577654327627,0.1066336693279829,0.48332194670612205,0.12083048667653051,2.006835255799504e6,100395.38906168749,NaN,
BA(k=4),14,8,20292111,40,29.0,0.8237914347607456,pert:lowd:0.2,0.19611181902003735,0.9996631487274996,0.9992140975801724,0.942920290024797,0.6896551724137931,0.13413626234695242,-0.40276828892176836,-0.28193780224523785,0.6896551724137933,0.1341362623469523,1.7721804712557807,-0.08055365778435364,3.1957496304624088e7,1.5987308416815456e6,NaN,
BA(k=4),14,8,20292111,40,29.0,0.8237914347607456,pert:lowd:0.5,0.44719312748206214,0.9997819395990074,0.9993381480927003,0.9458670198542838,0.6896551724137931,0.13413626234695242,-0.40276828892176836,-0.28193780224523785,0.6896551724137933,0.1341362623469523,1.7721804712557807,-0.08055365778435364,1.995447871686905e8,9.982587031377837e6,NaN,
BA(k=4),14,8,20292111,40,29.0,0.8237914347607456,pert:highd:0.01,0.005007312730931879,0.0346855295511071,0.002994969494215517,0.017558884937322737,0.6896551724137933,0.1341362623469523,-0.40276828892176836,0.5235987755982989,0.775606382253154,0.04818505250759153,0.0,0.0,32.81766496691078,1.6410741192978149,NaN,
BA(k=4),14,8,20292111,40,29.0,0.8237914347607456,pert:highd:0.05,0.02420118697612307,0.17216366142683634,0.014965444798701258,0.08971293551627253,0.6896551724137933,0.1341362623469523,-0.40276828892176836,0.5235987755982989,0.775606382253154,0.04818505250759153,0.0,0.0,116.68610719856787,5.836133596246751,NaN,
BA(k=4),14,8,20292111,40,29.0,0.8237914347607456,pert:highd:0.2,0.08582441552864531,0.5834282443886006,0.05964548606235656,0.3705496103041667,0.6896551724137933,0.1341362623469523,-0.40276828892176836,0.5235987755982989,0.7954151319925761,0.028376302768169492,-0.08055365778435375,-0.08055365778435364,895.7111642544893,44.80597938135257,NaN,
BA(k=4),14,8,20292111,40,29.0,0.8237914347607456,pert:highd:0.5,0.1737216581900006,0.8849868778982536,0.14717951503982815,0.7856157294410198,0.6896551724137933,0.1341362623469523,-0.40276828892176836,0.5235987755982989,0.8018981167806786,0.021893317980066995,-0.16110731556870728,-0.16110731556870733,4654.111587937314,232.82217343520935,NaN,
BA(k=4),14,8,20292111,40,29.0,0.8237914347607456,pert:nulled:0.01,0.0061875778026843275,0.06426217665643379,0.0007942124733554812,0.0005169222255322324,0.6896551724137931,0.13413626234695242,-0.40276828892176836,1.2888585245496587,0.775606382253154,0.04818505250759153,0.0,0.0,49.821391904020004,2.4915532232401567,NaN,
BA(k=4),14,8,20292111,40,29.0,0.8237914347607456,pert:nulled:0.05,0.029993940149222683,0.30649734399954076,0.003970906760164768,0.0025826649819776604,0.6896551724137931,0.13413626234695242,-0.40276828892176836,1.2888585245496587,0.7594651750009092,0.06432625975983641,0.08055365778435375,0.04027682889217682,302.88577144916144,15.150293055895055,NaN,
BA(k=4),14,8,20292111,40,29.0,0.8237914347607456,pert:nulled:0.2,0.10723605796386805,0.7899376296428887,0.01587986668166485,0.010301182856978808,0.6896551724137931,0.13413626234695242,-0.40276828892176836,1.2888585245496587,0.7594651750009092,0.06432625975983641,0.08055365778435375,0.04027682889217682,3158.225264732567,157.9890763189943,NaN,
BA(k=4),14,8,20292111,40,29.0,0.8237914347607456,pert:nulled:0.5,0.2187494474277855,0.9550577592328018,0.039664024286155564,0.025602315345719998,0.6896551724137931,0.13413626234695242,-0.40276828892176836,1.2888585245496587,0.775606382253154,0.04818505250759153,0.0,0.0,17898.974056511026,895.4122112745563,NaN,
BA(k=4),14,8,20292111,40,29.0,0.8237914347607456,pert:random:0.01,0.00837236343091328,0.9007198791850312,0.5724835542665784,0.22421798283056718,0.6896551724137931,0.13413626234695242,-0.40276828892176836,1.2888585245496587,0.7279045727884378,0.09588686197230778,0.24166097335306103,0.12083048667653051,7739.553864919455,387.19592817649664,NaN,
BA(k=4),14,8,20292111,40,29.0,0.8237914347607456,pert:random:0.05,0.040948733498056236,0.9963106056816304,0.9616386556603739,0.6546276895489545,0.6896551724137931,0.13413626234695242,-0.40276828892176836,1.2888585245496587,0.7122400574948295,0.11155137726591602,0.4027682889217683,0.1611073155687074,209546.1652255164,10482.981685453078,NaN,
BA(k=4),14,8,20292111,40,29.0,0.8237914347607456,pert:random:0.2,0.1502275258214588,0.9999296585478258,0.9975443630574583,0.8738609756806924,0.6896551724137931,0.13413626234695242,-0.40276828892176836,1.2888585245496587,0.7134531112201588,0.11033832354058681,0.5638756044904756,0.12083048667653051,3.402050599415852e6,170193.95741037125,NaN,
BA(k=4),14,8,20292111,40,29.0,0.8237914347607456,pert:random:0.5,0.3146064434543966,0.9999955187553828,0.9996303027932121,0.9164369569839472,0.6896551724137931,0.13413626234695242,-0.40276828892176836,1.2888585245496587,0.6896551724137938,0.13413626234695175,1.7721804712557807,0.48332194670612205,2.1324726191108562e7,1.0668085468687227e6,NaN,
BA(k=4),14,8,20292111,40,29.0,0.8237914347607456,fit:triangle:mse,0.6898364198572954,0.9915108870307477,0.98675206194401,0.9992744356764317,0.5453172572105968,0.2784741775501488,0.16110731556870733,1.0471975511965976,0.7026801171670828,0.12111131759366278,0.24166097335306103,0.20138414446088415,14255.6936238912,735.9718372257937,0.6898364198572954,0.590181;0.395664;0.405448;0.159931
BA(k=4),14,8,20292111,40,29.0,0.8237914347607456,fit:triangle:wgt,0.8887181683897234,0.936700043381142,0.9250613477566421,0.9598202975731525,0.5300379086738928,0.2937535260868528,0.8860902356278904,0.9666438934122439,0.7065253373749221,0.1172660973858235,0.48332194670612205,-0.36249146002959154,276.22545552295105,14.836065044879275,0.9324635221034546,0.05;0.651912;0.229735;0.204865
BA(k=4),14,8,20292111,40,29.0,0.8237914347607456,fit:normal:mse,0.5947803548696031,0.9999818816793663,0.9893433954664557,0.9742135085379929,0.6896551724137931,0.13413626234695242,-0.40276828892176836,1.2888585245496587,0.6896551724137933,0.1341362623469523,-1.3694121823340124,0.32221463113741466,6799.838122686019,340.4481508401757,0.5947803548696031,20.4427;4.80927;4.88718
BA(k=4),14,8,20292111,40,29.0,0.8237914347607456,fit:normal:wgt,0.9990664200631187,0.9682644445189895,0.9480827901436474,0.9921182048340887,0.6896627070428354,0.13412872771791018,2.658270706883671,-0.24166097335306103,0.6896551724137931,0.13413626234695242,-1.3694121823340124,1.1277512089809514,5.5540187179087e7,2.862868124006469e6,0.9630369420389656,14.7124;116.708;0.01
BA(k=4),14,8,20292111,40,29.0,0.8237914347607456,paper:empP,0.9993325715090489,0.9999518523598,0.9998628106956974,0.9999685417885004,0.8206410802341925,0.0031503545265531008,0.3222146311374147,0.0805536577843537,0.7158726544309506,0.10791878032979496,0.24166097335306103,0.1611073155687074,435.71738563999656,16.625618793147723,NaN,
BA(k=4),14,8,20292111,40,29.0,0.8237914347607456,paper:binP,0.9993325715090489,0.9999518523598,0.9998628106956974,0.9999685417885004,0.8142115975272503,0.009579837233495314,0.3222146311374147,0.12083048667653051,0.7170813827887305,0.10671005197201511,0.16110731556870728,0.1611073155687074,129.54905645049004,4.810911605243248,NaN,
BA(k=4),14,9,20292112,40,29.0,0.8117145677424724,exactN,0.0,0.0,0.0,0.0,0.7843367014007442,0.02737786634172823,0.0,0.0,0.7719707558066271,0.03974381193584531,0.0,0.0,22.230970091696392,0.9748975516816306,NaN,
BA(k=4),14,9,20292112,40,29.0,0.8117145677424724,pert:lowd:0.01,0.009999491166745695,0.9846197289353283,0.9929209448121035,0.8639040164001909,0.6896551724137931,0.12205939532867927,-0.40276828892176836,-0.28193780224523785,0.7026028153518892,0.10911175239058324,0.48332194670612205,0.2013841444608842,82296.69423633638,4117.336528674798,NaN,
BA(k=4),14,9,20292112,40,29.0,0.8117145677424724,pert:lowd:0.05,0.04993739674910215,0.9989506021335437,0.9993936681906944,0.9306265015117948,0.6896551724137931,0.12205939532867927,-0.40276828892176836,-0.28193780224523785,0.6960930596160947,0.11562150812637773,0.9666438934122441,0.16110731556870733,2.0064199832522601e6,100382.77711548086,NaN,
BA(k=4),14,9,20292112,40,29.0,0.8117145677424724,pert:lowd:0.2,0.19611280309429566,0.9997758787764114,0.9998206481171158,0.9415834901385316,0.6896551724137931,0.12205939532867927,-0.40276828892176836,-0.28193780224523785,0.6896551724137931,0.12205939532867927,1.7721804712557807,0.9263670645200672,3.195086761406772e7,1.5985295255435265e6,NaN,
BA(k=4),14,9,20292112,40,29.0,0.8117145677424724,pert:lowd:0.5,0.4471977935024102,0.9998681473084318,0.9998757934234686,0.9436940162818336,0.6896551724137931,0.12205939532867927,-0.40276828892176836,-0.28193780224523785,0.6896551724137931,0.12205939532867927,1.7721804712557807,0.9263670645200672,1.9950337744046268e8,9.981329399266832e6,NaN,
BA(k=4),14,9,20292112,40,29.0,0.8117145677424724,pert:highd:0.01,0.004995440157097859,0.035675939186061524,0.0030731936915720398,0.013549529367416283,0.6896551724137933,0.12205939532867915,-0.40276828892176836,0.5235987755982989,0.7719707558066271,0.03974381193584531,0.0,0.0,32.81616994814679,1.6410287820488187,NaN,
BA(k=4),14,9,20292112,40,29.0,0.8117145677424724,pert:highd:0.05,0.024143196931724495,0.17639111722007203,0.01535157697438894,0.06865170012405498,0.6896551724137933,0.12205939532867915,-0.40276828892176836,0.5235987755982989,0.7719707558066271,0.03974381193584531,0.0,0.0,116.67186523057883,5.835701396859277,NaN,
BA(k=4),14,9,20292112,40,29.0,0.8117145677424724,pert:highd:0.2,0.08561288606244828,0.5883560317942649,0.06111003742668024,0.28066161452390637,0.6896551724137933,0.12205939532867915,-0.40276828892176836,0.5235987755982989,0.784506890884881,0.0272076768575914,-0.08055365778435375,-0.04027682889217682,895.5526932699977,44.80116788666533,NaN,
BA(k=4),14,9,20292112,40,29.0,0.8117145677424724,pert:highd:0.5,0.1732823422218198,0.8824222657059724,0.15039418586988307,0.6410106901663932,0.6896551724137933,0.12205939532867915,-0.40276828892176836,0.483321946706122,0.7876227983533373,0.024091769389135154,-0.08055365778435375,-0.0805536577843537,4653.207894913405,232.79473121280432,NaN,
BA(k=4),14,9,20292112,40,29.0,0.8117145677424724,pert:nulled:0.01,0.006180678532773715,0.06607445732942874,0.0008156737755558492,0.002427570422607788,0.6896551724137931,0.12205939532867927,-0.40276828892176836,1.2888585245496587,0.7719707558066271,0.03974381193584531,0.0,0.0,49.81761176325906,2.4914385574808557,NaN,
BA(k=4),14,9,20292112,40,29.0,0.8117145677424724,pert:nulled:0.05,0.029959894551568212,0.3141948674152544,0.004077904701349155,0.012099033315670296,0.6896551724137931,0.12205939532867927,-0.40276828892176836,1.2888585245496587,0.7719707558066271,0.03974381193584531,0.0,0.0,302.83910001001357,15.148876316840422,NaN,
BA(k=4),14,9,20292112,40,29.0,0.8117145677424724,pert:nulled:0.2,0.10710833617798433,0.7974682588830838,0.01630311624288778,0.04778386085550352,0.6896551724137931,0.12205939532867927,-0.40276828892176836,1.2888585245496587,0.7522338878822004,0.05948067986027206,0.16110731556870728,0.04027682889217682,3157.6220179458273,157.9707582089038,NaN,
BA(k=4),14,9,20292112,40,29.0,0.8117145677424724,pert:nulled:0.5,0.21847707489399548,0.9568722617234876,0.04069714658914266,0.11609543230277068,0.6896551724137931,0.12205939532867927,-0.40276828892176836,1.2888585245496587,0.7522338878822004,0.05948067986027206,0.16110731556870728,0.04027682889217682,17895.38313439343,895.3031602299698,NaN,
BA(k=4),14,9,20292112,40,29.0,0.8117145677424724,pert:random:0.01,0.009434696518180002,0.8246219857593388,0.6278800990415883,0.49318410230582527,0.6896551724137931,0.12205939532867927,-0.40276828892176836,1.2888585245496587,0.7464890361112488,0.06522553163122358,0.24166097335306103,0.04027682889217682,4261.80639119315,213.21280810994784,NaN,
BA(k=4),14,9,20292112,40,29.0,0.8117145677424724,pert:random:0.05,0.04777432732677963,0.9893621034577437,0.9462708915895782,0.9816170468712965,0.6896551724137931,0.12205939532867927,-0.40276828892176836,1.2888585245496587,0.6017858912414847,0.20992867650098768,-0.9666438934122441,0.4430451178139451,95187.1116310862,4762.25253414012,NaN,
BA(k=4),14,9,20292112,40,29.0,0.8117145677424724,pert:random:0.2,0.19780880683290328,0.9989444058331222,0.9852986656668297,0.9950531148861894,0.6896551724137931,0.12205939532867927,-0.40276828892176836,1.2888585245496587,0.5286959953407423,0.2830185724017301,-0.3222146311374148,0.4430451178139451,1.4900596416511512e6,74548.83754041619,NaN,
BA(k=4),14,9,20292112,40,29.0,0.8117145677424724,pert:random:0.5,0.4929449416960273,0.9996680337932172,0.99037972416698,0.9876412153724925,0.6896551724137931,0.12205939532867927,-0.40276828892176836,1.2888585245496587,0.677437824866364,0.13427674287610847,0.8860902356278904,0.4430451178139451,9.271975079761907e6,463884.73087031895,NaN,
BA(k=4),14,9,20292112,40,29.0,0.8117145677424724,fit:triangle:mse,0.701735152319057,0.9925834705926284,0.9862082834429591,0.9977989009176671,0.5570328628401058,0.25468170490236663,0.08055365778435364,1.0471975511965976,0.6913636857949945,0.1203508819474779,0.32221463113741455,0.24166097335306097,666100.3299820132,34212.11468624533,0.701735152319057,4.03774;0.672463;0.155821;0.42909
BA(k=4),14,9,20292112,40,29.0,0.8117145677424724,fit:triangle:wgt,0.8686845893359486,0.9441137359026567,0.9280720997118656,0.9638293063767813,0.5084414910502065,0.3032730766922659,0.8055365778435368,0.9666438934122439,0.7070863675661377,0.10462820017633467,0.48332194670612205,-0.32221463113741466,274.44108144390725,14.79096508660554,0.9400870963670354,0.05;0.500435;0.364298;0.132624
BA(k=4),14,9,20292112,40,29.0,0.8117145677424724,fit:normal:mse,0.6173597945451692,0.9999703674009321,0.9937775486671745,0.9900852186063879,0.6896551724137931,0.12205939532867927,-0.40276828892176836,-0.28193780224523785,0.6896551724137933,0.12205939532867915,-1.3694121823340124,0.3624914600295915,4591.6814745947395,233.47887472695533,0.6173597945451692,20.6146;4.55495;5.09118
BA(k=4),14,9,20292112,40,29.0,0.8117145677424724,fit:normal:wgt,0.9987549633046949,0.9682091741245341,0.9512470181580656,0.9890448895030283,0.6896551724137922,0.12205939532868026,2.738824364668025,-0.24166097335306103,0.6896551724137931,0.12205939532867927,-1.3694121823340124,1.1680280378731283,5.923111382576466e7,3.043917716916557e6,0.9628051698033114,15.1925;106.489;0.01
BA(k=4),14,9,20292112,40,29.0,0.8117145677424724,paper:empP,0.9993203208556929,0.9999468457391245,0.9998373784207824,0.999947391206252,0.8053938434377281,0.006320724304744285,0.24166097335306097,0.0805536577843537,0.7033684459079942,0.10834612183447823,0.24166097335306103,0.2013841444608842,292.972108145424,11.492017762076742,NaN,
BA(k=4),14,9,20292112,40,29.0,0.8117145677424724,paper:binP,0.9993203208556929,0.9999468457391245,0.9998373784207824,0.999947391206252,0.7987066969610379,0.013007870781434505,0.3222146311374147,0.12083048667653051,0.7025680231553709,0.10914654458710149,0.16110731556870728,0.2013841444608842,129.54905645049004,4.810911605243248,NaN,
BA(k=4),14,10,20292113,40,28.0,0.8404445066454974,exactN,0.0,0.0,0.0,0.0,0.8123308493412468,0.02811365730425064,0.0,0.0,0.7989752290744577,0.04146927757103969,0.0,0.0,22.204084320381455,0.9736293595396104,NaN,
BA(k=4),14,10,20292113,40,28.0,0.8404445066454974,pert:lowd:0.01,0.009999489690919204,0.9837361652588622,0.9912667538849786,0.8647963323705216,0.7142857142857143,0.1261587923597831,-0.40276828892176836,-0.28193780224523785,0.7238617543445408,0.1165827523009566,0.8055365778435366,0.2013841444608842,82298.50951648367,4117.393020665029,NaN,
BA(k=4),14,10,20292113,40,28.0,0.8404445066454974,pert:lowd:0.05,0.04993736026475307,0.9988281862808193,0.9988351199148076,0.9329945075415511,0.7142857142857143,0.1261587923597831,-0.40276828892176836,-0.28193780224523785,0.7169634494688433,0.12348105717665414,1.1277512089809512,0.24166097335306097,2.0064647956957114e6,100384.17142451771,NaN,
BA(k=4),14,10,20292113,40,28.0,0.8404445066454974,pert:lowd:0.2,0.19611225143704825,0.9997285904528777,0.9994747544439891,0.9440949246858221,0.7142857142857143,0.1261587923597831,-0.40276828892176836,-0.28193780224523785,0.7142857142857143,0.1261587923597831,-1.3694121823340124,0.6444292622748293,3.1951582904482238e7,1.5985517805159593e6,NaN,
BA(k=4),14,10,20292113,40,28.0,0.8404445066454974,pert:lowd:0.5,0.44719517775171785,0.999833087929696,0.9995725834634432,0.9462271525360764,0.7142857142857143,0.1261587923597831,-0.40276828892176836,-0.28193780224523785,0.7142857142857145,0.1261587923597829,-1.3694121823340124,0.6847060911670062,1.9950784586970255e8,9.98146842537934e6,NaN,
BA(k=4),14,10,20292113,40,28.0,0.8404445066454974,pert:highd:0.01,0.004982521568447088,0.0350009988260594,0.00307968419500931,0.013130140885993015,0.7142857142857144,0.126158792359783,-0.40276828892176836,0.5235987755982989,0.7843755958396879,0.05606891080580956,0.08055365778435375,0.04027682889217682,32.81633258192903,1.641033901854331,NaN,
BA(k=4),14,10,20292113,40,28.0,0.8404445066454974,pert:highd:0.05,0.02408010328549803,0.17319609058671828,0.015387453523675917,0.06653059618723633,0.7142857142857144,0.126158792359783,-0.40276828892176836,0.5235987755982989,0.7843755958396879,0.05606891080580956,0.08055365778435375,0.04027682889217682,116.67340859501647,5.83574971432925,NaN,
BA(k=4),14,10,20292113,40,28.0,0.8404445066454974,pert:highd:0.2,0.08538279497540402,0.581495444481489,0.06130369747846372,0.2725251885594192,0.7142857142857144,0.126158792359783,-0.40276828892176836,0.5235987755982989,0.81186252808838,0.028581978557117416,-0.08055365778435375,-0.04027682889217682,895.5698196606438,44.80170193318135,NaN,
BA(k=4),14,10,20292113,40,28.0,0.8404445066454974,pert:highd:0.5,0.17280458233026952,0.8793281307710097,0.15110794347895362,0.628637347540659,0.7142857142857144,0.126158792359783,-0.40276828892176836,0.5235987755982989,0.8212630505598482,0.01918145608564925,-0.16110731556870728,-0.12083048667653051,4653.305475554503,232.79777021227537,NaN,
BA(k=4),14,10,20292113,40,28.0,0.8404445066454974,pert:nulled:0.01,0.006182757425644433,0.06482975372980748,0.0008168187576432564,0.0023572564198502963,0.7142857142857143,0.1261587923597831,-0.40276828892176836,1.2888585245496587,0.7989752290744577,0.04146927757103969,0.0,0.0,49.81802237742167,2.49145145651166,NaN,
BA(k=4),14,10,20292113,40,28.0,0.8404445066454974,pert:nulled:0.05,0.029970152934661952,0.30884532203480464,0.004083847517474025,0.011749699446658986,0.7142857142857143,0.1261587923597831,-0.40276828892176836,1.2888585245496587,0.7843755958396879,0.05606891080580956,0.08055365778435375,0.04027682889217682,302.84414974756,15.149034046748895,NaN,
BA(k=4),14,10,20292113,40,28.0,0.8404445066454974,pert:nulled:0.2,0.10714681772523736,0.7919889704209618,0.016330145572044336,0.046422538214575745,0.7142857142857143,0.1261587923597831,-0.40276828892176836,1.2888585245496587,0.7788862700028408,0.06155823664265658,0.16110731556870728,0.04027682889217682,3157.687166897016,157.97278764985452,NaN,
BA(k=4),14,10,20292113,40,28.0,0.8404445066454974,pert:nulled:0.5,0.2185591330719927,0.955386294084287,0.04078085037382076,0.11289566274635074,0.7142857142857143,0.1261587923597831,-0.40276828892176836,1.2888585245496587,0.7788862700028408,0.06155823664265658,0.16110731556870728,0.04027682889217682,17895.770756776423,895.3152264389311,NaN,
BA(k=4),14,10,20292113,40,28.0,0.8404445066454974,pert:random:0.01,0.009986161329552367,0.7734401212128121,0.8250000828066657,0.8048531477087743,0.7142857142857141,0.12615879235978333,-0.40276828892176836,-0.08055365778435367,0.7459019564983086,0.09454255014718882,0.5638756044904756,0.08055365778435364,1523.7385056702979,76.22947457852862,NaN,
BA(k=4),14,10,20292113,40,28.0,0.8404445066454974,pert:random:0.05,0.04999604064619086,0.9880629049959652,0.9708173699860074,0.9998733829306814,0.7142857142857143,0.1261587923597831,-0.40276828892176836,-0.28193780224523785,0.7209057316057422,0.11953877503975519,1.1277512089809512,0.08055365778435364,37041.05399392695,1853.2078295846848,NaN,
BA(k=4),14,10,20292113,40,28.0,0.8404445066454974,pert:random:0.2,0.1981301763142241,0.9995048468410092,0.9866739196083048,0.9878751911676211,0.7142857142857143,0.1261587923597831,-0.40276828892176836,-0.28193780224523785,0.6507316421528453,0.18971286449265212,-1.1277512089809514,0.9666438934122441,613493.805744038,30693.489089905226,NaN,
BA(k=4),14,10,20292113,40,28.0,0.8404445066454974,pert:random:0.5,0.45794440707454137,0.9999782565194307,0.9891553337907204,0.9832435004628584,0.7142857142857143,0.1261587923597831,-0.40276828892176836,-0.28193780224523785,0.6717577451132933,0.16868676153220408,-1.2083048667653051,0.9666438934122441,3.860652463201744e6,193150.51158259547,NaN,
BA(k=4),14,10,20292113,40,28.0,0.8404445066454974,fit:triangle:mse,0.7038858270547443,0.991194109721475,0.9856011343290983,0.9981986996910102,0.5495193200939091,0.2909251865515883,0.24166097335306097,1.0471975511965976,0.7188399521741918,0.12160455447130558,0.4027682889217683,0.24166097335306097,21318.839464458477,1106.7457504014506,0.7038858270547443,0.726413;0.4297;0.368356;0.175097
BA(k=4),14,10,20292113,40,28.0,0.8404445066454974,fit:triangle:wgt,0.8975203843237841,0.9363065018139151,0.9241232693845222,0.956213182248268,0.5581141250298527,0.2823303816156447,0.9666438934122441,0.9666438934122439,0.7354524282289967,0.10499207841650071,0.4027682889217683,-0.32221463113741466,257.59097391512336,13.868764373522001,0.9321561635515018,0.05;0.757393;0.176117;0.32715
BA(k=4),14,10,20292113,40,28.0,0.8404445066454974,fit:normal:mse,0.6148319040891344,0.9999977755149532,0.9830579055791758,0.9961802480334949,0.7142857142857143,0.1261587923597831,-0.40276828892176836,-0.28193780224523785,0.714285714285715,0.12615879235978245,1.7721804712557807,0.28193780224523785,5194.763806056523,258.2848717917502,0.6148319040891344,20.6533;4.70749;4.47348
BA(k=4),14,10,20292113,40,28.0,0.8404445066454974,fit:normal:wgt,0.9996811957902482,0.9685403551180102,0.9463961600374196,0.98885411877631,0.7143920278714706,0.1260524787740268,2.497163391314964,-0.24166097335306103,0.7142857142857143,0.1261587923597831,-1.3694121823340124,1.1680280378731283,4.828932149527323e7,2.5208846336464244e6,0.9633399611970774,13.2235;114.683;0.01
BA(k=4),14,10,20292113,40,28.0,0.8404445066454974,paper:empP,0.9995843838532674,0.9999794086562537,0.9999344330012299,0.9999841890404538,0.834031161415221,0.006413345230276368,0.24166097335306097,0.0805536577843537,0.7435106407652228,0.09693386588027464,0.16110731556870728,0.16110731556870733,295.1518784092268,11.63160367998081,NaN,
BA(k=4),14,10,20292113,40,28.0,0.8404445066454974,paper:binP,0.9995843838532674,0.9999794086562537,0.9999344330012299,0.9999841890404538,0.8270435351143155,0.013400971531181916,0.3222146311374147,0.12083048667653051,0.7280887421491357,0.11235576449636175,0.16110731556870728,0.2013841444608842,129.54905645049004,4.810911605243248,NaN,
BA(k=4),14,11,20292114,40,29.0,0.8103377407236623,exactN,0.0,0.0,0.0,0.0,0.7836293702697286,0.026708370453933705,0.0,0.0,0.7545263061166402,0.05581143460702209,0.0,0.0,22.137965266863283,0.9714733705674146,NaN,
BA(k=4),14,11,20292114,40,29.0,0.8103377407236623,pert:lowd:0.01,0.009999489308721585,0.9835359627339606,0.9907441841948473,0.8411779488770675,0.6896551724137931,0.12068256830986912,-0.40276828892176836,-0.28193780224523785,0.6979340092162979,0.11240373150736438,0.4833219467061223,0.20138414446088415,82324.41309781122,4118.814455321879,NaN,
BA(k=4),14,11,20292114,40,29.0,0.8103377407236623,pert:lowd:0.05,0.04993735082320814,0.9988452348711129,0.998671865793092,0.9344264875858969,0.6896551724137931,0.12068256830986912,-0.40276828892176836,-0.28193780224523785,0.6917849641502369,0.11855277657342533,1.1277512089809514,0.20138414446088415,2.0071043407337666e6,100419.26732024517,NaN,
BA(k=4),14,11,20292114,40,29.0,0.8103377407236623,pert:lowd:0.2,0.1961121086973129,0.9997432013021584,0.999367839797772,0.9490398462853277,0.6896551724137931,0.12068256830986912,-0.40276828892176836,-0.28193780224523785,0.6896551724137931,0.12068256830986912,-1.5305194979027197,0.6041524333826525,3.1961791491605725e7,1.5991119949355174e6,NaN,
BA(k=4),14,11,20292114,40,29.0,0.8103377407236623,pert:lowd:0.5,0.4471945009543879,0.999845496787324,0.9994764737586941,0.9517964124603678,0.6896551724137931,0.12068256830986912,-0.40276828892176836,-0.28193780224523785,0.6896551724137934,0.1206825683098689,-1.5305194979027197,0.6444292622748293,1.9957161937236762e8,9.984968115611477e6,NaN,
BA(k=4),14,11,20292114,40,29.0,0.8103377407236623,pert:highd:0.01,0.004980479302707196,0.03461261039826438,0.00305532614879658,0.01792908006777201,0.6896551724137933,0.12068256830986901,-0.40276828892176836,0.5235987755982989,0.7545263061166402,0.05581143460702209,0.0,0.0,32.81863503314727,1.641159924135235,NaN,
BA(k=4),14,11,20292114,40,29.0,0.8103377407236623,pert:highd:0.05,0.02407012950193875,0.17128624167413095,0.015266409228867834,0.09156625645753784,0.6896551724137933,0.12068256830986901,-0.40276828892176836,0.5235987755982989,0.7597150570416568,0.05062268368200551,-0.08055365778435353,0.0,116.69534224926511,5.836951720055726,NaN,
BA(k=4),14,11,20292114,40,29.0,0.8103377407236623,pert:highd:0.2,0.08534642759844173,0.5767213756957293,0.060832517613354606,0.3768314927558388,0.6896551724137933,0.12068256830986901,-0.40276828892176836,0.5235987755982989,0.7608983840496701,0.04943935667399213,0.0,-0.04027682889217682,895.8138752500033,44.81508837091671,NaN,
BA(k=4),14,11,20292114,40,29.0,0.8103377407236623,pert:highd:0.5,0.17272907936975246,0.8764188510691013,0.15001362151812508,0.7905448841946021,0.6896551724137933,0.12068256830986901,-0.40276828892176836,0.5235987755982989,0.7804224795370254,0.0299152611866369,-0.16110731556870728,-0.12083048667653051,4654.697219389723,232.87412838076085,NaN,
BA(k=4),14,11,20292114,40,29.0,0.8103377407236623,pert:nulled:0.01,0.006185364534357737,0.06411708399442075,0.0008102736598277074,0.0005288190736776941,0.6896551724137931,0.12068256830986912,-0.40276828892176836,1.2888585245496587,0.7545263061166402,0.05581143460702209,0.0,0.0,49.82384408905314,2.491770253554982,NaN,
BA(k=4),14,11,20292114,40,29.0,0.8103377407236623,pert:nulled:0.05,0.029983018138088968,0.3058138221754935,0.00405116660376845,0.0026421510396856854,0.6896551724137931,0.12068256830986912,-0.40276828892176836,1.2888585245496587,0.7545263061166402,0.05581143460702209,0.0,0.0,302.9160269287054,15.152975042632884,NaN,
BA(k=4),14,11,20292114,40,29.0,0.8103377407236623,pert:nulled:0.2,0.10719508133724648,0.788988826525082,0.016200126949111528,0.010539124221387175,0.6896551724137931,0.12068256830986912,-0.40276828892176836,1.2888585245496587,0.7545263061166402,0.05581143460702209,0.0,0.0,3158.6162049664163,158.0237567934011,NaN,
BA(k=4),14,11,20292114,40,29.0,0.8103377407236623,pert:nulled:0.5,0.21866205723199766,0.9546666147606767,0.040459751055279596,0.026196804403774494,0.6896551724137931,0.12068256830986912,-0.40276828892176836,1.2888585245496587,0.7545263061166402,0.05581143460702209,0.0,0.0,17901.30099867401,895.6186750978505,NaN,
BA(k=4),14,11,20292114,40,29.0,0.8103377407236623,pert:random:0.01,0.009936702062640796,0.9214484273210745,0.9159777373598564,0.7998571267987006,0.6896551724137931,0.12068256830986912,-0.40276828892176836,1.2888585245496587,0.7179337122387313,0.09240402848493101,0.4027682889217683,0.08055365778435364,7429.8211841663215,371.71637756374037,NaN,
BA(k=4),14,11,20292114,40,29.0,0.8103377407236623,pert:random:0.05,0.049868208224095094,0.9963625742654709,0.9890797135617712,0.9924919478124288,0.6896551724137931,0.12068256830986912,-0.40276828892176836,1.2888585245496587,0.695070663878399,0.11526707684526327,1.1277512089809514,0.0,170646.31292682097,8537.718658415639,NaN,
BA(k=4),14,11,20292114,40,29.0,0.8103377407236623,pert:random:0.2,0.19938843361875347,0.9997467746164727,0.9955349901985078,0.9611874911844924,0.6896551724137931,0.12068256830986912,-0.40276828892176836,1.2888585245496587,0.6896551724137936,0.12068256830986868,-1.5305194979027197,0.4027682889217683,2.6861833567971247e6,134394.92619261664,NaN,
BA(k=4),14,11,20292114,40,29.0,0.8103377407236623,pert:random:0.5,0.467291153450227,0.999950946762853,0.9964923761092302,0.9524802864619318,0.6896551724137931,0.12068256830986912,-0.40276828892176836,1.2888585245496587,0.6896551724137936,0.12068256830986868,-1.5305194979027197,0.4027682889217683,1.6733718917442014e7,837221.0732763119,NaN,
BA(k=4),14,11,20292114,40,29.0,0.8103377407236623,fit:triangle:mse,0.6971751563506267,0.990972284447093,0.9851257654934116,0.9983904626511207,0.543060128828877,0.26727761189478527,0.16110731556870733,1.0471975511965976,0.69646094181436,0.11387679890930225,0.16110731556870728,0.20138414446088415,86504.60142305607,4466.524358536586,0.6971751563506267,1.46021;0.421371;0.373834;0.171927
BA(k=4),14,11,20292114,40,29.0,0.8103377407236623,fit:triangle:wgt,0.8722776209055316,0.9400362083106026,0.9292606576177802,0.96081458878982,0.5150218067191584,0.29531593400450384,0.8055365778435368,0.9666438934122439,0.7074200251838438,0.10291771553981843,0.3222146311374148,-0.36249146002959154,282.7283492568912,15.202820153780637,0.935909963048716,0.05;0.575258;0.275077;0.156913
BA(k=4),14,11,20292114,40,29.0,0.8103377407236623,fit:normal:mse,0.5953881205965673,0.9999968039629701,0.9944221688686459,0.9667778905404845,0.6896551724137931,0.12068256830986912,-0.40276828892176836,-0.28193780224523785,0.6896551724137933,0.12068256830986901,-1.5305194979027197,0.32221463113741466,3661.9800273075766,185.72351387934953,0.5953881205965673,20.6467;4.46168;4.90309
BA(k=4),14,11,20292114,40,29.0,0.8103377407236623,fit:normal:wgt,0.9996599508540454,0.9729990382795659,0.9628631895508624,0.9979263550073538,0.6900275935173864,0.12031014720627586,2.497163391314964,-0.24166097335306103,0.6896551724137931,0.12068256830986912,-1.5305194979027197,1.1277512089809514,4.5382444712325e7,2.346270764409756e6,0.9679939701487286,13.1929;147.921;0.01
BA(k=4),14,11,20292114,40,29.0,0.8103377407236623,paper:empP,0.9993489690031699,0.9999561663628865,0.9998705490777274,0.9999715419196813,0.8059356749860292,0.004402065737633021,0.3222146311374147,0.0805536577843537,0.7082617215709368,0.10207601915272546,0.08055365778435375,0.1611073155687074,360.04817235804444,13.766818816180916,NaN,
BA(k=4),14,11,20292114,40,29.0,0.8103377407236623,paper:binP,0.9993489690031699,0.9999561663628865,0.9998705490777274,0.9999715419196813,0.7975781175007792,0.012759623222883043,0.3222146311374147,0.12083048667653051,0.707601773731971,0.1027359669916913,0.0,0.1611073155687074,129.54905645049004,4.810911605243248,NaN,
BA(k=4),14,12,20292115,40,29.0,0.8057933461699589,exactN,0.0,0.0,0.0,0.0,0.782345746262115,0.023447599907843952,0.0,0.0,0.7525264060257831,0.05326694014417577,0.0,0.0,22.103017857405856,0.9714131927814149,NaN,
BA(k=4),14,12,20292115,40,29.0,0.8057933461699589,pert:lowd:0.01,0.009999489217762204,0.9828786877805684,0.9905893197323431,0.8420311902260478,0.6896551724137931,0.11613817375616575,-0.40276828892176836,-0.28193780224523785,0.7019020240817525,0.1038913220882064,0.48332194670612183,0.1611073155687074,82304.17021182686,4117.952434383025,NaN,
BA(k=4),14,12,20292115,40,29.0,0.8057933461699589,pert:lowd:0.05,0.04993734857662669,0.9988160400631894,0.9986253798023884,0.9365351540318076,0.6896551724137931,0.11613817375616575,-0.40276828892176836,-0.28193780224523785,0.6971209086533144,0.10867243751664446,1.691626813471427,0.08055365778435364,2.0066045735915948e6,100397.98616399756,NaN,
BA(k=4),14,12,20292115,40,29.0,0.8057933461699589,pert:lowd:0.2,0.19611207473412107,0.9997427440231795,0.9993373713242394,0.9512017738672774,0.6896551724137931,0.11613817375616575,-0.40276828892176836,-0.28193780224523785,0.6980884232216789,0.10770492294828005,1.6110731556870732,0.0,3.195381413235329e7,1.5987723045372264e6,NaN,
BA(k=4),14,12,20292115,40,29.0,0.8057933461699589,pert:lowd:0.5,0.44719433991990937,0.9998471938718687,0.999449031544222,0.9539588286947248,0.6896551724137931,0.11613817375616575,-0.40276828892176836,-0.28193780224523785,0.6980884232216789,0.10770492294828005,1.6110731556870732,0.0,1.9952178452081776e8,9.982846060749248e6,NaN,
BA(k=4),14,12,20292115,40,29.0,0.8057933461699589,pert:highd:0.01,0.004981597463677843,0.033834321101974874,0.0030462852344137893,0.01761764201558235,0.6896551724137933,0.11613817375616564,-0.40276828892176836,0.5235987755982989,0.7525264060257831,0.05326694014417577,0.0,0.0,32.81683166387191,1.6410829366812847,NaN,
BA(k=4),14,12,20292115,40,29.0,0.8057933461699589,pert:highd:0.05,0.024075590230711073,0.1675335822541009,0.015221496008531918,0.08989915847982471,0.6896551724137933,0.11613817375616564,-0.40276828892176836,0.5235987755982989,0.7525264060257831,0.05326694014417577,0.0,0.0,116.67818176454986,5.836220012831021,NaN,
BA(k=4),14,12,20292115,40,29.0,0.8057933461699589,pert:highd:0.2,0.0853663388616507,0.5678887813115688,0.06065789734580276,0.3695206815938521,0.6896551724137933,0.11613817375616564,-0.40276828892176836,0.5235987755982989,0.7716193921666916,0.03417395400326728,-0.08055365778435375,-0.08055365778435364,895.6230787360626,44.80695999269345,NaN,
BA(k=4),14,12,20292115,40,29.0,0.8057933461699589,pert:highd:0.5,0.17277041715896616,0.8716211539441342,0.14960903608355153,0.7801463638031019,0.6896551724137933,0.11613817375616564,-0.40276828892176836,0.5235987755982989,0.7869150743353188,0.01887827183464008,-0.24166097335306103,-0.16110731556870733,4653.609455229473,232.8277996885805,NaN,
BA(k=4),14,12,20292115,40,29.0,0.8057933461699589,pert:nulled:0.01,0.006186987701563275,0.0626825791528699,0.0008078397533820106,0.0005198439444737334,0.6896551724137931,0.11613817375616575,-0.40276828892176836,1.2888585245496587,0.7525264060257831,0.05326694014417577,0.0,0.0,49.81928621292621,2.4915757642703777,NaN,
BA(k=4),14,12,20292115,40,29.0,0.8057933461699589,pert:nulled:0.05,0.029991028100068925,0.29960004597248086,0.004039012228248689,0.002597385333326389,0.6896551724137931,0.11613817375616575,-0.40276828892176836,1.2888585245496587,0.7525264060257831,0.05326694014417577,0.0,0.0,302.8598166776091,15.15057947876986,NaN,
BA(k=4),14,12,20292115,40,29.0,0.8057933461699589,pert:nulled:0.2,0.10722513243323765,0.7823287152204981,0.0161517502187824,0.010361721567015446,0.6896551724137931,0.11613817375616575,-0.40276828892176836,1.2888585245496587,0.7477663185403522,0.05802702762960665,0.08055365778435353,0.0,3157.890050905106,157.99282777634897,NaN,
BA(k=4),14,12,20292115,40,29.0,0.8057933461699589,pert:nulled:0.5,0.21872614619927133,0.9528353025237568,0.04034016897625371,0.025761719451680442,0.6896551724137931,0.11613817375616575,-0.40276828892176836,1.2888585245496587,0.7477663185403522,0.05802702762960665,0.08055365778435353,0.0,17896.97904823611,895.43461874722,NaN,
BA(k=4),14,12,20292115,40,29.0,0.8057933461699589,pert:random:0.01,0.009893151648856215,0.9509946811235244,0.9793740565665378,0.9356123207246393,0.6896551724137931,0.11613817375616575,-0.40276828892176836,-0.28193780224523785,0.6953490534137239,0.11044429275623502,1.6110731556870732,0.1611073155687074,13280.505185560864,664.4929291447188,NaN,
BA(k=4),14,12,20292115,40,29.0,0.8057933461699589,pert:random:0.05,0.04914145043872569,0.9988466955421943,0.9998839744874544,0.9855031366513812,0.6896551724137931,0.11613817375616575,-0.40276828892176836,-0.28193780224523785,0.6539478107818035,0.15184553538815537,-1.1277512089809516,0.32221463113741466,352947.476338823,17659.421890918355,NaN,
BA(k=4),14,12,20292115,40,29.0,0.8057933461699589,pert:random:0.2,0.18940361160123953,0.9999924640967544,0.9997880464813181,0.9641610499377823,0.6896551724137931,0.11613817375616575,-0.40276828892176836,-0.28193780224523785,0.6608669058306262,0.14492644033933266,0.32221463113741455,0.32221463113741466,5.711104161520571e6,285749.0462415948,NaN,
BA(k=4),14,12,20292115,40,29.0,0.8057933461699589,pert:random:0.5,0.4207603801852124,0.9998981638770772,0.9996149791567486,0.95893149753653,0.6896551724137931,0.11613817375616575,-0.40276828892176836,-0.28193780224523785,0.6712807826774573,0.13451256349250162,0.48332194670612183,0.32221463113741466,3.5774601684627816e7,1.7899429089935934e6,NaN,
BA(k=4),14,12,20292115,40,29.0,0.8057933461699589,fit:triangle:mse,0.6972489782926526,0.9827734539990967,0.9766173880412401,0.9981411514655361,0.5217249274331707,0.28406841873678823,0.40276828892176836,1.0471975511965976,0.6928697597701494,0.11292358639980948,0.32221463113741455,0.20138414446088415,505.4795931663359,26.714523525548017,0.6972489782926526,0.114673;0.482158;0.298577;0.208012
BA(k=4),14,12,20292115,40,29.0,0.8057933461699589,fit:triangle:wgt,0.8653535739381757,0.9403543347224202,0.9263985103758368,0.9613008588716497,0.5168160409316959,0.28897730523826304,0.8055365778435368,0.9666438934122439,0.7066400005632638,0.09915334560669509,0.4027682889217683,-0.36249146002959154,283.73222960085695,15.24536046077926,0.9363492857783493,0.05;0.607865;0.236659;0.169558
BA(k=4),14,12,20292115,40,29.0,0.8057933461699589,fit:normal:mse,0.5942168298408008,0.9999932050375093,0.9871721391160913,0.9736391648430262,0.6896551724137931,0.11613817375616575,-0.40276828892176836,-0.28193780224523785,0.6862761499150001,0.11951719625495882,1.691626813471427,0.4430451178139452,4683.602338732643,234.15743968823207,0.5942168298408008,20.5663;4.63118;4.62738
BA(k=4),14,12,20292115,40,29.0,0.8057933461699589,fit:normal:wgt,0.9993800907282298,0.9711802810367623,0.9483886762554489,0.9934033834393625,0.6910385580483523,0.11475478812160655,2.658270706883671,-0.24166097335306103,0.6896551724137931,0.11613817375616575,-1.4499658401183662,1.1277512089809514,5.079699167178429e7,2.6110387236995725e6,0.9663739822791839,14.2093;136.512;0.01
BA(k=4),14,12,20292115,40,29.0,0.8057933461699589,paper:empP,0.9993480613476591,0.9999511917607331,0.999847278807682,0.9999656959630936,0.8000787803572209,0.005714565812737993,0.24166097335306097,0.0805536577843537,0.7021544862576203,0.10363885991233857,0.16110731556870728,0.1611073155687074,301.73994458418207,11.81123809680954,NaN,
BA(k=4),14,12,20292115,40,29.0,0.8057933461699589,paper:binP,0.9993480613476591,0.9999511917607331,0.999847278807682,0.9999656959630936,0.7922945079418019,0.013498838228157006,0.3222146311374147,0.12083048667653051,0.7009853157636848,0.10480803040627407,0.08055365778435353,0.1611073155687074,129.54905645049004,4.810911605243248,NaN,
BA(k=4),14,13,20292116,40,28.0,0.826789038528864,exactN,0.0,0.0,0.0,0.0,0.8014666121654616,0.025322426363402428,0.0,0.0,0.7669470534377965,0.05984198509106753,0.0,0.0,21.990892383271937,0.9779341474684287,NaN,
BA(k=4),14,13,20292116,40,28.0,0.826789038528864,pert:lowd:0.01,0.00999948934852114,0.9840272836383139,0.9999917000974609,0.8552747911366371,0.7142857142857143,0.11250332424314968,-0.40276828892176836,-0.241660973353061,0.7285581028131212,0.09823093571574282,0.322214631137415,0.1611073155687074,82305.24463862012,4118.430777154117,NaN,
BA(k=4),14,13,20292116,40,28.0,0.826789038528864,pert:lowd:0.05,0.04993735180625705,0.9989652904936868,0.9975560502710954,0.9419446392929223,0.7142857142857143,0.11250332424314968,-0.40276828892176836,-0.241660973353061,0.7239872379599339,0.10280180056893007,0.8860902356278904,0.08055365778435364,2.0066311156527363e6,100409.7989955948,NaN,
BA(k=4),14,13,20292116,40,28.0,0.826789038528864,pert:lowd:0.2,0.19611212355891855,0.9997972065639328,0.9966214215350385,0.95523799514259,0.7142857142857143,0.11250332424314968,-0.40276828892176836,-0.241660973353061,0.7142857142857151,0.1125033242431489,1.4499658401183662,0.0,3.1954237849505477e7,1.5989608726297421e6,NaN,
BA(k=4),14,13,20292116,40,28.0,0.826789038528864,pert:lowd:0.5,0.447194571419969,0.9998865352655272,0.9964166481224759,0.9577342491626146,0.7142857142857143,0.11250332424314968,-0.40276828892176836,-0.241660973353061,0.7142857142857151,0.1125033242431489,1.4499658401183662,0.0,1.995244315582364e8,9.984024064811172e6,NaN,
BA(k=4),14,13,20292116,40,28.0,0.826789038528864,pert:highd:0.01,0.004933757902442382,0.03464859804735392,0.0015143236739670436,0.01872579297135777,0.7142857142857144,0.11250332424314957,-0.40276828892176836,0.5638756044904757,0.7669470534377965,0.05984198509106753,0.0,0.0,32.81692384519409,1.641124834081341,NaN,
BA(k=4),14,13,20292116,40,28.0,0.826789038528864,pert:highd:0.05,0.02384199577446101,0.17065178233303963,0.007565252986677047,0.09568162515431464,0.7142857142857144,0.11250332424314957,-0.40276828892176836,0.5638756044904757,0.7709492193073781,0.05583981922148584,-0.08055365778435353,0.0,116.67907523685456,5.836622001784676,NaN,
BA(k=4),14,13,20292116,40,28.0,0.826789038528864,pert:highd:0.2,0.08451496933567751,0.5681799257859109,0.03015614893327525,0.3925678539065878,0.7142857142857144,0.11250332424314957,-0.40276828892176836,0.5638756044904757,0.7918253808645294,0.034963657664334624,-0.2416609733530608,-0.08055365778435364,895.6331411106913,44.811455477808835,NaN,
BA(k=4),14,13,20292116,40,28.0,0.826789038528864,pert:highd:0.5,0.17100361815249748,0.8638313443441022,0.0747590169066974,0.807405922476552,0.7142857142857144,0.11250332424314957,-0.40276828892176836,0.5638756044904757,0.8053463180641833,0.021442720464680654,-0.4027682889217683,-0.16110731556870733,4653.667053593096,232.85347604787287,NaN,
BA(k=4),14,13,20292116,40,28.0,0.826789038528864,pert:nulled:0.01,0.006181333373426856,0.06422013543507979,0.0022176002299315713,0.0005538252090835564,0.7142857142857143,0.11250332424314968,-0.40276828892176836,1.3291353534418355,0.7669470534377965,0.05984198509106753,0.0,0.0,49.819520853038206,2.491681992897287,NaN,
BA(k=4),14,13,20292116,40,28.0,0.826789038528864,pert:nulled:0.05,0.029963125865719368,0.30599045311702766,0.011076048274975546,0.002767074260542974,0.7142857142857143,0.11250332424314968,-0.40276828892176836,1.3291353534418355,0.7669470534377965,0.05984198509106753,0.0,0.0,302.8627650947767,15.151900635235075,NaN,
BA(k=4),14,13,20292116,40,28.0,0.826789038528864,pert:nulled:0.2,0.10712045732778809,0.7880909992664737,0.04409528633748186,0.011037149798950954,0.7142857142857143,0.11250332424314968,-0.40276828892176836,1.3291353534418355,0.7669470534377965,0.05984198509106753,0.0,0.0,3157.928472822891,158.00996260216988,NaN,
BA(k=4),14,13,20292116,40,28.0,0.826789038528864,pert:nulled:0.5,0.2185029215645621,0.9537913649234405,0.10886081608994787,0.027432895732328773,0.7142857142857143,0.11250332424314968,-0.40276828892176836,1.3291353534418355,0.7669470534377965,0.05984198509106753,0.0,0.0,17897.208244276146,895.5367068115722,NaN,
BA(k=4),14,13,20292116,40,28.0,0.826789038528864,pert:random:0.01,0.009939309314432453,0.9254192069332264,0.9447818661327807,0.5527412209661764,0.7142857142857143,0.11250332424314968,-0.40276828892176836,1.3291353534418355,0.7369436374100308,0.08984540111883321,0.24166097335306103,0.12083048667653051,12574.615341372933,629.2027065506645,NaN,
BA(k=4),14,13,20292116,40,28.0,0.826789038528864,pert:random:0.05,0.04987659981801559,0.9958175060417911,0.9995295704081585,0.9140047239413319,0.7142857142857143,0.11250332424314968,-0.40276828892176836,1.3291353534418355,0.6407660748712803,0.18602296365758364,-1.449965840118366,0.48332194670612205,294625.8720746203,14742.7221428568,NaN,
BA(k=4),14,13,20292116,40,28.0,0.826789038528864,pert:random:0.2,0.19935187462265644,0.9994828567296582,0.9995913483984115,0.9714061634460233,0.7142857142857143,0.11250332424314968,-0.40276828892176836,1.3291353534418355,0.5647606741051824,0.2620283644236816,-1.208304866765305,0.4430451178139452,4.655935418814816e6,232978.51772297933,NaN,
BA(k=4),14,13,20292116,40,28.0,0.826789038528864,pert:random:0.5,0.46694350677752583,0.9997948760458637,0.9991827565364788,0.9797198150759042,0.7142857142857143,0.11250332424314968,-0.40276828892176836,1.3291353534418355,0.7027065470748093,0.1240824914540547,0.8055365778435366,0.4430451178139452,2.90272681996187e7,1.4524979400652088e6,NaN,
BA(k=4),14,13,20292116,40,28.0,0.826789038528864,fit:triangle:mse,0.7046304438191664,0.9880260706781285,0.9745321334202551,0.9975117991845095,0.5441536546757854,0.2826353838530786,0.3222146311374147,1.0874743800887745,0.7195722165549091,0.10721682197395488,0.1611073155687075,0.20138414446088415,251872.80610080314,13144.770316697268,0.7046304438191664,2.54451;0.501831;0.288502;0.223652
BA(k=4),14,13,20292116,40,28.0,0.826789038528864,fit:triangle:wgt,0.8718560496149138,0.9308716610269694,0.8901972495188216,0.9470859583444867,0.5500559262827304,0.2767331122461336,0.8860902356278904,1.0069207223044208,0.7364100684768875,0.09037897005197648,0.08055365778435375,-0.36249146002959154,250.96522293800018,13.562589039878176,0.9266732546622387,0.05;0.517598;0.38021;0.147522
BA(k=4),14,13,20292116,40,28.0,0.826789038528864,fit:normal:mse,0.5891054515129313,0.9999537777885629,0.977139091232303,0.9724091239594101,0.7142857142857143,0.11250332424314968,-0.40276828892176836,1.3291353534418355,0.714285714285715,0.11250332424314902,1.4499658401183662,0.4430451178139452,3100.2747542772804,153.0437567473276,0.5891054515129313,20.6889;4.487;4.01974
BA(k=4),14,13,20292116,40,28.0,0.826789038528864,fit:normal:wgt,0.9996686831258141,0.9706470339289778,0.9059463506911439,0.9935346113408072,0.7145236160365028,0.11226542249236116,2.658270706883671,-0.20138414446088415,0.7142857142857143,0.11250332424314968,-1.691626813471427,1.1277512089809514,4.9715718930833854e7,2.5693210128390924e6,0.9657137328349483,13.7076;124.017;0.0100731
BA(k=4),14,13,20292116,40,28.0,0.826789038528864,paper:empP,0.9996114653144735,0.9999826994000208,0.9999005665919435,0.9999910362772293,0.8243201689476264,0.0024688695812375983,0.24166097335306097,0.08055365778435367,0.7395592363802841,0.0872298021485799,-0.16110731556870728,0.12083048667653051,254.60298262000583,10.122745070782416,NaN,
BA(k=4),14,13,20292116,40,28.0,0.826789038528864,paper:binP,0.9996114653144735,0.9999826994000208,0.9999005665919435,0.9999910362772293,0.8095157230584954,0.01727331547036859,0.3222146311374147,0.16110731556870736,0.7243887522814296,0.10240028624743436,-0.16110731556870728,0.1611073155687074,129.54905645049004,4.810911605243248,NaN,
BA(k=4),14,14,20292117,40,28.0,0.8443101077214047,exactN,0.0,0.0,0.0,0.0,0.8135741481655353,0.030735959555869385,0.0,0.0,0.7854440648466277,0.058866042874777036,0.0,0.0,22.23342446197978,0.9733948010697255,NaN,
BA(k=4),14,14,20292117,40,28.0,0.8443101077214047,pert:lowd:0.01,0.009999491259871292,0.9850848997276157,0.9933194912129655,0.8388251341771262,0.7142857142857143,0.1300243934356904,-0.40276828892176836,-0.28193780224523785,0.7249667072365656,0.11934340048483905,0.32221463113741455,0.1611073155687074,82302.24186379102,4117.498143925068,NaN,
BA(k=4),14,14,20292117,40,28.0,0.8443101077214047,pert:lowd:0.05,0.049937399052705646,0.9989474261517558,0.9994182836922776,0.9287803861400288,0.7142857142857143,0.1300243934356904,-0.40276828892176836,-0.28193780224523785,0.7136507375868418,0.13065937013456286,1.208304866765305,0.20138414446088415,2.0065569473723834e6,100386.76679943499,NaN,
BA(k=4),14,14,20292117,40,28.0,0.8443101077214047,pert:lowd:0.2,0.19611283792978412,0.999762979152115,0.9998244546753415,0.9432141053379854,0.7142857142857143,0.1300243934356904,-0.40276828892176836,-0.28193780224523785,0.7142857142857143,0.1300243934356904,-1.4499658401183662,0.6041524333826525,3.195305386029096e7,1.5985932083948844e6,NaN,
BA(k=4),14,14,20292117,40,28.0,0.8443101077214047,pert:lowd:0.5,0.44719795868342704,0.9998564133298794,0.9998773569509906,0.9459592547485981,0.7142857142857143,0.1300243934356904,-0.40276828892176836,-0.28193780224523785,0.7142857142857145,0.13002439343569017,-1.4499658401183662,0.6444292622748293,1.9951703500473446e8,9.981727226972932e6,NaN,
BA(k=4),14,14,20292117,40,28.0,0.8443101077214047,pert:highd:0.01,0.004991856441762098,0.036463060251557156,0.0031758460446698862,0.018839124651052908,0.7142857142857144,0.13002439343569028,-0.40276828892176836,0.5235987755982989,0.7854440648466277,0.058866042874777036,0.0,0.0,32.81666387163197,1.6410432590056918,NaN,
BA(k=4),14,14,20292117,40,28.0,0.8443101077214047,pert:highd:0.05,0.02412569369573489,0.18035388211201225,0.015863979638434413,0.09636988852445293,0.7142857142857144,0.13002439343569028,-0.40276828892176836,0.5235987755982989,0.7854440648466277,0.058866042874777036,0.0,0.0,116.67656666546362,5.835838791519801,NaN,
BA(k=4),14,14,20292117,40,28.0,0.8443101077214047,pert:highd:0.2,0.08554904922974194,0.5987913339323899,0.06313846185228744,0.3966892720903305,0.7142857142857144,0.13002439343569028,-0.40276828892176836,0.5235987755982989,0.8147094010342109,0.029600706687193834,-0.1611073155687075,-0.08055365778435364,895.6049762714207,44.80269261344982,NaN,
BA(k=4),14,14,20292117,40,28.0,0.8443101077214047,pert:highd:0.5,0.1731497807292006,0.8892837337607984,0.15526878784389805,0.8149346993972846,0.7142857142857144,0.13002439343569028,-0.40276828892176836,0.5235987755982989,0.8240538435944416,0.02025626412696313,-0.24166097335306103,-0.16110731556870733,4653.505988726385,232.80341877047766,NaN,
BA(k=4),14,14,20292117,40,28.0,0.8443101077214047,pert:nulled:0.01,0.006178234695765135,0.06753087510252255,0.0008428861280977964,0.0005542774912334756,0.7142857142857143,0.1300243934356904,-0.40276828892176836,1.2888585245496587,0.7854440648466277,0.058866042874777036,0.0,0.0,49.81886025530565,2.4914751097025545,NaN,
BA(k=4),14,14,20292117,40,28.0,0.8443101077214047,pert:nulled:0.05,0.029947835623350325,0.32056655261976186,0.004213940868577841,0.0027691523038307396,0.7142857142857143,0.1300243934356904,-0.40276828892176836,1.2888585245496587,0.7854440648466277,0.058866042874777036,0.0,0.0,302.8545016788321,15.149325873521057,NaN,
BA(k=4),14,14,20292117,40,28.0,0.8443101077214047,pert:nulled:0.2,0.10706310334116263,0.8043360098375183,0.01684671763930609,0.011042730815131763,0.7142857142857143,0.1300243934356904,-0.40276828892176836,1.2888585245496587,0.7854440648466277,0.058866042874777036,0.0,0.0,3157.8210127498855,157.97655836920848,NaN,
BA(k=4),14,14,20292117,40,28.0,0.8443101077214047,pert:nulled:0.5,0.21838062627568766,0.9590091189963832,0.042051561504563455,0.027433431856156376,0.7142857142857143,0.1300243934356904,-0.40276828892176836,1.2888585245496587,0.7854440648466277,0.058866042874777036,0.0,0.0,17896.567562047494,895.337670298642,NaN,
BA(k=4),14,14,20292117,40,28.0,0.8443101077214047,pert:random:0.01,0.009831763396950475,0.9539956544832496,0.9683201821804339,0.703833130860433,0.7142857142857143,0.1300243934356904,-0.40276828892176836,-0.28193780224523785,0.7268702733400002,0.11743983438140448,0.16110731556870728,0.1611073155687074,20212.08990692441,1011.1808744863724,NaN,
BA(k=4),14,14,20292117,40,28.0,0.8443101077214047,pert:random:0.05,0.049482354845650424,0.9975364237359191,0.996440491636053,0.9112413270925341,0.7142857142857143,0.1300243934356904,-0.40276828892176836,-0.28193780224523785,0.7136507375868418,0.13065937013456286,1.208304866765305,0.20138414446088415,480190.3445635898,24023.569880206847,NaN,
BA(k=4),14,14,20292117,40,28.0,0.8443101077214047,pert:random:0.2,0.19999386986540196,0.9996979962713554,0.998645030092565,0.9445925938298163,0.7142857142857143,0.1300243934356904,-0.40276828892176836,-0.28193780224523785,0.7131808584703582,0.13112924925104652,1.208304866765305,0.24166097335306103,7.608849803688874e6,380666.26213745214,NaN,
BA(k=4),14,14,20292117,40,28.0,0.8443101077214047,pert:random:0.5,0.47709901212992717,0.9998809198507476,0.9989613927343778,0.9505857874285412,0.7142857142857143,0.1300243934356904,-0.40276828892176836,-0.28193780224523785,0.652086459948358,0.19222364777304668,-1.2888585245496589,0.7249829200591831,4.7462836636394754e7,2.374539068426754e6,NaN,
BA(k=4),14,14,20292117,40,28.0,0.8443101077214047,fit:triangle:mse,0.7126968121740328,0.9934974455768152,0.9874173505410213,0.9993002260693018,0.5621069246629276,0.28220318305847714,0.16110731556870733,1.0471975511965976,0.71334980154049,0.1309603061809147,0.2416609733530608,0.20138414446088415,1.0417363863912893e6,53756.49753236595,0.7126968121740328,5.04063;0.527304;0.244429;0.23971
BA(k=4),14,14,20292117,40,28.0,0.8443101077214047,fit:triangle:wgt,0.902255817203575,0.9408652851011362,0.9266107829473392,0.9633020283890897,0.5569049889831422,0.28740511873826247,0.9666438934122441,0.9666438934122439,0.7319445998433102,0.11236550787809452,0.4027682889217683,-0.36249146002959154,263.8511934069131,14.171803916204716,0.9367756757313398,0.05;0.592821;0.303113;0.179166
BA(k=4),14,14,20292117,40,28.0,0.8443101077214047,fit:normal:mse,0.6315740210325721,0.999978884667598,0.9888915592380858,0.9756184382926584,0.7142857142857143,0.1300243934356904,-0.40276828892176836,-0.28193780224523785,0.7142857142857144,0.13002439343569028,-1.4499658401183662,0.36249146002959154,6724.026917358537,337.29940124366135,0.6315740210325721,20.5889;4.79634;4.93581
BA(k=4),14,14,20292117,40,28.0,0.8443101077214047,fit:normal:wgt,0.9989702068445219,0.9668817855165451,0.9482095528914347,0.9927820267201191,0.7142857142857134,0.13002439343569128,2.738824364668025,-0.24166097335306103,0.7142857142857143,0.1300243934356904,-1.4499658401183662,1.1277512089809514,5.998571268301697e7,3.087961016917796e6,0.9612930447541953,15.1954;101.3;0.01
BA(k=4),14,14,20292117,40,28.0,0.8443101077214047,paper:empP,0.999564721471461,0.9999780146220283,0.9999352538227494,0.9999895208224991,0.8377003448828348,0.006609762838569844,0.24166097335306097,0.0805536577843537,0.7268702733400002,0.11743983438140448,0.16110731556870728,0.1611073155687074,328.6246385923213,12.84489154290116,NaN,
BA(k=4),14,14,20292117,40,28.0,0.8443101077214047,paper:binP,0.999564721471461,0.9999780146220283,0.9999352538227494,0.9999895208224991,0.8317524677342517,0.01255763998715298,0.3222146311374147,0.12083048667653051,0.7272039920059209,0.1171061157154838,0.08055365778435353,0.1611073155687074,129.54905645049004,4.810911605243248,NaN,
BA(k=4),14,15,20292118,40,29.0,0.8095747922001578,exactN,0.0,0.0,0.0,0.0,0.7831457252882195,0.02642906691193836,0.0,0.0,0.7549482865053426,0.0546265056948152,0.0,0.0,22.128430245658354,0.9716630912191273,NaN,
BA(k=4),14,15,20292118,40,29.0,0.8095747922001578,pert:lowd:0.01,0.00999948972105224,0.9840171525912187,0.9914425032561166,0.8417530670561826,0.6896551724137931,0.11991961978636467,-0.40276828892176836,-0.28193780224523785,0.7041754913355639,0.10539930086459393,0.4027682889217683,0.1611073155687074,82306.87492228331,4117.986590619815,NaN,
BA(k=4),14,15,20292118,40,29.0,0.8095747922001578,pert:lowd:0.05,0.04993736100925888,0.9988978478407319,0.9988341912256391,0.9326350064704616,0.6896551724137931,0.11991961978636467,-0.40276828892176836,-0.28193780224523785,0.6955279533857571,0.1140468388144007,0.8860902356278906,0.12083048667653051,2.0066713543287942e6,100398.82880245682,NaN,
BA(k=4),14,15,20292118,40,29.0,0.8095747922001578,pert:lowd:0.2,0.19611226269303117,0.9997609777816939,0.9994657014804589,0.9470119811339512,0.6896551724137931,0.11991961978636467,-0.40276828892176836,-0.28193780224523785,0.6896551724137931,0.11991961978636467,-1.5305194979027197,0.6041524333826525,3.1954880113075837e7,1.5987857529501936e6,NaN,
BA(k=4),14,15,20292118,40,29.0,0.8095747922001578,pert:lowd:0.5,0.44719523112207615,0.9998581699555575,0.9995628816375204,0.9497338741036642,0.6896551724137931,0.11991961978636467,-0.40276828892176836,-0.28193780224523785,0.6896551724137934,0.11991961978636445,-1.5305194979027197,0.6444292622748293,1.9952844376149294e8,9.982930071077315e6,NaN,
BA(k=4),14,15,20292118,40,29.0,0.8095747922001578,pert:highd:0.01,0.004975384132697254,0.03503954033956481,0.003130390474610825,0.018453824285926564,0.6896551724137933,0.11991961978636456,-0.40276828892176836,0.5235987755982989,0.7549482865053426,0.0546265056948152,0.0,0.0,32.817071425652784,1.6410861181632543,NaN,
BA(k=4),14,15,20292118,40,29.0,0.8095747922001578,pert:highd:0.05,0.02404524691783421,0.17321548036454038,0.01564012596381239,0.09433112641400235,0.6896551724137933,0.11991961978636456,-0.40276828892176836,0.5235987755982989,0.760100355951354,0.04947443624880388,-0.08055365778435353,0.0,116.68046877895262,5.836249648318726,NaN,
BA(k=4),14,15,20292118,40,29.0,0.8095747922001578,pert:highd:0.2,0.08525570448489467,0.5800904150953462,0.062297521444720526,0.38823276503373677,0.6896551724137933,0.11991961978636456,-0.40276828892176836,0.5235987755982989,0.7790161455101914,0.03055864668996644,-0.16110731556870728,-0.08055365778435364,895.6485498761504,44.80728445581217,NaN,
BA(k=4),14,15,20292118,40,29.0,0.8095747922001578,pert:highd:0.5,0.17254073944196469,0.877014706333151,0.15346551228177746,0.8047090463834221,0.6896551724137933,0.11991961978636456,-0.40276828892176836,0.5235987755982989,0.79292195585877,0.01665283634138781,-0.32221463113741455,-0.16110731556870733,4653.754748492078,232.82964045221698,NaN,
BA(k=4),14,15,20292118,40,29.0,0.8095747922001578,pert:nulled:0.01,0.006182218965803214,0.06490430827592635,0.0008303563816767631,0.0005438996850797503,0.6896551724137931,0.11991961978636467,-0.40276828892176836,1.2888585245496587,0.7549482865053426,0.0546265056948152,0.0,0.0,49.819892751356406,2.491583740178161,NaN,
BA(k=4),14,15,20292118,40,29.0,0.8095747922001578,pert:nulled:0.05,0.029967495860704532,0.30916113946791673,0.004151510295065792,0.0027174015052671176,0.6896551724137931,0.11991961978636467,-0.40276828892176836,1.2888585245496587,0.7549482865053426,0.0546265056948152,0.0,0.0,302.8673152821063,15.150675697293,NaN,
BA(k=4),14,15,20292118,40,29.0,0.8095747922001578,pert:nulled:0.2,0.10713685020868748,0.7922955976965947,0.016600338463437097,0.01083781408100971,0.6896551724137931,0.11991961978636467,-0.40276828892176836,1.2888585245496587,0.7549482865053426,0.0546265056948152,0.0,0.0,3157.987034008289,157.99405773520493,NaN,
BA(k=4),14,15,20292118,40,29.0,0.8095747922001578,pert:nulled:0.5,0.21853787785394552,0.9554577695375306,0.04145312499199592,0.026931711930012613,0.6896551724137931,0.11991961978636467,-0.40276828892176836,1.2888585245496587,0.7549482865053426,0.0546265056948152,0.0,0.0,17897.556449420044,895.4419190681771,NaN,
BA(k=4),14,15,20292118,40,29.0,0.8095747922001578,pert:random:0.01,0.00999302285794836,0.767161719648743,0.3468055545819231,0.2760806282833845,0.6896551724137931,0.11991961978636467,-0.40276828892176836,1.2888585245496587,0.7615560455432101,0.04801874665694772,0.0,-0.04027682889217682,2550.3603090624347,127.59374175424286,NaN,
BA(k=4),14,15,20292118,40,29.0,0.8095747922001578,pert:random:0.05,0.049850939028872915,0.9842809878940642,0.9142703146647402,0.8502668366697469,0.6896551724137931,0.11991961978636467,-0.40276828892176836,1.2888585245496587,0.6947248791392487,0.11484991306090908,0.6444292622748293,0.20138414446088415,55045.13353243873,2754.01781536859,NaN,
BA(k=4),14,15,20292118,40,29.0,0.8095747922001578,pert:random:0.2,0.1950192593559115,0.9984190743992876,0.9998181089085451,0.9966255851641044,0.6896551724137926,0.11991961978636523,-0.40276828892176836,1.2485816956574818,0.6902179297346752,0.1193568624654826,0.8055365778435368,0.24166097335306103,855734.3365129684,42814.511738884954,NaN,
BA(k=4),14,15,20292118,40,29.0,0.8095747922001578,pert:random:0.5,0.44223239743906206,0.999498865661926,0.9978469328685433,0.9996882250532437,0.6896551724137926,0.11991961978636523,-0.40276828892176836,1.2485816956574818,0.6902179297346752,0.1193568624654826,0.8055365778435368,0.24166097335306103,5.320137021217895e6,266180.11876276805,NaN,
BA(k=4),14,15,20292118,40,29.0,0.8095747922001578,fit:triangle:mse,0.6959830818146121,0.9885728324481292,0.9819633448036008,0.9977329383042074,0.5318189365597993,0.27775585564035854,0.24166097335306097,1.0471975511965976,0.6950669635845811,0.11450782861557673,0.16110731556870728,0.20138414446088415,14169.812627778334,735.9338273897603,0.6959830818146121,0.592499;0.563883;0.216741;0.274897
BA(k=4),14,15,20292118,40,29.0,0.8095747922001578,fit:triangle:wgt,0.8665776610796511,0.9369403679897969,0.9203191489629745,0.9577339276724145,0.5268798032886096,0.2826949889115482,0.8860902356278904,0.9666438934122439,0.7078074999867157,0.10176729221344216,0.3222146311374148,-0.36249146002959154,268.31935391342665,14.412629973969961,0.9327536924849081,0.05;0.718235;0.172253;0.25381
BA(k=4),14,15,20292118,40,29.0,0.8095747922001578,fit:normal:mse,0.5925886480808057,0.9999713107669576,0.9846630828151401,0.9773155024134369,0.6896551724137931,0.11991961978636467,-0.40276828892176836,1.2888585245496587,0.6896551724137928,0.119919619786365,1.6110731556870734,0.2819378022452379,7259.992018170891,362.005554481137,0.5925886480808057,20.6695;4.86627;4.74989
BA(k=4),14,15,20292118,40,29.0,0.8095747922001578,fit:normal:wgt,0.9991668356985525,0.9690443340441497,0.9477895438898426,0.9928300292483688,0.6896633863218004,0.11991140587835747,2.658270706883671,-0.24166097335306103,0.6896551724137931,0.11991961978636467,-1.5305194979027197,1.1277512089809514,5.441558551218139e7,2.7925776224014703e6,0.9638789507889367,14.7169;125.323;0.01
BA(k=4),14,15,20292118,40,29.0,0.8095747922001578,paper:empP,0.9993478259278656,0.9999567633190715,0.9998640812018319,0.9999719577326155,0.8030499049329909,0.0065248872671669345,0.24166097335306097,0.0805536577843537,0.7073233178499598,0.10225147435019799,0.08055365778435375,0.1611073155687074,333.4760871465072,12.925361478378699,NaN,
BA(k=4),14,15,20292118,40,29.0,0.8095747922001578,paper:binP,0.9993478259278656,0.9999567633190715,0.9998640812018319,0.9999719577326155,0.7963933699066952,0.013181422293462641,0.3222146311374147,0.12083048667653051,0.7067275229518103,0.10284726924834753,0.0,0.1611073155687074,129.54905645049004,4.810911605243248,NaN,
