family,n,instance,seed,m,c_opt,ceil_p1,variant,mse_rel,ew_avg,ew_star_raw,ew_star_nrm,ar_raw,regret_raw,dgamma_raw,dbeta_raw,ar_nrm,regret_nrm,dgamma_nrm,dbeta_nrm,pred_raw,normw_raw,fit_obj,fit_params
ER(0.25),12,1,20281904,17,15.0,0.7482668326365886,exactN,0.0,0.0,0.0,0.0,0.7104888612163526,0.03777797142023598,0.0,0.0,0.7150372562013404,0.033229576435248154,0.0,0.0,10.324922121761201,0.9639508392116123,NaN,
ER(0.25),12,1,20281904,17,15.0,0.7482668326365886,pert:lowd:0.01,0.00999955316986708,0.9247581247549563,0.9749723422741873,0.6833004309815136,0.5666666666666667,0.1816001659699219,-0.6444292622748293,-0.32221463113741466,0.6227153467915499,0.1255514858450386,0.24166097335306103,0.20138414446088415,2577.7544722245475,303.35170298288017,NaN,
ER(0.25),12,1,20281904,17,15.0,0.7482668326365886,pert:lowd:0.05,0.04993897025103058,0.9969254086060958,0.9992391859951715,0.8820087786193119,0.5666666666666667,0.1816001659699219,-0.6444292622748293,-0.32221463113741466,0.5799168397698861,0.1683499928667025,0.48332194670612183,0.2819378022452379,58658.98799039157,6903.122043896455,NaN,
ER(0.25),12,1,20281904,17,15.0,0.7482668326365886,pert:lowd:0.2,0.1961367135290111,0.999869203220065,0.9960536549197555,0.9173001040944481,0.5666666666666667,0.1816001659699219,-0.6444292622748293,-0.32221463113741466,0.5659185807213831,0.18234825191520543,0.7249829200591831,0.32221463113741466,921673.6864005987,108464.9411103166,NaN,
ER(0.25),12,1,20281904,17,15.0,0.7482668326365886,pert:lowd:0.5,0.4473112901997828,0.9999931886524333,0.9951235508526669,0.9239293352731452,0.5666666666666667,0.1816001659699219,-0.6444292622748293,-0.32221463113741466,0.580782134473278,0.16748469816331057,0.0,0.2819378022452379,5.739487638196657e6,675438.1174494453,NaN,
ER(0.25),12,1,20281904,17,15.0,0.7482668326365886,pert:highd:0.01,0.004658722189343137,0.028831721784530407,0.0064373445784572094,0.01809681609066766,0.5681759816813802,0.18009085095520838,-0.5638756044904757,0.4430451178139452,0.721944508494725,0.02632232414186353,-0.08055365778435375,0.0,11.179884118297203,1.3131573655251807,NaN,
ER(0.25),12,1,20281904,17,15.0,0.7482668326365886,pert:highd:0.05,0.02250049494760029,0.1427593419420214,0.03246265402166923,0.09344466979187925,0.5666666666666667,0.1816001659699219,-0.6444292622748293,0.48332194670612205,0.721944508494725,0.02632232414186353,-0.08055365778435375,0.0,25.647278010056827,3.0177107376241405,NaN,
ER(0.25),12,1,20281904,17,15.0,0.7482668326365886,pert:highd:0.2,0.07964010307551762,0.49991469258444965,0.13330041160418843,0.3997185038276203,0.5666666666666667,0.1816001659699219,-0.6444292622748293,0.48332194670612205,0.7275889768966041,0.020677855739984485,-0.08055365778435375,-0.04027682889217682,133.33543332178812,15.690061612147337,NaN,
ER(0.25),12,1,20281904,17,15.0,0.7482668326365886,pert:highd:0.5,0.16091482969791052,0.8221858496781695,0.340190535355647,0.8495557548354412,0.5666666666666667,0.1816001659699219,-0.6444292622748293,0.48332194670612205,0.71811377342963,0.030153059206958543,0.0,-0.12083048667653051,601.8201897122735,70.82124733862216,NaN,
ER(0.25),12,1,20281904,17,15.0,0.7482668326365886,pert:nulled:0.01,0.00484802211595026,0.05037022965296834,0.0004065476686041926,0.00027063654434726213,0.5666666666666667,0.1816001659699219,-0.6444292622748293,1.248581695657482,0.7150372562013404,0.033229576435248154,0.0,0.0,12.83210713745532,1.5097431714532523,NaN,
ER(0.25),12,1,20281904,17,15.0,0.7482668326365886,pert:nulled:0.05,0.023423551563633325,0.24677496626040643,0.002033342757817811,0.0013527598855392739,0.5666666666666667,0.1816001659699219,-0.6444292622748293,1.248581695657482,0.6985196902013304,0.04974714243525813,0.08055365778435353,0.04027682889217682,39.05093580890184,4.594962101532124,NaN,
ER(0.25),12,1,20281904,17,15.0,0.7482668326365886,pert:nulled:0.2,0.08299179196116527,0.7266153718755102,0.008142257674983574,0.005404650186000646,0.5666666666666667,0.1816001659699219,-0.6444292622748293,1.248581695657482,0.6857910826550404,0.062475749981548145,0.08055365778435353,0.08055365778435364,264.0597450599861,31.073542070116474,NaN,
ER(0.25),12,1,20281904,17,15.0,0.7482668326365886,pert:nulled:0.5,0.16784632748671044,0.9440762602237446,0.020397927239279152,0.013479131605700261,0.5666666666666667,0.1816001659699219,-0.6444292622748293,1.248581695657482,0.7054955911521382,0.04277124148445033,0.0,0.04027682889217682,1314.179371771858,154.65232349523095,NaN,
ER(0.25),12,1,20281904,17,15.0,0.7482668326365886,pert:random:0.01,0.009879964728239484,0.22783955847995316,0.17375586120230355,0.13625743905032361,0.5666666666666667,0.1816001659699219,-0.6444292622748293,-0.32221463113741466,0.733940543346606,0.014326289289982586,-0.16110731556870728,-0.04027682889217682,29.37503118422673,3.4563637124062616,NaN,
ER(0.25),12,1,20281904,17,15.0,0.7482668326365886,pert:random:0.05,0.0490591892757061,0.7483494300059403,0.7444269490932853,0.5810903268780351,0.5666666666666667,0.1816001659699219,-0.6444292622748293,-0.32221463113741466,0.6782427096496011,0.07002412298698746,0.4027682889217685,-0.04027682889217682,238.31686742055632,28.044137213057404,NaN,
ER(0.25),12,1,20281904,17,15.0,0.7482668326365886,pert:random:0.2,0.18886720683956335,0.9698575093410429,0.9999970558247699,0.9578523352600065,0.5666666666666667,0.1816001659699219,-0.6444292622748293,-0.32221463113741466,0.5294806816253386,0.21878615101124999,0.08055365778435353,0.36249146002959154,2809.3931421735647,330.6113286176211,NaN,
ER(0.25),12,1,20281904,17,15.0,0.7482668326365886,pert:random:0.5,0.4189218629550032,0.9923723985390512,0.9847827411441857,0.9968331764611804,0.5666666666666667,0.1816001659699219,-0.6444292622748293,1.248581695657482,0.5245690917120738,0.22369774092451478,-0.08055365778435375,0.36249146002959154,18458.035734838017,2172.2058347495604,NaN,
ER(0.25),12,1,20281904,17,15.0,0.7482668326365886,fit:triangle:mse,0.5316990933304692,0.9306142740652976,0.9180174018760077,0.9492513842797761,0.6071366426615467,0.1411301899750419,-0.483321946706122,-0.04027682889217682,0.6505458741533795,0.09772095848320905,0.08055365778435353,0.1611073155687074,9580.514640306412,1114.0526945751249,0.5316990933304692,2.81461;0.758202;0.194759;0.477226
ER(0.25),12,1,20281904,17,15.0,0.7482668326365886,fit:triangle:wgt,0.6095109182565868,0.7850649433603654,0.797716626147761,0.8806740025515976,0.4417549357418194,0.30651189689476915,0.9666438934122441,1.0471975511965979,0.6416381626508194,0.10662866998576914,0.24166097335306103,0.1611073155687074,11.410765944917337,1.5029602633499093,0.7732723703468021,0.0688394;0.599123;0.235961;0.245197
ER(0.25),12,1,20281904,17,15.0,0.7482668326365886,fit:normal:mse,0.36011133399460266,0.9862803272754216,0.9906290496595254,0.932301546633193,0.5666666666666667,0.1816001659699219,-0.6444292622748293,-0.32221463113741466,0.5666666666666665,0.181600165969922,-1.6110731556870734,0.76525974895136,41.157776773421276,4.860909058217313,0.36011133399460266,8.61037;2.94576;3.1908
ER(0.25),12,1,20281904,17,15.0,0.7482668326365886,fit:normal:wgt,0.9933713075751974,0.9432776636305849,0.9407541825172702,0.9733111502937124,0.5666666666666667,0.1816001659699219,-0.6444292622748293,-0.32221463113741466,0.5637005364137795,0.18456629622280907,1.449965840118366,0.36249146002959154,2.3632124749487876e6,286324.6101205156,0.9357527129732511,5.86219;75.0814;0.01067
ER(0.25),12,1,20281904,17,15.0,0.7482668326365886,paper:empP,0.9990697085761926,0.999349924017316,0.9991912888896143,0.9992909136885605,0.7398183394692855,0.008448493167303006,0.5638756044904758,0.12083048667653051,0.48018071661767864,0.2680861160189099,0.6444292622748293,0.6041524333826525,1.267102052113917e8,8.575965565200385e6,NaN,
ER(0.25),12,1,20281904,17,15.0,0.7482668326365886,paper:binP,0.9990697085761926,0.999349924017316,0.9991912888896143,0.9992909136885605,0.7398183394692855,0.008448493167303006,0.5638756044904758,0.12083048667653051,0.6020808411530112,0.14618599148357736,0.24166097335306103,0.24166097335306103,13865.497655084604,974.0695414379852,NaN,
ER(0.25),12,2,20281905,17,14.0,0.8046920034691346,exactN,0.0,0.0,0.0,0.0,0.7732449949417314,0.03144700852740323,0.0,0.0,0.7574780101593994,0.04721399330973519,0.0,0.0,10.489971271925599,0.9638156934421527,NaN,
ER(0.25),12,2,20281905,17,14.0,0.8046920034691346,pert:lowd:0.01,0.00999956609762975,0.9157800804854175,0.9744902098164573,0.6940973341795579,0.6071428571428571,0.1975491463262775,-0.7249829200591831,-0.32221463113741466,0.6682198732630906,0.13647213020604398,0.24166097335306103,0.1611073155687074,2575.8487730399675,303.1537314853273,NaN,
ER(0.25),12,2,20281905,17,14.0,0.8046920034691346,pert:lowd:0.05,0.04993930919027585,0.9966208077559596,0.9978243036830414,0.9067100186595968,0.6071428571428571,0.1975491463262775,-0.7249829200591831,-0.32221463113741466,0.6234169214149821,0.18127508205415255,0.24166097335306103,0.24166097335306103,58613.50141925841,6898.395840208297,NaN,
ER(0.25),12,2,20281905,17,14.0,0.8046920034691346,pert:lowd:0.2,0.1961418947405808,0.9998778659577596,0.9926824993854393,0.941516366372063,0.6071428571428571,0.1975491463262775,-0.7249829200591831,-0.32221463113741466,0.6021050304793534,0.20258697298978123,0.4027682889217683,0.2819378022452379,920952.3689879123,108389.99110255808,NaN,
ER(0.25),12,2,20281905,17,14.0,0.8046920034691346,pert:lowd:0.5,0.44733591575177356,0.9999974169102217,0.991302457790635,0.9477938169801262,0.6071428571428571,0.1975491463262775,-0.7249829200591831,-0.32221463113741466,0.6108453651078006,0.19384663836133398,1.2888585245496587,0.20138414446088415,5.734987489024172e6,674970.5164650194,NaN,
ER(0.25),12,2,20281905,17,14.0,0.8046920034691346,pert:highd:0.01,0.004734351742517423,0.02695633087510305,0.005916381600884003,0.016658933948611655,0.6071428571428571,0.1975491463262775,-0.7249829200591831,0.48332194670612205,0.7574780101593994,0.04721399330973519,0.0,0.0,11.178394792796027,1.3151709917731043,NaN,
ER(0.25),12,2,20281905,17,14.0,0.8046920034691346,pert:highd:0.05,0.02286914018095527,0.1341609843833607,0.029776753323229713,0.08564815590434398,0.6071428571428571,0.1975491463262775,-0.7249829200591831,0.48332194670612205,0.782409196335094,0.022282807134040628,-0.16110731556870728,-0.04027682889217682,25.638785014035477,3.0168303275943034,NaN,
ER(0.25),12,2,20281905,17,14.0,0.8046920034691346,pert:highd:0.2,0.08097733928114324,0.48193133722084763,0.12147319706859194,0.3638189259617899,0.6071428571428571,0.1975491463262775,-0.7249829200591831,0.48332194670612205,0.7859741578212616,0.018717845647873044,-0.16110731556870728,-0.08055365778435364,133.2573058069692,15.681951841308596,NaN,
ER(0.25),12,2,20281905,17,14.0,0.8046920034691346,pert:highd:0.5,0.16367774003303345,0.8175097018045213,0.3077312451206584,0.8016311280584336,0.6071428571428571,0.1975491463262775,-0.7249829200591831,0.48332194670612205,0.767358792288401,0.03733321118073363,0.0,-0.12083048667653051,601.4040932715588,70.77803225792832,NaN,
ER(0.25),12,2,20281905,17,14.0,0.8046920034691346,pert:nulled:0.01,0.004895697489699088,0.04707345296311148,0.0003659948180150098,0.0002508259923677266,0.6071428571428571,0.1975491463262775,-0.7249829200591831,1.248581695657482,0.7574780101593994,0.04721399330973519,0.0,0.0,12.830256385412746,1.509551512862156,NaN,
ER(0.25),12,2,20281905,17,14.0,0.8046920034691346,pert:nulled:0.05,0.023656206940453298,0.23191680397514333,0.0018305361870406857,0.0012538588168518716,0.6071428571428571,0.1975491463262775,-0.7249829200591831,1.248581695657482,0.7574780101593994,0.04721399330973519,0.0,0.0,39.03470274183192,4.5932785999411925,NaN,
ER(0.25),12,2,20281905,17,14.0,0.8046920034691346,pert:nulled:0.2,0.08383838132294064,0.7063838509736473,0.007330448120912827,0.005011327445358854,0.6071428571428571,0.1975491463262775,-0.7249829200591831,1.248581695657482,0.7574780101593994,0.04721399330973519,0.0,0.0,263.89012318885074,31.05592993422097,NaN,
ER(0.25),12,2,20281905,17,14.0,0.8046920034691346,pert:nulled:0.5,0.16960058897685845,0.9398077340724555,0.0183661026148857,0.012507302301467188,0.6071428571428571,0.1975491463262775,-0.7249829200591831,1.248581695657482,0.736277278625332,0.06841472484380262,0.08055365778435375,0.04027682889217682,1313.231869079742,154.5539025078334,NaN,
ER(0.25),12,2,20281905,17,14.0,0.8046920034691346,pert:random:0.01,0.009348408983285957,0.6433523076144754,0.4604942325614112,0.29596865700256964,0.6071428571428571,0.1975491463262775,-0.7249829200591831,1.248581695657482,0.7283320884924357,0.07635991497669892,0.24166097335306103,0.0,371.19547123296,43.68465843603346,NaN,
ER(0.25),12,2,20281905,17,14.0,0.8046920034691346,pert:random:0.05,0.04738360903686931,0.9783225109613628,0.9977167813054918,0.9124213387130822,0.6071428571428571,0.1975491463262775,-0.7249829200591831,1.248581695657482,0.6759708780120091,0.12872112545712555,0.6444292622748296,0.0,7169.062170378416,843.7405078260131,NaN,
ER(0.25),12,2,20281905,17,14.0,0.8046920034691346,pert:random:0.2,0.19697796606289117,0.9996013366526714,0.9627018134043215,0.9973824880948713,0.6071428571428571,0.1975491463262775,-0.7249829200591831,1.248581695657482,0.5299357534435813,0.27475625002555326,-0.9666438934122439,0.4027682889217683,108857.02089471792,12811.72026599174,NaN,
ER(0.25),12,2,20281905,17,14.0,0.8046920034691346,pert:random:0.5,0.4947385117473749,0.9999643797484838,0.9436242417394819,0.9847445574443275,0.6071428571428571,0.1975491463262775,-0.7249829200591831,1.248581695657482,0.4947374309752273,0.3099545724939073,-0.48332194670612183,0.4027682889217683,673161.1633028162,79226.59183841781,NaN,
ER(0.25),12,2,20281905,17,14.0,0.8046920034691346,fit:triangle:mse,0.5834350265230859,0.9596130966044709,0.9460751409620008,0.9756751858695565,0.6503725151590264,0.15431948831010822,-0.5638756044904758,-0.04027682889217682,0.6869216852721619,0.1177703181969727,-0.08055365778435353,0.1611073155687074,10465.259712914609,1218.097691614798,0.5834350265230859,2.8458;0.568774;0.257018;0.309835
ER(0.25),12,2,20281905,17,14.0,0.8046920034691346,fit:triangle:wgt,0.6719499582189764,0.8440416068213606,0.858036019931608,0.9291660075620685,0.42345304289857466,0.38123896057055995,0.8055365778435366,1.0069207223044208,0.6535642199633226,0.15112778350581202,0.48332194670612205,0.1611073155687074,12.852964169729734,1.7007713181203012,0.8340808343224465,0.0636701;0.347668;0.353486;0.146624
ER(0.25),12,2,20281905,17,14.0,0.8046920034691346,fit:normal:mse,0.49015784448286775,0.9994122849438947,0.9563591278325233,0.9735854221576267,0.6071428571428571,0.1975491463262775,-0.7249829200591831,-0.32221463113741466,0.6071428571428577,0.19754914632627696,1.4499658401183662,-0.04027682889217682,153.57569542843987,18.236437571293877,0.49015784448286775,8.70861;3.33143;3.74433
ER(0.25),12,2,20281905,17,14.0,0.8046920034691346,fit:normal:wgt,0.9831097024353855,0.9529142085040853,0.9594714821280234,0.9809388059357835,0.6071428571428571,0.1975491463262775,-0.7249829200591831,-0.32221463113741466,0.6071428571428571,0.1975491463262775,1.4499658401183662,1.1277512089809514,3.00416731688838e6,365527.76894075196,0.9460029367945539,6.86022;35.4618;0.01
ER(0.25),12,2,20281905,17,14.0,0.8046920034691346,paper:empP,0.9998725421398236,0.9999411542410178,0.9999152888076986,0.9999428294325082,0.7918467668600864,0.012845236609048238,0.48332194670612205,0.12083048667653051,0.5809806413958959,0.22371136207323872,0.9666438934122441,0.48332194670612205,1.1437571677559532e7,831040.0526419361,NaN,
ER(0.25),12,2,20281905,17,14.0,0.8046920034691346,paper:binP,0.9998725421398236,0.9999411542410178,0.9999152888076986,0.9999428294325082,0.7918467668600864,0.012845236609048238,0.48332194670612205,0.12083048667653051,0.6243229302869879,0.18036907318214668,0.1611073155687075,0.24166097335306103,13865.497655084604,974.0695414379852,NaN,
ER(0.25),12,3,20281906,15,13.0,0.7741720323055828,exactN,0.0,0.0,0.0,0.0,0.7460210777612549,0.028150954544327922,0.0,0.0,0.7286999898320459,0.04547204247353698,0.0,0.0,9.373649103176964,0.9600993030023315,NaN,
ER(0.25),12,3,20281906,15,13.0,0.7741720323055828,pert:lowd:0.01,0.009999561931827041,0.9112015788065099,0.9659454768161042,0.6793318119357333,0.5769230769230769,0.19724895538250597,-0.8055365778435367,-0.32221463113741466,0.6499859454042737,0.12418608690130917,0.24166097335306103,0.1611073155687074,2273.5762109546977,303.2705863349248,NaN,
ER(0.25),12,3,20281906,15,13.0,0.7741720323055828,pert:lowd:0.05,0.049939199529882426,0.9962450826080642,0.9991317191405249,0.9032360733884868,0.5769230769230769,0.19724895538250597,-0.8055365778435367,-0.32221463113741466,0.60549812930394,0.16867390300164287,0.16110731556870728,0.24166097335306103,51736.123416714494,6901.182571561247,NaN,
ER(0.25),12,3,20281906,15,13.0,0.7741720323055828,pert:lowd:0.2,0.19614021719930994,0.9998302351097614,0.9950624726218291,0.9403886452439064,0.5769230769230769,0.19724895538250597,-0.8055365778435367,-0.32221463113741466,0.5828232463170105,0.1913487859885723,0.3222146311374148,0.2819378022452379,812895.629095973,108434.1748845443,NaN,
ER(0.25),12,3,20281906,15,13.0,0.7741720323055828,pert:lowd:0.5,0.44732794140055315,0.9999887968467792,0.9938574498368334,0.947069829041552,0.5769230769230769,0.19724895538250597,-0.8055365778435367,-0.32221463113741466,0.5907297498627435,0.18344228244283933,1.2083048667653051,0.2819378022452379,5.062095999885507e6,675246.1602028573,NaN,
ER(0.25),12,3,20281906,15,13.0,0.7741720323055828,pert:highd:0.01,0.004743608351898947,0.026286374802660186,0.005632578055098697,0.015776621449350048,0.5769230769230769,0.19724895538250597,-0.8055365778435367,0.48332194670612205,0.7286999898320459,0.04547204247353698,0.0,0.0,9.86374341523935,1.3152401274542562,NaN,
ER(0.25),12,3,20281906,15,13.0,0.7741720323055828,pert:highd:0.05,0.022914272508580916,0.13102141397808767,0.02834678793953081,0.08098042648392322,0.5769230769230769,0.19724895538250597,-0.8055365778435367,0.48332194670612205,0.7491036247500009,0.02506840755558193,-0.16110731556870728,-0.04027682889217682,22.625912695469605,3.0173563097970417,NaN,
ER(0.25),12,3,20281906,15,13.0,0.7741720323055828,pert:highd:0.2,0.08114117501680108,0.4745707991551517,0.11567233439865328,0.3436538115871281,0.5769230769230769,0.19724895538250597,-0.8055365778435367,0.48332194670612205,0.7358475778102722,0.038324454495310634,0.0,-0.04027682889217682,117.61158507096874,15.68676032707424,NaN,
ER(0.25),12,3,20281906,15,13.0,0.7741720323055828,pert:highd:0.5,0.16401647909876987,0.814455822190521,0.29393246735764883,0.774179326493721,0.5769230769230769,0.19724895538250597,-0.8055365778435367,0.4430451178139452,0.7431308495167918,0.03104118278879109,-0.08055365778435353,-0.12083048667653051,530.8186341228726,70.80357625711586,NaN,
ER(0.25),12,3,20281906,15,13.0,0.7741720323055828,pert:nulled:0.01,0.004905763025322328,0.045903417683839105,0.00035086804713304904,0.00023707269168165798,0.5769230769230769,0.19724895538250597,-0.8055365778435367,1.248581695657482,0.7286999898320459,0.04547204247353698,0.0,0.0,11.321570618729067,1.509666676181437,NaN,
ER(0.25),12,3,20281906,15,13.0,0.7741720323055828,pert:nulled:0.05,0.023705336314866526,0.22673734447472507,0.0017548054319355066,0.0011851178912567846,0.5769230769230769,0.19724895538250597,-0.8055365778435367,1.248581695657482,0.7286999898320459,0.04547204247353698,0.0,0.0,34.44897718831372,4.594281903934659,NaN,
ER(0.25),12,3,20281906,15,13.0,0.7741720323055828,pert:nulled:0.2,0.08401724927389187,0.6998689760167972,0.007026084852199511,0.004736753829490857,0.5769230769230769,0.19724895538250597,-0.8055365778435367,1.248581695657482,0.7286999898320459,0.04547204247353698,0.0,0.0,232.91277017328073,31.066355461150764,NaN,
ER(0.25),12,3,20281906,15,13.0,0.7741720323055828,pert:nulled:0.5,0.16997141432254415,0.9392029632411182,0.017598154479214183,0.011822893910678856,0.5769230769230769,0.19724895538250597,-0.8055365778435367,1.248581695657482,0.710997322608799,0.06317470969678385,0.08055365778435397,0.04027682889217682,1159.1162325333312,154.61202787993759,NaN,
ER(0.25),12,3,20281906,15,13.0,0.7741720323055828,pert:random:0.01,0.009891387097665278,0.7518950973778518,0.13944543932221254,0.07573424878474856,0.5769230769230768,0.19724895538250609,-0.8055365778435367,1.1277512089809516,0.7286999898320459,0.04547204247353698,0.0,0.0,445.2980980347578,59.39975208418079,NaN,
ER(0.25),12,3,20281906,15,13.0,0.7741720323055828,pert:random:0.05,0.04913038045431317,0.9824707738765359,0.5044714768229283,0.33482342750143607,0.5769230769230769,0.19724895538250597,-0.8055365778435367,1.248581695657482,0.6907301682692311,0.08344186403635179,0.16110731556870728,0.08055365778435364,12907.816372317031,1721.826830005523,NaN,
ER(0.25),12,3,20281906,15,13.0,0.7741720323055828,pert:random:0.2,0.18933071625935477,0.9981498765744278,0.8188503661316784,0.7532167921700614,0.5769230769230769,0.19724895538250597,-0.8055365778435367,1.248581695657482,0.6645423900543894,0.10962964225119343,0.3222146311374148,0.12083048667653051,214059.9031734128,28554.09923677023,NaN,
ER(0.25),12,3,20281906,15,13.0,0.7741720323055828,pert:random:0.5,0.42050898158564876,0.9993828629246257,0.8948278721455654,0.8997292606132452,0.5769230769230769,0.19724895538250597,-0.8055365778435367,1.248581695657482,0.6403580485851814,0.13381398372040143,0.4833219467061223,0.1611073155687074,1.347394196354255e6,179732.70767566626,NaN,
ER(0.25),12,3,20281906,15,13.0,0.7741720323055828,fit:triangle:mse,0.5150000228352916,0.917424629313563,0.9021220950798603,0.9435452769379173,0.6179503518008966,0.1562216805046862,-0.6444292622748293,-0.04027682889217682,0.6610234367654966,0.11314859554008627,-0.08055365778435353,0.1611073155687074,1012.6578381372839,133.3975441367209,0.5150000228352916,0.981008;0.458963;0.329242;0.2624
ER(0.25),12,3,20281906,15,13.0,0.7741720323055828,fit:triangle:wgt,0.5664045289257948,0.8183185823245992,0.8361409661359396,0.9085729299470351,0.3803790017072819,0.39379303059830095,0.6444292622748294,1.0069207223044208,0.6499859454042737,0.12418608690130917,0.24166097335306103,0.1611073155687074,12.367466431713428,1.8749472688242035,0.8082657010752019,0.0870696;0.669345;0.210358;0.279415
ER(0.25),12,3,20281906,15,13.0,0.7741720323055828,fit:normal:mse,0.37964521382763444,0.9978773391211982,0.9516600045385717,0.9559743066376647,0.5769230769230769,0.19724895538250597,-0.8055365778435367,-0.32221463113741466,0.7454288775455848,0.028743154759998002,-0.08055365778435353,-0.08055365778435364,84.75538566395619,11.425205660184986,0.37964521382763444,7.73537;3.18481;3.54526
ER(0.25),12,3,20281906,15,13.0,0.7741720323055828,fit:normal:wgt,0.9896389223513743,0.9585227252292118,0.9672853849196965,0.9912270769490736,0.5861775738956394,0.18799445840994344,2.3360560757462565,-0.28193780224523785,0.5722807748817275,0.20189125742385539,1.2083048667653051,0.36249146002959154,589992.0828500628,81196.809224146,0.9519568238631986,4.73928;61.2201;0.0400018
ER(0.25),12,3,20281906,15,13.0,0.7741720323055828,paper:empP,0.999517180656957,0.9996590194828856,0.9994869880727516,0.9996128115398732,0.7614188193542267,0.012753212951356119,0.48332194670612194,0.12083048667653051,0.509462658126508,0.2647093741790748,0.8055365778435368,0.5235987755982988,4.815339592984575e7,3.812794261105121e6,NaN,
ER(0.25),12,3,20281906,15,13.0,0.7741720323055828,paper:binP,0.999517180656957,0.9996590194828856,0.9994869880727516,0.9996128115398732,0.7614188193542267,0.012753212951356119,0.48332194670612194,0.12083048667653051,0.6051380002556417,0.16903403204994116,0.0,0.24166097335306103,29342.146574517832,2267.5415059981933,NaN,
ER(0.25),12,4,20281907,7,6.0,0.8544036511008786,exactN,0.0,0.0,0.0,0.0,0.8367615173136236,0.017642133787254988,0.0,0.0,0.8040001417783045,0.05040350932257409,0.0,0.0,4.843699656018319,0.9522732884160854,NaN,
ER(0.25),12,4,20281907,7,6.0,0.8544036511008786,pert:lowd:0.01,0.00999958118943422,0.9516494358084414,0.9997950843287726,0.878907236593046,0.5833333333333334,0.2710703177675452,-1.2888585245496587,-0.32221463113741466,0.6476210622934099,0.2067825888074687,-0.6444292622748291,0.24166097335306097,1060.2801336182106,303.11861913219764,NaN,
ER(0.25),12,4,20281907,7,6.0,0.8544036511008786,pert:lowd:0.05,0.04993971009828145,0.9985573342463441,0.9788697395570316,0.9769262193460289,0.5833333333333334,0.2710703177675452,-1.2888585245496587,-0.32221463113741466,0.5414648139400908,0.31293883716078774,-0.5638756044904756,0.3222146311374147,24126.2970039733,6897.55645209993,NaN,
ER(0.25),12,4,20281907,7,6.0,0.8544036511008786,pert:lowd:0.2,0.19614803760162575,0.9999944481263735,0.9697157448401102,0.987769059945931,0.5833333333333334,0.2710703177675452,-1.2888585245496587,-0.32221463113741466,0.5328328827756732,0.32157076832520537,0.1611073155687075,0.3222146311374147,379078.1330541269,108376.67615498383,NaN,
ER(0.25),12,4,20281907,7,6.0,0.8544036511008786,pert:lowd:0.5,0.4473651265671652,0.9999771789759755,0.9677147617199218,0.9895516269985019,0.5833333333333334,0.2710703177675452,-1.2888585245496587,-0.32221463113741466,0.48886980463342616,0.3655338464674524,0.1611073155687075,0.3624914600295915,2.3606073078264864e6,674887.4421203801,NaN,
ER(0.25),12,4,20281907,7,6.0,0.8544036511008786,pert:highd:0.01,0.00472112478778762,0.035689583252688145,0.007841832833776794,0.016098429212080143,0.825909133880606,0.02849451722027252,0.0,-0.04027682889217682,0.8040001417783045,0.05040350932257409,0.0,0.0,4.813118551864042,0.9621194551075203,NaN,
ER(0.25),12,4,20281907,7,6.0,0.8544036511008786,pert:highd:0.05,0.02280465439362944,0.17616238329645315,0.039547608053040244,0.08330426253176118,0.5833333333333334,0.2710703177675452,-1.2888585245496587,0.48332194670612205,0.8040001417783045,0.05040350932257409,0.0,0.0,10.555523472026914,3.0166766178952886,NaN,
ER(0.25),12,4,20281907,7,6.0,0.8544036511008786,pert:highd:0.2,0.08074329438668458,0.5853191987070329,0.1619270669156213,0.36387086558609755,0.5833333333333334,0.2710703177675452,-1.2888585245496587,0.48332194670612205,0.8049095041865518,0.04949414691432674,0.08055365778435375,-0.04027682889217682,54.85574220717102,15.680521841959408,NaN,
ER(0.25),12,4,20281907,7,6.0,0.8544036511008786,pert:highd:0.5,0.16319392842076486,0.8781675358531215,0.40468070866971023,0.8271920051155685,0.5833333333333334,0.2710703177675452,-1.2888585245496587,0.48332194670612205,0.7981779646788909,0.056225686421987664,0.1611073155687075,-0.0805536577843537,247.55759711324424,70.77038145678974,NaN,
ER(0.25),12,4,20281907,7,6.0,0.8544036511008786,pert:nulled:0.01,0.004867102976617773,0.06232916916902956,0.0004677715420015697,0.0014259501358007585,0.5833333333333334,0.2710703177675452,-1.2888585245496587,1.248581695657482,0.8040001417783045,0.05040350932257409,0.0,0.0,5.282692649500425,1.5095183070388543,NaN,
ER(0.25),12,4,20281907,7,6.0,0.8544036511008786,pert:nulled:0.05,0.023516656959626625,0.3010625574076226,0.002340390836680064,0.007129205663494804,0.5833333333333334,0.2710703177675452,-1.2888585245496587,1.248581695657482,0.8040001417783045,0.05040350932257409,0.0,0.0,16.070011536231913,4.5929837250030285,NaN,
ER(0.25),12,4,20281907,7,6.0,0.8544036511008786,pert:nulled:0.2,0.08333049597570254,0.7965501637611173,0.009384337304354739,0.028500400379525608,0.5833333333333334,0.2710703177675452,-1.2888585245496587,1.248581695657482,0.7970782947282862,0.057325356372592395,0.08055365778435375,0.0,108.6282704758744,31.052817747143486,NaN,
ER(0.25),12,4,20281907,7,6.0,0.8544036511008786,pert:nulled:0.5,0.16854800190325409,0.9636381019203499,0.023571996552604717,0.07107196494958729,0.5833333333333334,0.2710703177675452,-1.2888585245496587,1.248581695657482,0.7970782947282862,0.057325356372592395,0.08055365778435375,0.0,540.5617978444197,154.53645860351554,NaN,
ER(0.25),12,4,20281907,7,6.0,0.8544036511008786,pert:random:0.01,0.008986114472930733,0.7123292315355214,0.23385563326998626,0.22997785804737383,0.5833333333333334,0.2710703177675452,-1.2888585245496587,1.248581695657482,0.7970782947282862,0.057325356372592395,0.08055365778435375,0.0,137.53153298278912,39.31569595078439,NaN,
ER(0.25),12,4,20281907,7,6.0,0.8544036511008786,pert:random:0.05,0.044131653420208375,0.9823148691248376,0.8683775897524526,0.931596260461836,0.5833333333333334,0.2710703177675452,-1.2888585245496587,1.248581695657482,0.7535033771143992,0.10090027398647938,0.6444292622748296,-0.04027682889217682,2616.6930934720913,748.0843561010415,NaN,
ER(0.25),12,4,20281907,7,6.0,0.8544036511008786,pert:random:0.2,0.1639410412381582,0.9991355997684157,0.9948983288317476,0.949600920717016,0.5833333333333334,0.2710703177675452,-1.2888585245496587,1.248581695657482,0.44431316878099736,0.4100904823198812,-0.7249829200591829,0.40276828892176836,39601.803802260554,11321.925569610958,NaN,
ER(0.25),12,4,20281907,7,6.0,0.8544036511008786,pert:random:0.5,0.3480861923361327,0.9999303222428193,0.973286882680191,0.9035733046817993,0.5833333333333334,0.2710703177675452,-1.2888585245496587,1.248581695657482,0.43259494244134283,0.42180870865953574,-0.2416609733530608,0.40276828892176836,244726.91664751223,69966.25465006132,NaN,
ER(0.25),12,4,20281907,7,6.0,0.8544036511008786,fit:triangle:mse,0.475283331897397,0.9394079852735586,0.8957838746321564,0.9563812496242813,0.6251610759616381,0.2292425751392405,-1.1277512089809514,-0.04027682889217682,0.6486292726263695,0.20577437847450908,0.6444292622748296,0.2013841444608842,15976.205612941143,4468.144188521362,0.475283331897397,6.5962;0.867461;0.278801;0.48
ER(0.25),12,4,20281907,7,6.0,0.8544036511008786,fit:triangle:wgt,0.5791645178537385,0.8196918764374961,0.8505006036033161,0.9279212746885525,0.38872056029677227,0.4656830908041063,0.1611073155687075,1.0874743800887745,0.7374553152681385,0.11694833583274011,0.6444292622748296,0.04027682889217682,4.212888237311692,1.3028133264787396,0.8070902212555379,0.0964164;1.0;0.275168;0.475043
ER(0.25),12,4,20281907,7,6.0,0.8544036511008786,fit:normal:mse,0.37972949882062523,0.9636036867318831,0.8778310948241498,0.9575116081874477,0.5810401502314917,0.2733635008693869,-1.208304866765305,0.48332194670612205,0.7533670009197211,0.10103665018115748,0.6444292622748296,-0.0805536577843537,12.852785523114257,3.717231650105439,0.37972949882062523,3.64847;2.87812;1.9041
ER(0.25),12,4,20281907,7,6.0,0.8544036511008786,fit:normal:wgt,0.9018721444915425,0.9499214362079349,0.971344755157673,0.9778698960772005,0.5833333333333334,0.2710703177675452,-1.2888585245496587,-0.32221463113741466,0.3713100161812975,0.48309363491958107,0.6444292622748296,0.8860902356278904,41389.3034628209,12363.64708533273,0.941428441664536,2.7954;9.19414;0.060465
ER(0.25),12,4,20281907,7,6.0,0.8544036511008786,paper:empP,0.9987494632407495,0.999312126082754,0.9991099920894906,0.9993121161586318,0.8477524841517153,0.006651166949163234,0.4027682889217683,0.0805536577843537,0.6486292726263695,0.20577437847450908,0.6444292622748296,0.2013841444608842,6.555944474346957e7,1.0955200792438615e7,NaN,
ER(0.25),12,4,20281907,7,6.0,0.8544036511008786,paper:binP,0.9987494632407495,0.999312126082754,0.9991099920894906,0.9993121161586318,0.8291406176837409,0.025263033417137648,0.5638756044904758,0.12083048667653051,0.584993900235065,0.26940975086581354,0.6444292622748296,0.28193780224523785,58611.10141124796,8704.16279649273,NaN,
ER(0.25),12,5,20281908,7,6.0,0.8363718378872654,exactN,0.0,0.0,0.0,0.0,0.821737510434294,0.01463432745297144,0.0,0.0,0.8181888278217264,0.018183010065539018,0.0,0.0,4.792476515581859,0.9619351231515805,NaN,
ER(0.25),12,5,20281908,7,6.0,0.8363718378872654,pert:lowd:0.01,0.009999578963636586,0.9543946021818633,0.999977235734531,0.8820866922854003,0.5833333333333334,0.25303850455393206,-1.2083048667653051,-0.32221463113741466,0.6334049969632051,0.20296684092406037,0.0,0.24166097335306097,1060.657464265754,303.24921752341726,NaN,
ER(0.25),12,5,20281908,7,6.0,0.8363718378872654,pert:lowd:0.05,0.04993965060575917,0.998615088393471,0.9780438551071649,0.9754144398644887,0.5833333333333334,0.25303850455393206,-1.2083048667653051,-0.32221463113741466,0.5305022918524073,0.30586954603485816,0.1611073155687075,0.3222146311374147,24135.29734982751,6900.671918917294,NaN,
ER(0.25),12,5,20281908,7,6.0,0.8363718378872654,pert:lowd:0.2,0.1961471250462052,0.999992358261708,0.9691552302462149,0.9861541698134082,0.5833333333333334,0.25303850455393206,-1.2083048667653051,-0.32221463113741466,0.5190742841436781,0.31729755374358737,0.8860902356278904,0.3222146311374147,379220.83982679114,108426.07514517228,NaN,
ER(0.25),12,5,20281908,7,6.0,0.8363718378872654,pert:lowd:0.5,0.44736078613291524,0.9999829157823396,0.9672218922099141,0.9879585319376897,0.5833333333333334,0.25303850455393206,-1.2083048667653051,-0.32221463113741466,0.4870180705463428,0.34935376734092266,0.8860902356278904,0.3624914600295915,2.3614976017043823e6,675195.6252104461,NaN,
ER(0.25),12,5,20281908,7,6.0,0.8363718378872654,pert:highd:0.01,0.004702078426437071,0.036876029163842916,0.008177826776509996,0.016898304131245552,0.8168382499629088,0.019533587924356666,0.08055365778435353,-0.04027682889217682,0.8181888278217264,0.018183010065539018,0.0,0.0,4.761978795641182,0.9626243159532484,NaN,
ER(0.25),12,5,20281908,7,6.0,0.8363718378872654,pert:highd:0.05,0.022711806741834616,0.18119126912210612,0.04125661723259135,0.08763889288466728,0.5833333333333334,0.25303850455393206,-1.2083048667653051,0.48332194670612205,0.8230405505220477,0.013331287365217714,-0.08055365778435375,0.0,10.557217979101367,3.017262369566265,NaN,
ER(0.25),12,5,20281908,7,6.0,0.8363718378872654,pert:highd:0.2,0.08040640789909004,0.5911985024882735,0.1690106362581882,0.3841270226431681,0.5833333333333334,0.25303850455393206,-1.2083048667653051,0.48332194670612205,0.8200937045147555,0.01627813337250994,0.08055365778435353,-0.04027682889217682,54.871255655012845,15.685888700275571,NaN,
ER(0.25),12,5,20281908,7,6.0,0.8363718378872654,pert:highd:0.5,0.16249770744677353,0.8756492226103942,0.4210183789979466,0.8533294556054226,0.5833333333333334,0.25303850455393206,-1.2083048667653051,0.48332194670612205,0.8069026260083225,0.029469211878942914,0.1611073155687075,-0.12083048667653051,247.64005783056865,70.79891786074137,NaN,
ER(0.25),12,5,20281908,7,6.0,0.8363718378872654,pert:nulled:0.01,0.004854948230256272,0.06442612348810386,0.0004874973888751061,0.0015019603784208642,0.5833333333333334,0.25303850455393206,-1.2083048667653051,1.248581695657482,0.825697161357705,0.010674676529560445,0.0,-0.04027682889217682,5.283063254808518,1.5096463402951397,NaN,
ER(0.25),12,5,20281908,7,6.0,0.8363718378872654,pert:nulled:0.05,0.023457346274205888,0.30920582015095,0.0024391623689159004,0.007508723649195203,0.5833333333333334,0.25303850455393206,-1.2083048667653051,1.248581695657482,0.825697161357705,0.010674676529560445,0.0,-0.04027682889217682,16.07324529973804,4.594101847003276,NaN,
ER(0.25),12,5,20281908,7,6.0,0.8363718378872654,pert:nulled:0.2,0.08311471856947886,0.8007612787393574,0.009781529339502647,0.03000910171453654,0.5833333333333334,0.25303850455393206,-1.2083048667653051,1.248581695657482,0.825697161357705,0.010674676529560445,0.0,-0.04027682889217682,108.66191658438395,31.064459570926783,NaN,
ER(0.25),12,5,20281908,7,6.0,0.8363718378872654,pert:nulled:0.5,0.16810096141550943,0.962336738476199,0.024575153737590012,0.07478107595338884,0.5833333333333334,0.25303850455393206,-1.2083048667653051,1.248581695657482,0.8302091497144075,0.006162688172857922,-0.08055365778435375,-0.04027682889217682,540.7494683881188,154.60140984188527,NaN,
ER(0.25),12,5,20281908,7,6.0,0.8363718378872654,pert:random:0.01,0.009621855674904586,0.6981182407218893,0.5141294861752431,0.5715146262386472,0.5833333333333334,0.25303850455393206,-1.2083048667653051,1.248581695657482,0.7434747061635386,0.09289713172372682,0.4027682889217683,0.08055365778435364,88.43771122483751,25.282374806680224,NaN,
ER(0.25),12,5,20281908,7,6.0,0.8363718378872654,pert:random:0.05,0.047557835582179964,0.976960653794439,0.8195810210916034,0.9312233278242253,0.5833333333333334,0.25303850455393206,-1.2083048667653051,1.248581695657482,0.6959643098992738,0.1404075279879916,1.0471975511965979,0.0,1563.203388084168,446.9337877007269,NaN,
ER(0.25),12,5,20281908,7,6.0,0.8363718378872654,pert:random:0.2,0.18030180836017004,0.9977554101382755,0.8881709740370248,0.9814150876508996,0.5833333333333334,0.25303850455393206,-1.2083048667653051,1.248581695657482,0.5630667119100056,0.27330512597725987,-1.6110731556870734,0.4430451178139451,23267.536031736377,6652.563855812793,NaN,
ER(0.25),12,5,20281908,7,6.0,0.8363718378872654,pert:random:0.5,0.39215060803764895,0.9993218488494703,0.9011621960928674,0.9879948746984228,0.5833333333333334,0.25303850455393206,-1.2083048667653051,1.248581695657482,0.48678355633327736,0.3495882815539881,-0.9666438934122441,0.4430451178139451,143289.7024763395,40969.053164581404,NaN,
ER(0.25),12,5,20281908,7,6.0,0.8363718378872654,fit:triangle:mse,0.4755251389274645,0.8925704237919707,0.8537531916728474,0.9301137876311818,0.6251414313137166,0.21123040657354886,-1.0471975511965979,-0.04027682889217682,0.5933690511063032,0.2430027867809622,1.2888585245496587,0.2013841444608842,249.1159271548525,69.5949990184108,0.4755251389274645,0.844955;0.789202;0.298672;0.455184
ER(0.25),12,5,20281908,7,6.0,0.8363718378872654,fit:triangle:wgt,0.5264794717005558,0.8213791420578819,0.8680106758321764,0.9401423601281329,0.5157397586257185,0.3206320792615469,-0.8860902356278905,1.0471975511965979,0.6648875439335545,0.1714842939537109,1.2888585245496587,0.0,5.157197408863465,1.468710652328266,0.8089565047209993,0.129636;0.388105;0.479763;0.337262
ER(0.25),12,5,20281908,7,6.0,0.8363718378872654,fit:normal:mse,0.380890355744013,0.9556248836941998,0.8228015521602262,0.9360482081016644,0.5833333333333334,0.25303850455393206,-1.2083048667653051,1.248581695657482,0.6733238249504397,0.1630480129368257,1.2888585245496587,-0.0805536577843537,14.98916674350104,4.17666410750978,0.380890355744013,3.64538;2.97283;1.89713
ER(0.25),12,5,20281908,7,6.0,0.8363718378872654,fit:normal:wgt,0.6710749779580278,0.9380076529451954,0.8206886617529554,0.8758009294705591,0.5833333333333334,0.25303850455393206,-1.2083048667653051,-0.32221463113741466,0.47129629957130376,0.3650755383159617,1.2888585245496587,0.4430451178139451,22.741785851040323,5.655886419666152,0.9374061176377091,4.80998;3.12499;1.20237
ER(0.25),12,5,20281908,7,6.0,0.8363718378872654,paper:empP,0.9987488279927622,0.9993916364084858,0.9993145628499058,0.9994538294806549,0.8267564998273235,0.009615338059941969,0.48332194670612183,0.0805536577843537,0.5933690511063032,0.2430027867809622,1.2888585245496587,0.2013841444608842,6.555944474346957e7,1.0955200792438615e7,NaN,
ER(0.25),12,5,20281908,7,6.0,0.8363718378872654,paper:binP,0.9987488279927622,0.9993916364084858,0.9993145628499058,0.9994538294806549,0.8030795166021795,0.03329232128508597,0.6444292622748293,0.12083048667653051,0.5523300160800585,0.28404182180720694,1.2888585245496587,0.28193780224523785,58611.10141124796,8704.16279649273,NaN,
ER(0.25),12,6,20281909,13,11.0,0.8306976841124755,exactN,0.0,0.0,0.0,0.0,0.7905650812545911,0.040132602857884336,0.0,0.0,0.7266024084668433,0.10409527564563215,0.0,0.0,8.378731652845188,0.9552816711781933,NaN,
ER(0.25),12,6,20281909,13,11.0,0.8306976841124755,pert:lowd:0.01,0.00999956910702262,0.9307702620870839,0.9835514442258896,0.5154413797823351,0.5909090909090909,0.23978859320338453,-0.8860902356278904,-0.32221463113741466,0.6774225097706622,0.15327517434181326,0.24166097335306125,0.08055365778435375,1970.3555290129868,303.217373485133,NaN,
ER(0.25),12,6,20281909,13,11.0,0.8306976841124755,pert:lowd:0.05,0.04993938867545586,0.9974800256649514,0.9956944956705028,0.7906839233607579,0.5909090909090909,0.23978859320338453,-0.8860902356278904,-0.32221463113741466,0.6561439883329163,0.17455369577955915,0.5638756044904758,0.08055365778435375,44836.13504228721,6899.913904094842,NaN,
ER(0.25),12,6,20281909,13,11.0,0.8306976841124755,pert:lowd:0.2,0.1961431114007398,0.9999415357591952,0.9896523601885917,0.8545541450188406,0.5909090909090909,0.23978859320338453,-0.8860902356278904,-0.32221463113741466,0.629466248725315,0.20123143538716048,0.5638756044904758,0.1611073155687074,704480.4011274831,108414.06116641706,NaN,
ER(0.25),12,6,20281909,13,11.0,0.8306976841124755,pert:lowd:0.5,0.4473417000040754,0.999999220208723,0.988145181456599,0.8671121745513474,0.5909090909090909,0.23978859320338453,-0.8860902356278904,-0.32221463113741466,0.6126650603897776,0.21803262372269783,0.6444292622748296,0.20138414446088426,4.386968057610378e6,675120.6806662306,NaN,
ER(0.25),12,6,20281909,13,11.0,0.8306976841124755,pert:highd:0.01,0.004739163124151319,0.029848462452232154,0.0063170249161016165,0.03107475013837235,0.5926009087574527,0.23809677535502272,-0.8055365778435367,0.4430451178139452,0.7266024084668433,0.10409527564563215,0.0,0.0,8.553630295645501,1.3136004707062885,NaN,
ER(0.25),12,6,20281909,13,11.0,0.8306976841124755,pert:highd:0.05,0.022892598631868842,0.14847659587794013,0.031825299985580646,0.1606397764487494,0.5909090909090909,0.23978859320338453,-0.8860902356278904,0.48332194670612205,0.7191026867706383,0.1115949973418372,0.08055365778435375,0.0,19.608772306619496,3.017116061639022,NaN,
ER(0.25),12,6,20281909,13,11.0,0.8306976841124755,pert:highd:0.2,0.08106249292697973,0.522857041020265,0.1302342113054628,0.6200294852375053,0.5909090909090909,0.23978859320338453,-0.8860902356278904,0.48332194670612205,0.6968950522498624,0.1338026318626131,0.322214631137415,0.0,101.92684846289451,15.684568165172882,NaN,
ER(0.25),12,6,20281909,13,11.0,0.8306976841124755,pert:highd:0.5,0.16385379331971534,0.8482681905772075,0.33061574512505687,0.9605282187902299,0.5909090909090909,0.23978859320338453,-0.8860902356278904,0.48332194670612205,0.6613277238025145,0.169369960309961,0.6444292622748296,0.040276828892176875,460.0259173393185,70.79194000601612,NaN,
ER(0.25),12,6,20281909,13,11.0,0.8306976841124755,pert:nulled:0.01,0.004894193084269797,0.052124128671952534,0.00039081472073163785,0.005610908650961504,0.5909090909090909,0.23978859320338453,-0.8860902356278904,1.248581695657482,0.7266024084668433,0.10409527564563215,0.0,0.0,9.811950317225707,1.5096139986596258,NaN,
ER(0.25),12,6,20281909,13,11.0,0.8306976841124755,pert:nulled:0.05,0.02364886430365408,0.2560901187381919,0.0019548028361504404,0.028360955663172215,0.5909090909090909,0.23978859320338453,-0.8860902356278904,1.248581695657482,0.7266024084668433,0.10409527564563215,0.0,0.0,29.855110515133223,4.593823915377986,NaN,
ER(0.25),12,6,20281909,13,11.0,0.8306976841124755,pert:nulled:0.2,0.08381165146235454,0.7469542751236519,0.007829998130273071,0.11769368608405581,0.5909090909090909,0.23978859320338453,-0.8860902356278904,1.248581695657482,0.7266024084668433,0.10409527564563215,0.0,0.0,201.85082599560323,31.061604492709815,NaN,
ER(0.25),12,6,20281909,13,11.0,0.8306976841124755,pert:nulled:0.5,0.16954517871875585,0.9542878364041074,0.0196271065967254,0.3091713539248889,0.5909090909090909,0.23978859320338453,-0.8860902356278904,1.248581695657482,0.754098758032402,0.07659892608007346,-0.16110731556870705,-0.04027682889217682,1004.52898466436,154.5855553877639,NaN,
ER(0.25),12,6,20281909,13,11.0,0.8306976841124755,pert:random:0.01,0.009884196947044325,0.76825210531435,0.8695246307592341,0.32426701335881974,0.5909090909090909,0.23978859320338453,-0.8860902356278904,-0.32221463113741466,0.6921244093168122,0.13857327479566328,0.24166097335306125,0.040276828892176875,482.46393507840935,74.2448919144767,NaN,
ER(0.25),12,6,20281909,13,11.0,0.8306976841124755,pert:random:0.05,0.0496838521267017,0.9874994588104276,0.9992498638486168,0.7067169157037232,0.5909090909090909,0.23978859320338453,-0.8860902356278904,-0.32221463113741466,0.6612711152029743,0.16942656890950114,0.48332194670612205,0.08055365778435375,9925.602577025307,1527.4626083477553,NaN,
ER(0.25),12,6,20281909,13,11.0,0.8306976841124755,pert:random:0.2,0.19984803533310352,0.9994456393712482,0.9885676513515856,0.8415726727636305,0.5909090909090909,0.23978859320338453,-0.8860902356278904,-0.32221463113741466,0.6434860150262117,0.18721166908626374,0.5638756044904758,0.12083048667653051,152772.15383260016,23510.422665021608,NaN,
ER(0.25),12,6,20281909,13,11.0,0.8306976841124755,pert:random:0.5,0.47295284869499604,0.9999675999941936,0.9849844450494136,0.868787896583675,0.5909090909090909,0.23978859320338453,-0.8860902356278904,-0.32221463113741466,0.6144477940131733,0.21624989009930218,0.5638756044904758,0.20138414446088426,947366.8522039949,145792.41782070693,NaN,
ER(0.25),12,6,20281909,13,11.0,0.8306976841124755,fit:triangle:mse,0.515375234268176,0.9336440155844142,0.908371983348312,0.9680425189292079,0.6539160804774742,0.17678160363500128,-0.6444292622748293,-0.04027682889217682,0.729671938552103,0.10102574556037247,-0.6444292622748291,0.08055365778435375,16241.17267672632,2455.7099367070523,0.515375234268176,4.33828;0.33277;0.413398;0.236743
ER(0.25),12,6,20281909,13,11.0,0.8306976841124755,fit:triangle:wgt,0.5989762874394942,0.8013372515619664,0.824141019720974,0.9326023268136988,0.3829127058879466,0.44778497822452884,0.7249829200591831,1.0069207223044208,0.71833320023465,0.1123644838778255,-0.0805536577843533,0.040276828892176875,10.491180691436861,1.83938118325669,0.7900871759950426,0.0862898;0.869645;0.186326;0.37844
ER(0.25),12,6,20281909,13,11.0,0.8306976841124755,fit:normal:mse,0.39568881112105386,0.9864597102129021,0.9975262376697391,0.9410451202268544,0.5909090909090909,0.23978859320338453,-0.8860902356278904,-0.32221463113741466,0.5909090909090908,0.23978859320338464,-2.4971633913149636,0.6847060911670063,41.4720070498495,6.380477395071188,0.39568881112105386,6.56753;3.04251;3.0452
ER(0.25),12,6,20281909,13,11.0,0.8306976841124755,fit:normal:wgt,0.977948568495083,0.9514478720382704,0.9723105179245628,0.9884070192446889,0.5909090909090909,0.23978859320338453,-0.8860902356278904,-0.32221463113741466,0.5909090909090909,0.23978859320338453,-2.4971633913149636,1.0471975511965979,2.2619971462552147e6,362987.9658512179,0.9435370975963356,4.8801;30.9161;0.01
ER(0.25),12,6,20281909,13,11.0,0.8306976841124755,paper:empP,0.9997513177183275,0.9998463993649657,0.9997956801341477,0.9998768970502856,0.8302677942249894,0.00042988988748604573,0.48332194670612205,0.0805536577843537,0.5423212885338365,0.2883763955786389,0.6444292622748296,0.4027682889217684,1.9917059049154234e8,1.82564736303138e7,NaN,
ER(0.25),12,6,20281909,13,11.0,0.8306976841124755,paper:binP,0.9997513177183275,0.9998463993649657,0.9997956801341477,0.9998768970502856,0.8235112600119098,0.0071864241005656915,0.48332194670612205,0.12083048667653051,0.6616877671459188,0.16900991696655665,-0.4027682889217683,0.1611073155687074,53314.71182061577,4618.360425092522,NaN,
ER(0.25),12,7,20281910,9,8.0,0.795469522308347,exactN,0.0,0.0,0.0,0.0,0.7728171818425804,0.022652340465766585,0.0,0.0,0.7696908134998812,0.025778708808465778,0.0,0.0,5.98437976846193,0.9592819497063797,NaN,
ER(0.25),12,7,20281910,9,8.0,0.795469522308347,pert:lowd:0.01,0.009999575613768722,0.9452825056104848,0.9963910372722982,0.8584455816242458,0.5625,0.232969522308347,-1.0471975511965976,-0.32221463113741466,0.6246677492100741,0.17080177309827294,1.2083048667653051,0.2013841444608842,1363.7296623518764,303.1537721648843,NaN,
ER(0.25),12,7,20281910,9,8.0,0.795469522308347,pert:lowd:0.05,0.04993956130914841,0.9983209703217965,0.9877169315368897,0.9707080962412239,0.5625,0.232969522308347,-1.0471975511965976,-0.32221463113741466,0.5992468696743826,0.19622265263396443,1.2083048667653051,0.28193780224523785,31031.749663837127,6898.395618733559,NaN,
ER(0.25),12,7,20281910,9,8.0,0.795469522308347,pert:lowd:0.2,0.19614575597430067,0.9999912322341277,0.9798519759839572,0.9838569698160836,0.5625,0.232969522308347,-1.0471975511965976,-0.32221463113741466,0.5849358435269585,0.2105336787813885,1.2083048667653051,0.3222146311374147,487580.0189365147,108389.98384357133,NaN,
ER(0.25),12,7,20281910,9,8.0,0.795469522308347,pert:lowd:0.5,0.4473542750063582,0.9999783572115777,0.9780675073427768,0.9860556848178883,0.5625,0.232969522308347,-1.0471975511965976,-0.32221463113741466,0.570043740817193,0.225425781491154,1.2083048667653051,0.3624914600295915,3.0362758987471173e6,674970.4664521137,NaN,
ER(0.25),12,7,20281910,9,8.0,0.795469522308347,pert:highd:0.01,0.0047119292122009574,0.033442854070447905,0.007276758140089342,0.015072936984065054,0.7690375375404336,0.02643198476791342,0.08055365778435375,-0.04027682889217682,0.7696908134998812,0.025778708808465778,0.0,0.0,5.944950159022024,0.9583181832696245,NaN,
ER(0.25),12,7,20281910,9,8.0,0.795469522308347,pert:highd:0.05,0.022759826163084567,0.16539474671468254,0.03669097694711822,0.07774340646148649,0.5625,0.232969522308347,-1.0471975511965976,0.48332194670612205,0.7759802283617906,0.019489293946556407,-0.08055365778435353,0.0,13.573679466692617,3.0168330491607005,NaN,
ER(0.25),12,7,20281910,9,8.0,0.795469522308347,pert:highd:0.2,0.08058062659982936,0.5605161477976947,0.15032131853193473,0.33737519930250803,0.5625,0.232969522308347,-1.0471975511965976,0.48332194670612205,0.7731039067095953,0.02236561559875172,0.0,-0.04027682889217682,70.54984614330691,15.681962205842385,NaN,
ER(0.25),12,7,20281910,9,8.0,0.795469522308347,pert:highd:0.5,0.1628577269192584,0.8648866423392808,0.37856837611330674,0.78714406421413,0.5625,0.232969522308347,-1.0471975511965976,0.48332194670612205,0.7477465343441465,0.04772298796420049,0.24166097335306103,-0.0805536577843537,318.40025674094875,70.77805556060373,NaN,
ER(0.25),12,7,20281910,9,8.0,0.795469522308347,pert:nulled:0.01,0.004866766591034237,0.05840938257107213,0.00044216641558485827,0.0013239379751972349,0.5625,0.232969522308347,-1.0471975511965976,1.248581695657482,0.7696908134998812,0.025778708808465778,0.0,0.0,6.792533819534208,1.5095523714416454,NaN,
ER(0.25),12,7,20281910,9,8.0,0.795469522308347,pert:nulled:0.05,0.02351501545627529,0.28390152571743993,0.0022120053822092993,0.006618263281683141,0.5625,0.232969522308347,-1.0471975511965976,1.248581695657482,0.7461029866038362,0.04936653570451077,0.16110731556870728,0.04027682889217682,20.665821055369225,4.593282810372722,NaN,
ER(0.25),12,7,20281910,9,8.0,0.795469522308347,pert:nulled:0.2,0.08332452339700804,0.778561668880597,0.008865417110179888,0.026445087113464848,0.5625,0.232969522308347,-1.0471975511965976,1.248581695657482,0.7461029866038362,0.04936653570451077,0.16110731556870728,0.04027682889217682,139.7105635869497,31.055945538958305,NaN,
ER(0.25),12,7,20281910,9,8.0,0.795469522308347,pert:nulled:0.5,0.16853562686526685,0.9599681846901751,0.022248051971407987,0.06589605140284631,0.5625,0.232969522308347,-1.0471975511965976,1.248581695657482,0.7315774195659357,0.0638921027424113,0.16110731556870728,0.08055365778435364,695.2628057947384,154.5539353347329,NaN,
ER(0.25),12,7,20281910,9,8.0,0.795469522308347,pert:random:0.01,0.009786748401124227,0.7283651487760162,0.6261590673463427,0.6600253983044095,0.5625,0.232969522308347,-1.0471975511965976,1.248581695657482,0.6953790074860722,0.10009051482227482,0.5638756044904756,0.08055365778435364,106.10871302313028,23.586440455056678,NaN,
ER(0.25),12,7,20281910,9,8.0,0.795469522308347,pert:random:0.05,0.049301450501418986,0.9815627461848205,0.9020408500647952,0.9867387500260036,0.5625,0.232969522308347,-1.0471975511965976,-0.32221463113741466,0.6501577727517577,0.14531174955658932,1.2083048667653051,0.08055365778435364,1941.7207025815933,431.65628964961525,NaN,
ER(0.25),12,7,20281910,9,8.0,0.795469522308347,pert:random:0.2,0.19997646485129378,0.9984987383420048,0.9482724027209052,0.9998367434317846,0.5625,0.232969522308347,-1.0471975511965976,-0.32221463113741466,0.5154232140091253,0.2800463082992217,-1.0471975511965976,0.40276828892176836,33351.44114897572,7414.129440429807,NaN,
ER(0.25),12,7,20281910,9,8.0,0.795469522308347,pert:random:0.5,0.4799776129337869,0.9996388643720466,0.9562261607502966,0.9985135135270851,0.5625,0.232969522308347,-1.0471975511965976,-0.32221463113741466,0.48157374814331794,0.31389577416502906,0.0,0.40276828892176836,211362.144565686,46986.345010231234,NaN,
ER(0.25),12,7,20281910,9,8.0,0.795469522308347,fit:triangle:mse,0.4596466127510227,0.9100868196928256,0.8620999853874787,0.9201159460072929,0.6412643645914562,0.1542051577168908,-0.724982920059183,-0.04027682889217682,0.6404892740037242,0.15498024830462276,0.5638756044904756,0.2013841444608842,5530.058792659048,1197.3438594625172,0.4596466127510227,3.28134;0.653506;0.300142;0.395266
ER(0.25),12,7,20281910,9,8.0,0.795469522308347,fit:triangle:wgt,0.47659183844046116,0.779583957513523,0.7995167069453569,0.8856678864179749,0.5624999999999998,0.23296952230834722,-1.0471975511965976,-0.12083048667653049,0.6298373397835919,0.1656321825247551,0.8860902356278906,0.2013841444608842,5.68125298526642,1.2437905906204054,0.7673502861562806,0.0995597;0.904163;0.233624;0.48
ER(0.25),12,7,20281910,9,8.0,0.795469522308347,fit:normal:mse,0.33861664248614504,0.9655672863720032,0.889051776627107,0.9470955851431642,0.5603762539368187,0.23509326837152833,-0.966643893412244,0.48332194670612205,0.47780152175527635,0.31766800055307065,1.2083048667653051,0.8860902356278904,17.405131443771563,3.879416193341151,0.33861664248614504,4.61968;2.8469;2.31782
ER(0.25),12,7,20281910,9,8.0,0.795469522308347,fit:normal:wgt,0.9681333779358686,0.9482452018791437,0.9653162304012803,0.9787020077188556,0.5625,0.232969522308347,-1.0471975511965976,-0.32221463113741466,0.5257531303256184,0.26971639198272856,1.2083048667653051,0.483321946706122,210945.89713866697,50374.625410047,0.9398521713344085,2.79243;18.8212;0.0522529
ER(0.25),12,7,20281910,9,8.0,0.795469522308347,paper:empP,0.9980872729834712,0.9987368262355821,0.9984546977587306,0.9986938448197623,0.7893723540025754,0.006097168305771561,0.5638756044904758,0.0805536577843537,0.5849358435269585,0.2105336787813885,1.2083048667653051,0.3222146311374147,3.838581984299941e8,4.8323441898971565e7,NaN,
ER(0.25),12,7,20281910,9,8.0,0.795469522308347,paper:binP,0.9980872729834712,0.9987368262355821,0.9984546977587306,0.9986938448197623,0.7795117368125858,0.015957785495761212,0.5638756044904758,0.12083048667653051,0.5755979803180504,0.21987154199029657,0.9666438934122443,0.3222146311374147,83911.9505300284,9939.599202328842,NaN,
ER(0.25),12,8,20281911,15,13.0,0.7864589757230163,exactN,0.0,0.0,0.0,0.0,0.7524187156699467,0.03404026005306959,0.0,0.0,0.746202921524181,0.04025605419883527,0.0,0.0,9.47809747388997,0.9632703242972902,NaN,
ER(0.25),12,8,20281911,15,13.0,0.7864589757230163,pert:lowd:0.01,0.009999563683258042,0.9128499329029135,0.9665091847098621,0.681057490722655,0.5769230769230769,0.2095358987999394,-0.8055365778435367,-0.32221463113741466,0.655932482819089,0.13052649290392726,0.32221463113741455,0.1611073155687074,2273.2348705644217,303.19401666813826,NaN,
ER(0.25),12,8,20281911,15,13.0,0.7864589757230163,pert:lowd:0.05,0.04993924558268956,0.9963643583428512,0.9989414448093463,0.9042217606376933,0.5769230769230769,0.2095358987999394,-0.8055365778435367,-0.32221463113741466,0.6097988218736644,0.17666015384935185,0.4027682889217683,0.24166097335306103,51727.97976317328,6899.355740472064,NaN,
ER(0.25),12,8,20281911,15,13.0,0.7864589757230163,pert:lowd:0.2,0.19614092155536322,0.9998438648516565,0.9945874163053344,0.9411070052537174,0.5769230769230769,0.2095358987999394,-0.8055365778435367,-0.32221463113741466,0.5872430979390819,0.19921587778393435,0.48332194670612205,0.2819378022452379,812766.5002079607,108405.20781885885,NaN,
ER(0.25),12,8,20281911,15,13.0,0.7864589757230163,pert:lowd:0.5,0.4473312894791139,0.9999915669577237,0.9933217822841678,0.9477329938680926,0.5769230769230769,0.2095358987999394,-0.8055365778435367,-0.32221463113741466,0.567598331729256,0.21886064399376026,0.5638756044904758,0.32221463113741466,5.061290406296239e6,675065.443832,NaN,
ER(0.25),12,8,20281911,15,13.0,0.7864589757230163,pert:highd:0.01,0.004750483551844066,0.026530833610863645,0.005602922663489911,0.015781215287844666,0.5784167721444621,0.20804220357855419,-0.7249829200591831,0.4430451178139452,0.746202921524181,0.04025605419883527,0.0,0.0,9.86537172929031,1.313342445946549,NaN,
ER(0.25),12,8,20281911,15,13.0,0.7864589757230163,pert:highd:0.05,0.022947795588498764,0.13232912764338944,0.028195210246627047,0.08104479052840062,0.5769230769230769,0.2095358987999394,-0.8055365778435367,0.48332194670612205,0.746202921524181,0.04025605419883527,0.0,0.0,22.624383586707257,3.0170133891299025,NaN,
ER(0.25),12,8,20281911,15,13.0,0.7864589757230163,pert:highd:0.2,0.08126288509341235,0.47949197681023736,0.11502331827546478,0.34456819077550527,0.5769230769230769,0.2095358987999394,-0.8055365778435367,0.48332194670612205,0.7450019202483061,0.041457055474710125,0.08055365778435353,-0.04027682889217682,117.59756423580637,15.683615473162362,NaN,
ER(0.25),12,8,20281911,15,13.0,0.7864589757230163,pert:highd:0.5,0.1642681543139989,0.8199637919098346,0.2922093212715581,0.7771796948583896,0.5769230769230769,0.2095358987999394,-0.8055365778435367,0.48332194670612205,0.7379349269214265,0.04852404880158978,0.1611073155687075,-0.08055365778435364,530.7440600344023,70.78684826611962,NaN,
ER(0.25),12,8,20281911,15,13.0,0.7864589757230163,pert:nulled:0.01,0.0049087230954405515,0.046333866596830954,0.0003484982877893213,0.00023802170873154065,0.5769230769230769,0.2095358987999394,-0.8055365778435367,1.248581695657482,0.746202921524181,0.04025605419883527,0.0,0.0,11.321236579128856,1.5095917732071045,NaN,
ER(0.25),12,8,20281911,15,13.0,0.7864589757230163,pert:nulled:0.05,0.02371978491343628,0.22897269144780458,0.0017429621686199427,0.001189865925096487,0.5769230769230769,0.2095358987999394,-0.8055365778435367,1.248581695657482,0.746202921524181,0.04025605419883527,0.0,0.0,34.44605760585296,4.593627118256338,NaN,
ER(0.25),12,8,20281911,15,13.0,0.7864589757230163,pert:nulled:0.2,0.08406985943435687,0.704969154045023,0.006978797550257492,0.004755789634834533,0.5769230769230769,0.2095358987999394,-0.8055365778435367,1.248581695657482,0.746202921524181,0.04025605419883527,0.0,0.0,232.88235107654182,31.05953225633757,NaN,
ER(0.25),12,8,20281911,15,13.0,0.7864589757230163,pert:nulled:0.5,0.17008049691313004,0.9417829399399272,0.017480397575217032,0.011870695148174137,0.5769230769230769,0.2095358987999394,-0.8055365778435367,1.248581695657482,0.7273239273918801,0.05913504833113614,0.08055365778435353,0.04027682889217682,1158.9464809570045,154.573949557405,NaN,
ER(0.25),12,8,20281911,15,13.0,0.7864589757230163,pert:random:0.01,0.009924124188629164,0.3091226210622587,0.47795690247029926,0.35792388272326,0.5935932638797627,0.19286571184325352,-0.7249829200591831,-0.12083048667653049,0.7128737506598307,0.07358522506318554,0.32221463113741455,0.0,42.258664738652826,5.598562432507478,NaN,
ER(0.25),12,8,20281911,15,13.0,0.7864589757230163,pert:random:0.05,0.04982645022619451,0.8542837676226372,0.9967256189365951,0.9738510659963542,0.5769230769230768,0.2095358987999395,-0.8055365778435367,-0.08055365778435367,0.6712339615269388,0.11522501419607745,0.7249829200591829,-0.04027682889217682,544.6370766140799,72.64128360976291,NaN,
ER(0.25),12,8,20281911,15,13.0,0.7864589757230163,pert:random:0.2,0.1995418390693953,0.9895501618397042,0.9705406604852407,0.97823428047392,0.5769230769230774,0.20953589879993884,-0.8055365778435367,-0.04027682889217682,0.5506944990718365,0.23576447665117972,-0.24166097335306103,0.32221463113741466,8261.101287033745,1101.851469591125,NaN,
ER(0.25),12,8,20281911,15,13.0,0.7864589757230163,pert:random:0.5,0.4688568924690148,0.9985900040686692,0.9540374032390156,0.9575089256643532,0.5769230769230774,0.20953589879993884,-0.8055365778435367,-0.04027682889217682,0.561729463720167,0.2247295120028493,0.32221463113741455,0.32221463113741466,51777.225132080326,6905.954722788196,NaN,
ER(0.25),12,8,20281911,15,13.0,0.7864589757230163,fit:triangle:mse,0.5098789376709645,0.9334648642638927,0.9166272313902027,0.9522069603877323,0.6181789675081169,0.1682800082148994,-0.6444292622748293,-0.04027682889217682,0.680696402713672,0.10576257300934422,-0.1611073155687075,0.1611073155687074,6880.38143566675,906.9774134727743,0.5098789376709645,2.50457;0.708634;0.215544;0.401373
ER(0.25),12,8,20281911,15,13.0,0.7864589757230163,fit:triangle:wgt,0.6251378711680404,0.8123705357240288,0.8334539484052486,0.9035966759002001,0.3871440141462338,0.3993149615767825,0.8055365778435367,1.0069207223044208,0.6416022785591923,0.144856697163824,0.5638756044904758,0.1611073155687074,14.171415102381683,2.141581805699154,0.8020057235997373,0.0831231;0.344842;0.39798;0.162838
ER(0.25),12,8,20281911,15,13.0,0.7864589757230163,fit:normal:mse,0.38062168889820136,0.9992201156870303,0.9480012491495237,0.9657091588960987,0.5769230769230769,0.2095358987999394,-0.8055365778435367,-0.32221463113741466,0.5206010092243032,0.26585796649871307,1.1277512089809512,0.7249829200591831,117.04559094132551,15.739066662342054,0.38062168889820136,7.68896;3.28492;3.69391
ER(0.25),12,8,20281911,15,13.0,0.7864589757230163,fit:normal:wgt,0.9841472474961546,0.9574687286841971,0.9699504161038038,0.9918389879336708,0.5769230769230769,0.2095358987999394,-0.8055365778435367,-0.32221463113741466,0.561028011187397,0.22543096453561928,0.8860902356278904,0.36249146002959154,739379.625628279,102267.46518396534,0.9506422447691103,5.2385;51.6466;0.0342788
ER(0.25),12,8,20281911,15,13.0,0.7864589757230163,paper:empP,0.9995103994990021,0.9996794613221159,0.9995632066018201,0.9996660538106109,0.7764167461310976,0.010042229591918694,0.48332194670612194,0.12083048667653051,0.4965597739798389,0.28989920174317735,0.8055365778435366,0.5638756044904758,6.750175148940635e7,5.316508701874581e6,NaN,
ER(0.25),12,8,20281911,15,13.0,0.7864589757230163,paper:binP,0.9995103994990021,0.9996794613221159,0.9995632066018201,0.9996660538106109,0.7764167461310976,0.010042229591918694,0.48332194670612194,0.12083048667653051,0.615554578590722,0.17090439713229422,0.08055365778435353,0.24166097335306103,29342.146574517832,2267.5415059981933,NaN,
ER(0.25),12,9,20281912,19,16.0,0.7443364036511202,exactN,0.0,0.0,0.0,0.0,0.7207920954824047,0.023544308168715444,0.0,0.0,0.7172890497029389,0.027047353948181252,0.0,0.0,11.217570225017706,0.9679348129323335,NaN,
ER(0.25),12,9,20281912,19,16.0,0.7443364036511202,pert:lowd:0.01,0.009999552527727077,0.9129568435722788,0.9953995462084578,0.7918429306057014,0.59375,0.1505864036511202,-0.6444292622748293,-0.28193780224523785,0.6306487551057864,0.11368764854533375,0.5638756044904756,0.2013841444608842,2880.121969682149,303.42089609401427,NaN,
ER(0.25),12,9,20281912,19,16.0,0.7443364036511202,pert:lowd:0.05,0.04993895351976471,0.9962334124894496,0.9885085524214253,0.9502963235079159,0.59375,0.1505864036511202,-0.6444292622748293,-0.28193780224523785,0.6032282367123032,0.141108166938817,0.6444292622748293,0.28193780224523785,65538.60727074182,6904.772168881809,NaN,
ER(0.25),12,9,20281912,19,16.0,0.7443364036511202,pert:lowd:0.2,0.19613645805202093,0.9998088609281662,0.9806479895559145,0.9713979561936747,0.59375,0.1505864036511202,-0.6444292622748293,-0.28193780224523785,0.5834333148895886,0.1609030887615316,0.8860902356278906,0.3624914600295915,1.0297658904179335e6,108491.10400170331,NaN,
ER(0.25),12,9,20281912,19,16.0,0.7443364036511202,pert:lowd:0.5,0.4473100762471829,0.9999816526568106,0.9788525003922268,0.9750189532001647,0.59375,0.1505864036511202,-0.6444292622748293,-0.28193780224523785,0.5848727189404122,0.15946368471070804,1.2888585245496589,0.40276828892176836,6.412600282719664e6,675601.3366351386,NaN,
ER(0.25),12,9,20281912,19,16.0,0.7443364036511202,pert:highd:0.01,0.00467773896861492,0.026673541642863282,0.0036338465951434046,0.01240259427958723,0.59375,0.1505864036511202,-0.6444292622748293,0.5235987755982989,0.7172890497029389,0.027047353948181252,0.0,0.0,12.494222249536044,1.3153268264786837,NaN,
ER(0.25),12,9,20281912,19,16.0,0.7443364036511202,pert:highd:0.05,0.02259317268919368,0.13233443693713268,0.018218680060490794,0.06336923513673023,0.59375,0.1505864036511202,-0.6444292622748293,0.5235987755982989,0.7225028661669886,0.021833537484131638,-0.08055365778435353,0.0,28.66062605306941,3.0180221413056363,NaN,
ER(0.25),12,9,20281912,19,16.0,0.7443364036511202,pert:highd:0.2,0.0799761207259102,0.4720341752354236,0.073483745948812,0.26867803375873056,0.59375,0.1505864036511202,-0.6444292622748293,0.5235987755982989,0.7275369650230137,0.01679943862810651,-0.08055365778435353,-0.04027682889217682,148.98522629311222,15.692908698905462,NaN,
ER(0.25),12,9,20281912,19,16.0,0.7443364036511202,pert:highd:0.5,0.16160877204491803,0.8026455557076013,0.18506829516076523,0.6554242193507009,0.59375,0.1505864036511202,-0.6444292622748293,0.5235987755982989,0.7242349480575477,0.02010145559357246,-0.08055365778435353,-0.12083048667653051,672.4266761369526,70.83637241567816,NaN,
ER(0.25),12,9,20281912,19,16.0,0.7443364036511202,pert:nulled:0.01,0.004864634656004089,0.04659135139826603,0.0002746977331224936,0.0010491351793872116,0.59375,0.1505864036511202,-0.6444292622748293,1.2888585245496587,0.7172890497029389,0.027047353948181252,0.0,0.0,14.340902072834988,1.5098113482961466,NaN,
ER(0.25),12,9,20281912,19,16.0,0.7443364036511202,pert:nulled:0.05,0.02350461206972414,0.22906460207323293,0.00137309129664452,0.005243111513567881,0.59375,0.1505864036511202,-0.6444292622748293,1.2888585245496587,0.7172890497029389,0.027047353948181252,0.0,0.0,43.63755009550171,4.595556117450592,NaN,
ER(0.25),12,9,20281912,19,16.0,0.7443364036511202,pert:nulled:0.2,0.08328667173108811,0.6978682381424888,0.005486354027912936,0.02093080433426764,0.59375,0.1505864036511202,-0.6444292622748293,1.2888585245496587,0.698142787536566,0.04619361611455419,0.16110731556870728,0.04027682889217682,295.04579635190817,31.079715109350218,NaN,
ER(0.25),12,9,20281912,19,16.0,0.7443364036511202,pert:nulled:0.5,0.16845720078567455,0.9342658118747692,0.013685236923736344,0.05208197157758814,0.59375,0.1505864036511202,-0.6444292622748293,1.2888585245496587,0.6873021879928644,0.05703421565825584,0.16110731556870728,0.08055365778435364,1468.3424707292775,154.68674097111486,NaN,
ER(0.25),12,9,20281912,19,16.0,0.7443364036511202,pert:random:0.01,0.009950711263528785,0.30723688255703846,0.45017137094484866,0.366124940593831,0.59375,0.1505864036511202,-0.6444292622748293,1.2888585245496587,0.6926321034808931,0.05170430017022709,0.3222146311374148,0.0,57.54783906489867,6.060796692645724,NaN,
ER(0.25),12,9,20281912,19,16.0,0.7443364036511202,pert:random:0.05,0.04951834267029455,0.8658317965294094,0.9889460811349012,0.9724681228956378,0.59375,0.1505864036511202,-0.6444292622748293,1.2888585245496587,0.6014216254740101,0.14291477817711007,0.4833219467061223,0.28193780224523785,655.4298128638338,69.04568082630138,NaN,
ER(0.25),12,9,20281912,19,16.0,0.7443364036511202,pert:random:0.2,0.19206442188760492,0.9944855246662049,0.9817204870217956,0.9820630293854211,0.59375,0.1505864036511202,-0.6444292622748293,1.2888585245496587,0.5912186047595448,0.1531177988915754,0.7249829200591831,0.3222146311374147,8678.578514545443,914.308183751297,NaN,
ER(0.25),12,9,20281912,19,16.0,0.7443364036511202,pert:random:0.5,0.43032948435455004,0.9999397992790691,0.9671992987259754,0.9633823775068566,0.59375,0.1505864036511202,-0.6444292622748293,1.2888585245496587,0.5999888502542369,0.14434755339688332,0.4027682889217683,0.28193780224523785,52108.99260181413,5489.897761608698,NaN,
ER(0.25),12,9,20281912,19,16.0,0.7443364036511202,fit:triangle:mse,0.5551530484876535,0.9437767360357979,0.9272065348008609,0.9515404500922313,0.5718626173130237,0.1724737863380965,-0.5638756044904757,1.0069207223044208,0.6340119532321968,0.11032445041892336,0.4027682889217683,0.2013841444608842,52921.91999627404,5597.668349688535,0.5551530484876535,6.01674;0.666059;0.214979;0.379118
ER(0.25),12,9,20281912,19,16.0,0.7443364036511202,fit:triangle:wgt,0.6069815798498431,0.8294184610099794,0.8127640730715477,0.9022779953110794,0.4605060441804,0.2838303594707202,0.8055365778435368,1.0874743800887745,0.6489027742412798,0.09543362940984035,0.4027682889217683,0.16110731556870733,12.801964322769928,1.506765427598326,0.818394241389989,0.0654656;0.910489;0.130432;0.452019
ER(0.25),12,9,20281912,19,16.0,0.7443364036511202,fit:normal:mse,0.41694948684833344,0.9988908357545274,0.9627676869957851,0.996522250735951,0.59375,0.1505864036511202,-0.6444292622748293,-0.28193780224523785,0.624974656192862,0.11936174745825823,1.6110731556870734,0.0,148.05318119061437,15.743290333539065,0.41694948684833344,9.85032;3.29536;3.54847
ER(0.25),12,9,20281912,19,16.0,0.7443364036511202,fit:normal:wgt,0.9924869745223605,0.9508131776940868,0.9254036589423493,0.9784056423442773,0.5987628525268045,0.1455735511243157,2.497163391314964,-0.24166097335306103,0.5912354197276024,0.15310098392351779,1.6110731556870734,0.40276828892176836,1.2681963938102988e6,136997.4418873075,0.9438278077256531,6.71857;65.2906;0.0228595
ER(0.25),12,9,20281912,19,16.0,0.7443364036511202,paper:empP,0.9997056424602079,0.9998006582601302,0.999694628644686,0.9997536429222089,0.7258638129079952,0.018472590743125017,0.48332194670612205,0.16110731556870733,0.5309733893668729,0.2133630142842473,0.8055365778435368,0.5638756044904756,2.527197562764645e6,161941.77435788576,NaN,
ER(0.25),12,9,20281912,19,16.0,0.7443364036511202,paper:binP,0.9997056424602079,0.9998006582601302,0.999694628644686,0.9997536429222089,0.7258638129079952,0.018472590743125017,0.48332194670612205,0.16110731556870733,0.596107019599422,0.14822938405169817,0.24166097335306103,0.28193780224523785,5915.297230972241,383.370790753326,NaN,
ER(0.25),12,10,20281913,14,11.0,0.8274447693070961,exactN,0.0,0.0,0.0,0.0,0.8113843810283978,0.016060388278698268,0.0,0.0,0.8027165763562342,0.024728192950861927,0.0,0.0,8.651659807905432,0.9623648172437478,NaN,
ER(0.25),12,10,20281913,14,11.0,0.8274447693070961,pert:lowd:0.01,0.009999565509415559,0.9307534512223907,0.9864782231132261,0.8323116970733357,0.6363636363636364,0.19108113294345974,-0.8055365778435367,-0.32221463113741466,0.6765068938187683,0.15093787548832782,0.5638756044904756,0.2013841444608842,2121.2846851003696,303.2425220177749,NaN,
ER(0.25),12,10,20281913,14,11.0,0.8274447693070961,pert:lowd:0.05,0.04993929368033085,0.9973558239825253,0.9955194715877792,0.96267965015134,0.6363636363636364,0.19108113294345974,-0.8055365778435367,-0.32221463113741466,0.6359428403617354,0.19150192894536067,0.7249829200591831,0.28193780224523785,48269.87563886208,6900.513584037036,NaN,
ER(0.25),12,10,20281913,14,11.0,0.8274447693070961,pert:lowd:0.2,0.19614165740499237,0.9999172125520638,0.9897985250536048,0.978854607401685,0.6363636363636364,0.19108113294345974,-0.8055365778435367,-0.32221463113741466,0.6127999489140027,0.2146448203930934,0.9666438934122439,0.3624914600295915,758430.285755852,108423.56894537054,NaN,
ER(0.25),12,10,20281913,14,11.0,0.8274447693070961,pert:lowd:0.5,0.4473347874824716,0.9999996224716096,0.9883882610248911,0.9815970360103446,0.6363636363636364,0.19108113294345974,-0.8055365778435367,-0.32221463113741466,0.6072398586099866,0.22020491069710946,0.8860902356278906,0.3624914600295915,4.722924130391647e6,675179.9954095383,NaN,
ER(0.25),12,10,20281913,14,11.0,0.8274447693070961,pert:highd:0.01,0.004687039802445331,0.029992466538156088,0.006722902556159779,0.014084204324444205,0.6363636363636364,0.19108113294345974,-0.8055365778435367,0.48332194670612205,0.8027165763562342,0.024728192950861927,0.0,0.0,9.205738101593598,1.315223397569786,NaN,
ER(0.25),12,10,20281913,14,11.0,0.8274447693070961,pert:highd:0.05,0.022638504125477587,0.14830945295342507,0.03387107667502704,0.07225935685878236,0.6363636363636364,0.19108113294345974,-0.8055365778435367,0.48332194670612205,0.815555726728186,0.011889042578910103,-0.08055365778435353,-0.04027682889217682,21.11429518668765,3.0172293812225854,NaN,
ER(0.25),12,10,20281913,14,11.0,0.8274447693070961,pert:highd:0.2,0.08014051701295151,0.5138303681720983,0.1385084740012752,0.30885827567839397,0.6363636363636364,0.19108113294345974,-0.8055365778435367,0.48332194670612205,0.8096346332656364,0.017810136041459645,0.0,-0.04027682889217682,109.74125092754366,15.685603425494929,NaN,
ER(0.25),12,10,20281913,14,11.0,0.8274447693070961,pert:highd:0.5,0.1619483593302552,0.8308071807964327,0.3497202414405593,0.7305402042457797,0.6363636363636364,0.19108113294345974,-0.8055365778435367,0.48332194670612205,0.8059464781748796,0.021498291132216463,0.0,-0.12083048667653051,495.27347822282377,70.79743806676017,NaN,
ER(0.25),12,10,20281913,14,11.0,0.8274447693070961,pert:nulled:0.01,0.004858540068600798,0.05240085361271819,0.00041457019262430286,0.0012063754019074877,0.6363636363636364,0.19108113294345974,-0.8055365778435367,1.248581695657482,0.815555726728186,0.011889042578910103,-0.08055365778435353,-0.04027682889217682,10.56609520754129,1.5096388225087742,NaN,
ER(0.25),12,10,20281913,14,11.0,0.8274447693070961,pert:nulled:0.05,0.02347487261532659,0.2556175959000182,0.0020736527797672708,0.0060295982227425195,0.6363636363636364,0.19108113294345974,-0.8055365778435367,1.248581695657482,0.815555726728186,0.011889042578910103,-0.08055365778435353,-0.04027682889217682,32.14622387310364,4.594040023799504,NaN,
ER(0.25),12,10,20281913,14,11.0,0.8274447693070961,pert:nulled:0.2,0.08317847591126495,0.7366629774758368,0.008306456198409296,0.0240792997768543,0.6363636363636364,0.19108113294345974,-0.8055365778435367,1.248581695657482,0.815555726728186,0.011889042578910103,-0.08055365778435353,-0.04027682889217682,217.32111302337248,31.063848764032503,NaN,
ER(0.25),12,10,20281913,14,11.0,0.8274447693070961,pert:nulled:0.5,0.1682330421283947,0.9452701574841853,0.020823176213102,0.05994562927407111,0.6363636363636364,0.19108113294345974,-0.8055365778435367,1.248581695657482,0.815555726728186,0.011889042578910103,-0.08055365778435353,-0.04027682889217682,1081.483870213221,154.59806525425367,NaN,
ER(0.25),12,10,20281913,14,11.0,0.8274447693070961,pert:random:0.01,0.009631936589108792,0.7774783777781058,0.7709131372575607,0.7593814619142836,0.6363636363636362,0.19108113294345985,-0.8055365778435367,-0.20138414446088415,0.7278033161626726,0.09964145314442352,0.7249829200591831,0.04027682889217682,382.4382269658116,54.672446637656456,NaN,
ER(0.25),12,10,20281913,14,11.0,0.8274447693070961,pert:random:0.05,0.047614299308597716,0.9866420024217021,0.9664092478643223,0.9998337037744135,0.6363636363636364,0.19108113294345974,-0.8055365778435367,-0.32221463113741466,0.6887986952553276,0.13864607405176854,1.2888585245496589,0.08055365778435364,11089.233800999114,1585.3250502263718,NaN,
ER(0.25),12,10,20281913,14,11.0,0.8274447693070961,pert:random:0.2,0.18059799202658938,0.9990159314980445,0.9873031967585146,0.9837844400672568,0.6363636363636364,0.19108113294345974,-0.8055365778435367,-0.32221463113741466,0.3717882694156957,0.4556564998914004,0.0,0.8055365778435368,184177.40202382597,26329.780168252983,NaN,
ER(0.25),12,10,20281913,14,11.0,0.8274447693070961,pert:random:0.5,0.39301592997687723,0.9997949519229247,0.9903581127569372,0.9776338896877717,0.6363636363636364,0.19108113294345974,-0.8055365778435367,-0.32221463113741466,0.36815324844801867,0.45929152085907743,-0.5638756044904757,0.76525974895136,1.1596403391587124e6,165780.35025736995,NaN,
ER(0.25),12,10,20281913,14,11.0,0.8274447693070961,fit:triangle:mse,0.5613912773980774,0.9306398359742221,0.9067103960908189,0.9358698566548569,0.636363636363637,0.19108113294345908,-0.8055365778435367,-0.04027682889217682,0.6724002052446512,0.15504456406244493,0.8860902356278906,0.2013841444608842,60095.57263940327,8558.778606044612,0.5613912773980774,8.0;0.543831;0.305984;0.308045
ER(0.25),12,10,20281913,14,11.0,0.8274447693070961,fit:triangle:wgt,0.6244200283847646,0.8206231882994972,0.8519086232960342,0.9041580521922373,0.4783149903913222,0.3491297789157739,1.1277512089809512,1.0069207223044208,0.6679379167153313,0.15950685259176478,1.449965840118366,0.2013841444608842,10.448889097940171,1.7410934751027538,0.8098094235889904,0.0882863;0.345518;0.469906;0.200275
ER(0.25),12,10,20281913,14,11.0,0.8274447693070961,fit:normal:mse,0.4672759625812139,0.9876416396212326,0.9771037582983849,0.9514823651988007,0.6363636363636364,0.19108113294345974,-0.8055365778435367,-0.32221463113741466,0.6363636363636362,0.19108113294345985,-1.5305194979027197,0.8055365778435368,46.0365522597768,6.631197730473891,0.4672759625812139,7.30514;3.0385;3.22577
ER(0.25),12,10,20281913,14,11.0,0.8274447693070961,fit:normal:wgt,0.9782505411366149,0.9526146711205506,0.9677165983019692,0.9869047394459257,0.6363636363636364,0.19108113294345974,-0.8055365778435367,-0.32221463113741466,0.6327060650583307,0.19473870424876538,1.6110731556870734,0.40276828892176836,557362.6957009038,83493.56122294991,0.9447473921390168,5.23444;25.13;0.0384364
ER(0.25),12,10,20281913,14,11.0,0.8274447693070961,paper:empP,0.999973375972254,0.9999913768142237,0.9999883664427879,0.9999919765153741,0.8200653707531077,0.007379398553988392,0.4027682889217684,0.0805536577843537,0.6254856516232937,0.20195911768380237,1.6110731556870734,0.4430451178139451,1.092067180217297e7,1.0110697000205354e6,NaN,
ER(0.25),12,10,20281913,14,11.0,0.8274447693070961,paper:binP,0.999973375972254,0.9999913768142237,0.9999883664427879,0.9999919765153741,0.8046223536272208,0.022822415679875308,0.48332194670612194,0.12083048667653051,0.6284483867299729,0.19899638257712315,0.4833219467061223,0.28193780224523785,40443.41829376266,3302.210923425129,NaN,
ER(0.25),12,11,20281914,15,13.0,0.772487912127223,exactN,0.0,0.0,0.0,0.0,0.7470892158101028,0.025398696317120217,0.0,0.0,0.6853215144230772,0.0871663977041458,0.0,0.0,9.327616609748238,0.9517235425257955,NaN,
ER(0.25),12,11,20281914,15,13.0,0.772487912127223,pert:lowd:0.01,0.009999561926890195,0.9255242275112288,0.9769464011318629,0.5090891833973433,0.5769230769230769,0.19556483520414614,-0.8055365778435367,-0.32221463113741466,0.6286859580174062,0.14380195410981678,0.24166097335306125,0.12083048667653051,2273.896149747516,303.3143894904239,NaN,
ER(0.25),12,11,20281914,15,13.0,0.772487912127223,pert:lowd:0.05,0.04993919940017672,0.9970818342032493,0.9980709126096556,0.7898329916215467,0.5769230769230769,0.19556483520414614,-0.8055365778435367,-0.32221463113741466,0.5955864264527941,0.17690148567442887,0.322214631137415,0.20138414446088426,51743.75762417997,6902.228775230531,NaN,
ER(0.25),12,11,20281914,15,13.0,0.772487912127223,pert:lowd:0.2,0.19614021521581132,0.9998991733603664,0.9934703459689985,0.8555566942130806,0.5769230769230769,0.19556483520414614,-0.8055365778435367,-0.32221463113741466,0.6112519876346145,0.16123592449260848,0.322214631137415,0.1611073155687074,813016.6836283557,108450.7675175983,NaN,
ER(0.25),12,11,20281914,15,13.0,0.772487912127223,pert:lowd:0.5,0.4473279319725075,0.9999985050439077,0.9922329017821265,0.8684661259508228,0.5769230769230769,0.19556483520414614,-0.8055365778435367,-0.32221463113741466,0.6206383048457139,0.1518496072815091,0.48332194670612205,0.12083048667653051,5.062851224729069e6,675349.6808773767,NaN,
ER(0.25),12,11,20281914,15,13.0,0.772487912127223,pert:highd:0.01,0.0047051473287863495,0.028871125449079754,0.006190693325770999,0.030399256036343417,0.5784163683343384,0.1940715437928846,-0.7249829200591831,0.4430451178139452,0.6853215144230772,0.0871663977041458,0.0,0.0,9.865684867930245,1.313403377920579,NaN,
ER(0.25),12,11,20281914,15,13.0,0.772487912127223,pert:highd:0.05,0.022726766330455218,0.1434333873283637,0.031188682767560826,0.15645695315143826,0.5769230769230769,0.19556483520414614,-0.8055365778435367,0.48332194670612205,0.7340971942516235,0.038390717875599556,-0.32221463113741455,-0.08055365778435364,22.627343480431655,3.017550077590483,NaN,
ER(0.25),12,11,20281914,15,13.0,0.772487912127223,pert:highd:0.2,0.080460679404453,0.5066154346524495,0.1276575474686311,0.6005537912481427,0.5769230769230769,0.19556483520414614,-0.8055365778435367,0.48332194670612205,0.7397078843352638,0.03278002779195921,-0.32221463113741455,-0.12083048667653046,117.62471842798834,15.68855116230559,NaN,
ER(0.25),12,11,20281914,15,13.0,0.772487912127223,pert:highd:0.5,0.16260985229336244,0.8337514993201869,0.32461206044117485,0.9481710476728032,0.5769230769230769,0.19556483520414614,-0.8055365778435367,0.48332194670612205,0.7371961713686124,0.035291740758610635,-0.32221463113741455,-0.20138414446088415,530.8885186012787,70.81313216548216,NaN,
ER(0.25),12,11,20281914,15,13.0,0.772487912127223,pert:nulled:0.01,0.0048748662680027505,0.05041579081624475,0.00038621691071245574,0.005416260509308176,0.5769230769230769,0.19556483520414614,-0.8055365778435367,1.248581695657482,0.6853215144230772,0.0871663977041458,0.0,0.0,11.321882924298606,1.5097087499039128,NaN,
ER(0.25),12,11,20281914,15,13.0,0.772487912127223,pert:nulled:0.05,0.023554541516072565,0.24769745635983315,0.001931701921359942,0.02737401894803412,0.5769230769230769,0.19556483520414614,-0.8055365778435367,1.248581695657482,0.6853215144230772,0.0871663977041458,0.0,0.0,34.45170998912898,4.594652826138729,NaN,
ER(0.25),12,11,20281914,15,13.0,0.772487912127223,pert:nulled:0.2,0.08346834847838079,0.7321206942638916,0.007735917271028426,0.1135873253463824,0.5769230769230769,0.19556483520414614,-0.8055365778435367,1.248581695657482,0.7104190989898677,0.06206881313735535,-0.16110731556870728,-0.04027682889217682,232.94127047105513,31.07024745384238,NaN,
ER(0.25),12,11,20281914,15,13.0,0.772487912127223,pert:nulled:0.5,0.16883364871870968,0.9484303449009799,0.01938353201541367,0.2988939619961374,0.5769230769230769,0.19556483520414614,-0.8055365778435367,1.248581695657482,0.7173970034662026,0.0550909086610204,-0.2416609733530608,-0.04027682889217682,1159.275328750334,154.63379938104327,NaN,
ER(0.25),12,11,20281914,15,13.0,0.772487912127223,pert:random:0.01,0.009972731053797968,0.6320294039221224,0.6258577465441578,0.28211311629408065,0.5908147332991868,0.18167317882803624,-0.7249829200591831,-0.16110731556870733,0.6559641813472523,0.11652373077997069,0.24166097335306125,0.040276828892176875,191.44951280511265,25.328151249544042,NaN,
ER(0.25),12,11,20281914,15,13.0,0.772487912127223,pert:random:0.05,0.04997136177437012,0.970015586656437,0.9463690967976726,0.9695977026508136,0.5769230769230769,0.19556483520414614,-0.8055365778435367,-0.32221463113741466,0.6181334302511329,0.15435448187609013,0.5638756044904758,0.12083048667653051,5182.081980781419,691.2666577988766,NaN,
ER(0.25),12,11,20281914,15,13.0,0.772487912127223,pert:random:0.2,0.19865258554118198,0.9977204382505671,0.9855697208105106,0.9473680555765035,0.5769230769230769,0.19556483520414614,-0.8055365778435367,-0.32221463113741466,0.5811179654807352,0.19136994664648777,0.48332194670612205,0.24166097335306103,87712.23013797306,11700.26677063717,NaN,
ER(0.25),12,11,20281914,15,13.0,0.772487912127223,pert:random:0.5,0.46136476163110335,0.9995181955261011,0.9906361939579907,0.9098691485269081,0.5769230769230769,0.19556483520414614,-0.8055365778435367,-0.32221463113741466,0.5671834379601347,0.2053044741670883,0.48332194670612205,0.2819378022452379,554301.3364191693,73940.16762380122,NaN,
ER(0.25),12,11,20281914,15,13.0,0.772487912127223,fit:triangle:mse,0.5123395969965715,0.9080022131348031,0.8904833073413074,0.9450890773181184,0.6564200327180756,0.11606787940914742,-0.48332194670612205,-0.04027682889217682,0.6705489663044081,0.10193894582281493,-0.32221463113741455,0.08055365778435375,1527.3864090581046,199.179952243423,0.5123395969965715,1.21073;0.699645;0.220764;0.411146
ER(0.25),12,11,20281914,15,13.0,0.772487912127223,fit:triangle:wgt,0.552961664824455,0.7944545229766424,0.8244856343890892,0.9216599408333481,0.42292901046248144,0.3495589016647416,0.6444292622748294,1.0471975511965979,0.6553276754879819,0.11716023663924113,0.0,0.08055365778435375,9.952869004843743,1.4896646773488407,0.7828315495991439,0.0814452;0.556708;0.263221;0.255165
ER(0.25),12,11,20281914,15,13.0,0.772487912127223,fit:normal:mse,0.37388352156294474,0.9899247568495477,0.9676610790509662,0.9304916358922405,0.5769230769230769,0.19556483520414614,-0.8055365778435367,-0.32221463113741466,0.5769230769230769,0.19556483520414614,-2.0943951023931953,0.6847060911670063,54.8145191162013,7.316460681766182,0.37388352156294474,7.56992;3.07436;3.16275
ER(0.25),12,11,20281914,15,13.0,0.772487912127223,fit:normal:wgt,0.9903625760548956,0.9506635917774344,0.9615593502733015,0.9951703187201577,0.5861775738956392,0.18631033823158383,2.3360560757462565,-0.28193780224523785,0.5722807748817273,0.20020713724549566,1.0471975511965979,0.2819378022452379,639327.8761563005,87802.03464206797,0.9430454818781351,4.7492;66.8956;0.0360627
ER(0.25),12,11,20281914,15,13.0,0.772487912127223,paper:empP,0.9995045132829047,0.9996553740074172,0.9995491075308854,0.9996980681607169,0.7628851496874913,0.009602762439731682,0.48332194670612194,0.12083048667653051,0.513412722600412,0.25907518952681097,0.5638756044904758,0.48332194670612216,5.452096569576813e7,4.3467504667783445e6,NaN,
ER(0.25),12,11,20281914,15,13.0,0.772487912127223,paper:binP,0.9995045132829047,0.9996553740074172,0.9995491075308854,0.9996980681607169,0.7628851496874913,0.009602762439731682,0.48332194670612194,0.12083048667653051,0.6184908459936833,0.1539970661335397,-0.16110731556870728,0.1611073155687074,29342.146574517832,2267.5415059981933,NaN,
ER(0.25),12,12,20281915,11,10.0,0.7807889357110831,exactN,0.0,0.0,0.0,0.0,0.7570955669735282,0.0236933687375549,0.0,0.0,0.7018801090864975,0.07890882662458565,0.0,0.0,7.208037708998394,0.9399088981257695,NaN,
ER(0.25),12,12,20281915,11,10.0,0.7807889357110831,pert:lowd:0.01,0.00999957007222489,0.9385856683198978,0.9363346745543285,0.5258968542589804,0.55,0.23078893571108305,-0.966643893412244,-0.36249146002959154,0.6255839744251442,0.15520496128593886,0.32221463113741455,0.12083048667653051,1668.0102862466788,303.3177162573497,NaN,
ER(0.25),12,12,20281915,11,10.0,0.7807889357110831,pert:lowd:0.05,0.04993941421644535,0.9979940087835255,0.9976692874402201,0.7863109272086707,0.55,0.23078893571108305,-0.966643893412244,-0.36249146002959154,0.589879087536745,0.1909098481743381,0.08055365778435375,0.20138414446088426,37957.02815956591,6902.307707560101,NaN,
ER(0.25),12,12,20281915,11,10.0,0.7807889357110831,pert:lowd:0.2,0.19614350248040902,0.9999795177656696,0.9999405020319141,0.8461641990920532,0.55,0.23078893571108305,-0.966643893412244,-0.36249146002959154,0.614308464290065,0.16648047142101807,0.5638756044904758,0.12083048667653051,596396.2635632515,108452.01772434068,NaN,
ER(0.25),12,12,20281915,11,10.0,0.7807889357110831,pert:lowd:0.5,0.44734355940989035,0.9999874672080744,0.9999998271083096,0.8580130891201481,0.55,0.23078893571108305,-0.966643893412244,-0.36249146002959154,0.6227807477360111,0.158008187975072,0.7249829200591833,0.08055365778435375,3.713905663533068e6,675357.4787813531,NaN,
ER(0.25),12,12,20281915,11,10.0,0.7807889357110831,pert:highd:0.01,0.004703657308363665,0.03156784309107256,0.010047249631123597,0.03368909724971962,0.5517795390872596,0.22900939662382347,-0.8860902356278904,0.4027682889217683,0.7299331004943049,0.05085583521677817,-0.16110731556870705,-0.04027682889217682,7.241695531659049,1.313903575584336,NaN,
ER(0.25),12,12,20281915,11,10.0,0.7807889357110831,pert:highd:0.05,0.022719503080266518,0.15640139644918116,0.05109608031222616,0.17418199901929327,0.55,0.23078893571108305,-0.966643893412244,0.4430451178139452,0.7299331004943049,0.05085583521677817,-0.16110731556870705,-0.04027682889217682,16.595563479490593,3.017565912009135,NaN,
ER(0.25),12,12,20281915,11,10.0,0.7807889357110831,pert:highd:0.2,0.08043432888488998,0.5390349534219775,0.21468896520916977,0.6558782728062228,0.55,0.23078893571108305,-0.966643893412244,0.4430451178139452,0.7502700790296007,0.030518856681482354,-0.24166097335306103,-0.12083048667653046,86.27810492459398,15.688691000824361,NaN,
ER(0.25),12,12,20281915,11,10.0,0.7807889357110831,pert:highd:0.5,0.16255540175685365,0.8529185200956821,0.5421103277779,0.9700424406420608,0.55,0.23078893571108305,-0.966643893412244,0.4430451178139452,0.7437901689996353,0.03699876671144775,-0.4027682889217683,-0.24166097335306097,389.4245173446425,70.81386426599991,NaN,
ER(0.25),12,12,20281915,11,10.0,0.7807889357110831,pert:nulled:0.01,0.004866054008320374,0.05513185442829993,0.0010929260377612452,0.005974574953939083,0.55,0.23078893571108305,-0.966643893412244,1.208304866765305,0.7018801090864975,0.07890882662458565,0.0,0.0,8.303189903539392,1.5097123058449369,NaN,
ER(0.25),12,12,20281915,11,10.0,0.7807889357110831,pert:nulled:0.05,0.023511538188473093,0.269297337268303,0.005467183349843547,0.030245570041275583,0.55,0.23078893571108305,-0.966643893412244,1.208304866765305,0.7093750000000002,0.0714139357110829,-0.08055365778435375,0.0,25.268746693466902,4.594682697712234,NaN,
ER(0.25),12,12,20281915,11,10.0,0.7807889357110831,pert:nulled:0.2,0.08331187154620093,0.7615804830166829,0.02190336874695608,0.12618446958245869,0.55,0.23078893571108305,-0.966643893412244,1.208304866765305,0.7093750000000002,0.0714139357110829,-0.08055365778435375,0.0,170.86694441041675,31.070548318162224,NaN,
ER(0.25),12,12,20281915,11,10.0,0.7807889357110831,pert:nulled:0.5,0.16850941277251388,0.9562572232068587,0.0548875965417101,0.33376003102742885,0.55,0.23078893571108305,-0.966643893412244,1.208304866765305,0.7374077648565285,0.04338117085455462,-0.24166097335306103,-0.04027682889217682,850.3771492087874,154.63545843197195,NaN,
ER(0.25),12,12,20281915,11,10.0,0.7807889357110831,pert:random:0.01,0.009893637825150282,0.7692952627643223,0.7677581879746256,0.5101590269244407,0.5632855713575132,0.21750336435356987,-0.8860902356278904,-0.2013841444608842,0.6340344656899266,0.1467544700211565,0.48332194670612205,0.08055365778435375,212.7159623805293,38.42263216251376,NaN,
ER(0.25),12,12,20281915,11,10.0,0.7807889357110831,pert:random:0.05,0.049144504091068436,0.985115659958664,0.9938703708630748,0.9960430602582037,0.55,0.23078893571108305,-0.966643893412244,-0.36249146002959154,0.5774372334915873,0.20335170221949583,0.6444292622748296,0.20138414446088426,5670.641378180679,1031.18649638667,NaN,
ER(0.25),12,12,20281915,11,10.0,0.7807889357110831,pert:random:0.2,0.1894237605134571,0.9986770390563627,0.9997026962397073,0.9213024365437321,0.55,0.23078893571108305,-0.966643893412244,-0.36249146002959154,0.5398028441284894,0.24098609158259365,0.48332194670612205,0.2819378022452379,95018.19757871024,17278.66680629619,NaN,
ER(0.25),12,12,20281915,11,10.0,0.7807889357110831,pert:random:0.5,0.42082995725086036,0.9996386717263057,0.9986757515031187,0.8984763197464178,0.55,0.23078893571108305,-0.966643893412244,-0.36249146002959154,0.5403180311857279,0.24047090452535524,0.5638756044904758,0.2819378022452379,599297.904276713,108979.77111948801,NaN,
ER(0.25),12,12,20281915,11,10.0,0.7807889357110831,fit:triangle:mse,0.46133729580835,0.9075782419867825,0.8906087338765442,0.9468484838368006,0.6459669566774727,0.13482197903361037,-0.5638756044904756,-0.0805536577843537,0.6610849448258785,0.11970399088520456,-0.32221463113741455,0.12083048667653051,43404.7242478376,7699.3508351972405,0.46133729580835,8.0;0.275381;0.44267;0.244983
ER(0.25),12,12,20281915,11,10.0,0.7807889357110831,fit:triangle:wgt,0.49849850770374055,0.7841376148740038,0.8548647650928594,0.9366289882089286,0.43519590879269054,0.34559302691839255,-0.32221463113741466,1.0069207223044208,0.6437785796415373,0.1370103560695458,0.32221463113741455,0.08055365778435375,6.886117993178893,1.3089151695061152,0.7716415253559948,0.0965859;0.327969;0.428001;0.237787
ER(0.25),12,12,20281915,11,10.0,0.7807889357110831,fit:normal:mse,0.3125853955553014,0.9717859018893427,0.9091822625515493,0.9343579844428813,0.55,0.23078893571108305,-0.966643893412244,-0.36249146002959154,0.6460518111631366,0.1347371245479465,0.9666438934122441,-0.20138414446088415,27.20758773092355,4.956658636460475,0.3125853955553014,5.46088;2.99941;2.56441
ER(0.25),12,12,20281915,11,10.0,0.7807889357110831,fit:normal:wgt,0.9976521492255702,0.9539947152303622,0.9871491870469875,0.9980206133944779,0.5660411280857754,0.21474780762530765,2.174948760177549,-0.3222146311374147,0.5613795546406175,0.2194093810704656,0.32221463113741455,0.24166097335306103,876735.9226844502,167237.41450666642,0.9458987359600335,2.3179;54.8531;0.0192665
ER(0.25),12,12,20281915,11,10.0,0.7807889357110831,paper:empP,0.9972141633736632,0.9978039903329129,0.9976537284543882,0.9979135987903969,0.7737159425022002,0.007072993208882883,0.5638756044904757,0.08055365778435364,0.47253950381723486,0.30824943189384824,0.9666438934122441,0.48332194670612216,1.3618517331536384e9,1.3751037807235265e8,NaN,
ER(0.25),12,12,20281915,11,10.0,0.7807889357110831,paper:binP,0.9972141633736632,0.9978039903329129,0.9976537284543882,0.9979135987903969,0.7737159425022002,0.007072993208882883,0.5638756044904757,0.08055365778435364,0.5838439394340657,0.19694499627701745,0.32221463113741455,0.20138414446088426,77809.34623442529,7739.668612500664,NaN,
ER(0.25),12,13,20281916,19,15.0,0.8084526839869179,exactN,0.0,0.0,0.0,0.0,0.7814878253243543,0.026964858662563596,0.0,0.0,0.7576895613963613,0.0507631225905566,0.0,0.0,11.386493437891543,0.9661670385058925,NaN,
ER(0.25),12,13,20281916,19,15.0,0.8084526839869179,pert:lowd:0.01,0.009999555211399063,0.9103679620760741,0.9678934694530794,0.6799585471536966,0.6333333333333333,0.17511935065358464,-0.6444292622748293,-0.32221463113741466,0.6888040995312029,0.11964858445571502,0.24166097335306125,0.1611073155687074,2878.589865101654,303.20495912448814,NaN,
ER(0.25),12,13,20281916,19,15.0,0.8084526839869179,pert:lowd:0.05,0.04993902350891271,0.9960137931768868,0.9994989160751151,0.896604142215647,0.6333333333333333,0.17511935065358464,-0.6444292622748293,-0.32221463113741466,0.6505821350223864,0.15787054896453157,0.24166097335306125,0.24166097335306103,65502.05321360089,6899.619330106904,NaN,
ER(0.25),12,13,20281916,19,15.0,0.8084526839869179,pert:lowd:0.2,0.19613752692575895,0.9997770116877469,0.996296794326966,0.9334407478938508,0.6333333333333333,0.17511935065358464,-0.6444292622748293,-0.32221463113741466,0.6333678277560145,0.17508485623090342,0.32221463113741455,0.2819378022452379,1.0291862711757929e6,108409.39533769456,NaN,
ER(0.25),12,13,20281916,19,15.0,0.8084526839869179,pert:lowd:0.5,0.4473151554084699,0.9999723633047982,0.9953067348474024,0.9401682169576793,0.6333333333333333,0.17511935065358464,-0.6444292622748293,-0.32221463113741466,0.6139333819544992,0.19451930203241874,0.32221463113741455,0.32221463113741466,6.408984219546428e6,675091.5784305711,NaN,
ER(0.25),12,13,20281916,19,15.0,0.8084526839869179,pert:highd:0.01,0.004698655045850971,0.026305953869164685,0.005968142022656985,0.016582644110713685,0.6333333333333333,0.17511935065358464,-0.6444292622748293,0.48332194670612205,0.7576895613963613,0.0507631225905566,0.0,0.0,12.49332320132938,1.3152004932667576,NaN,
ER(0.25),12,13,20281916,19,15.0,0.8084526839869179,pert:highd:0.05,0.022695119570854322,0.13061025647052277,0.030049696208090827,0.08509616764939905,0.6333333333333333,0.17511935065358464,-0.6444292622748293,0.48332194670612205,0.7779258143097434,0.03052686967717455,-0.16110731556870728,-0.04027682889217682,28.6537654474986,3.0170570271542703,NaN,
ER(0.25),12,13,20281916,19,15.0,0.8084526839869179,pert:highd:0.2,0.08034587235740055,0.4678943756479399,0.1227688500081475,0.35913135147658887,0.6333333333333333,0.17511935065358464,-0.6444292622748293,0.48332194670612205,0.7821739524856578,0.026278731501260144,-0.16110731556870728,-0.08055365778435364,148.92230340276706,15.684046520924024,NaN,
ER(0.25),12,13,20281916,19,15.0,0.8084526839869179,pert:highd:0.5,0.16237262534484745,0.8005878417119668,0.3117454193738094,0.7897552234564836,0.6333333333333333,0.17511935065358464,-0.6444292622748293,0.48332194670612205,0.7541078230697986,0.05434486091711932,0.16110731556870728,-0.08055365778435364,672.09196657078,70.78920836384466,NaN,
ER(0.25),12,13,20281916,19,15.0,0.8084526839869179,pert:nulled:0.01,0.004879232086079874,0.045944853705638014,0.0003731704035499463,0.0002455508630964912,0.6333333333333333,0.17511935065358464,-0.6444292622748293,1.248581695657482,0.7576895613963613,0.0507631225905566,0.0,0.0,14.339403637799762,1.5096007465657773,NaN,
ER(0.25),12,13,20281916,19,15.0,0.8084526839869179,pert:nulled:0.05,0.023575847413405692,0.22596654653941495,0.0018663362667257438,0.0012274539387634865,0.6333333333333333,0.17511935065358464,-0.6444292622748293,1.248581695657482,0.7576895613963613,0.0507631225905566,0.0,0.0,43.62444981031258,4.5937125272404105,NaN,
ER(0.25),12,13,20281916,19,15.0,0.8084526839869179,pert:nulled:0.2,0.08354588401104268,0.6922064293997907,0.007472469058396513,0.004905273302495821,0.6333333333333333,0.17511935065358464,-0.6444292622748293,1.248581695657482,0.7576895613963613,0.0507631225905566,0.0,0.0,294.9092735609568,31.06048202513449,NaN,
ER(0.25),12,13,20281916,19,15.0,0.8084526839869179,pert:nulled:0.5,0.16899432826681823,0.931990198605521,0.018715121794992202,0.012240039522476433,0.6333333333333333,0.17511935065358464,-0.6444292622748293,1.248581695657482,0.7361907528553163,0.07226193113160162,0.16110731556870728,0.04027682889217682,1467.5805555009247,154.5793646437005,NaN,
ER(0.25),12,13,20281916,19,15.0,0.8084526839869179,pert:random:0.01,0.009824002511039633,0.4804937225595996,0.5278673013209649,0.22731511710967778,0.6333333333333333,0.17511935065358464,-0.6444292622748293,-0.32221463113741466,0.7258065863819149,0.08264609760500308,0.32221463113741455,0.04027682889217682,236.8050935055934,24.94046512538516,NaN,
ER(0.25),12,13,20281916,19,15.0,0.8084526839869179,pert:random:0.05,0.04871947753620931,0.9408352821410826,0.9852680713325326,0.6904056589650064,0.6333333333333333,0.17511935065358464,-0.6444292622748293,-0.32221463113741466,0.6995716990362971,0.10888098495062082,0.4027682889217683,0.12083048667653051,4174.9151955972975,439.7512747171107,NaN,
ER(0.25),12,13,20281916,19,15.0,0.8084526839869179,pert:random:0.2,0.18675836431811213,0.9963663992059804,0.9954647911008115,0.914965173608759,0.6333333333333333,0.17511935065358464,-0.6444292622748293,-0.32221463113741466,0.6461222783963846,0.16233040559053336,0.08055365778435375,0.24166097335306103,62104.50670342916,6541.739335221216,NaN,
ER(0.25),12,13,20281916,19,15.0,0.8084526839869179,pert:random:0.5,0.41192349313107746,0.9995339054099602,0.9890244290146923,0.9525128476334314,0.6333333333333333,0.17511935065358464,-0.6444292622748293,-0.32221463113741466,0.6298633817945986,0.1785893021923194,0.24166097335306125,0.2819378022452379,382413.7463637727,40281.51951981691,NaN,
ER(0.25),12,13,20281916,19,15.0,0.8084526839869179,fit:triangle:mse,0.5776633627979556,0.9385622938384828,0.9264723837172186,0.9577883059886585,0.563421166671669,0.24503151731524897,-0.4027682889217683,0.966643893412244,0.6899661368112883,0.11848654717562968,0.16110731556870728,0.1611073155687074,5669.119920340718,606.4726671849681,0.5776633627979556,1.94829;0.456883;0.327907;0.233704
ER(0.25),12,13,20281916,19,15.0,0.8084526839869179,fit:triangle:wgt,0.6790762943137734,0.813966241451265,0.8236489641611101,0.8895503499274937,0.4799432848241147,0.32850939916280325,1.0471975511965976,1.0069207223044208,0.6820771337931696,0.12637555019374835,0.5638756044904758,0.1611073155687074,17.345711797324316,2.058682095224122,0.8043629812768985,0.0722188;0.82774;0.170132;0.362983
ER(0.25),12,13,20281916,19,15.0,0.8084526839869179,fit:normal:mse,0.475469171737631,0.999944513569889,0.9630776934506126,0.9829924576173532,0.6333333333333333,0.17511935065358464,-0.6444292622748293,-0.32221463113741466,0.6948647610030573,0.11358792298386067,0.8860902356278904,-0.04027682889217682,213.16577668119186,22.862113179641568,0.475469171737631,9.76665;3.38912;3.97818
ER(0.25),12,13,20281916,19,15.0,0.8084526839869179,fit:normal:wgt,0.9966922164215524,0.9490717589309585,0.9481530449414626,0.9795268408562638,0.6333333333333333,0.17511935065358464,-0.6444292622748293,-0.32221463113741466,0.6064110513504827,0.20204163263643526,0.48332194670612205,0.36249146002959154,2.8013352400838058e6,310125.2956418701,0.9420735028798081,6.12731;53.028;0.01
ER(0.25),12,13,20281916,19,15.0,0.8084526839869179,paper:empP,0.9999489434689559,0.9999825377299266,0.9999720257708121,0.9999845865048729,0.8027625882455467,0.005690095741371248,0.48332194670612205,0.0805536577843537,0.6048089217123883,0.20364376227452963,0.8860902356278904,0.4430451178139452,751204.8375525337,51960.508505557096,NaN,
ER(0.25),12,13,20281916,19,15.0,0.8084526839869179,paper:binP,0.9999489434689559,0.9999825377299266,0.9999720257708121,0.9999845865048729,0.7920178631845012,0.01643482080241676,0.48332194670612205,0.12083048667653051,0.6437083299024411,0.16474435408447685,0.0,0.24166097335306103,5915.297230972241,383.370790753326,NaN,
ER(0.25),12,14,20281917,17,13.0,0.8410527671228943,exactN,0.0,0.0,0.0,0.0,0.8209343340354723,0.020118433087422005,0.0,0.0,0.8149761586657731,0.02607660845712123,0.0,0.0,10.317500719566226,0.9609440793667378,NaN,
ER(0.25),12,14,20281917,17,13.0,0.8410527671228943,pert:lowd:0.01,0.009999563702819663,0.9229729767955411,0.9801681322786566,0.819517022266881,0.6538461538461539,0.18720661327674049,-0.7249829200591831,-0.32221463113741466,0.6807280645681112,0.16032470255478315,0.32221463113741455,0.2013841444608842,2576.492010889365,303.2799139088462,NaN,
ER(0.25),12,14,20281917,17,13.0,0.8410527671228943,pert:lowd:0.05,0.049939246097473494,0.9967806200317972,0.9972546128651176,0.9611589580562433,0.6538461538461539,0.18720661327674049,-0.7249829200591831,-0.32221463113741466,0.6042157954308328,0.23683697169206153,-0.24166097335306103,0.3222146311374147,58628.84206455481,6901.405837769502,NaN,
ER(0.25),12,14,20281917,17,13.0,0.8410527671228943,pert:lowd:0.2,0.19614092942989952,0.9998498076079548,0.9921450235392697,0.9786775461674155,0.6538461538461539,0.18720661327674049,-0.7249829200591831,-0.32221463113741466,0.5946362446872525,0.24641652243564183,0.5638756044904758,0.3222146311374147,921195.5984098391,108437.71737445708,NaN,
ER(0.25),12,14,20281917,17,13.0,0.8410527671228943,pert:lowd:0.5,0.44733132691103383,0.9999888938508771,0.9908187777369515,0.9816192161343837,0.6538461538461539,0.18720661327674049,-0.7249829200591831,-0.32221463113741466,0.6229607506215209,0.21809201650137344,1.4499658401183662,0.24166097335306097,5.736504896782697e6,675268.2635530379,NaN,
ER(0.25),12,14,20281917,17,13.0,0.8410527671228943,pert:highd:0.01,0.0047031763183750875,0.02852890491233828,0.006348498628660518,0.013260031489241913,0.6538461538461539,0.18720661327674049,-0.7249829200591831,0.48332194670612205,0.8149761586657731,0.02607660845712123,0.0,0.0,11.178774986290948,1.315245281397416,NaN,
ER(0.25),12,14,20281917,17,13.0,0.8410527671228943,pert:highd:0.05,0.022717158462394974,0.14149415931920295,0.03196510843370081,0.06785250744308882,0.6538461538461539,0.18720661327674049,-0.7249829200591831,0.48332194670612205,0.8149761586657731,0.02607660845712123,0.0,0.0,25.641678548156275,3.0173965391634026,NaN,
ER(0.25),12,14,20281917,17,13.0,0.8410527671228943,pert:highd:0.2,0.08042582293526054,0.4986006877228612,0.13050598259166238,0.2882574677805697,0.6538461538461539,0.18720661327674049,-0.7249829200591831,0.48332194670612205,0.8227908255384896,0.01826194158440475,0.0,-0.04027682889217682,133.28376844314505,15.687138139298101,NaN,
ER(0.25),12,14,20281917,17,13.0,0.8410527671228943,pert:highd:0.5,0.16253782539901523,0.8242458366548637,0.32977729789627874,0.6912195266677477,0.6538461538461539,0.18720661327674049,-0.7249829200591831,0.48332194670612205,0.8207745489404646,0.020278218182429697,0.0,-0.12083048667653051,601.5446923604617,70.80560526146759,NaN,
ER(0.25),12,14,20281917,17,13.0,0.8410527671228943,pert:nulled:0.01,0.004872450693451609,0.049826766444675284,0.00039231923127846363,0.0011260807399900864,0.6538461538461539,0.18720661327674049,-0.7249829200591831,1.248581695657482,0.8149761586657731,0.02607660845712123,0.0,0.0,12.830889737694969,1.5096753026922962,NaN,
ER(0.25),12,14,20281917,17,13.0,0.8410527671228943,pert:nulled:0.05,0.023542753393561464,0.24409398957879008,0.0019622519709417943,0.00562832500517361,0.6538461538461539,0.18720661327674049,-0.7249829200591831,1.248581695657482,0.8149761586657731,0.02607660845712123,0.0,0.0,39.04022280771635,4.594359319285461,NaN,
ER(0.25),12,14,20281917,17,13.0,0.8410527671228943,pert:nulled:0.2,0.08342545231464371,0.7216002212789356,0.00785868774701033,0.022478129217781726,0.6538461538461539,0.18720661327674049,-0.7249829200591831,1.248581695657482,0.8292051578411697,0.01184760928172468,-0.08055365778435375,-0.04027682889217682,263.94750301948795,31.067179364501527,NaN,
ER(0.25),12,14,20281917,17,13.0,0.8410527671228943,pert:nulled:0.5,0.16874475868890748,0.9418683145253326,0.019693231455488208,0.05597299693647541,0.6538461538461539,0.18720661327674049,-0.7249829200591831,1.248581695657482,0.8292051578411697,0.01184760928172468,-0.08055365778435375,-0.04027682889217682,1313.551816491833,154.61665884805223,NaN,
ER(0.25),12,14,20281917,17,13.0,0.8410527671228943,pert:random:0.01,0.009989154296242524,0.8662151089549572,0.8937428695256692,0.6658454107371776,0.6538461538461539,0.18720661327674049,-0.7249829200591831,-0.32221463113741466,0.7098922032635422,0.13116056385935215,0.5638756044904758,0.12083048667653046,784.5768636784223,92.35037053767823,NaN,
ER(0.25),12,14,20281917,17,13.0,0.8410527671228943,pert:random:0.05,0.049998928167473373,0.9929399791260078,0.9999544608697953,0.937384899655215,0.6538461538461539,0.18720661327674049,-0.7249829200591831,-0.32221463113741466,0.621894711843018,0.2191580552798763,-0.48332194670612216,0.3222146311374147,16483.900323994472,1940.365523050567,NaN,
ER(0.25),12,14,20281917,17,13.0,0.8410527671228943,pert:random:0.2,0.19796668197912595,0.9994325730025265,0.9944869570986754,0.9743137934786139,0.6538461538461539,0.18720661327674049,-0.7249829200591831,-0.32221463113741466,0.5788166096282618,0.2622361574946326,-0.7249829200591831,0.40276828892176836,254835.3413800133,29997.667147634904,NaN,
ER(0.25),12,14,20281917,17,13.0,0.8410527671228943,pert:random:0.5,0.45695178669819975,0.9998630756658122,0.9923240693456051,0.9800024665448929,0.6538461538461539,0.18720661327674049,-0.7249829200591831,-0.32221463113741466,0.524422071750731,0.3166306953721634,-0.1611073155687075,0.40276828892176836,1.58170180387021e6,186188.6931462504,NaN,
ER(0.25),12,14,20281917,17,13.0,0.8410527671228943,fit:triangle:mse,0.6207646703159632,0.952912502412812,0.9378898557813891,0.9603460886909599,0.6538461538461544,0.18720661327673993,-0.7249829200591831,-0.04027682889217682,0.6679678967162699,0.17308487040662446,0.5638756044904758,0.2013841444608842,18712.727860684085,2198.3747437522024,0.6207646703159632,3.85663;0.514092;0.299211;0.277874
ER(0.25),12,14,20281917,17,13.0,0.8410527671228943,fit:triangle:wgt,0.7913269956803954,0.8457622216018919,0.8777233283487085,0.9133051411201724,0.5228199648587984,0.3182328022640959,1.3694121823340122,1.0069207223044208,0.6224529735462432,0.21859979357665116,1.691626813471427,0.16110731556870733,16.16567813475048,2.175880957798399,0.8361808146675294,0.081903;0.863077;0.219378;0.454014
ER(0.25),12,14,20281917,17,13.0,0.8410527671228943,fit:normal:mse,0.5430724996615828,0.997228211124903,0.9669059919177965,0.9856078468498993,0.6538461538461539,0.18720661327674049,-0.7249829200591831,-0.32221463113741466,0.7686404110452837,0.07241235607761065,0.48332194670612183,-0.04027682889217682,97.8017037212812,11.68391332330265,0.5430724996615828,8.78743;3.18423;3.58886
ER(0.25),12,14,20281917,17,13.0,0.8410527671228943,fit:normal:wgt,0.9959544950771559,0.9598946436584354,0.981928770458679,0.995913541797026,0.6538461538461539,0.18720661327674049,-0.7249829200591831,-0.32221463113741466,0.6538461538461539,0.18720661327674049,-1.4499658401183662,1.1680280378731283,2.644441108122415e6,327332.93940131646,0.9524435374019639,6.34078;29.3295;0.01
ER(0.25),12,14,20281917,17,13.0,0.8410527671228943,paper:empP,0.9999838364295824,0.9999965738030921,0.9999955862844291,0.999997243839626,0.8338239501028324,0.007228817020061951,0.4027682889217683,0.0805536577843537,0.6006144242857592,0.24043834283713517,1.4499658401183662,0.4430451178139451,1.8059639980231356e6,142451.79873469725,NaN,
ER(0.25),12,14,20281917,17,13.0,0.8410527671228943,paper:binP,0.9999838364295824,0.9999965738030921,0.9999955862844291,0.999997243839626,0.8180762940075221,0.02297647311537221,0.48332194670612205,0.12083048667653051,0.6205906425418537,0.22046212458104064,0.4027682889217683,0.28193780224523785,13865.497655084604,974.0695414379852,NaN,
ER(0.25),12,15,20281918,16,14.0,0.7791564204357605,exactN,0.0,0.0,0.0,0.0,0.7474073958804924,0.03174902455526807,0.0,0.0,0.719585445605388,0.05957097483037255,0.0,0.0,9.98223230272673,0.9467031410131176,NaN,
ER(0.25),12,15,20281918,16,14.0,0.7791564204357605,pert:lowd:0.01,0.009999556486327688,0.9028215476443501,0.9573377578151704,0.5627152179237751,0.5714285714285714,0.2077278490071891,-0.8055365778435367,-0.32221463113741466,0.62747452467287,0.15168189576289048,0.1611073155687075,0.16110731556870733,2425.812086855713,303.274402746486,NaN,
ER(0.25),12,15,20281918,16,14.0,0.7791564204357605,pert:lowd:0.05,0.04993905681847045,0.9955576884663226,0.999843824626945,0.8436652384372584,0.5714285714285714,0.2077278490071891,-0.8055365778435367,-0.32221463113741466,0.5899151767844367,0.18924124365132378,0.4027682889217683,0.2013841444608842,55201.048972247336,6901.27443108095,NaN,
ER(0.25),12,15,20281918,16,14.0,0.7791564204357605,pert:lowd:0.2,0.19613803579436434,0.9997356126163606,0.9970037007609532,0.9014438198722711,0.5714285714285714,0.2077278490071891,-0.8055365778435367,-0.32221463113741466,0.5636696364010376,0.21548678403472288,0.5638756044904758,0.24166097335306108,867340.023958521,108435.6339845516,NaN,
ER(0.25),12,15,20281918,16,14.0,0.7791564204357605,pert:lowd:0.5,0.4473175736608928,0.9999622887036123,0.9960127167369035,0.9122627244712858,0.5714285714285714,0.2077278490071891,-0.8055365778435367,-0.32221463113741466,0.5720053487546612,0.20715107168109925,0.32221463113741455,0.24166097335306108,5.401137200243962e6,675255.2662625184,NaN,
ER(0.25),12,15,20281918,16,14.0,0.7791564204357605,pert:highd:0.01,0.004740382543207623,0.02514834344600741,0.005449826745031029,0.01980150717598599,0.5731036940579407,0.2060527263778198,-0.7249829200591831,0.4430451178139452,0.719585445605388,0.05957097483037255,0.0,0.0,10.525527659137994,1.3132540892650977,NaN,
ER(0.25),12,15,20281918,16,14.0,0.7791564204357605,pert:highd:0.05,0.022898544167772664,0.12539148433790248,0.027419301621163475,0.10157129533744093,0.5714285714285714,0.2077278490071891,-0.8055365778435367,0.48332194670612205,0.7392686558434788,0.039887764592281716,-0.08055365778435375,-0.04027682889217682,24.137269262059995,3.0173716847822525,NaN,
ER(0.25),12,15,20281918,16,14.0,0.7791564204357605,pert:highd:0.2,0.08108407623253241,0.4577672357598154,0.1118011956433507,0.4195298749041964,0.5714285714285714,0.2077278490071891,-0.8055365778435367,0.48332194670612205,0.7455527772844067,0.03360364315135378,-0.08055365778435375,-0.08055365778435364,125.47959347594826,15.686911195743447,NaN,
ER(0.25),12,15,20281918,16,14.0,0.7791564204357605,pert:highd:0.5,0.1638984185242844,0.8006854494806812,0.28411488987429095,0.8431978548815388,0.5714285714285714,0.2077278490071891,-0.8055365778435367,0.48332194670612205,0.74330301468875,0.03585340574701046,-0.08055365778435375,-0.16110731556870733,566.3515658284111,70.80440027243068,NaN,
ER(0.25),12,15,20281918,16,14.0,0.7791564204357605,pert:nulled:0.01,0.0049088572638443535,0.04391627616666565,0.0003405613578032985,0.001546034495627212,0.5714285714285714,0.2077278490071891,-0.8055365778435367,1.248581695657482,0.719585445605388,0.05957097483037255,0.0,0.0,12.076987815132952,1.5096698559053374,NaN,
ER(0.25),12,15,20281918,16,14.0,0.7791564204357605,pert:nulled:0.05,0.023720439818864705,0.21717017047587706,0.00170318913114753,0.007746607763550764,0.5714285714285714,0.2077278490071891,-0.8055365778435367,1.248581695657482,0.719585445605388,0.05957097483037255,0.0,0.0,36.75123679904766,4.594311928344708,NaN,
ER(0.25),12,15,20281918,16,14.0,0.7791564204357605,pert:nulled:0.2,0.0840722441412453,0.682058619681398,0.006818384810125565,0.031224584165321666,0.5714285714285714,0.2077278490071891,-0.8055365778435367,1.248581695657482,0.719585445605388,0.05957097483037255,0.0,0.0,248.49941304693397,31.066687445649166,NaN,
ER(0.25),12,15,20281918,16,14.0,0.7791564204357605,pert:nulled:0.5,0.17008544152795807,0.9323873002983066,0.01707282764961989,0.07914414322298927,0.5714285714285714,0.2077278490071891,-0.8055365778435367,1.248581695657482,0.719585445605388,0.05957097483037255,0.0,0.0,1236.7208618710517,154.6139172754746,NaN,
ER(0.25),12,15,20281918,16,14.0,0.7791564204357605,pert:random:0.01,0.009447249559301206,0.7197416268505845,0.05352230630665749,0.02080872066992515,0.5714285714285713,0.2077278490071892,-0.8055365778435367,1.1277512089809516,0.719585445605388,0.05957097483037255,0.0,0.0,446.0419497046197,55.76462866091354,NaN,
ER(0.25),12,15,20281918,16,14.0,0.7791564204357605,pert:random:0.05,0.04659453417911617,0.980691722580253,0.2516126817192121,0.10754633759977837,0.5714285714285714,0.2077278490071891,-0.8055365778435367,1.248581695657482,0.719585445605388,0.05957097483037255,0.0,0.0,13100.864718989187,1637.88972752907,NaN,
ER(0.25),12,15,20281918,16,14.0,0.7791564204357605,pert:random:0.2,0.17542691396585963,0.9984388706320768,0.6829657947950799,0.45281672505671666,0.5714285714285714,0.2077278490071891,-0.8055365778435367,1.248581695657482,0.690637649883566,0.08851877055219448,0.2416609733530608,0.0,217455.51315335865,27186.52718440367,NaN,
ER(0.25),12,15,20281918,16,14.0,0.7791564204357605,pert:random:0.5,0.3783351153855132,0.9996289480907254,0.889343202900012,0.8894120160231516,0.5714285714285714,0.2077278490071891,-0.8055365778435367,1.248581695657482,0.6564672340837785,0.122689186351982,0.5638756044904758,-0.04027682889217682,1.369007054270406e6,171154.6593324461,NaN,
ER(0.25),12,15,20281918,16,14.0,0.7791564204357605,fit:triangle:mse,0.5150957326433279,0.9412866003958625,0.930400151426827,0.9657436628874356,0.6322603307949974,0.14689608964076306,-0.5638756044904757,-0.04027682889217682,0.6530448529352704,0.12611156750049013,-0.24166097335306103,0.16110731556870733,5657.986369571341,695.7223727889866,0.5150957326433279,2.21622;0.560915;0.269778;0.316333
ER(0.25),12,15,20281918,16,14.0,0.7791564204357605,fit:triangle:wgt,0.6962660589723594,0.8232988196843296,0.8442218553186098,0.9066111692361182,0.4144491771407431,0.3647072432950174,1.0471975511965979,1.0069207223044208,0.5911020466511417,0.18805437378461876,0.8055365778435366,0.12083048667653057,16.231271056530503,2.3119096097625826,0.813551134329955,0.0878967;0.489431;0.378049;0.208857
ER(0.25),12,15,20281918,16,14.0,0.7791564204357605,fit:normal:mse,0.36864645374499694,0.9985909432222424,0.9449035531345152,0.943879614057351,0.5714285714285714,0.2077278490071891,-0.8055365778435367,-0.32221463113741466,0.5734508134705961,0.20570560696516438,1.2888585245496587,-0.12083048667653046,126.56223119813099,15.833035395733827,0.36864645374499694,8.0526;3.31174;3.43685
ER(0.25),12,15,20281918,16,14.0,0.7791564204357605,fit:normal:wgt,0.9797657484465228,0.9635219297876955,0.9758428758523283,0.997318081528324,0.5714285714285714,0.2077278490071891,-0.8055365778435367,-0.32221463113741466,0.5308358656805697,0.24832055475519077,0.8055365778435366,0.3222146311374147,869457.4292737567,111279.27293982301,0.9573011295110588,6.22347;64.2564;0.0306314
ER(0.25),12,15,20281918,16,14.0,0.7791564204357605,paper:empP,0.9993150467634282,0.9996237612247993,0.9995370301739928,0.9996604227275029,0.7718692500098603,0.0072871704259002135,0.48332194670612194,0.12083048667653051,0.45272209503275185,0.32643432540300865,0.5638756044904758,0.5638756044904756,1.3210504829630409e8,9.569993266027482e6,NaN,
ER(0.25),12,15,20281918,16,14.0,0.7791564204357605,paper:binP,0.9993150467634282,0.9996237612247993,0.9995370301739928,0.9996604227275029,0.7724072190134271,0.006749201422333373,0.4027682889217684,0.12083048667653051,0.6073212282451596,0.17183519219060095,0.08055365778435353,0.2013841444608842,20504.521749440377,1508.7786274827126,NaN,
