family,n,instance,seed,m,c_opt,ceil_p1,variant,mse_rel,ew_avg,ew_star_raw,ew_star_nrm,ar_raw,regret_raw,dgamma_raw,dbeta_raw,ar_nrm,regret_nrm,dgamma_nrm,dbeta_nrm,pred_raw,normw_raw,fit_obj,fit_params
3-regular,12,1,20311904,18,16.0,0.7683345720563707,exactN,0.0,0.0,0.0,0.0,0.7262791518912393,0.04205542016513142,0.0,0.0,0.7300433196144547,0.038291252441916,0.0,0.0,11.225998626972908,0.9614123877466876,NaN,
3-regular,12,1,20311904,18,16.0,0.7683345720563707,pert:lowd:0.01,0.009999545001247128,0.9130327340157781,0.954808679477589,0.7066847328690963,0.5625,0.20583457205637068,-0.7249829200591831,-0.32221463113741466,0.632864819558347,0.13546975249802373,0.48332194670612205,0.12083048667653051,5271.973722832125,585.8756591272538,NaN,
3-regular,12,1,20311904,18,16.0,0.7683345720563707,pert:lowd:0.05,0.04993875813251662,0.9961620314196113,0.9999888705448567,0.9378378159582914,0.5625,0.20583457205637068,-0.7249829200591831,-0.32221463113741466,0.5937461291504686,0.17458844290590203,0.6444292622748296,0.20138414446088415,123230.38876373053,13694.703520497624,NaN,
3-regular,12,1,20311904,18,16.0,0.7683345720563707,pert:lowd:0.2,0.19613347658422578,0.9997883609823013,0.9979602276907822,0.9697431241850966,0.5625,0.20583457205637068,-0.7249829200591831,-0.32221463113741466,0.5625000000000002,0.20583457205637046,1.4499658401183662,0.5235987755982988,1.946492357298471e6,216315.69245491084,NaN,
3-regular,12,1,20311904,18,16.0,0.7683345720563707,pert:lowd:0.5,0.44729591120820233,0.9999746589144628,0.9971380376590542,0.9749629517965729,0.5625,0.20583457205637068,-0.7249829200591831,-0.32221463113741466,0.5625000000000002,0.20583457205637046,1.4499658401183662,0.5235987755982988,1.2134206404463917e7,1.3484871230018784e6,NaN,
3-regular,12,1,20311904,18,16.0,0.7683345720563707,pert:highd:0.01,0.007799764376534178,0.026746325200225383,0.005621400648976832,0.015457655086578788,0.5625,0.20583457205637068,-0.7249829200591831,0.48332194670612205,0.7300433196144547,0.038291252441916,0.0,0.0,13.126490550741709,1.4585434479825912,NaN,
3-regular,12,1,20311904,18,16.0,0.7683345720563707,pert:highd:0.05,0.038034779560393396,0.13336710387938672,0.02823018939820017,0.078524566085838,0.5625,0.20583457205637068,-0.7249829200591831,0.48332194670612205,0.7300433196144547,0.038291252441916,0.0,0.0,37.56568945361899,4.174346318898314,NaN,
3-regular,12,1,20311904,18,16.0,0.7683345720563707,pert:highd:0.2,0.1383151067364642,0.4822302596675926,0.11426868158869112,0.32128378375576716,0.5625,0.20583457205637068,-0.7249829200591831,0.48332194670612205,0.7454618484133447,0.02287272364302595,-0.08055365778435353,-0.08055365778435364,242.26130831312906,26.921821460373238,NaN,
3-regular,12,1,20311904,18,16.0,0.7683345720563707,pert:highd:0.5,0.28698622906828647,0.8216338783810232,0.28595808695499225,0.7078541425050451,0.5625,0.20583457205637068,-0.7249829200591831,0.48332194670612205,0.7217796282423925,0.04655494381397818,0.08055365778435375,-0.12083048667653051,1187.1460232760876,131.92673457483295,NaN,
3-regular,12,1,20311904,18,16.0,0.7683345720563707,pert:nulled:0.01,0.007847120807946542,0.046721852761818734,0.00034557582591820404,0.00022399424347019998,0.5625,0.20583457205637068,-0.7249829200591831,1.248581695657482,0.7300433196144547,0.038291252441916,0.0,0.0,15.759050599852422,1.7510814594276052,NaN,
3-regular,12,1,20311904,18,16.0,0.7683345720563707,pert:nulled:0.05,0.03827426130193214,0.23026336243641002,0.0017281942543931643,0.0011198277078947546,0.5625,0.20583457205637068,-0.7249829200591831,1.248581695657482,0.7300433196144547,0.038291252441916,0.0,0.0,61.60438937869819,6.845686739184603,NaN,
3-regular,12,1,20311904,18,16.0,0.7683345720563707,pert:nulled:0.2,0.13927693496605767,0.7036404181352077,0.0069173900334184605,0.004477127534316881,0.5625,0.20583457205637068,-0.7249829200591831,1.248581695657482,0.7102159740649299,0.05811859799144081,0.08055365778435375,0.04027682889217682,501.5546032063338,55.73693858743706,NaN,
3-regular,12,1,20311904,18,16.0,0.7683345720563707,pert:nulled:0.5,0.2891776146392793,0.9389075840188478,0.017315182976286418,0.011181541123091875,0.5625,0.20583457205637068,-0.7249829200591831,1.248581695657482,0.7199684760993921,0.048366095956978605,0.0,0.04027682889217682,2651.0717364735406,294.6133046220859,NaN,
3-regular,12,1,20311904,18,16.0,0.7683345720563707,pert:random:0.01,0.009990242372065887,0.7054081598308014,0.7266681553617046,0.5643172350084914,0.5624999999999999,0.2058345720563708,-0.7249829200591831,-0.16110731556870733,0.6644650800482559,0.1038694920081148,0.4027682889217683,0.04027682889217682,562.8748595832466,62.55197578554783,NaN,
3-regular,12,1,20311904,18,16.0,0.7683345720563707,pert:random:0.05,0.049999569510634244,0.9839984477704353,0.9861086550060265,0.9986814764572352,0.5625,0.20583457205637068,-0.7249829200591831,-0.32221463113741466,0.5625000000000002,0.20583457205637046,1.4499658401183662,0.5235987755982988,14620.230038603017,1624.7691675707024,NaN,
3-regular,12,1,20311904,18,16.0,0.7683345720563707,pert:random:0.2,0.19789988374004394,0.9996457680812958,0.9997410334290774,0.9780077189545907,0.5625,0.20583457205637068,-0.7249829200591831,-0.32221463113741466,0.5625000000000004,0.20583457205637024,1.4499658401183662,0.48332194670612205,242710.4433139471,26972.701149673303,NaN,
3-regular,12,1,20311904,18,16.0,0.7683345720563707,pert:random:0.5,0.4565548680738574,0.9999909006111859,0.9999796917544137,0.966349258658905,0.5625,0.20583457205637068,-0.7249829200591831,-0.32221463113741466,0.49861908381345565,0.269715488242915,0.08055365778435375,0.4027682889217683,1.528045224082543e6,169813.3752711357,NaN,
3-regular,12,1,20311904,18,16.0,0.7683345720563707,fit:triangle:mse,0.8177559535119093,0.9785568267006324,0.9780370437781359,0.9920523053322242,0.717102900913456,0.051231671142914714,0.0,-0.04027682889217682,0.6558261749981587,0.11250839705821203,-0.32221463113741455,0.20138414446088415,474.0830080178141,50.11360346901171,0.8177559535119093,0.577505;0.234017;0.477165;0.172035
3-regular,12,1,20311904,18,16.0,0.7683345720563707,fit:triangle:wgt,0.8530376375173783,0.9393588484712379,0.9578539716325777,0.9778061259139949,0.3816253474497657,0.386709224606605,0.4027682889217683,1.0069207223044208,0.6807236991378264,0.0876108729185443,-0.8055365778435366,0.1611073155687074,17.948914986428555,2.1903715632146596,0.9329631911274125,0.0720816;0.523631;0.196758;0.164082
3-regular,12,1,20311904,18,16.0,0.7683345720563707,fit:normal:mse,0.7843749450307897,0.9999935728156288,0.980960076238366,0.9985527465979384,0.5625,0.20583457205637068,-0.7249829200591831,-0.32221463113741466,0.5755526448672202,0.19278192718915044,1.1277512089809516,-0.04027682889217682,238.61914498275706,26.622975147978465,0.7843749450307897,9.05875;3.43966;4.10878
3-regular,12,1,20311904,18,16.0,0.7683345720563707,fit:normal:wgt,0.993060029744873,0.9853079622344294,0.998320010744405,0.9987107701701144,0.5625,0.20583457205637068,-0.7249829200591831,-0.32221463113741466,0.5625,0.20583457205637068,1.4499658401183662,0.32221463113741466,3.301927561192629e6,362302.0222435275,0.9814886656272301,9.78647;58.4757;0.01
3-regular,12,1,20311904,18,16.0,0.7683345720563707,paper:empP,0.9992600194930681,0.9992843874135328,0.9991448091325399,0.9993002503852837,0.7622545550166875,0.006080017039683194,0.48332194670612205,0.12083048667653051,0.4574387263498747,0.310895845706496,0.48332194670612205,0.6041524333826525,3.634047563298546e7,2.3208706293124524e6,NaN,
3-regular,12,1,20311904,18,16.0,0.7683345720563707,paper:binP,0.9992600194930681,0.9992843874135328,0.9991448091325399,0.9993002503852837,0.7614404267179785,0.006894145338392166,0.4027682889217683,0.12083048667653051,0.6053532916992688,0.1629812803571019,0.1611073155687075,0.24166097335306103,9153.180648706084,617.1663296419782,NaN,
3-regular,12,2,20311905,18,16.0,0.7683345720563708,exactN,0.0,0.0,0.0,0.0,0.7262791518912395,0.04205542016513131,0.0,0.0,0.7300433196144545,0.038291252441916335,0.0,0.0,11.174273146197418,0.9564283167377945,NaN,
3-regular,12,2,20311905,18,16.0,0.7683345720563708,pert:lowd:0.01,0.00999954360957731,0.9136273500908262,0.955080427106021,0.7071600447254184,0.5625,0.2058345720563708,-0.7249829200591831,-0.32221463113741466,0.6278905049204391,0.14044406713593172,0.4027682889217683,0.1611073155687074,5272.412790368913,585.9070142347528,NaN,
3-regular,12,2,20311905,18,16.0,0.7683345720563708,pert:lowd:0.05,0.04993872214837521,0.9961517187342268,0.9999975376023512,0.9367292835858908,0.5625,0.2058345720563708,-0.7249829200591831,-0.32221463113741466,0.5625000000000007,0.20583457205637012,1.4499658401183662,0.4430451178139452,123241.00865366384,13695.461852527485,NaN,
3-regular,12,2,20311905,18,16.0,0.7683345720563708,pert:lowd:0.2,0.19613292789030712,0.9997786043930992,0.998155963426898,0.9686905805324907,0.5625,0.2058345720563708,-0.7249829200591831,-0.32221463113741466,0.5625000000000007,0.20583457205637012,1.4499658401183662,0.4430451178139452,1.9466612051419443e6,216327.74913041576,NaN,
3-regular,12,2,20311905,18,16.0,0.7683345720563708,pert:lowd:0.5,0.4472933047552419,0.9999706751359413,0.9973798493180566,0.9739528121973456,0.5625,0.2058345720563708,-0.7249829200591831,-0.32221463113741466,0.5625000000000007,0.20583457205637012,1.4499658401183662,0.48332194670612205,1.2135260365491305e7,1.3485623814275684e6,NaN,
3-regular,12,2,20311905,18,16.0,0.7683345720563708,pert:highd:0.01,0.007796385746485408,0.02688902367439807,0.005679619371519567,0.015593440976769905,0.5625,0.2058345720563708,-0.7249829200591831,0.48332194670612205,0.7300433196144545,0.038291252441916335,0.0,0.0,13.126684355018444,1.4585573171525201,NaN,
3-regular,12,2,20311905,18,16.0,0.7683345720563708,pert:highd:0.05,0.03801770304832482,0.1340178629159555,0.028525649311741254,0.07922697819877507,0.5625,0.2058345720563708,-0.7249829200591831,0.48332194670612205,0.7300433196144545,0.038291252441916335,0.0,0.0,37.56734814961878,4.174464911073538,NaN,
3-regular,12,2,20311905,18,16.0,0.7683345720563708,pert:highd:0.2,0.13824662622712522,0.4835392487764463,0.1155006239750426,0.32412791223660126,0.5625,0.2058345720563708,-0.7249829200591831,0.48332194670612205,0.7454618484133446,0.02287272364302617,-0.08055365778435353,-0.08055365778435364,242.27828821637024,26.92303452395787,NaN,
3-regular,12,2,20311905,18,16.0,0.7683345720563708,pert:highd:0.5,0.2868304376156199,0.8217666451024158,0.2890733378769566,0.7121048206357559,0.5625,0.2058345720563708,-0.7249829200591831,0.48332194670612205,0.7217796282423927,0.04655494381397807,0.08055365778435375,-0.12083048667653051,1187.2401986304008,131.9334607082132,NaN,
3-regular,12,2,20311905,18,16.0,0.7683345720563708,pert:nulled:0.01,0.007844582585096401,0.04696793771552383,0.00034948934626714807,0.00022583230907848235,0.5625,0.2058345720563708,-0.7249829200591831,1.248581695657482,0.7300433196144545,0.038291252441916335,0.0,0.0,15.759380900966537,1.751105092281459,NaN,
3-regular,12,2,20311905,18,16.0,0.7683345720563708,pert:nulled:0.05,0.03826141930573388,0.2313439011512129,0.0017477616331180884,0.0011290104780909687,0.5625,0.2058345720563708,-0.7249829200591831,1.248581695657482,0.7300433196144545,0.038291252441916335,0.0,0.0,61.60767605341887,6.845921662966928,NaN,
3-regular,12,2,20311905,18,16.0,0.7683345720563708,pert:nulled:0.2,0.13922528821137783,0.7049455563743598,0.006995652102705028,0.004513744586694787,0.5625,0.2058345720563708,-0.7249829200591831,1.248581695657482,0.7102159740649299,0.05811859799144092,0.08055365778435375,0.04027682889217682,501.5922774424685,55.73962967526225,NaN,
3-regular,12,2,20311905,18,16.0,0.7683345720563708,pert:nulled:0.5,0.2890597894971075,0.9389919758518167,0.017510752178825927,0.011272505909953875,0.5625,0.2058345720563708,-0.7249829200591831,1.248581695657482,0.7199684760993923,0.048366095956978494,0.0,0.04027682889217682,2651.288559750137,294.62878930512835,NaN,
3-regular,12,2,20311905,18,16.0,0.7683345720563708,pert:random:0.01,0.00948924131947775,0.6343340702972793,0.661990110810594,0.32230911114964156,0.5625,0.2058345720563708,-0.7249829200591831,-0.32221463113741466,0.6657631982327687,0.10257137382360204,0.322214631137415,0.08055365778435364,838.665479989729,93.19744093905882,NaN,
3-regular,12,2,20311905,18,16.0,0.7683345720563708,pert:random:0.05,0.04801891216103316,0.97350165734917,0.9838525239751288,0.7852780478339081,0.5625,0.2058345720563708,-0.7249829200591831,-0.32221463113741466,0.6199517999257165,0.14838277213065432,0.48332194670612205,0.1611073155687074,17635.489481924003,1959.7832279681397,NaN,
3-regular,12,2,20311905,18,16.0,0.7683345720563708,pert:random:0.2,0.19828988755942123,0.9987301224690892,0.9999930111167808,0.933045096052678,0.5625,0.2058345720563708,-0.7249829200591831,-0.32221463113741466,0.5625000000000007,0.20583457205637012,1.4499658401183662,0.4430451178139452,272687.3891573264,30303.073260965248,NaN,
3-regular,12,2,20311905,18,16.0,0.7683345720563708,pert:random:0.5,0.49160924659225697,0.9999081851268496,0.9994916700549373,0.9564991302475405,0.5625,0.2058345720563708,-0.7249829200591831,-0.32221463113741466,0.5625000000000007,0.20583457205637012,1.4499658401183662,0.48332194670612205,1.692567129041468e6,188090.88489787656,NaN,
3-regular,12,2,20311905,18,16.0,0.7683345720563708,fit:triangle:mse,0.8185756483628928,0.9863951139717587,0.9816457146816693,0.9936029112734173,0.6910310214673696,0.07730355058900118,-0.1611073155687074,-0.04027682889217682,0.6528855077727664,0.11544906428360435,-0.2416609733530608,0.20138414446088415,92356.50561978127,9900.343187807463,0.8185756483628928,8.0;0.730254;0.18387;0.451284
3-regular,12,2,20311905,18,16.0,0.7683345720563708,fit:triangle:wgt,0.8542857439346685,0.9411939689932811,0.9597113979977033,0.9791201525463307,0.3816253474497657,0.3867092246066051,0.4027682889217683,1.0069207223044208,0.6807236991378263,0.08761087291854452,-0.8055365778435366,0.1611073155687074,17.77385475473034,2.1703638091456403,0.9348308035947334,0.0723043;0.0956862;0.464473;0.10147
3-regular,12,2,20311905,18,16.0,0.7683345720563708,fit:normal:mse,0.7835184094702954,0.9999770514766544,0.9841905850434511,0.9925659386583152,0.5625,0.2058345720563708,-0.7249829200591831,-0.32221463113741466,0.6882449303186136,0.08008964173775723,0.322214631137415,-0.04027682889217682,157.3243784647649,17.57199731612729,0.7835184094702954,9.05073;3.27818;4.04174
3-regular,12,2,20311905,18,16.0,0.7683345720563708,fit:normal:wgt,0.9910757573025465,0.9853393167064893,0.9981233358002082,0.9988134560239118,0.5625,0.2058345720563708,-0.7249829200591831,-0.32221463113741466,0.5956579171184355,0.17267665493793527,-0.6444292622748293,0.2819378022452379,1.1054579497755026e6,119872.66913309207,0.9816340163304352,10.7561;64.1117;0.0283362
3-regular,12,2,20311905,18,16.0,0.7683345720563708,paper:empP,0.9992600277097844,0.9993011736967874,0.9991526833091839,0.9993148066516585,0.7622545550166874,0.006080017039683416,0.48332194670612205,0.12083048667653051,0.45743872634987476,0.31089584570649603,0.48332194670612205,0.6041524333826525,5.223556935603456e7,3.322834714790731e6,NaN,
3-regular,12,2,20311905,18,16.0,0.7683345720563708,paper:binP,0.9992600277097844,0.9993011736967874,0.9991526833091839,0.9993148066516585,0.7614404267179786,0.006894145338392166,0.4027682889217683,0.12083048667653051,0.605353291699269,0.1629812803571018,0.1611073155687075,0.24166097335306103,9153.180648706084,617.1663296419782,NaN,
3-regular,12,3,20311906,18,16.0,0.7683345720563708,exactN,0.0,0.0,0.0,0.0,0.7262791518912395,0.04205542016513131,0.0,0.0,0.7300433196144545,0.038291252441916335,0.0,0.0,11.215948108002,0.9596359351138084,NaN,
3-regular,12,3,20311906,18,16.0,0.7683345720563708,pert:lowd:0.01,0.009999543255236708,0.9134259926288589,0.9538462229242185,0.7049317941977904,0.5625,0.2058345720563708,-0.7249829200591831,-0.32221463113741466,0.6348888152579599,0.13344575679841086,0.08055365778435375,0.20138414446088415,5272.017583213345,585.8810988737077,NaN,
3-regular,12,3,20311906,18,16.0,0.7683345720563708,pert:lowd:0.05,0.049938712993341926,0.9960957128159872,0.9999999866213658,0.9359282761899741,0.5625,0.2058345720563708,-0.7249829200591831,-0.32221463113741466,0.5625000000000004,0.20583457205637035,1.4499658401183662,0.4430451178139452,123231.44725154841,13694.834903541148,NaN,
3-regular,12,3,20311906,18,16.0,0.7683345720563708,pert:lowd:0.2,0.19613278831210892,0.9997647061832803,0.9982736662334579,0.9682450879790526,0.5625,0.2058345720563708,-0.7249829200591831,-0.32221463113741466,0.5625000000000004,0.20583457205637035,1.4499658401183662,0.4430451178139452,1.946509179038419e6,216317.78075175374,NaN,
3-regular,12,3,20311906,18,16.0,0.7683345720563708,pert:lowd:0.5,0.44729264173910654,0.9999654649289743,0.9975146134297795,0.9735714489441565,0.5625,0.2058345720563708,-0.7249829200591831,-0.32221463113741466,0.5625000000000007,0.20583457205637012,1.4499658401183662,0.48332194670612205,1.2134311397757173e7,1.3485001575673297e6,NaN,
3-regular,12,3,20311906,18,16.0,0.7683345720563708,pert:highd:0.01,0.007798265135345827,0.02688902764447007,0.005637988047787763,0.015493987988142848,0.5625,0.2058345720563708,-0.7249829200591831,0.48332194670612205,0.7300433196144545,0.038291252441916335,0.0,0.0,13.126510963495338,1.4585459332045492,NaN,
3-regular,12,3,20311906,18,16.0,0.7683345720563708,pert:highd:0.05,0.03802720183859956,0.13409010054491574,0.028316731704156165,0.07873034180345735,0.5625,0.2058345720563708,-0.7249829200591831,0.48332194670612205,0.7300433196144545,0.038291252441916335,0.0,0.0,37.5658602172069,4.174367274039995,NaN,
3-regular,12,3,20311906,18,16.0,0.7683345720563708,pert:highd:0.2,0.13828471674429477,0.48452658417985,0.11466539455127871,0.3223821999066854,0.5625,0.2058345720563708,-0.7249829200591831,0.48332194670612205,0.7249363104772469,0.043398261579123854,0.08055365778435375,-0.04027682889217682,242.26302186477804,26.922033216418463,NaN,
3-regular,12,3,20311906,18,16.0,0.7683345720563708,pert:highd:0.5,0.286917088829918,0.8236780929197545,0.28713115425828095,0.7102518895280188,0.5625,0.2058345720563708,-0.7249829200591831,0.48332194670612205,0.7217796282423925,0.04655494381397829,0.08055365778435375,-0.12083048667653051,1187.1554596416963,131.92790364233844,NaN,
3-regular,12,3,20311906,18,16.0,0.7683345720563708,pert:nulled:0.01,0.00784609789387619,0.04697212171974528,0.00034711376517304246,0.00022455056368563396,0.5625,0.2058345720563708,-0.7249829200591831,1.248581695657482,0.7300433196144545,0.038291252441916335,0.0,0.0,15.759085229557495,1.7510856822292393,NaN,
3-regular,12,3,20311906,18,16.0,0.7683345720563708,pert:nulled:0.05,0.03826908584045738,0.23149466797014112,0.0017358755028723152,0.0011226025392145258,0.5625,0.2058345720563708,-0.7249829200591831,1.248581695657482,0.7102159740649299,0.05811859799144092,0.08055365778435375,0.04027682889217682,61.60472540957902,6.8457280749169245,NaN,
3-regular,12,3,20311906,18,16.0,0.7683345720563708,pert:nulled:0.2,0.13925611981574224,0.7060321127457238,0.00694798650526166,0.004488125200248079,0.5625,0.2058345720563708,-0.7249829200591831,1.248581695657482,0.7102159740649299,0.05811859799144092,0.08055365778435375,0.04027682889217682,501.5583905651893,55.73740725622862,NaN,
3-regular,12,3,20311906,18,16.0,0.7683345720563708,pert:nulled:0.5,0.2891301255250037,0.9399348061788103,0.017391010340217755,0.011208525743065379,0.5625,0.2058345720563708,-0.7249829200591831,1.248581695657482,0.7199684760993922,0.048366095956978605,0.0,0.04027682889217682,2651.0934210473392,294.61599292337615,NaN,
3-regular,12,3,20311906,18,16.0,0.7683345720563708,pert:random:0.01,0.009678178652542556,0.6367681371895586,0.4105080043306773,0.22358997614871481,0.5625,0.2058345720563708,-0.7249829200591831,1.248581695657482,0.6868279971727772,0.08150657488359359,0.1611073155687075,0.08055365778435364,703.904412584742,78.22410637124597,NaN,
3-regular,12,3,20311906,18,16.0,0.7683345720563708,pert:random:0.05,0.0488466992634209,0.9730633109678245,0.8873703472121331,0.6647089888752666,0.5625,0.2058345720563708,-0.7249829200591831,1.248581695657482,0.6436473485318626,0.12468722352450823,0.24166097335306103,0.1611073155687074,14557.881356923945,1617.8271725734799,NaN,
3-regular,12,3,20311906,18,16.0,0.7683345720563708,pert:random:0.2,0.19960180329737218,0.9985289673176823,0.9804851292604486,0.8881829164987309,0.5625,0.2058345720563708,-0.7249829200591831,1.248581695657482,0.5625000000000002,0.20583457205637057,1.4499658401183662,0.36249146002959154,224319.91483769927,24928.908301052674,NaN,
3-regular,12,3,20311906,18,16.0,0.7683345720563708,pert:random:0.5,0.48534691155563187,0.9998420282540859,0.9907865738516664,0.9297491793532068,0.5625,0.2058345720563708,-0.7249829200591831,1.248581695657482,0.5624999999999999,0.2058345720563709,1.4499658401183662,0.2819378022452379,1.3913632341442655e6,154623.76880642545,NaN,
3-regular,12,3,20311906,18,16.0,0.7683345720563708,fit:triangle:mse,0.8188640792278656,0.9814755293421755,0.978018226582049,0.9916426990392476,0.7048739970632375,0.06346057499313329,-0.08055365778435375,-0.04027682889217682,0.6528855077727664,0.11544906428360435,-0.2416609733530608,0.20138414446088415,2379.512721522957,253.52818333160553,0.8188640792278656,1.28921;0.568236;0.240951;0.316225
3-regular,12,3,20311906,18,16.0,0.7683345720563708,fit:triangle:wgt,0.8555070060842626,0.9380503019076641,0.9565482215727251,0.9766163451033811,0.38162534744976573,0.38670922460660506,0.4027682889217683,1.0069207223044208,0.6807236991378263,0.08761087291854452,-0.8055365778435366,0.1611073155687074,17.54023638815361,2.141240621471656,0.9316427317728408,0.0707548;0.245145;0.333162;0.116574
3-regular,12,3,20311906,18,16.0,0.7683345720563708,fit:normal:mse,0.7836417999084043,0.9999945442727738,0.9777382472232796,0.9962484785176461,0.5625,0.2058345720563708,-0.7249829200591831,1.248581695657482,0.5625000000000002,0.20583457205637057,1.4499658401183662,0.7249829200591831,220.81656393391108,24.559686563398174,0.7836417999084043,8.98654;3.42926;3.9177
3-regular,12,3,20311906,18,16.0,0.7683345720563708,fit:normal:wgt,0.9988811380618802,0.9850686345002746,0.9981180302246327,0.9991199591319151,0.581921843300337,0.18641272875603376,1.3694121823340122,-0.28193780224523785,0.5540604761316124,0.21427409592475843,0.08055365778435375,0.32221463113741466,316962.5037861086,35784.1973787021,0.9815596210604435,4.19404;180.0;0.0482737
3-regular,12,3,20311906,18,16.0,0.7683345720563708,paper:empP,0.9992581834472181,0.9992440401772958,0.9991215800710869,0.9992783316517952,0.7622545550166875,0.006080017039683305,0.48332194670612205,0.12083048667653051,0.4574387263498747,0.3108958457064961,0.48332194670612205,0.6041524333826525,2.2045285880547155e7,1.4278285764842113e6,NaN,
3-regular,12,3,20311906,18,16.0,0.7683345720563708,paper:binP,0.9992581834472181,0.9992440401772958,0.9991215800710869,0.9992783316517952,0.7614404267179786,0.006894145338392166,0.4027682889217683,0.12083048667653051,0.6053532916992689,0.1629812803571019,0.1611073155687075,0.24166097335306103,9153.180648706084,617.1663296419782,NaN,
3-regular,12,4,20311907,18,16.0,0.7683345720563708,exactN,0.0,0.0,0.0,0.0,0.7262791518912395,0.04205542016513131,0.0,0.0,0.7300433196144545,0.038291252441916335,0.0,0.0,11.205895700306115,0.959161730107606,NaN,
3-regular,12,4,20311907,18,16.0,0.7683345720563708,pert:lowd:0.01,0.009999544025724744,0.9129768977053465,0.9545147960087379,0.705818035007995,0.5625,0.2058345720563708,-0.7249829200591831,-0.32221463113741466,0.6278905049204389,0.14044406713593194,0.4027682889217683,0.1611073155687074,5272.214402392676,585.9007476414905,NaN,
3-regular,12,4,20311907,18,16.0,0.7683345720563708,pert:lowd:0.05,0.04993873290396773,0.9961226838972281,0.999997335541816,0.936899735614485,0.5625,0.2058345720563708,-0.7249829200591831,-0.32221463113741466,0.5625000000000004,0.20583457205637035,1.4499658401183662,0.4430451178139452,123236.20870912011,13695.310189289177,NaN,
3-regular,12,4,20311907,18,16.0,0.7683345720563708,pert:lowd:0.2,0.19613309188094433,0.9997778317465026,0.9981257626609977,0.9690094268075461,0.5625,0.2058345720563708,-0.7249829200591831,-0.32221463113741466,0.5625000000000004,0.20583457205637035,1.4499658401183662,0.4430451178139452,1.9465848852938316e6,216325.33752338256,NaN,
3-regular,12,4,20311907,18,16.0,0.7683345720563708,pert:lowd:0.5,0.44729408374437696,0.9999708479413504,0.9973380201328423,0.9742820373569931,0.5625,0.2058345720563708,-0.7249829200591831,-0.32221463113741466,0.5625000000000006,0.20583457205637024,1.4499658401183662,0.48332194670612205,1.2134783965521332e7,1.3485473276395856e6,NaN,
3-regular,12,4,20311907,18,16.0,0.7683345720563708,pert:highd:0.01,0.007798147308693667,0.026767978058633922,0.005640121759450132,0.0154760611398191,0.5625,0.2058345720563708,-0.7249829200591831,0.48332194670612205,0.7300433196144545,0.038291252441916335,0.0,0.0,13.126597432900788,1.4585545912597317,NaN,
3-regular,12,4,20311907,18,16.0,0.7683345720563708,pert:highd:0.05,0.03802660630911487,0.1334700319833395,0.02832672533576053,0.07862758999983346,0.5625,0.2058345720563708,-0.7249829200591831,0.48332194670612205,0.7300433196144545,0.038291252441916335,0.0,0.0,37.56660179734073,4.1744414307912185,NaN,
3-regular,12,4,20311907,18,16.0,0.7683345720563708,pert:highd:0.2,0.13828232852369862,0.48248618765289675,0.1146943923978516,0.3218171820321665,0.5625,0.2058345720563708,-0.7249829200591831,0.48332194670612205,0.7249363104772468,0.043398261579123965,0.08055365778435375,-0.04027682889217682,242.27062668191138,26.92279284055288,NaN,
3-regular,12,4,20311907,18,16.0,0.7683345720563708,pert:highd:0.5,0.2869116556463952,0.8217646927939547,0.28714463253676525,0.7089841500104355,0.5625,0.2058345720563708,-0.7249829200591831,0.48332194670612205,0.7217796282423926,0.04655494381397818,0.08055365778435375,-0.12083048667653051,1187.19766416752,131.93211768832214,NaN,
3-regular,12,4,20311907,18,16.0,0.7683345720563708,pert:nulled:0.01,0.007846286429020159,0.0467592197738143,0.00034705581803894033,0.00022426335153259084,0.5625,0.2058345720563708,-0.7249829200591831,1.248581695657482,0.7300433196144545,0.038291252441916335,0.0,0.0,15.75923266128679,1.7511004404367623,NaN,
3-regular,12,4,20311907,18,16.0,0.7683345720563708,pert:nulled:0.05,0.038270039730492034,0.23044616021038195,0.0017355914720699626,0.0011211698726976403,0.5625,0.2058345720563708,-0.7249829200591831,1.248581695657482,0.7102159740649301,0.0581185979914407,0.08055365778435375,0.04027682889217682,61.60619573778715,6.845875048158156,NaN,
3-regular,12,4,20311907,18,16.0,0.7683345720563708,pert:nulled:0.2,0.13925995616185644,0.7039899671306711,0.006946936154481432,0.004482445507658364,0.5625,0.2058345720563708,-0.7249829200591831,1.248581695657482,0.7102159740649301,0.0581185979914407,0.08055365778435375,0.04027682889217682,501.5752694214467,55.739092882247775,NaN,
3-regular,12,4,20311907,18,16.0,0.7683345720563708,pert:nulled:0.5,0.28913887781125097,0.939054364158266,0.01738881552273129,0.011194582041274818,0.5625,0.2058345720563708,-0.7249829200591831,1.248581695657482,0.7102159740649301,0.0581185979914407,0.08055365778435375,0.04027682889217682,2651.190605905107,294.62569565369523,NaN,
3-regular,12,4,20311907,18,16.0,0.7683345720563708,pert:random:0.01,0.009961028305035348,0.45780598361818753,0.36315800106290785,0.26301668780736714,0.5625,0.2058345720563708,-0.7249829200591831,1.248581695657482,0.6995963416675756,0.06873823038879523,0.1611073155687075,0.04027682889217682,245.92509334437062,27.32890152036396,NaN,
3-regular,12,4,20311907,18,16.0,0.7683345720563708,pert:random:0.05,0.04994165769465655,0.9348190720186561,0.8697433220296172,0.8739118476570695,0.5625,0.2058345720563708,-0.7249829200591831,1.248581695657482,0.5625000000000006,0.20583457205637024,1.4499658401183662,0.48332194670612205,4410.295219888656,490.1154014466928,NaN,
3-regular,12,4,20311907,18,16.0,0.7683345720563708,pert:random:0.2,0.1989600695902023,0.9962375275748893,0.9819259918150538,0.9996282334043218,0.5625,0.2058345720563708,-0.7249829200591831,1.248581695657482,0.5625000000000006,0.20583457205637024,1.4499658401183662,0.5235987755982988,65864.22717705667,7319.525013459866,NaN,
3-regular,12,4,20311907,18,16.0,0.7683345720563708,pert:random:0.5,0.4636233231708293,0.9995965834666782,0.9931311124519575,0.9897941575893116,0.5625,0.2058345720563708,-0.7249829200591831,1.248581695657482,0.5617630455152567,0.2065715265411141,1.3694121823340124,0.5235987755982988,405897.2994301518,45107.62957201514,NaN,
3-regular,12,4,20311907,18,16.0,0.7683345720563708,fit:triangle:mse,0.8184982432443483,0.9847027308594773,0.9801551150027287,0.9928967572002468,0.6910310214673696,0.07730355058900118,-0.1611073155687074,-0.04027682889217682,0.6528855077727664,0.11544906428360435,-0.2416609733530608,0.20138414446088415,12268.268974554227,1314.830165719545,0.8184982432443483,2.90637;0.39175;0.345077;0.222859
3-regular,12,4,20311907,18,16.0,0.7683345720563708,fit:triangle:wgt,0.8547336343344888,0.9406308317443389,0.9590428738494128,0.9785749140970793,0.38162534744976573,0.38670922460660506,0.4027682889217683,1.0069207223044208,0.6807236991378262,0.08761087291854464,-0.8055365778435366,0.1611073155687074,17.65897023759299,2.156076937699482,0.9342843029534449,0.0713993;0.555949;0.187286;0.172188
3-regular,12,4,20311907,18,16.0,0.7683345720563708,fit:normal:mse,0.7838256984519316,0.9999058053927917,0.9869563075801898,0.9882052548067323,0.5625,0.2058345720563708,-0.7249829200591831,-0.32221463113741466,0.7683345720563708,0.0,-0.48332194670612183,-0.08055365778435364,114.54734704607833,12.822276903636055,0.7838256984519316,9.07089;3.16202;4.0081
3-regular,12,4,20311907,18,16.0,0.7683345720563708,fit:normal:wgt,0.9927906085599153,0.9855976075110936,0.9984800614134265,0.9988548162897549,0.5625,0.2058345720563708,-0.7249829200591831,-0.32221463113741466,0.5625,0.2058345720563708,1.4499658401183662,0.32221463113741466,3.311408883489114e6,363326.95107982575,0.9818193505684812,9.78768;57.9723;0.01
3-regular,12,4,20311907,18,16.0,0.7683345720563708,paper:empP,0.9992605663275383,0.9992820772150548,0.9991452542926877,0.9993006451434205,0.7622545550166874,0.006080017039683416,0.48332194670612205,0.12083048667653051,0.4574387263498748,0.310895845706496,0.48332194670612205,0.6041524333826525,3.6533072215532705e7,2.3347253979403046e6,NaN,
3-regular,12,4,20311907,18,16.0,0.7683345720563708,paper:binP,0.9992605663275383,0.9992820772150548,0.9991452542926877,0.9993006451434205,0.7614404267179784,0.006894145338392388,0.4027682889217683,0.12083048667653051,0.6053532916992689,0.1629812803571019,0.1611073155687075,0.24166097335306103,9153.180648706084,617.1663296419782,NaN,
3-regular,12,5,20311908,18,15.0,0.8004870597820309,exactN,0.0,0.0,0.0,0.0,0.76676299620085,0.03372406358118096,0.0,0.0,0.7685336382154904,0.031953421566540574,0.0,0.0,11.102663561583865,0.9597460736759675,NaN,
3-regular,12,5,20311908,18,15.0,0.8004870597820309,pert:lowd:0.01,0.009999541669624351,0.901825895032828,0.9475685535064752,0.7896307758618023,0.6,0.20048705978203096,-0.7249829200591831,-0.32221463113741466,0.6369652953869266,0.16352176439510435,0.48332194670612183,0.2013841444608842,5270.922932002933,585.8549264136011,NaN,
3-regular,12,5,20311908,18,15.0,0.8004870597820309,pert:lowd:0.05,0.04993867206125938,0.9953523020331171,0.9999407916164618,0.9689383660609734,0.6,0.20048705978203096,-0.7249829200591831,-0.32221463113741466,0.6000000000000009,0.20048705978203007,1.5305194979027197,0.4430451178139451,123204.9775806889,13694.201849433894,NaN,
3-regular,12,5,20311908,18,15.0,0.8004870597820309,pert:lowd:0.2,0.19613216435681702,0.999686336553267,0.9987369228168196,0.9878398001390503,0.6,0.20048705978203096,-0.7249829200591831,-0.32221463113741466,0.6000000000000008,0.20048705978203019,1.5305194979027197,0.483321946706122,1.9460883541328697e6,216307.7156582239,NaN,
3-regular,12,5,20311908,18,15.0,0.8004870597820309,pert:lowd:0.5,0.44728967796361496,0.9999426226371932,0.9980496740586609,0.9906359010909833,0.6,0.20048705978203096,-0.7249829200591831,-0.32221463113741466,0.5991528156065155,0.2013342441755155,1.449965840118366,0.483321946706122,1.2131684604382742e7,1.3484373304480012e6,NaN,
3-regular,12,5,20311908,18,15.0,0.8004870597820309,pert:highd:0.01,0.007804174950093391,0.02509818080635252,0.005439449276831625,0.010987146212421244,0.6,0.20048705978203096,-0.7249829200591831,0.48332194670612205,0.7685336382154904,0.031953421566540574,0.0,0.0,13.126024658807692,1.4585343855878405,NaN,
3-regular,12,5,20311908,18,15.0,0.8004870597820309,pert:highd:0.05,0.038057073631119896,0.12526524316942658,0.027311845566119427,0.05556490953616686,0.6,0.20048705978203096,-0.7249829200591831,0.48332194670612205,0.7770632145132705,0.0234238452687604,-0.08055365778435375,0.0,37.56170982564443,4.1742684241048975,NaN,
3-regular,12,5,20311908,18,15.0,0.8004870597820309,pert:highd:0.2,0.13840453138937664,0.4587539325073061,0.11051410655887992,0.2278191865925072,0.6,0.20048705978203096,-0.7249829200591831,0.48332194670612205,0.7732083698375322,0.02727868994449878,0.0,-0.04027682889217682,242.22063727666438,26.92102113890467,NaN,
3-regular,12,5,20311908,18,15.0,0.8004870597820309,pert:highd:0.5,0.2871897138811666,0.8037452491027233,0.27678727522485713,0.5458541392306683,0.6,0.20048705978203096,-0.7249829200591831,0.48332194670612205,0.7662110745571872,0.034275985224843764,0.0,-0.12083048667653051,1186.9205830620945,131.92229005968713,NaN,
3-regular,12,5,20311908,18,15.0,0.8004870597820309,pert:nulled:0.01,0.007850369090526534,0.04384685905693982,0.00033487712488190546,0.000882721044956421,0.6,0.20048705978203096,-0.7249829200591831,1.248581695657482,0.7685336382154904,0.031953421566540574,0.0,0.0,15.758256893747804,1.7510660008535273,NaN,
3-regular,12,5,20311908,18,15.0,0.8004870597820309,pert:nulled:0.05,0.038290696838191515,0.21658159721130218,0.0016746495530050051,0.004412672578019112,0.6,0.20048705978203096,-0.7249829200591831,1.248581695657482,0.7491481139823064,0.051338945799724534,0.08055365778435353,0.04027682889217682,61.59650841723913,6.845532194780974,NaN,
3-regular,12,5,20311908,18,15.0,0.8004870597820309,pert:nulled:0.2,0.13934304550647497,0.6791886612886423,0.006702452814283421,0.017634761196597532,0.6,0.20048705978203096,-0.7249829200591831,1.248581695657482,0.7491481139823064,0.051338945799724534,0.08055365778435353,0.04027682889217682,501.4643928964582,55.73516163682398,NaN,
3-regular,12,5,20311908,18,15.0,0.8004870597820309,pert:nulled:0.5,0.28932846296344816,0.9299901888806734,0.01677416262337002,0.04398451105737507,0.6,0.20048705978203096,-0.7249829200591831,1.248581695657482,0.7491481139823064,0.051338945799724534,0.08055365778435353,0.04027682889217682,2650.5527783786533,294.6030683805603,NaN,
3-regular,12,5,20311908,18,15.0,0.8004870597820309,pert:random:0.01,0.009859639909222532,0.692053727597405,0.4407681112700523,0.3216145705612261,0.5999999999999998,0.20048705978203119,-0.7249829200591831,1.1680280378731283,0.7250535364517404,0.07543352333029052,0.16110731556870728,0.08055365778435364,660.1705280016091,73.37969186918349,NaN,
3-regular,12,5,20311908,18,15.0,0.8004870597820309,pert:random:0.05,0.04959100935654579,0.9758431979084109,0.8766597860305265,0.847509626046553,0.6,0.20048705978203096,-0.7249829200591831,1.248581695657482,0.6363579560920994,0.1641291036899315,0.8055365778435368,0.12083048667653046,19528.377757918664,2170.597346189975,NaN,
3-regular,12,5,20311908,18,15.0,0.8004870597820309,pert:random:0.2,0.199943847125012,0.9975390407842252,0.9654636876890915,0.9821191226918574,0.6,0.20048705978203096,-0.7249829200591831,1.248581695657482,0.5999999999999999,0.20048705978203107,1.5305194979027197,0.40276828892176836,322596.5590754145,35856.70136057977,NaN,
3-regular,12,5,20311908,18,15.0,0.8004870597820309,pert:random:0.5,0.4750264949014285,0.9992181302353784,0.9778457976309674,0.9945564694600966,0.6,0.20048705978203096,-0.7249829200591831,1.248581695657482,0.5994369571967139,0.20105010258531708,1.449965840118366,0.40276828892176836,2.0290281379072352e6,225526.81328054878,NaN,
3-regular,12,5,20311908,18,15.0,0.8004870597820309,fit:triangle:mse,0.8190610100496014,0.9780943453370141,0.9750668559048922,0.9864074420351016,0.6631630316104302,0.13732402817160072,-0.48332194670612205,-0.04027682889217682,0.672233758805925,0.128253300976106,0.0,0.2013841444608842,608.4135471540827,66.49628072532994,0.8190610100496014,0.664976;0.606596;0.230861;0.331338
3-regular,12,5,20311908,18,15.0,0.8004870597820309,fit:triangle:wgt,0.8776822537954089,0.9354149855945475,0.9517633942953515,0.9645348565157734,0.37749370495893625,0.4229933548230947,0.7249829200591831,0.966643893412244,0.6369652953869266,0.16352176439510435,0.48332194670612183,0.2013841444608842,26.840990852851135,3.349992850644186,0.9298758717178512,0.0885638;0.61437;0.238165;0.198237
3-regular,12,5,20311908,18,15.0,0.8004870597820309,fit:normal:mse,0.784510181222283,0.9999986472469159,0.9860506705992476,0.9970445150058423,0.6,0.20048705978203096,-0.7249829200591831,-0.32221463113741466,0.45893360097042296,0.341553458811608,0.5638756044904756,0.76525974895136,207.04369512911387,23.354939865044805,0.784510181222283,9.14869;3.37596;4.17365
3-regular,12,5,20311908,18,15.0,0.8004870597820309,fit:normal:wgt,0.992681181649693,0.9858290248320326,0.9972123292975019,0.9985922607306669,0.6,0.20048705978203096,-0.7249829200591831,-0.32221463113741466,0.5866031901561679,0.21388386962586303,1.1277512089809514,0.40276828892176836,1.1544252348712317e6,131496.56083729462,0.9823853629545661,7.22058;55.3275;0.0268613
3-regular,12,5,20311908,18,15.0,0.8004870597820309,paper:empP,0.9998980080509775,0.9999478019635574,0.9999313445409297,0.9999493234163054,0.7877159169025063,0.012771142879524633,0.4027682889217683,0.12083048667653051,0.538491754921494,0.2619953048605369,0.8860902356278901,0.5638756044904756,4.452227873606926e6,309959.7207179659,NaN,
3-regular,12,5,20311908,18,15.0,0.8004870597820309,paper:binP,0.9998980080509775,0.9999478019635574,0.9999313445409297,0.9999493234163054,0.7877159169025063,0.012771142879524633,0.4027682889217683,0.12083048667653051,0.6014260898889641,0.19906096989306687,0.24166097335306103,0.28193780224523785,9153.180648706084,617.1663296419782,NaN,
3-regular,12,6,20311909,18,14.0,0.8480508062665313,exactN,0.0,0.0,0.0,0.0,0.8172810142420861,0.030769792024445186,0.0,0.0,0.8186581855165629,0.0293926207499684,0.0,0.0,11.09276971261227,0.9644582382961798,NaN,
3-regular,12,6,20311909,18,14.0,0.8480508062665313,pert:lowd:0.01,0.009999543924863673,0.9035886599430472,0.9512455232113316,0.7958338260409639,0.6428571428571429,0.20519366340938838,-0.7249829200591831,-0.32221463113741466,0.6916998900815333,0.15635091618499797,0.4833219467061223,0.16110731556870733,5270.1978411780365,585.8234408004945,NaN,
3-regular,12,6,20311909,18,14.0,0.8480508062665313,pert:lowd:0.05,0.049938730296785847,0.995484080785986,0.9999989114219116,0.9713097898341275,0.6428571428571429,0.20519366340938838,-0.7249829200591831,-0.32221463113741466,0.6206614777791098,0.22738932848742144,0.3222146311374148,0.28193780224523785,123187.44371551367,13693.440385038768,NaN,
3-regular,12,6,20311909,18,14.0,0.8480508062665313,pert:lowd:0.2,0.19613305212820012,0.9997038321875232,0.9982614838981955,0.9892118343928281,0.6428571428571429,0.20519366340938838,-0.7249829200591831,-0.32221463113741466,0.6428571428571433,0.20519366340938794,1.6110731556870734,0.5235987755982989,1.9458095925064068e6,216295.60925569947,NaN,
3-regular,12,6,20311909,18,14.0,0.8480508062665313,pert:lowd:0.5,0.4472938949096564,0.9999485924251718,0.9974786091884285,0.9918147110431856,0.6428571428571429,0.20519366340938838,-0.7249829200591831,-0.32221463113741466,0.6428571428571432,0.20519366340938805,1.6110731556870734,0.5638756044904756,1.2129944569487773e7,1.3483617617169702e6,NaN,
3-regular,12,6,20311909,18,14.0,0.8480508062665313,pert:highd:0.01,0.00780211358353896,0.025346034454892922,0.005517294030636229,0.011133935489099325,0.6428571428571429,0.20519366340938838,-0.7249829200591831,0.48332194670612205,0.8186581855165629,0.0293926207499684,0.0,0.0,13.125702756116237,1.4585204480959275,NaN,
3-regular,12,6,20311909,18,14.0,0.8480508062665313,pert:highd:0.05,0.038046653808365666,0.12636797389001178,0.0276960717005716,0.05628361451408296,0.6428571428571429,0.20519366340938838,-0.7249829200591831,0.48332194670612205,0.8186581855165629,0.0293926207499684,0.0,0.0,37.55896170235147,4.174149287308274,NaN,
3-regular,12,6,20311909,18,14.0,0.8480508062665313,pert:highd:0.2,0.13836273310727412,0.46068898850276135,0.11195339021667788,0.23028701779074376,0.6428571428571429,0.20519366340938838,-0.7249829200591831,0.48332194670612205,0.8166781095741228,0.0313726966924085,0.08055365778435375,-0.04027682889217682,242.19256563595715,26.919802851662315,NaN,
3-regular,12,6,20311909,18,14.0,0.8480508062665313,pert:highd:0.5,0.2870945958651793,0.8031026122919518,0.2796751761882337,0.5488514102745324,0.6428571428571429,0.20519366340938838,-0.7249829200591831,0.48332194670612205,0.8133014037451344,0.03474940252139691,0.08055365778435375,-0.12083048667653051,1186.7650082226482,131.9155356413018,NaN,
3-regular,12,6,20311909,18,14.0,0.8480508062665313,pert:nulled:0.01,0.00784885656796996,0.04427298529876066,0.0003385521081910641,0.0008920257505229405,0.6428571428571429,0.20519366340938838,-0.7249829200591831,1.248581695657482,0.8186581855165629,0.0293926207499684,0.0,0.0,15.757708554662793,1.7510422531850387,NaN,
3-regular,12,6,20311909,18,14.0,0.8480508062665313,pert:nulled:0.05,0.03828304368991091,0.21830651840724433,0.0016930449076016834,0.004459280073786695,0.6428571428571429,0.20519366340938838,-0.7249829200591831,1.248581695657482,0.8186581855165629,0.0293926207499684,0.0,0.0,61.59106715939173,6.845296215599793,NaN,
3-regular,12,6,20311909,18,14.0,0.8480508062665313,pert:nulled:0.2,0.13931225974716366,0.6802682836804562,0.0067763376540481346,0.017822385078229655,0.6428571428571429,0.20519366340938838,-0.7249829200591831,1.248581695657482,0.8186581855165629,0.0293926207499684,0.0,0.0,501.40213442873346,55.73245910751818,NaN,
3-regular,12,6,20311909,18,14.0,0.8480508062665313,pert:nulled:0.5,0.2892582136442492,0.9288258846152527,0.016960353818626324,0.04445875305762377,0.6428571428571429,0.20519366340938838,-0.7249829200591831,1.248581695657482,0.8335247081893549,0.01452609807717642,-0.08055365778435353,-0.04027682889217682,2650.194665027666,294.5875189943905,NaN,
3-regular,12,6,20311909,18,14.0,0.8480508062665313,pert:random:0.01,0.009549040394896097,0.4901148624841242,0.4188779503603081,0.31894967838728994,0.6428571428571427,0.2051936634093886,-0.7249829200591831,1.0471975511965979,0.7594269126889089,0.08862389357762235,0.24166097335306103,0.08055365778435364,157.05071425177738,17.45598165529207,NaN,
3-regular,12,6,20311909,18,14.0,0.8480508062665313,pert:random:0.05,0.048284542054636,0.9412127840604464,0.8569998582248376,0.8300342238162897,0.6428571428571429,0.20519366340938838,-0.7249829200591831,-0.32221463113741466,0.6900711705944907,0.15797963567204054,0.8055365778435368,0.08055365778435364,4022.3262579795064,447.13038300821006,NaN,
3-regular,12,6,20311909,18,14.0,0.8480508062665313,pert:random:0.2,0.19877126651108734,0.9957266572937655,0.9558077328603252,0.9722248237582989,0.6428571428571429,0.20519366340938838,-0.7249829200591831,-0.32221463113741466,0.6428571428571429,0.20519366340938838,1.6110731556870734,0.3624914600295915,69004.5699097045,7670.573387340141,NaN,
3-regular,12,6,20311909,18,14.0,0.8480508062665313,pert:random:0.5,0.4899332956847428,0.999220306093671,0.9704063682193473,0.9882744645514578,0.6428571428571429,0.20519366340938838,-0.7249829200591831,-0.32221463113741466,0.6428571428571429,0.20519366340938838,1.6110731556870734,0.3624914600295915,437209.2491631936,48600.19274488685,NaN,
3-regular,12,6,20311909,18,14.0,0.8480508062665313,fit:triangle:mse,0.8302508601563057,0.9851404810680174,0.9802115002420172,0.9896830293977144,0.5956380563072502,0.2524127499592811,-0.5638756044904758,0.966643893412244,0.6741782007144751,0.1738726055520562,0.4027682889217683,0.2013841444608842,18049.670961198524,2026.3180111860238,0.8302508601563057,3.56762;0.572079;0.257778;0.295932
3-regular,12,6,20311909,18,14.0,0.8480508062665313,fit:triangle:wgt,0.9245034498931796,0.9373179770915752,0.9588147991964635,0.9645301287085363,0.4618567759749479,0.3861940302915834,1.208304866765305,0.966643893412244,0.6430976110363856,0.20495319523014566,1.5305194979027197,0.16110731556870733,28.6773773937778,3.6281912651136943,0.9320559798609495,0.0982964;0.579941;0.388525;0.22867
3-regular,12,6,20311909,18,14.0,0.8480508062665313,fit:normal:mse,0.8016929430695247,0.9999989801341659,0.9830486960831734,0.9927615970735476,0.6428571428571429,0.20519366340938838,-0.7249829200591831,-0.32221463113741466,0.6428571428571421,0.20519366340938916,1.6110731556870734,0.7249829200591831,299.34053396330125,33.662520985266966,0.8016929430695247,9.26261;3.54952;4.04788
3-regular,12,6,20311909,18,14.0,0.8480508062665313,fit:normal:wgt,0.9938616606726832,0.9865155351183242,0.998514745628464,0.9992486629149553,0.6428571428571429,0.20519366340938838,-0.7249829200591831,-0.32221463113741466,0.6334442547331088,0.21460655153342245,1.2888585245496589,0.3624914600295915,1.3538576067908686e6,155582.6007211937,0.983007727685078,7.21059;38.0166;0.0233053
3-regular,12,6,20311909,18,14.0,0.8480508062665313,paper:empP,0.9999850063149248,0.9999964827373925,0.9999950610338116,0.9999970963912813,0.8426099900675588,0.00544081619897252,0.4027682889217683,0.0805536577843537,0.617176578454905,0.23087422781162625,1.2083048667653051,0.483321946706122,1.6677621208868267e6,122002.74093694714,NaN,
3-regular,12,6,20311909,18,14.0,0.8480508062665313,paper:binP,0.9999850063149248,0.9999964827373925,0.9999950610338116,0.9999970963912813,0.830863194040183,0.017187612226348237,0.4027682889217683,0.12083048667653051,0.6206614777791098,0.22738932848742144,0.3222146311374148,0.28193780224523785,9153.180648706084,617.1663296419782,NaN,
3-regular,12,7,20311910,18,16.0,0.7683345720563709,exactN,0.0,0.0,0.0,0.0,0.7262791518912395,0.04205542016513142,0.0,0.0,0.7300433196144545,0.038291252441916446,0.0,0.0,11.174273146197418,0.9564283167377945,NaN,
3-regular,12,7,20311910,18,16.0,0.7683345720563709,pert:lowd:0.01,0.00999954360957731,0.9136273500908262,0.955080427106021,0.7071600447254184,0.5625,0.2058345720563709,-0.7249829200591831,-0.32221463113741466,0.627890504920439,0.14044406713593194,0.4027682889217683,0.1611073155687074,5272.412790368913,585.9070142347528,NaN,
3-regular,12,7,20311910,18,16.0,0.7683345720563709,pert:lowd:0.05,0.04993872214837521,0.9961517187342268,0.9999975376023512,0.9367292835858908,0.5625,0.2058345720563709,-0.7249829200591831,-0.32221463113741466,0.5625000000000007,0.20583457205637024,1.4499658401183662,0.4430451178139452,123241.00865366384,13695.461852527485,NaN,
3-regular,12,7,20311910,18,16.0,0.7683345720563709,pert:lowd:0.2,0.19613292789030712,0.9997786043930992,0.998155963426898,0.9686905805324907,0.5625,0.2058345720563709,-0.7249829200591831,-0.32221463113741466,0.5625000000000007,0.20583457205637024,1.4499658401183662,0.4430451178139452,1.9466612051419443e6,216327.74913041576,NaN,
3-regular,12,7,20311910,18,16.0,0.7683345720563709,pert:lowd:0.5,0.4472933047552419,0.9999706751359413,0.9973798493180566,0.9739528121973456,0.5625,0.2058345720563709,-0.7249829200591831,-0.32221463113741466,0.5625000000000006,0.20583457205637035,1.4499658401183662,0.48332194670612205,1.2135260365491305e7,1.3485623814275684e6,NaN,
3-regular,12,7,20311910,18,16.0,0.7683345720563709,pert:highd:0.01,0.007796385746485408,0.02688902367439807,0.005679619371519567,0.015593440976769905,0.5625,0.2058345720563709,-0.7249829200591831,0.48332194670612205,0.7300433196144545,0.038291252441916446,0.0,0.0,13.126684355018444,1.4585573171525201,NaN,
3-regular,12,7,20311910,18,16.0,0.7683345720563709,pert:highd:0.05,0.03801770304832482,0.1340178629159555,0.028525649311741254,0.07922697819877507,0.5625,0.2058345720563709,-0.7249829200591831,0.48332194670612205,0.7300433196144545,0.038291252441916446,0.0,0.0,37.56734814961878,4.174464911073538,NaN,
3-regular,12,7,20311910,18,16.0,0.7683345720563709,pert:highd:0.2,0.13824662622712522,0.4835392487764463,0.1155006239750426,0.32412791223660126,0.5625,0.2058345720563709,-0.7249829200591831,0.48332194670612205,0.7454618484133444,0.022872723643026505,-0.08055365778435353,-0.08055365778435364,242.27828821637024,26.92303452395787,NaN,
3-regular,12,7,20311910,18,16.0,0.7683345720563709,pert:highd:0.5,0.2868304376156199,0.8217666451024158,0.2890733378769566,0.7121048206357559,0.5625,0.2058345720563709,-0.7249829200591831,0.48332194670612205,0.7217796282423925,0.0465549438139784,0.08055365778435375,-0.12083048667653051,1187.2401986304008,131.9334607082132,NaN,
3-regular,12,7,20311910,18,16.0,0.7683345720563709,pert:nulled:0.01,0.007844582585096401,0.04696793771552383,0.00034948934626714807,0.00022583230907848235,0.5625,0.2058345720563709,-0.7249829200591831,1.248581695657482,0.7300433196144545,0.038291252441916446,0.0,0.0,15.759380900966537,1.751105092281459,NaN,
3-regular,12,7,20311910,18,16.0,0.7683345720563709,pert:nulled:0.05,0.03826141930573388,0.2313439011512129,0.0017477616331180884,0.0011290104780909687,0.5625,0.2058345720563709,-0.7249829200591831,1.248581695657482,0.7300433196144545,0.038291252441916446,0.0,0.0,61.60767605341887,6.845921662966928,NaN,
3-regular,12,7,20311910,18,16.0,0.7683345720563709,pert:nulled:0.2,0.13922528821137783,0.7049455563743598,0.006995652102705028,0.004513744586694787,0.5625,0.2058345720563709,-0.7249829200591831,1.248581695657482,0.71021597406493,0.05811859799144092,0.08055365778435375,0.04027682889217682,501.5922774424685,55.73962967526225,NaN,
3-regular,12,7,20311910,18,16.0,0.7683345720563709,pert:nulled:0.5,0.2890597894971075,0.9389919758518167,0.017510752178825927,0.011272505909953875,0.5625,0.2058345720563709,-0.7249829200591831,1.248581695657482,0.7199684760993921,0.04836609595697883,0.0,0.04027682889217682,2651.288559750137,294.62878930512835,NaN,
3-regular,12,7,20311910,18,16.0,0.7683345720563709,pert:random:0.01,0.009884356782258503,0.2802385856095499,0.20717463872173725,0.10893666009967738,0.5624999999999999,0.205834572056371,-0.7249829200591831,0.8860902356278905,0.7085339465946541,0.05980062546171683,0.1611073155687075,0.0,82.20800761026956,9.135136841723217,NaN,
3-regular,12,7,20311910,18,16.0,0.7683345720563709,pert:random:0.05,0.04968444580219988,0.8149044857980259,0.7725424632851627,0.4624496821749609,0.5625000000000001,0.2058345720563708,-0.7249829200591831,0.9263670645200671,0.6424874632779634,0.12584710877840755,0.4027682889217683,0.12083048667653051,1136.7365587580748,126.32161171903095,NaN,
3-regular,12,7,20311910,18,16.0,0.7683345720563709,pert:random:0.2,0.19984722062563468,0.9801375073688446,0.9959187316655757,0.8703344893192937,0.5625000000000001,0.2058345720563708,-0.7249829200591831,0.9263670645200671,0.6045643834922155,0.16377018856415537,0.6444292622748296,0.1611073155687074,16530.478106535724,1836.9882233584765,NaN,
3-regular,12,7,20311910,18,16.0,0.7683345720563709,pert:random:0.5,0.4729384338822651,0.9949821661622535,0.9984560434293857,0.9589955526436564,0.5625000000000001,0.2058345720563708,-0.7249829200591831,0.9263670645200671,0.561997130602233,0.2063374414541379,1.3694121823340124,0.4430451178139452,101365.35462385636,11264.47944080795,NaN,
3-regular,12,7,20311910,18,16.0,0.7683345720563709,fit:triangle:mse,0.8186278839401737,0.9851389708602944,0.9811970593463571,0.9933888300296261,0.6910310214673696,0.07730355058900129,-0.1611073155687074,-0.04027682889217682,0.6528855077727665,0.11544906428360435,-0.2416609733530608,0.20138414446088415,8537.81550011309,914.6924776595737,0.8186278839401737,2.44045;0.562901;0.245048;0.312817
3-regular,12,7,20311910,18,16.0,0.7683345720563709,fit:triangle:wgt,0.8548786850502854,0.941169937203237,0.959530602820163,0.9791113914827312,0.3816253474497657,0.38670922460660523,0.4027682889217683,1.0069207223044208,0.6807236991378263,0.08761087291854464,-0.8055365778435366,0.1611073155687074,17.943627688774516,2.1902567743207553,0.934810849116282,0.0721842;0.216319;0.355501;0.11347
3-regular,12,7,20311910,18,16.0,0.7683345720563709,fit:normal:mse,0.7834309761893332,0.9999324718961305,0.9784122932074706,0.9913011142747105,0.5625,0.2058345720563709,-0.7249829200591831,-0.32221463113741466,0.5625000000000007,0.20583457205637024,1.4499658401183662,-0.04027682889217682,173.9432559664715,19.381640109670556,0.7834309761893332,9.04437;3.34317;3.83342
3-regular,12,7,20311910,18,16.0,0.7683345720563709,fit:normal:wgt,0.9908402075558207,0.9853279058220681,0.9981040344882,0.9988268540372719,0.5625,0.2058345720563709,-0.7249829200591831,-0.32221463113741466,0.5956579171184353,0.1726766549379356,-0.6444292622748293,0.2819378022452379,1.072751341034098e6,116420.90208257902,0.9816269367535693,10.7743;67.462;0.0286265
3-regular,12,7,20311910,18,16.0,0.7683345720563709,paper:empP,0.9992600277097844,0.9993011736967874,0.9991526833091839,0.9993148066516585,0.7622545550166875,0.006080017039683416,0.48332194670612205,0.12083048667653051,0.4574387263498747,0.3108958457064962,0.48332194670612205,0.6041524333826525,5.223556935603456e7,3.322834714790731e6,NaN,
3-regular,12,7,20311910,18,16.0,0.7683345720563709,paper:binP,0.9992600277097844,0.9993011736967874,0.9991526833091839,0.9993148066516585,0.7614404267179786,0.006894145338392277,0.4027682889217683,0.12083048667653051,0.6053532916992688,0.16298128035710213,0.1611073155687075,0.24166097335306103,9153.180648706084,617.1663296419782,NaN,
3-regular,12,8,20311911,18,15.0,0.8004870597820309,exactN,0.0,0.0,0.0,0.0,0.76676299620085,0.03372406358118096,0.0,0.0,0.7770632145132704,0.023423845268760513,0.0,0.0,11.147361010788263,0.964780728339336,NaN,
3-regular,12,8,20311911,18,15.0,0.8004870597820309,pert:lowd:0.01,0.009999547356531292,0.91323812620896,0.9594556253067168,0.8106339164774934,0.6,0.20048705978203096,-0.7249829200591831,-0.32221463113741466,0.6542974962864462,0.14618956349558476,0.3222146311374148,0.2013841444608842,5270.595172777714,585.8067590458259,NaN,
3-regular,12,8,20311911,18,15.0,0.8004870597820309,pert:lowd:0.05,0.049938819134159484,0.996206611753356,0.9998704731749567,0.9737701510380198,0.6,0.20048705978203096,-0.7249829200591831,-0.32221463113741466,0.5995121788219434,0.20097488096008753,0.4027682889217683,0.28193780224523785,123197.05173295076,13693.03689443871,NaN,
3-regular,12,8,20311911,18,15.0,0.8004870597820309,pert:lowd:0.2,0.19613440703289184,0.9997984769314799,0.9972587304863129,0.9900630012375647,0.6,0.20048705978203096,-0.7249829200591831,-0.32221463113741466,0.575655278104378,0.22483178167765294,0.5638756044904756,0.3222146311374147,1.9459623449677364e6,216289.19406589854,NaN,
3-regular,12,8,20311911,18,15.0,0.8004870597820309,pert:lowd:0.5,0.44730033139485736,0.9999780574683378,0.9963379512280717,0.992434579771258,0.6,0.20048705978203096,-0.7249829200591831,-0.32221463113741466,0.5991528156065156,0.20133424417551538,1.5305194979027197,0.483321946706122,1.2130898052599004e7,1.3483217176054646e6,NaN,
3-regular,12,8,20311911,18,15.0,0.8004870597820309,pert:highd:0.01,0.0078010253790710875,0.026756798537758354,0.005749199929446618,0.011710969974072654,0.6,0.20048705978203096,-0.7249829200591831,0.48332194670612205,0.7770632145132704,0.023423845268760513,0.0,0.0,13.125879195516468,1.4585130860093125,NaN,
3-regular,12,8,20311911,18,15.0,0.8004870597820309,pert:highd:0.05,0.03804115332157374,0.1333399065568641,0.028867762944138,0.05926910778996875,0.6,0.20048705978203096,-0.7249829200591831,0.48332194670612205,0.7770632145132704,0.023423845268760513,0.0,0.0,37.56046782071836,4.174086273427889,NaN,
3-regular,12,8,20311911,18,15.0,0.8004870597820309,pert:highd:0.2,0.13834067040474188,0.4812992522023116,0.11675978015779374,0.24305147489418466,0.6,0.20048705978203096,-0.7249829200591831,0.48332194670612205,0.7732083698375324,0.027278689944498558,0.08055365778435375,-0.04027682889217682,242.20794892991108,26.91915774443114,NaN,
3-regular,12,8,20311911,18,15.0,0.8004870597820309,pert:highd:0.5,0.2870443935964725,0.8196387227329447,0.29146644966917146,0.5755975899304264,0.6,0.20048705978203096,-0.7249829200591831,0.48332194670612205,0.7662110745571873,0.03427598522484365,0.08055365778435375,-0.12083048667653051,1186.8502605599651,131.91195761467569,NaN,
3-regular,12,8,20311911,18,15.0,0.8004870597820309,pert:nulled:0.01,0.007847149428393006,0.04673705638621011,0.00035232842657416575,0.0009418326329958735,0.6,0.20048705978203096,-0.7249829200591831,1.248581695657482,0.7770632145132704,0.023423845268760513,0.0,0.0,15.758009100280411,1.751029705774958,NaN,
3-regular,12,8,20311911,18,15.0,0.8004870597820309,pert:nulled:0.05,0.03827440610950997,0.23008723618796184,0.001761990625523479,0.004708360843973965,0.6,0.20048705978203096,-0.7249829200591831,1.248581695657482,0.7770632145132704,0.023423845268760513,0.0,0.0,61.59404916037973,6.845171352051382,NaN,
3-regular,12,8,20311911,18,15.0,0.8004870597820309,pert:nulled:0.2,0.13927751738518124,0.70175611090818,0.00705306977285809,0.018819044067358126,0.6,0.20048705978203096,-0.7249829200591831,1.248581695657482,0.7770632145132704,0.023423845268760513,0.0,0.0,501.4362515261839,55.73102775585441,NaN,
3-regular,12,8,20311911,18,15.0,0.8004870597820309,pert:nulled:0.5,0.28917894345189027,0.9371533557621406,0.01765677809726647,0.046947846344958806,0.6,0.20048705978203096,-0.7249829200591831,1.248581695657482,0.758524318288457,0.04196274149357393,0.08055365778435375,0.04027682889217682,2650.390903238784,294.5792811278804,NaN,
3-regular,12,8,20311911,18,15.0,0.8004870597820309,pert:random:0.01,0.009908005779840473,0.54242741239359,0.4254646562340559,0.2805259602266035,0.5999999999999999,0.20048705978203107,-0.7249829200591831,1.0471975511965979,0.7149923039362466,0.08549475584578436,0.3222146311374148,0.08055365778435364,218.10776247412252,24.240906443443865,NaN,
3-regular,12,8,20311911,18,15.0,0.8004870597820309,pert:random:0.05,0.04977042962761742,0.952875814922411,0.8984013482612304,0.7410926461449056,0.6,0.20048705978203096,-0.7249829200591831,1.248581695657482,0.6622420509779895,0.13824500880404145,0.4833219467061223,0.16110731556870733,5382.377233194562,598.2473186689306,NaN,
3-regular,12,8,20311911,18,15.0,0.8004870597820309,pert:random:0.2,0.19969327135326465,0.9961799127255209,0.9838936593632929,0.9172377859333151,0.6,0.20048705978203096,-0.7249829200591831,1.248581695657482,0.6221322235095597,0.17835483627247128,0.8055365778435368,0.2013841444608842,91481.26729384752,10167.971281308994,NaN,
3-regular,12,8,20311911,18,15.0,0.8004870597820309,pert:random:0.5,0.4706447308096413,0.9991392123273888,0.9928475649285351,0.9467883087928609,0.6,0.20048705978203096,-0.7249829200591831,1.248581695657482,0.47455821691109784,0.3259288428709331,-0.16110731556870728,0.4430451178139451,578583.460039965,64308.33823643884,NaN,
3-regular,12,8,20311911,18,15.0,0.8004870597820309,fit:triangle:mse,0.8294983425857864,0.9839177582468734,0.9776577950980884,0.988832408135635,0.6825683269533468,0.11791873282868415,-0.4027682889217684,-0.04027682889217682,0.677894504989682,0.12259255479234898,0.0,0.2013841444608842,5449.663032012251,593.1033502002106,0.8294983425857864,1.96427;0.413143;0.338459;0.228532
3-regular,12,8,20311911,18,15.0,0.8004870597820309,fit:triangle:wgt,0.8690407384840578,0.9426964843531781,0.9594150676267174,0.9738754990478298,0.37373085031227216,0.4267562094697588,0.6444292622748293,0.966643893412244,0.642540264666323,0.15794679511570797,0.4833219467061223,0.2013841444608842,20.516580755886277,2.551105561998142,0.9367893389814611,0.0759599;0.730522;0.164664;0.230975
3-regular,12,8,20311911,18,15.0,0.8004870597820309,fit:normal:mse,0.8014484729142851,0.9999894970340122,0.9880158077650439,0.997788108519906,0.6,0.20048705978203096,-0.7249829200591831,-0.32221463113741466,0.4066796211788102,0.39380743860322076,0.4027682889217683,0.76525974895136,195.72848214791748,22.214641665087218,0.8014484729142851,9.23161;3.34938;4.20949
3-regular,12,8,20311911,18,15.0,0.8004870597820309,fit:normal:wgt,0.9882518675081693,0.9856592602626694,0.99866027240422,0.99904057148302,0.6,0.20048705978203096,-0.7249829200591831,-0.32221463113741466,0.5993663398686697,0.20112071991336122,1.449965840118366,1.1277512089809514,3.509556405328638e6,389689.4675657449,0.9818580657885283,8.82478;40.7012;0.01
3-regular,12,8,20311911,18,15.0,0.8004870597820309,paper:empP,0.9998911364746818,0.9999382213789204,0.9999177078305409,0.9999385651971376,0.7877159169025063,0.012771142879524633,0.4027682889217683,0.12083048667653051,0.5384917549214937,0.26199530486053724,0.9666438934122439,0.5638756044904756,4.25139174093361e6,295471.56514079164,NaN,
3-regular,12,8,20311911,18,15.0,0.8004870597820309,paper:binP,0.9998911364746818,0.9999382213789204,0.9999177078305409,0.9999385651971376,0.7877159169025063,0.012771142879524633,0.4027682889217683,0.12083048667653051,0.6014260898889641,0.19906096989306687,0.3222146311374148,0.28193780224523785,9153.180648706084,617.1663296419782,NaN,
3-regular,12,9,20311912,18,16.0,0.7593243118970201,exactN,0.0,0.0,0.0,0.0,0.722559730414768,0.036764581482252146,0.0,0.0,0.7251565488289995,0.03416776306802061,0.0,0.0,11.192558427398517,0.9639417115672605,NaN,
3-regular,12,9,20311912,18,16.0,0.7593243118970201,pert:lowd:0.01,0.009999545404731705,0.9114087820830541,0.9545184566648742,0.7054013039065493,0.5625,0.1968243118970201,-0.7249829200591831,-0.32221463113741466,0.6257335408962967,0.13359077100072336,0.32221463113741455,0.1611073155687074,5271.344250067463,585.8440972073587,NaN,
3-regular,12,9,20311912,18,16.0,0.7593243118970201,pert:lowd:0.05,0.04993876857365395,0.9960899246548632,0.9999867448051777,0.9381936078531681,0.5625,0.1968243118970201,-0.7249829200591831,-0.32221463113741466,0.5790015257022421,0.18032278619477804,0.4027682889217685,0.24166097335306103,123215.16670039551,13693.940029171674,NaN,
3-regular,12,9,20311912,18,16.0,0.7593243118970201,pert:lowd:0.2,0.196133635816068,0.9997865435074725,0.9979146937093594,0.9702160865319485,0.5625,0.1968243118970201,-0.7249829200591831,-0.32221463113741466,0.5569995540400754,0.2023247578569447,0.48332194670612183,0.2819378022452379,1.9462503485524547e6,216303.55326370994,NaN,
3-regular,12,9,20311912,18,16.0,0.7593243118970201,pert:lowd:0.5,0.4472966676286809,0.999975080310233,0.9970799783965886,0.9754359514734626,0.5625,0.1968243118970201,-0.7249829200591831,-0.32221463113741466,0.5625000000000002,0.19682431189701988,1.5305194979027197,0.5638756044904758,1.2132695780135503e7,1.3484113488943912e6,NaN,
3-regular,12,9,20311912,18,16.0,0.7593243118970201,pert:highd:0.01,0.0078018021057227535,0.026455285609553618,0.005596458856636769,0.01534179196460656,0.5625,0.1968243118970201,-0.7249829200591831,0.48332194670612205,0.7251565488289995,0.03416776306802061,0.0,0.0,13.126211273160056,1.4585295570091035,NaN,
3-regular,12,9,20311912,18,16.0,0.7593243118970201,pert:highd:0.05,0.03804507938577298,0.13194280974972789,0.02810369854747799,0.07791782908974534,0.5625,0.1968243118970201,-0.7249829200591831,0.48332194670612205,0.7406676148853898,0.018656697011630308,-0.08055365778435375,-0.04027682889217682,37.56330457237547,4.174227279993662,NaN,
3-regular,12,9,20311912,18,16.0,0.7593243118970201,pert:highd:0.2,0.1383564178814608,0.47822010965123496,0.11374251187778789,0.3187126671952757,0.5625,0.1968243118970201,-0.7249829200591831,0.48332194670612205,0.7351723475680155,0.02415196432900457,0.0,-0.08055365778435364,242.23694138812687,26.920601544196504,NaN,
3-regular,12,9,20311912,18,16.0,0.7593243118970201,pert:highd:0.5,0.2870802256487749,0.8187639793205058,0.2846319741299941,0.703651660528769,0.5625,0.1968243118970201,-0.7249829200591831,0.48332194670612205,0.7136596616482187,0.0456646502488014,0.16110731556870728,-0.12083048667653051,1187.010968963441,131.9199659816004,NaN,
3-regular,12,9,20311912,18,16.0,0.7593243118970201,pert:nulled:0.01,0.007848595424282456,0.0462143659714084,0.0003439375207178272,0.00022225633496280976,0.5625,0.1968243118970201,-0.7249829200591831,1.248581695657482,0.7251565488289995,0.03416776306802061,0.0,0.0,15.758574843199755,1.7510577788671204,NaN,
3-regular,12,9,20311912,18,16.0,0.7593243118970201,pert:nulled:0.05,0.038281722365596516,0.22786749194791694,0.0017200012398032563,0.001111142306494004,0.5625,0.1968243118970201,-0.7249829200591831,1.248581695657482,0.7251565488289995,0.03416776306802061,0.0,0.0,61.59966694849029,6.845450776179023,NaN,
3-regular,12,9,20311912,18,16.0,0.7593243118970201,pert:nulled:0.2,0.13930694483921566,0.6995755960985394,0.006884597296563856,0.004442448717857681,0.5625,0.1968243118970201,-0.7249829200591831,1.248581695657482,0.7251565488289995,0.03416776306802061,0.0,0.0,501.5005587813339,55.73423133236743,NaN,
3-regular,12,9,20311912,18,16.0,0.7593243118970201,pert:nulled:0.5,0.28924608631887044,0.937529411035306,0.017233117408016013,0.011095165908926856,0.5625,0.1968243118970201,-0.7249829200591831,1.248581695657482,0.7251565488289995,0.03416776306802061,0.0,0.0,2650.760851890198,294.5977194691752,NaN,
3-regular,12,9,20311912,18,16.0,0.7593243118970201,pert:random:0.01,0.009990488304773722,0.46864813048049814,0.03299127348375467,0.07331004943114905,0.5624999999999999,0.1968243118970202,-0.7249829200591831,1.0874743800887745,0.7251565488289995,0.03416776306802061,0.0,0.0,236.6810828389514,26.303691697465627,NaN,
3-regular,12,9,20311912,18,16.0,0.7593243118970201,pert:random:0.05,0.04999967790733593,0.9394725268645894,0.16820410066632674,0.3676079436953482,0.5625,0.1968243118970201,-0.7249829200591831,1.248581695657482,0.7259805831180115,0.0333437287790086,0.08055365778435353,-0.08055365778435364,6328.48922829221,703.3465258069984,NaN,
3-regular,12,9,20311912,18,16.0,0.7593243118970201,pert:random:0.2,0.19788412661553786,0.9968430536686657,0.615924772653637,0.9107557684350633,0.5625,0.1968243118970201,-0.7249829200591831,1.248581695657482,0.6679375577666828,0.09138675413033726,0.48332194670612183,-0.08055365778435364,107064.5240661919,11899.035937595312,NaN,
3-regular,12,9,20311912,18,16.0,0.7593243118970201,pert:random:0.5,0.45646192531611934,0.9997438418528656,0.940051131601091,0.9992739143169639,0.5625,0.1968243118970201,-0.7249829200591831,1.248581695657482,0.6420562982448214,0.11726801365219874,0.6444292622748293,-0.12083048667653051,676535.645930595,75189.33901582488,NaN,
3-regular,12,9,20311912,18,16.0,0.7593243118970201,fit:triangle:mse,0.817980514847478,0.983370920749409,0.977260604985533,0.9912355683947669,0.6580269239650328,0.10129738793198728,-0.3222146311374147,-0.04027682889217682,0.6315763536671128,0.12774795822990725,-0.16110731556870728,0.20138414446088415,21009.923383779253,2275.0957363209873,0.817980514847478,3.7854;0.297133;0.422766;0.187563
3-regular,12,9,20311912,18,16.0,0.7593243118970201,fit:triangle:wgt,0.8516420034806906,0.9383819208256313,0.9556307708456585,0.9762493081006731,0.37749383940237113,0.38183047249464896,0.4027682889217683,1.0069207223044208,0.6684292197023836,0.09089509219463654,-0.7249829200591831,0.1611073155687074,17.445504102568556,2.1317632354075267,0.932062076415443,0.0710174;0.0988542;0.456524;0.10138
3-regular,12,9,20311912,18,16.0,0.7593243118970201,fit:normal:mse,0.7856734960894926,0.9999324992598986,0.9774470774778279,0.9997626688056861,0.5625,0.1968243118970201,-0.7249829200591831,-0.32221463113741466,0.5624999999999993,0.19682431189702077,1.5305194979027197,0.6847060911670062,377.9625883444601,42.21061981745562,0.7856734960894926,9.092;3.64081;4.1582
3-regular,12,9,20311912,18,16.0,0.7593243118970201,fit:normal:wgt,0.9911792510522565,0.9852847617662438,0.997927631146803,0.9983792993583684,0.5625,0.1968243118970201,-0.7249829200591831,-0.32221463113741466,0.5625000000000001,0.19682431189702,1.5305194979027197,0.32221463113741466,2.781143212176753e6,304637.36108087783,0.9815207705478192,9.78578;55.8083;0.0120589
3-regular,12,9,20311912,18,16.0,0.7593243118970201,paper:empP,0.9992647949920701,0.9993021318693339,0.9991489522356055,0.9993242364143232,0.7499600755812448,0.00936423631577532,0.48332194670612205,0.12083048667653051,0.4455330193348524,0.3137912925621677,0.5638756044904756,0.6041524333826525,2.023891332001753e7,1.3039677475259944e6,NaN,
3-regular,12,9,20311912,18,16.0,0.7593243118970201,paper:binP,0.9992647949920701,0.9993021318693339,0.9991489522356055,0.9993242364143232,0.7499620494070391,0.009362262489980955,0.4027682889217683,0.12083048667653051,0.5845951254850863,0.1747291864119338,0.24166097335306103,0.24166097335306103,9153.180648706084,617.1663296419782,NaN,
3-regular,12,10,20311913,18,16.0,0.7593243118970203,exactN,0.0,0.0,0.0,0.0,0.7225597304147681,0.036764581482252257,0.0,0.0,0.7406676148853897,0.01865669701163064,0.0,0.0,11.155672768234979,0.9608871227565312,NaN,
3-regular,12,10,20311913,18,16.0,0.7593243118970203,pert:lowd:0.01,0.009999545014321775,0.9111960238203529,0.9549319345489791,0.8039417162802245,0.5625,0.19682431189702032,-0.7249829200591831,-0.32221463113741466,0.6276456342534792,0.13167867764354113,0.0,0.24166097335306097,5271.841362622126,585.8853513617313,NaN,
3-regular,12,10,20311913,18,16.0,0.7593243118970203,pert:lowd:0.05,0.04993875847079608,0.9960855549774402,0.9999877186398123,0.9717790591391539,0.5625,0.19682431189702032,-0.7249829200591831,-0.32221463113741466,0.5817132029590779,0.1776111089379424,0.4027682889217683,0.28193780224523785,123227.18993570487,13694.93774288051,NaN,
3-regular,12,10,20311913,18,16.0,0.7593243118970203,pert:lowd:0.2,0.19613348174297027,0.9997877290184166,0.9979476537770892,0.9890006176511238,0.5625,0.19682431189702032,-0.7249829200591831,-0.32221463113741466,0.5569995540400754,0.20232475785694493,0.5638756044904756,0.3222146311374147,1.946441506581733e6,216319.41576259982,NaN,
3-regular,12,10,20311913,18,16.0,0.7593243118970203,pert:lowd:0.5,0.4472959357143142,0.9999756345150644,0.9971237880205344,0.9915387183860396,0.5625,0.19682431189702032,-0.7249829200591831,-0.32221463113741466,0.5625000000000007,0.19682431189701965,1.6110731556870734,0.6847060911670062,1.2133889000648897e7,1.348510363361888e6,NaN,
3-regular,12,10,20311913,18,16.0,0.7593243118970203,pert:highd:0.01,0.007799543516793518,0.026416849146434482,0.0056271297174898,0.011509203856111904,0.5625,0.19682431189702032,-0.7249829200591831,0.48332194670612205,0.7406676148853897,0.01865669701163064,0.0,0.0,13.12643096885114,1.4585478178486206,NaN,
3-regular,12,10,20311913,18,16.0,0.7593243118970203,pert:highd:0.05,0.03803366323815065,0.13168980841732783,0.028258046453354745,0.05825028146840158,0.5625,0.19682431189702032,-0.7249829200591831,0.48332194670612205,0.7406676148853897,0.01865669701163064,0.0,0.0,37.56518385086045,4.174383375540107,NaN,
3-regular,12,10,20311913,18,16.0,0.7593243118970203,pert:highd:0.2,0.13831062962480659,0.47679223579059554,0.11436637833613224,0.2390844240504986,0.5625,0.19682431189702032,-0.7249829200591831,0.48332194670612205,0.7351723475680156,0.024151964329004683,0.08055365778435375,-0.04027682889217682,242.25617050250966,26.92219779661512,NaN,
3-regular,12,10,20311913,18,16.0,0.7593243118970203,pert:highd:0.5,0.2869760428190067,0.8166027938260242,0.2861182744702449,0.5688074423700674,0.5625,0.19682431189702032,-0.7249829200591831,0.48332194670612205,0.7136596616482185,0.04566465024880184,0.24166097335306103,-0.0805536577843537,1187.1176017516132,131.9288159638112,NaN,
3-regular,12,10,20311913,18,16.0,0.7593243118970203,pert:nulled:0.01,0.007846692450237279,0.04614347493552595,0.0003458245029059965,0.0009265284019176634,0.5625,0.19682431189702032,-0.7249829200591831,1.248581695657482,0.7406676148853897,0.01865669701163064,0.0,0.0,15.758949230078487,1.75108889307969,NaN,
3-regular,12,10,20311913,18,16.0,0.7593243118970203,pert:nulled:0.05,0.03827209400050099,0.22741608654985032,0.0017294377758162846,0.004631756884803143,0.5625,0.19682431189702032,-0.7249829200591831,1.248581695657482,0.7406676148853897,0.01865669701163064,0.0,0.0,61.60339010386678,6.845759962892451,NaN,
3-regular,12,10,20311913,18,16.0,0.7593243118970203,pert:nulled:0.2,0.13926821815508098,0.698044455932683,0.0069223659122525216,0.018511503073119825,0.5625,0.19682431189702032,-0.7249829200591831,1.248581695657482,0.7251565488289997,0.03416776306802061,0.08055365778435375,0.04027682889217682,501.54321971758213,55.73777231397982,NaN,
3-regular,12,10,20311913,18,16.0,0.7593243118970203,pert:nulled:0.5,0.2891577271557244,0.936464892694989,0.017327628613580857,0.04617475941178752,0.5625,0.19682431189702032,-0.7249829200591831,1.248581695657482,0.7128232066254987,0.046501105271521626,0.08055365778435375,0.08055365778435364,2651.0063458045306,294.6180930969996,NaN,
3-regular,12,10,20311913,18,16.0,0.7593243118970203,pert:random:0.01,0.009997094247539263,0.6844116831474011,0.7299076814684019,0.50836978830724,0.5625,0.19682431189702032,-0.7249829200591831,-0.32221463113741466,0.6611364191311622,0.09818789276585815,0.4027682889217683,0.12083048667653046,826.1676520558112,91.81472169446407,NaN,
3-regular,12,10,20311913,18,16.0,0.7593243118970203,pert:random:0.05,0.0498975432837405,0.976812607366946,0.995973653585683,0.9306568319994049,0.5625,0.19682431189702032,-0.7249829200591831,-0.32221463113741466,0.5970147592524881,0.16230955264453217,0.0,0.28193780224523785,17349.03253728353,1928.0903646271938,NaN,
3-regular,12,10,20311913,18,16.0,0.7593243118970203,pert:random:0.2,0.19556667026810734,0.9981729211166219,0.9976481362704444,0.9890431392348207,0.5625,0.19682431189702032,-0.7249829200591831,-0.32221463113741466,0.5320853340535407,0.22723897784347957,0.0,0.3624914600295915,268182.04430420115,29804.612800831874,NaN,
3-regular,12,10,20311913,18,16.0,0.7593243118970203,pert:random:0.5,0.4446664352901372,0.9995854376420729,0.9949929842278123,0.9949894449533986,0.5625,0.19682431189702032,-0.7249829200591831,-0.32221463113741466,0.5315971969191521,0.22772711497786824,0.24166097335306103,0.3624914600295915,1.6645061815358382e6,184986.28871369516,NaN,
3-regular,12,10,20311913,18,16.0,0.7593243118970203,fit:triangle:mse,0.8186201505226344,0.984455812651066,0.9789967335556107,0.9890050176562941,0.6742609185138629,0.08506339338315738,-0.24166097335306108,-0.04027682889217682,0.6350680087839761,0.12425630311304425,-0.16110731556870728,0.24166097335306097,10369.790071566771,1116.8836292463848,0.8186201505226344,2.65549;0.516242;0.264696;0.277719
3-regular,12,10,20311913,18,16.0,0.7593243118970203,fit:triangle:wgt,0.8531657775399266,0.9410382476160057,0.9579107002633425,0.9735317419309482,0.37749383940237113,0.3818304724946492,0.4027682889217683,1.0069207223044208,0.6684292197023833,0.09089509219463698,-0.6444292622748293,0.2013841444608842,18.067930675782158,2.2072063979555097,0.9348104437683904,0.0723645;1.0;0.108446;0.397672
3-regular,12,10,20311913,18,16.0,0.7593243118970203,fit:normal:mse,0.7856220858929802,0.999982138770801,0.9758066548747,0.98685095528037,0.5625,0.19682431189702032,-0.7249829200591831,-0.32221463113741466,0.5624999999999997,0.19682431189702065,1.6110731556870734,0.7249829200591831,332.12559196554355,37.07528818675573,0.7856220858929802,9.11474;3.59795;4.0105
3-regular,12,10,20311913,18,16.0,0.7593243118970203,fit:normal:wgt,0.9887386925568411,0.9856371811000709,0.9980402991193905,0.9990070447221928,0.5625,0.19682431189702032,-0.7249829200591831,-0.32221463113741466,0.5624999999999996,0.19682431189702077,1.6110731556870734,1.1277512089809514,2.182996784587713e6,239388.66251409592,0.9819407379702088,9.79439;62.3567;0.0148168
3-regular,12,10,20311913,18,16.0,0.7593243118970203,paper:empP,0.9992688454347296,0.9993476935817953,0.9991615245774308,0.9992835025749554,0.7499600755812447,0.009364236315775654,0.48332194670612205,0.12083048667653051,0.44553301933485245,0.31379129256216787,0.6444292622748293,0.6444292622748293,3.603147591184729e7,2.298521635052673e6,NaN,
3-regular,12,10,20311913,18,16.0,0.7593243118970203,paper:binP,0.9992688454347296,0.9993476935817953,0.9991615245774308,0.9992835025749554,0.7499620494070393,0.009362262489981066,0.4027682889217683,0.12083048667653051,0.5845951254850863,0.17472918641193402,0.3222146311374148,0.28193780224523785,9153.180648706084,617.1663296419782,NaN,
3-regular,12,11,20311914,18,15.0,0.8099459326901552,exactN,0.0,0.0,0.0,0.0,0.7818030871984611,0.028142845491694102,0.0,0.0,0.7639304941188624,0.046015438571292866,0.0,0.0,11.210419017629153,0.9486483471493804,NaN,
3-regular,12,11,20311914,18,15.0,0.8099459326901552,pert:lowd:0.01,0.00999954758531345,0.9150935714889317,0.9597221637258131,0.7134036936057421,0.6,0.20994593269015527,-0.8055365778435367,-0.32221463113741466,0.6603799414477649,0.14956599124239034,0.322214631137415,0.1611073155687074,5271.1469563000555,585.8344271086469,NaN,
3-regular,12,11,20311914,18,15.0,0.8099459326901552,pert:lowd:0.05,0.04993882506642607,0.9963024103014316,0.9998576878724846,0.9405939241195223,0.6,0.20994593269015527,-0.8055365778435367,-0.32221463113741466,0.6000000000000006,0.2099459326901546,1.4499658401183662,0.4430451178139452,123210.39285396329,13693.70603084657,NaN,
3-regular,12,11,20311914,18,15.0,0.8099459326901552,pert:lowd:0.2,0.19613449753581708,0.9998044228988063,0.9972048611812363,0.9713896774560826,0.6,0.20994593269015527,-0.8055365778435367,-0.32221463113741466,0.6000000000000006,0.2099459326901546,1.4499658401183662,0.4430451178139452,1.9461744425027983e6,216299.8325529363,NaN,
3-regular,12,11,20311914,18,15.0,0.8099459326901552,pert:lowd:0.5,0.44730076135722535,0.999978942479765,0.9962766707273267,0.976400487708751,0.6,0.20994593269015527,-0.8055365778435367,-0.32221463113741466,0.6000000000000008,0.2099459326901545,1.4499658401183662,0.48332194670612205,1.2132221961691719e7,1.3483881235300908e6,NaN,
3-regular,12,11,20311914,18,15.0,0.8099459326901552,pert:highd:0.01,0.0078014965899767,0.02708377025771363,0.005751203497952026,0.015693546431206493,0.6,0.20994593269015527,-0.8055365778435367,0.48332194670612205,0.7639304941188624,0.046015438571292866,0.0,0.0,13.126124996808546,1.458525334665099,NaN,
3-regular,12,11,20311914,18,15.0,0.8099459326901552,pert:highd:0.05,0.03804353510965964,0.13500471156482277,0.028879752090062178,0.07972464260647913,0.6,0.20994593269015527,-0.8055365778435367,0.48332194670612205,0.7639304941188624,0.046015438571292866,0.0,0.0,37.56256313755971,4.174190970243744,NaN,
3-regular,12,11,20311914,18,15.0,0.8099459326901552,pert:highd:0.2,0.13835022369049554,0.4866681856177847,0.11683731140916438,0.3258409265313596,0.6,0.20994593269015527,-0.8055365778435367,0.48332194670612205,0.7841838374058832,0.02576209528427209,-0.08055365778435353,-0.08055365778435364,242.22932485299035,26.92022833474836,NaN,
3-regular,12,11,20311914,18,15.0,0.8099459326901552,pert:highd:0.5,0.28706613109804213,0.8245512657863349,0.29179100786995116,0.7138059049415063,0.6,0.20994593269015527,-0.8055365778435367,0.48332194670612205,0.7612369724247667,0.04870896026538851,0.08055365778435375,-0.12083048667653051,1186.9686736462324,131.91789310573773,NaN,
3-regular,12,11,20311914,18,15.0,0.8099459326901552,pert:nulled:0.01,0.007846978953794916,0.047311004160998274,0.0003525734026564199,0.00022743428314137923,0.6,0.20994593269015527,-0.8055365778435367,1.248581695657482,0.7639304941188624,0.046015438571292866,0.0,0.0,15.758427679392351,1.751050575728141,NaN,
3-regular,12,11,20311914,18,15.0,0.8099459326901552,pert:nulled:0.05,0.03827354358014164,0.23291808016242846,0.001763219341366701,0.0011370301154111796,0.6,0.20994593269015527,-0.8055365778435367,1.248581695657482,0.7639304941188624,0.046015438571292866,0.0,0.0,61.598196015844806,6.845378727043067,NaN,
3-regular,12,11,20311914,18,15.0,0.8099459326901552,pert:nulled:0.2,0.13927404828886564,0.7073061046937172,0.007058042008043109,0.004545968745100611,0.6,0.20994593269015527,-0.8055365778435367,1.248581695657482,0.7639304941188624,0.046015438571292866,0.0,0.0,501.4836483466254,55.7334026342077,NaN,
3-regular,12,11,20311914,18,15.0,0.8099459326901552,pert:nulled:0.5,0.28917102860281707,0.9396023203743323,0.017669493524679745,0.011353783651561332,0.6,0.20994593269015527,-0.8055365778435367,1.248581695657482,0.7512798281437569,0.05866610454639831,0.0,0.04027682889217682,2650.663442282794,294.59294521569643,NaN,
3-regular,12,11,20311914,18,15.0,0.8099459326901552,pert:random:0.01,0.009941456736283329,0.6251786731696494,0.7289502706496731,0.4054489373459404,0.6,0.20994593269015527,-0.8055365778435367,-0.32221463113741466,0.69484323605208,0.11510269663807526,0.322214631137415,0.08055365778435364,733.830387449372,81.55624533893436,NaN,
3-regular,12,11,20311914,18,15.0,0.8099459326901552,pert:random:0.05,0.04988343378273697,0.9730359732458111,0.9989946687074865,0.8938860830543228,0.6,0.20994593269015527,-0.8055365778435367,-0.32221463113741466,0.6464785373925207,0.16346739529763454,0.48332194670612205,0.1611073155687074,15239.055651165145,1693.67408133383,NaN,
3-regular,12,11,20311914,18,15.0,0.8099459326901552,pert:random:0.2,0.19932036547415022,0.9988778728653099,0.9925448377109245,0.9853945229588855,0.6,0.20994593269015527,-0.8055365778435367,-0.32221463113741466,0.5257720745272235,0.2841738581629317,-0.48332194670612183,1.0471975511965976,235017.7783134348,26120.08914492269,NaN,
3-regular,12,11,20311914,18,15.0,0.8099459326901552,pert:random:0.5,0.46665038612906573,0.9999550000486093,0.9880000570459586,0.9943167432284665,0.6,0.20994593269015527,-0.8055365778435367,-0.32221463113741466,0.52814174828106,0.28180418440909527,-0.2416609733530608,1.0471975511965976,1.457973724327458e6,162040.6869602436,NaN,
3-regular,12,11,20311914,18,15.0,0.8099459326901552,fit:triangle:mse,0.828780195202674,0.9852209475204504,0.9784900640936304,0.9930425763881123,0.7018953855627018,0.10805054712745343,-0.40276828892176836,-0.04027682889217682,0.6694886765370444,0.1404572561531109,-0.16110731556870728,0.20138414446088415,13813.391061297685,1496.1412712248398,0.828780195202674,3.11748;0.549628;0.254352;0.300932
3-regular,12,11,20311914,18,15.0,0.8099459326901552,fit:triangle:wgt,0.8682449498822598,0.9421645013378366,0.9600865807628162,0.9786694018223602,0.37870061115081366,0.4312453215393416,0.48332194670612194,0.966643893412244,0.6674491102893835,0.14249682240077177,0.24166097335306103,0.1611073155687074,20.09151832486205,2.4923298543543444,0.9361203382188565,0.0749714;0.855404;0.137299;0.29239
3-regular,12,11,20311914,18,15.0,0.8099459326901552,fit:normal:mse,0.8003592376375677,0.9999686768549391,0.9811704419069821,0.9968556873908847,0.6,0.20994593269015527,-0.8055365778435367,-0.32221463113741466,0.6000000000000003,0.20994593269015493,1.4499658401183662,-0.04027682889217682,221.1002379018881,24.72197958940501,0.8003592376375677,9.11523;3.42809;3.94663
3-regular,12,11,20311914,18,15.0,0.8099459326901552,fit:normal:wgt,0.9907858614738316,0.9856124031529908,0.998582851901346,0.9988202617185659,0.6,0.20994593269015527,-0.8055365778435367,-0.32221463113741466,0.5993705051159229,0.2105754275742323,1.2888585245496587,1.0874743800887745,1.7676519349344256e6,198891.9944793709,0.9817568643825211,8.22181;43.1602;0.0193112
3-regular,12,11,20311914,18,15.0,0.8099459326901552,paper:empP,0.9998904501842335,0.999932542073173,0.9999140687724025,0.9999403113308255,0.7999595193675084,0.009986413322646825,0.32221463113741466,0.12083048667653051,0.5463795331851455,0.2635663995050097,0.8055365778435366,0.5235987755982988,4.653866872391537e6,324515.7857136556,NaN,
3-regular,12,11,20311914,18,15.0,0.8099459326901552,paper:binP,0.9998904501842335,0.999932542073173,0.9999140687724025,0.9999403113308255,0.7999595193675084,0.009986413322646825,0.32221463113741466,0.12083048667653051,0.6235681338507586,0.18637779883939665,0.1611073155687075,0.24166097335306103,9153.180648706084,617.1663296419782,NaN,
3-regular,12,12,20311915,18,16.0,0.7683345720563707,exactN,0.0,0.0,0.0,0.0,0.7262791518912393,0.04205542016513142,0.0,0.0,0.7300433196144546,0.03829125244191611,0.0,0.0,11.202062175172621,0.9590939291004159,NaN,
3-regular,12,12,20311915,18,16.0,0.7683345720563707,pert:lowd:0.01,0.00999954424646504,0.9134397018693592,0.9548379272780335,0.7071969718414207,0.5625,0.20583457205637068,-0.7249829200591831,-0.32221463113741466,0.6328648195583468,0.13546975249802384,0.48332194670612205,0.12083048667653051,5272.175171623316,585.8828052848668,NaN,
3-regular,12,12,20311915,18,16.0,0.7683345720563707,pert:lowd:0.05,0.04993873861074954,0.9961612924904267,0.999994668459353,0.9374173548730053,0.5625,0.20583457205637068,-0.7249829200591831,-0.32221463113741466,0.5625000000000004,0.20583457205637024,1.4499658401183662,0.5235987755982988,123235.26266480768,13694.876466661834,NaN,
3-regular,12,12,20311915,18,16.0,0.7683345720563707,pert:lowd:0.2,0.19613317889679147,0.9997835078285083,0.9980696840923955,0.9693043282759276,0.5625,0.20583457205637068,-0.7249829200591831,-0.32221463113741466,0.5625000000000004,0.20583457205637024,1.4499658401183662,0.5235987755982988,1.9465698527595976e6,216318.44247020985,NaN,
3-regular,12,12,20311915,18,16.0,0.7683345720563707,pert:lowd:0.5,0.4472944970920775,0.9999726272260556,0.9972720316388625,0.9745362175485034,0.5625,0.20583457205637068,-0.7249829200591831,-0.32221463113741466,0.5625000000000004,0.20583457205637024,1.4499658401183662,0.5235987755982988,1.2134690142400827e7,1.348504289193337e6,NaN,
3-regular,12,12,20311915,18,16.0,0.7683345720563707,pert:highd:0.01,0.007797873270672107,0.026838895035789172,0.005648616842736544,0.015538650423792707,0.5625,0.20583457205637068,-0.7249829200591831,0.48332194670612205,0.7300433196144546,0.03829125244191611,0.0,0.0,13.126578857764816,1.4585465583206831,NaN,
3-regular,12,12,20311915,18,16.0,0.7683345720563707,pert:highd:0.05,0.03802522124857722,0.1337767684831284,0.028367332241814872,0.07893581552824626,0.5625,0.20583457205637068,-0.7249829200591831,0.48332194670612205,0.7391965492625707,0.029138022793799956,-0.08055365778435353,0.0,37.56644753199838,4.174373103703489,NaN,
3-regular,12,12,20311915,18,16.0,0.7683345720563707,pert:highd:0.2,0.13827677415253134,0.48290851208309327,0.11482569569633105,0.32283510566684365,0.5625,0.20583457205637068,-0.7249829200591831,0.48332194670612205,0.7454618484133446,0.02287272364302606,-0.08055365778435353,-0.08055365778435364,242.26908877560493,26.92209709631472,NaN,
3-regular,12,12,20311915,18,16.0,0.7683345720563707,pert:highd:0.5,0.2868990196380478,0.8213862981441483,0.2872973504702405,0.709855613300987,0.5625,0.20583457205637068,-0.7249829200591831,0.48332194670612205,0.7217796282423925,0.04655494381397818,0.08055365778435375,-0.12083048667653051,1187.189215177069,131.9282661482906,NaN,
3-regular,12,12,20311915,18,16.0,0.7683345720563707,pert:nulled:0.01,0.00784569819958303,0.04688089783171687,0.00034732810885118744,0.00022501446367240535,0.5625,0.20583457205637068,-0.7249829200591831,1.248581695657482,0.7300433196144546,0.03829125244191611,0.0,0.0,15.759201194690032,1.7510867670593004,NaN,
3-regular,12,12,20311915,18,16.0,0.7683345720563707,pert:nulled:0.05,0.038267063607563906,0.23092914621239138,0.001736954032071577,0.0011249248641629582,0.5625,0.20583457205637068,-0.7249829200591831,1.248581695657482,0.7300433196144546,0.03829125244191611,0.0,0.0,61.60589285430772,6.845739910254044,NaN,
3-regular,12,12,20311915,18,16.0,0.7683345720563707,pert:nulled:0.2,0.13924798696339952,0.7042213553430341,0.006952402726520659,0.0044974566176778415,0.5625,0.20583457205637068,-0.7249829200591831,1.248581695657482,0.7300433196144546,0.03829125244191611,0.0,0.0,501.5718746300946,55.737550765379325,NaN,
3-regular,12,12,20311915,18,16.0,0.7683345720563707,pert:nulled:0.5,0.2891115714624876,0.9387276457871075,0.017402560523071105,0.01123206179921021,0.5625,0.20583457205637068,-0.7249829200591831,1.248581695657482,0.7199684760993922,0.048366095956978494,0.0,0.04027682889217682,2651.171202639555,294.61683253526405,NaN,
3-regular,12,12,20311915,18,16.0,0.7683345720563707,pert:random:0.01,0.009987075570798606,0.7747897548380706,0.7913381751091064,0.4567365693726548,0.5625,0.20583457205637068,-0.7249829200591831,-0.32221463113741466,0.6614903402553671,0.10684423180100355,0.24166097335306103,0.12083048667653051,1374.8082380827173,152.7778478274436,NaN,
3-regular,12,12,20311915,18,16.0,0.7683345720563707,pert:random:0.05,0.049794590999558214,0.9863583567535703,0.9925578820670676,0.8597293068260721,0.5625,0.20583457205637068,-0.7249829200591831,-0.32221463113741466,0.5625000000000004,0.20583457205637024,1.4499658401183662,0.5235987755982988,30064.821965836607,3341.036125564441,NaN,
3-regular,12,12,20311915,18,16.0,0.7683345720563707,pert:random:0.2,0.19443104387070603,0.9989808156062653,0.9999996553219195,0.9466941428676744,0.5625,0.20583457205637068,-0.7249829200591831,-0.32221463113741466,0.5625000000000004,0.20583457205637024,1.4499658401183662,0.5235987755982988,468633.9994946917,52078.34779866612,NaN,
3-regular,12,12,20311915,18,16.0,0.7683345720563707,pert:random:0.5,0.4397134060029814,0.9997828838860072,0.9997230249805009,0.9605548598316257,0.5625,0.20583457205637068,-0.7249829200591831,-0.32221463113741466,0.5970689886197836,0.17126558343658704,0.8860902356278904,0.04027682889217682,2.9135800568934563e6,323780.3859787071,NaN,
3-regular,12,12,20311915,18,16.0,0.7683345720563707,fit:triangle:mse,0.8178620161519838,0.9853767000601791,0.9807842761173108,0.993094446021484,0.6910310214673695,0.07730355058900118,-0.1611073155687074,-0.04027682889217682,0.6558261749981585,0.11250839705821214,-0.32221463113741455,0.20138414446088415,19965.289107522993,2139.283773330266,0.8178620161519838,3.70235;0.574931;0.237587;0.320364
3-regular,12,12,20311915,18,16.0,0.7683345720563707,fit:triangle:wgt,0.8542508949893796,0.9407666830944788,0.9599574731359141,0.9790627523414103,0.3799622744754253,0.3883722975809454,0.48332194670612205,1.0069207223044208,0.6807236991378264,0.0876108729185443,-0.8055365778435366,0.1611073155687074,17.011888434381646,2.083950864217422,0.934318471602458,0.0694352;0.853662;0.126512;0.290604
3-regular,12,12,20311915,18,16.0,0.7683345720563707,fit:normal:mse,0.7842007726890596,0.9999965913858342,0.9838875118395732,0.9974429632155009,0.5625,0.20583457205637068,-0.7249829200591831,-0.32221463113741466,0.46186726408637235,0.3064673079699983,0.5638756044904758,0.7249829200591831,208.75918207814232,23.27387885294713,0.7842007726890596,9.01199;3.37385;4.18012
3-regular,12,12,20311915,18,16.0,0.7683345720563707,fit:normal:wgt,0.9907058407824264,0.9854370752090137,0.9987151946813213,0.9991369344725967,0.5625,0.20583457205637068,-0.7249829200591831,-0.32221463113741466,0.5611898877655825,0.20714468429078814,1.2083048667653054,1.0874743800887745,3.251613282108243e6,361897.40786413895,0.9816118333531557,8.81552;60.226;0.01
3-regular,12,12,20311915,18,16.0,0.7683345720563707,paper:empP,0.999260238432658,0.9993252391516874,0.9991721413078031,0.9993357827300915,0.7622545550166874,0.006080017039683305,0.48332194670612205,0.12083048667653051,0.4574387263498746,0.3108958457064961,0.48332194670612205,0.6041524333826525,5.084072764786243e7,3.228733078043894e6,NaN,
3-regular,12,12,20311915,18,16.0,0.7683345720563707,paper:binP,0.999260238432658,0.9993252391516874,0.9991721413078031,0.9993357827300915,0.7614404267179785,0.006894145338392166,0.4027682889217683,0.12083048667653051,0.605353291699269,0.1629812803571017,0.1611073155687075,0.24166097335306103,9153.180648706084,617.1663296419782,NaN,
3-regular,12,13,20311916,18,16.0,0.7683345720563708,exactN,0.0,0.0,0.0,0.0,0.7262791518912394,0.04205542016513142,0.0,0.0,0.7300433196144547,0.03829125244191611,0.0,0.0,11.225998626972908,0.9614123877466876,NaN,
3-regular,12,13,20311916,18,16.0,0.7683345720563708,pert:lowd:0.01,0.009999545001247128,0.9130327340157781,0.954808679477589,0.7066847328690963,0.5625,0.2058345720563708,-0.7249829200591831,-0.32221463113741466,0.6328648195583471,0.13546975249802373,0.48332194670612205,0.12083048667653051,5271.973722832125,585.8756591272538,NaN,
3-regular,12,13,20311916,18,16.0,0.7683345720563708,pert:lowd:0.05,0.04993875813251662,0.9961620314196113,0.9999888705448567,0.9378378159582914,0.5625,0.2058345720563708,-0.7249829200591831,-0.32221463113741466,0.5937461291504688,0.17458844290590203,0.6444292622748296,0.20138414446088415,123230.38876373053,13694.703520497624,NaN,
3-regular,12,13,20311916,18,16.0,0.7683345720563708,pert:lowd:0.2,0.19613347658422578,0.9997883609823013,0.9979602276907822,0.9697431241850966,0.5625,0.2058345720563708,-0.7249829200591831,-0.32221463113741466,0.5625000000000002,0.20583457205637057,1.4499658401183662,0.5235987755982988,1.946492357298471e6,216315.69245491084,NaN,
3-regular,12,13,20311916,18,16.0,0.7683345720563708,pert:lowd:0.5,0.44729591120820233,0.9999746589144628,0.9971380376590542,0.9749629517965729,0.5625,0.2058345720563708,-0.7249829200591831,-0.32221463113741466,0.5625000000000002,0.20583457205637057,1.4499658401183662,0.5235987755982988,1.2134206404463917e7,1.3484871230018784e6,NaN,
3-regular,12,13,20311916,18,16.0,0.7683345720563708,pert:highd:0.01,0.007799764376534178,0.026746325200225383,0.005621400648976832,0.015457655086578788,0.5625,0.2058345720563708,-0.7249829200591831,0.48332194670612205,0.7300433196144547,0.03829125244191611,0.0,0.0,13.126490550741709,1.4585434479825912,NaN,
3-regular,12,13,20311916,18,16.0,0.7683345720563708,pert:highd:0.05,0.038034779560393396,0.13336710387938672,0.02823018939820017,0.078524566085838,0.5625,0.2058345720563708,-0.7249829200591831,0.48332194670612205,0.7300433196144547,0.03829125244191611,0.0,0.0,37.56568945361899,4.174346318898314,NaN,
3-regular,12,13,20311916,18,16.0,0.7683345720563708,pert:highd:0.2,0.1383151067364642,0.4822302596675926,0.11426868158869112,0.32128378375576716,0.5625,0.2058345720563708,-0.7249829200591831,0.48332194670612205,0.7454618484133444,0.022872723643026394,-0.08055365778435353,-0.08055365778435364,242.26130831312906,26.921821460373238,NaN,
3-regular,12,13,20311916,18,16.0,0.7683345720563708,pert:highd:0.5,0.28698622906828647,0.8216338783810232,0.28595808695499225,0.7078541425050451,0.5625,0.2058345720563708,-0.7249829200591831,0.48332194670612205,0.7217796282423925,0.04655494381397829,0.08055365778435375,-0.12083048667653051,1187.1460232760876,131.92673457483295,NaN,
3-regular,12,13,20311916,18,16.0,0.7683345720563708,pert:nulled:0.01,0.007847120807946542,0.046721852761818734,0.00034557582591820404,0.00022399424347019998,0.5625,0.2058345720563708,-0.7249829200591831,1.248581695657482,0.7300433196144547,0.03829125244191611,0.0,0.0,15.759050599852422,1.7510814594276052,NaN,
3-regular,12,13,20311916,18,16.0,0.7683345720563708,pert:nulled:0.05,0.03827426130193214,0.23026336243641002,0.0017281942543931643,0.0011198277078947546,0.5625,0.2058345720563708,-0.7249829200591831,1.248581695657482,0.7300433196144547,0.03829125244191611,0.0,0.0,61.60438937869819,6.845686739184603,NaN,
3-regular,12,13,20311916,18,16.0,0.7683345720563708,pert:nulled:0.2,0.13927693496605767,0.7036404181352077,0.0069173900334184605,0.004477127534316881,0.5625,0.2058345720563708,-0.7249829200591831,1.248581695657482,0.7102159740649301,0.0581185979914407,0.08055365778435375,0.04027682889217682,501.5546032063338,55.73693858743706,NaN,
3-regular,12,13,20311916,18,16.0,0.7683345720563708,pert:nulled:0.5,0.2891776146392793,0.9389075840188478,0.017315182976286418,0.011181541123091875,0.5625,0.2058345720563708,-0.7249829200591831,1.248581695657482,0.7199684760993921,0.048366095956978716,0.0,0.04027682889217682,2651.0717364735406,294.6133046220859,NaN,
3-regular,12,13,20311916,18,16.0,0.7683345720563708,pert:random:0.01,0.009964514012432351,0.6575641125121727,0.20475996123405193,0.17861941448808946,0.5625,0.2058345720563708,-0.7249829200591831,1.248581695657482,0.7102159740649301,0.0581185979914407,0.08055365778435375,0.04027682889217682,920.1181249743556,102.25186695731185,NaN,
3-regular,12,13,20311916,18,16.0,0.7683345720563708,pert:random:0.05,0.049616451188726596,0.9748873419320108,0.6490237654628449,0.6819170189264205,0.5625,0.2058345720563708,-0.7249829200591831,1.248581695657482,0.6583681588542529,0.10996641320211786,0.48332194670612205,0.0,19506.957229838263,2167.820516321316,NaN,
3-regular,12,13,20311916,18,16.0,0.7683345720563708,pert:random:0.2,0.1928412968126547,0.9984110431725187,0.8959804576963519,0.9721916680152947,0.5625,0.2058345720563708,-0.7249829200591831,1.248581695657482,0.49225254653760087,0.2760820255187699,-0.5638756044904756,0.4027682889217683,302136.3279938503,33576.69978830661,NaN,
3-regular,12,13,20311916,18,16.0,0.7683345720563708,pert:random:0.5,0.43329846937289906,0.9997571794791076,0.940783500167901,0.9972333672360921,0.5625,0.2058345720563708,-0.7249829200591831,1.248581695657482,0.49285272157357696,0.27548185048279383,-0.08055365778435353,0.4027682889217683,1.8760048153571114e6,208482.3380858732,NaN,
3-regular,12,13,20311916,18,16.0,0.7683345720563708,fit:triangle:mse,0.8175016253967596,0.9847534997648956,0.9792250147980256,0.9922311641618744,0.6910310214673694,0.0773035505890014,-0.1611073155687074,-0.04027682889217682,0.6558261749981587,0.11250839705821214,-0.32221463113741455,0.20138414446088415,77238.61483583959,8279.457059705794,0.8175016253967596,7.2052;0.266717;0.445476;0.18025
3-regular,12,13,20311916,18,16.0,0.7683345720563708,fit:triangle:wgt,0.8519874681251762,0.9394074320045723,0.9581489880043792,0.9779375328787656,0.38162534744976573,0.38670922460660506,0.4027682889217683,1.0069207223044208,0.6807236991378263,0.08761087291854452,-0.8055365778435366,0.1611073155687074,17.08949710494262,2.086877181819382,0.9329781432456428,0.0703922;0.251258;0.329078;0.118247
3-regular,12,13,20311916,18,16.0,0.7683345720563708,fit:normal:mse,0.7844065133444922,0.99998377661315,0.9763541564631121,0.9999059611078125,0.5625,0.2058345720563708,-0.7249829200591831,-0.32221463113741466,0.5624999999999997,0.20583457205637112,1.4499658401183662,0.6847060911670062,308.96223425184223,34.39687029267565,0.7844065133444922,9.03354;3.5626;4.0224
3-regular,12,13,20311916,18,16.0,0.7683345720563708,fit:normal:wgt,0.9896092904892748,0.9852934858930654,0.9981145944002762,0.998673734131518,0.5625,0.2058345720563708,-0.7249829200591831,-0.32221463113741466,0.5624999999999993,0.20583457205637146,1.4499658401183662,1.0874743800887745,2.1235743396420875e6,233087.42769379116,0.9814910280220567,9.78501;60.2827;0.0153933
3-regular,12,13,20311916,18,16.0,0.7683345720563708,paper:empP,0.9992600194930681,0.9992843874135328,0.9991448091325399,0.9993002503852837,0.7622545550166875,0.006080017039683305,0.48332194670612205,0.12083048667653051,0.4574387263498747,0.3108958457064961,0.48332194670612205,0.6041524333826525,3.634047563298546e7,2.3208706293124524e6,NaN,
3-regular,12,13,20311916,18,16.0,0.7683345720563708,paper:binP,0.9992600194930681,0.9992843874135328,0.9991448091325399,0.9993002503852837,0.7614404267179784,0.006894145338392388,0.4027682889217683,0.12083048667653051,0.6053532916992689,0.1629812803571019,0.1611073155687075,0.24166097335306103,9153.180648706084,617.1663296419782,NaN,
3-regular,12,14,20311917,18,15.0,0.809945932690155,exactN,0.0,0.0,0.0,0.0,0.7818030871984613,0.02814284549169377,0.0,0.0,0.7735003187509328,0.03644561393922219,0.0,0.0,11.268961253759176,0.9540699000746011,NaN,
3-regular,12,14,20311917,18,15.0,0.809945932690155,pert:lowd:0.01,0.0099995481437682,0.9135702299590537,0.9588075746188127,0.7121221389817706,0.6,0.20994593269015505,-0.8055365778435367,-0.32221463113741466,0.6700157854336207,0.1399301472565343,0.48332194670612183,0.12083048667653051,5271.018263659899,585.8266011286846,NaN,
3-regular,12,14,20311917,18,15.0,0.809945932690155,pert:lowd:0.05,0.049938839552120744,0.9962340179673624,0.9998590949309852,0.9412945660555668,0.6,0.20994593269015505,-0.8055365778435367,-0.32221463113741466,0.633500449617295,0.17644548307286,0.7249829200591831,0.1611073155687074,123207.27862345813,13693.51662043453,NaN,
3-regular,12,14,20311917,18,15.0,0.809945932690155,pert:lowd:0.2,0.1961347185443699,0.9998023543773679,0.9971630747833665,0.9721582656217318,0.6,0.20994593269015505,-0.8055365778435367,-0.32221463113741466,0.617418623700996,0.19252730898915904,0.8055365778435368,0.20138414446088415,1.9461249240712118e6,216296.82070360472,NaN,
3-regular,12,14,20311917,18,15.0,0.809945932690155,pert:lowd:0.5,0.44730181134176067,0.9999791653608016,0.9962174688818455,0.9771512272288629,0.6,0.20994593269015505,-0.8055365778435367,-0.32221463113741466,0.6000000000000004,0.2099459326901546,1.5305194979027197,0.5235987755982988,1.2131912858064923e7,1.3483693228683446e6,NaN,
3-regular,12,14,20311917,18,15.0,0.809945932690155,pert:highd:0.01,0.007803624863752742,0.02680347280683771,0.005692303069505126,0.015546232132902066,0.6,0.20994593269015505,-0.8055365778435367,0.48332194670612205,0.7735003187509328,0.03644561393922219,0.0,0.0,13.126068852789505,1.4585219336030062,NaN,
3-regular,12,14,20311917,18,15.0,0.809945932690155,pert:highd:0.05,0.038054293002934135,0.13362763933936303,0.02858049057806167,0.07895002945891019,0.6,0.20994593269015505,-0.8055365778435367,0.48332194670612205,0.790045455877749,0.01990047681240603,-0.08055365778435375,-0.04027682889217682,37.562080148496136,4.174161662243293,NaN,
3-regular,12,14,20311917,18,15.0,0.809945932690155,pert:highd:0.2,0.13839337662316117,0.48275328413155894,0.11558484667888404,0.32252283810466104,0.6,0.20994593269015505,-0.8055365778435367,0.48332194670612205,0.7841838374058834,0.025762095284271647,0.0,-0.08055365778435364,242.22435886221098,26.919926562396792,NaN,
3-regular,12,14,20311917,18,15.0,0.809945932690155,pert:highd:0.5,0.2871643284883542,0.8216830435781072,0.2886070941782463,0.7083453069964702,0.6,0.20994593269015505,-0.8055365778435367,0.48332194670612205,0.7612369724247666,0.0487089602653884,0.16110731556870728,-0.12083048667653051,1186.9410884966585,131.91621597310996,NaN,
3-regular,12,14,20311917,18,15.0,0.809945932690155,pert:nulled:0.01,0.007848589605131275,0.046822001880646745,0.00034872592253494853,0.00022520931947791464,0.6,0.20994593269015505,-0.8055365778435367,1.248581695657482,0.7735003187509328,0.03644561393922219,0.0,0.0,15.758331892687236,1.7510447711956747,NaN,
3-regular,12,14,20311917,18,15.0,0.809945932690155,pert:nulled:0.05,0.03828169292217512,0.2305920260667923,0.0017439745411775688,0.0011259112904504615,0.6,0.20994593269015505,-0.8055365778435367,1.248581695657482,0.7735003187509328,0.03644561393922219,0.0,0.0,61.59723751707311,6.845320535583371,NaN,
3-regular,12,14,20311917,18,15.0,0.809945932690155,pert:nulled:0.2,0.13930682640666817,0.7032748446066854,0.006980955719177685,0.004501584223529825,0.6,0.20994593269015505,-0.8055365778435367,1.248581695657482,0.7639304941188622,0.046015438571292866,0.08055365778435353,0.0,501.47262087284616,55.732732336408425,NaN,
3-regular,12,14,20311917,18,15.0,0.809945932690155,pert:nulled:0.5,0.289245816086794,0.9381414712503644,0.017476289046264488,0.011243286525540583,0.6,0.20994593269015505,-0.8055365778435367,1.248581695657482,0.7639304941188622,0.046015438571292866,0.08055365778435353,0.0,2650.599906204883,294.58908181139566,NaN,
3-regular,12,14,20311917,18,15.0,0.809945932690155,pert:random:0.01,0.009353657439178724,0.6096268464130067,0.20297187565973132,0.09080898157155269,0.6,0.20994593269015505,-0.8055365778435367,1.248581695657482,0.7735003187509328,0.03644561393922219,0.0,0.0,696.781819501304,77.4394801900595,NaN,
3-regular,12,14,20311917,18,15.0,0.809945932690155,pert:random:0.05,0.0460869741730021,0.9682614764263768,0.6914884038949228,0.42804869276839297,0.6,0.20994593269015505,-0.8055365778435367,1.248581695657482,0.7153178732656558,0.09462805942449926,0.24166097335306103,0.08055365778435364,14395.96149288084,1599.9899874078046,NaN,
3-regular,12,14,20311917,18,15.0,0.809945932690155,pert:random:0.2,0.17296541818387592,0.9980383530914723,0.947916831866508,0.9115897375997779,0.6,0.20994593269015505,-0.8055365778435367,1.248581695657482,0.663773155637116,0.146172777053039,0.6444292622748293,0.08055365778435364,221777.63190213818,24648.848746493823,NaN,
3-regular,12,14,20311917,18,15.0,0.809945932690155,pert:random:0.5,0.37161800459544203,0.9997205079140291,0.9816445848231127,0.9930056678075706,0.6,0.20994593269015505,-0.8055365778435367,1.248581695657482,0.6446029247147057,0.16534300797544932,0.8055365778435368,0.08055365778435364,1.3755345094084195e6,152880.06585054757,NaN,
3-regular,12,14,20311917,18,15.0,0.809945932690155,fit:triangle:mse,0.8280609922826533,0.9840781736998584,0.9770603864397959,0.9921275768965995,0.7018953855627016,0.10805054712745343,-0.40276828892176836,-0.04027682889217682,0.673681443911587,0.136264488778568,-0.16110731556870728,0.20138414446088415,11833.498115106231,1281.4622568790612,0.8280609922826533,2.86079;0.492992;0.281079;0.265343
3-regular,12,14,20311917,18,15.0,0.809945932690155,fit:triangle:wgt,0.8623063431604292,0.9418418314798797,0.9588286178794536,0.9780714008007805,0.3787006111508137,0.4312453215393413,0.48332194670612194,0.966643893412244,0.6397700427764778,0.17017588991367727,0.4027682889217685,0.20138414446088415,19.620539533817706,2.4341650298146456,0.9358641093086966,0.0760229;1.0;0.114289;0.407585
3-regular,12,14,20311917,18,15.0,0.809945932690155,fit:normal:mse,0.8008423354281816,0.9999823802809072,0.98438676942361,0.9999712707952134,0.6,0.20994593269015505,-0.8055365778435367,-0.32221463113741466,0.6000000000000004,0.2099459326901546,1.5305194979027197,0.0,313.3551706213244,35.03774571266639,0.8008423354281816,9.04368;3.53654;4.30083
3-regular,12,14,20311917,18,15.0,0.809945932690155,fit:normal:wgt,0.9908359548142477,0.9855522241101704,0.9984174724214889,0.9986390247530044,0.6,0.20994593269015505,-0.8055365778435367,-0.32221463113741466,0.599841981053365,0.21010395163679008,1.449965840118366,1.0874743800887745,1.918170339486822e6,215878.94049588707,0.9817246464813452,8.21342;43.6198;0.0177681
3-regular,12,14,20311917,18,15.0,0.809945932690155,paper:empP,0.9998902039485146,0.9999308185317546,0.9999125045505585,0.9999386982846636,0.807663207271234,0.00228272541892105,0.32221463113741466,0.0805536577843537,0.5463795331851455,0.2635663995050095,0.8860902356278901,0.5235987755982988,3.2786825658092545e6,232029.43782293925,NaN,
3-regular,12,14,20311917,18,15.0,0.809945932690155,paper:binP,0.9998902039485146,0.9999308185317546,0.9999125045505585,0.9999386982846636,0.7999595193675084,0.009986413322646603,0.32221463113741466,0.12083048667653051,0.6235681338507587,0.1863777988393963,0.24166097335306103,0.24166097335306103,9153.180648706084,617.1663296419782,NaN,
3-regular,12,15,20311918,18,16.0,0.7593243118970203,exactN,0.0,0.0,0.0,0.0,0.7225597304147682,0.036764581482252146,0.0,0.0,0.7161848382364335,0.04313947366058679,0.0,0.0,11.168546613121816,0.9612444469059569,NaN,
3-regular,12,15,20311918,18,16.0,0.7593243118970203,pert:lowd:0.01,0.009999544358381249,0.9126325819397498,0.9542653957497034,0.7053395891524761,0.5625,0.19682431189702032,-0.7249829200591831,-0.32221463113741466,0.6191061951072796,0.14021811678974072,0.322214631137415,0.1611073155687074,5271.271364725604,585.8331683935078,NaN,
3-regular,12,15,20311918,18,16.0,0.7593243118970203,pert:lowd:0.05,0.049938741504537316,0.9961021774303235,0.9999964461226246,0.9370897943444855,0.5625,0.19682431189702032,-0.7249829200591831,-0.32221463113741466,0.5824991268124682,0.17682518508455214,0.6444292622748296,0.20138414446088415,123213.40480159578,13693.675813774335,NaN,
3-regular,12,15,20311918,18,16.0,0.7593243118970203,pert:lowd:0.2,0.19613322302186592,0.9997759553468611,0.9980892149638998,0.9692387265127789,0.5625,0.19682431189702032,-0.7249829200591831,-0.32221463113741466,0.5625000000000007,0.19682431189701965,1.4499658401183662,0.48332194670612205,1.9462223388759e6,216299.35283219928,NaN,
3-regular,12,15,20311918,18,16.0,0.7593243118970203,pert:lowd:0.5,0.4472947066987709,0.9999703901311292,0.9972910797631023,0.9745092243241298,0.5625,0.19682431189702032,-0.7249829200591831,-0.32221463113741466,0.5625000000000007,0.19682431189701965,1.4499658401183662,0.48332194670612205,1.2132520945537332e7,1.348385129966008e6,NaN,
3-regular,12,15,20311918,18,16.0,0.7593243118970203,pert:highd:0.01,0.007800030017575209,0.026708943918415252,0.005619571647335566,0.015427104422135665,0.5625,0.19682431189702032,-0.7249829200591831,0.48332194670612205,0.7161848382364335,0.04313947366058679,0.0,0.0,13.126178656462319,1.458524678220317,NaN,
3-regular,12,15,20311918,18,16.0,0.7593243118970203,pert:highd:0.05,0.03803612223392576,0.13319924778245076,0.028221998064605753,0.07837181392214977,0.5625,0.19682431189702032,-0.7249829200591831,0.48332194670612205,0.7406676148853899,0.01865669701163042,-0.16110731556870728,-0.04027682889217682,37.56302708505869,4.174185729526634,NaN,
3-regular,12,15,20311918,18,16.0,0.7593243118970203,pert:highd:0.2,0.13832049172799776,0.48192347306877925,0.11425106940890171,0.3207428882123216,0.5625,0.19682431189702032,-0.7249829200591831,0.48332194670612205,0.7351723475680152,0.024151964329005127,-0.08055365778435353,-0.08055365778435364,242.23411538143785,26.920177994481914,NaN,
3-regular,12,15,20311918,18,16.0,0.7593243118970203,pert:highd:0.5,0.2869984810834246,0.8216718735755696,0.2859915948089443,0.7072629493094825,0.5625,0.19682431189702032,-0.7249829200591831,0.48332194670612205,0.7250070365177335,0.03431727537928686,-0.08055365778435353,-0.16110731556870733,1186.9953236596095,131.91762036808166,NaN,
3-regular,12,15,20311918,18,16.0,0.7593243118970203,pert:nulled:0.01,0.007847248931493135,0.046657593778220006,0.0003456578980888827,0.00022354295645349027,0.5625,0.19682431189702032,-0.7249829200591831,1.248581695657482,0.7161848382364335,0.04313947366058679,0.0,0.0,15.758519322045728,1.7510494722552583,NaN,
3-regular,12,15,20311918,18,16.0,0.7593243118970203,pert:nulled:0.05,0.038274909554589925,0.22998827209495723,0.0017286002645102423,0.0011175698268162954,0.5625,0.19682431189702032,-0.7249829200591831,1.248581695657482,0.7161848382364335,0.04313947366058679,0.0,0.0,61.599118099432374,6.845368566231463,NaN,
3-regular,12,15,20311918,18,16.0,0.7593243118970203,pert:nulled:0.2,0.13927954225976005,0.7033570879337331,0.006918948620195656,0.0044680745428779325,0.5625,0.19682431189702032,-0.7249829200591831,1.248581695657482,0.7161848382364335,0.04313947366058679,0.0,0.0,501.4942947357851,55.733292339253374,NaN,
3-regular,12,15,20311918,18,16.0,0.7593243118970203,pert:nulled:0.5,0.2891835633021551,0.9389381999889747,0.017318750015458895,0.011158803956605214,0.5625,0.19682431189702032,-0.7249829200591831,1.248581695657482,0.704324838884772,0.05499947301224828,0.0,0.04027682889217682,2650.724848529741,294.59232121977107,NaN,
3-regular,12,15,20311918,18,16.0,0.7593243118970203,pert:random:0.01,0.009516337260831223,0.3714427147272278,0.17673190210784176,0.08674983132257526,0.5624999999999999,0.19682431189702043,-0.7249829200591831,1.0471975511965979,0.7251565488289995,0.03416776306802083,-0.08055365778435353,0.0,129.35718007231003,14.3756448361255,NaN,
3-regular,12,15,20311918,18,16.0,0.7593243118970203,pert:random:0.05,0.04813962356286752,0.903990381518369,0.682654697512684,0.4350122071704961,0.5624999999999999,0.19682431189702043,-0.7249829200591831,1.0874743800887745,0.6635662975852412,0.0957580143117791,0.322214631137415,0.04027682889217682,2111.847616357807,234.70457207194943,NaN,
3-regular,12,15,20311918,18,16.0,0.7593243118970203,pert:random:0.2,0.19851440576104473,0.9957062747057759,0.9752073657207435,0.9565673961395402,0.5624999999999998,0.19682431189702054,-0.7249829200591831,1.1680280378731283,0.6149307008389702,0.14439361105805015,0.7249829200591833,0.0,32580.307863588685,3620.9206042631195,NaN,
3-regular,12,15,20311918,18,16.0,0.7593243118970203,pert:random:0.5,0.49087929851544637,0.9998560499809729,0.9983098222907454,0.9988365539181601,0.5625,0.19682431189702032,-0.7249829200591831,1.248581695657482,0.5624999999999998,0.19682431189702054,1.4499658401183662,0.2819378022452379,206964.74021090154,23001.70685921976,NaN,
3-regular,12,15,20311918,18,16.0,0.7593243118970203,fit:triangle:mse,0.818092613496033,0.980812219785369,0.9770996161245054,0.9912914072325636,0.6891185672326261,0.07020574466439422,-0.1611073155687074,-0.04027682889217682,0.6315763536671128,0.12774795822990748,-0.2416609733530608,0.20138414446088415,1809.733921656457,193.77498001565704,0.818092613496033,1.12008;0.31208;0.407343;0.193775
3-regular,12,15,20311918,18,16.0,0.7593243118970203,fit:triangle:wgt,0.8513693082387217,0.9379242342805946,0.9560654151473765,0.97633925964991,0.3774938394023711,0.38183047249464924,0.4027682889217683,1.0069207223044208,0.6684292197023836,0.09089509219463676,-0.8055365778435366,0.1611073155687074,17.302942422381705,2.1157418621265744,0.931531324387155,0.0715848;0.235475;0.342879;0.116949
3-regular,12,15,20311918,18,16.0,0.7593243118970203,fit:normal:mse,0.7843291662058889,0.9999656906036971,0.9791028610844286,0.9926861360689722,0.5625,0.19682431189702032,-0.7249829200591831,-0.32221463113741466,0.5654999866989456,0.1938243251980747,1.2888585245496587,-0.04027682889217682,179.9841038593178,20.124078747279498,0.7843291662058889,9.09424;3.35229;3.87863
3-regular,12,15,20311918,18,16.0,0.7593243118970203,fit:normal:wgt,0.9906824165190948,0.9850620171555139,0.9977862984087482,0.9983320800858256,0.5625,0.19682431189702032,-0.7249829200591831,-0.32221463113741466,0.5625000000000002,0.1968243118970201,-1.691626813471427,0.24166097335306103,2.134725743069605e6,234217.34028434264,0.9812724187444444,9.76798;62.5324;0.0151372
3-regular,12,15,20311918,18,16.0,0.7593243118970203,paper:empP,0.9992612767044409,0.9992961744384122,0.9991452922774549,0.9993198280336725,0.7499600755812446,0.009364236315775765,0.48332194670612205,0.12083048667653051,0.44553301933485245,0.31379129256216787,0.48332194670612205,0.6041524333826525,2.034144445123687e7,1.3113779454775946e6,NaN,
3-regular,12,15,20311918,18,16.0,0.7593243118970203,paper:binP,0.9992612767044409,0.9992961744384122,0.9991452922774549,0.9993198280336725,0.7499620494070389,0.009362262489981399,0.4027682889217683,0.12083048667653051,0.5845951254850863,0.17472918641193402,0.1611073155687075,0.24166097335306103,9153.180648706084,617.1663296419782,NaN,
