family,n,instance,seed,m,c_opt,ceil_p1,variant,mse_rel,ew_avg,ew_star_raw,ew_star_nrm,ar_raw,regret_raw,dgamma_raw,dbeta_raw,ar_nrm,regret_nrm,dgamma_nrm,dbeta_nrm,pred_raw,normw_raw,fit_obj,fit_params
ER(0.5),14,1,20272104,49,34.0,0.8309973636905151,exactN,0.0,0.0,0.0,0.0,0.8015670192390149,0.02943034445150028,0.0,0.0,0.8037412614971854,0.027256102193329745,0.0,0.0,26.73663926598856,0.9793727048338023,NaN,
ER(0.5),14,1,20272104,49,34.0,0.8309973636905151,pert:lowd:0.01,0.009999487143911688,0.980896967688146,0.9875560140382251,0.906992047057883,0.7205882352941176,0.1104091283963975,-0.32221463113741466,-0.28193780224523785,0.7310269291179111,0.09997043457260402,0.48332194670612205,0.20138414446088415,100847.79232879868,4119.198016308641,NaN,
ER(0.5),14,1,20272104,49,34.0,0.8309973636905151,pert:lowd:0.05,0.0499372973984321,0.9986471531143931,0.9975900660668191,0.955391882049371,0.7205882352941176,0.1104091283963975,-0.32221463113741466,-0.28193780224523785,0.7243067129517662,0.10669065073874895,0.9666438934122439,0.20138414446088415,2.4587124554802286e6,100428.74726886654,NaN,
ER(0.5),14,1,20272104,49,34.0,0.8309973636905151,pert:lowd:0.2,0.19611130116256584,0.9996963822936963,0.9986125290989079,0.96295648835794,0.7205882352941176,0.1104091283963975,-0.32221463113741466,-0.28193780224523785,0.7205882352941179,0.11040912839639727,2.0138414446088415,0.16110731556870728,3.915334872946445e7,1.599263346885316e6,NaN,
ER(0.5),14,1,20272104,49,34.0,0.8309973636905151,pert:lowd:0.5,0.4471906722061573,0.9998164309588121,0.9987835780540415,0.9643999226175407,0.7205882352941176,0.1104091283963975,-0.32221463113741466,-0.28193780224523785,0.7205882352941179,0.11040912839639727,-1.1277512089809514,0.724982920059183,2.444761971113788e8,9.98591365626254e6,NaN,
ER(0.5),14,1,20272104,49,34.0,0.8309973636905151,pert:highd:0.01,0.004967135074629325,0.032097763291640075,0.0029140001329563737,0.008360335792016102,0.7205882352941178,0.11040912839639738,-0.32221463113741466,0.5235987755982989,0.7895086621385575,0.04148870155195761,0.08055365778435375,0.04027682889217682,40.20284000052169,1.6411918039222049,NaN,
ER(0.5),14,1,20272104,49,34.0,0.8309973636905151,pert:highd:0.05,0.02400496400725521,0.1588207925030265,0.014564690103897372,0.042045795765465195,0.7205882352941178,0.11040912839639738,-0.32221463113741466,0.5235987755982989,0.7895086621385575,0.04148870155195761,0.08055365778435375,0.04027682889217682,142.95201215035326,5.837265636476882,NaN,
ER(0.5),14,1,20272104,49,34.0,0.8309973636905151,pert:highd:0.2,0.08510884969595071,0.5437210241296864,0.058109244187673166,0.17014926154085,0.7205882352941178,0.11040912839639738,-0.32221463113741466,0.5235987755982989,0.7971035283840444,0.03389383530647072,0.08055365778435375,0.0,1097.3752308175972,44.81866179889587,NaN,
ER(0.5),14,1,20272104,49,34.0,0.8309973636905151,pert:highd:0.5,0.17223590702244038,0.8540927456814371,0.14372528867593587,0.4142273095606696,0.7205882352941178,0.11040912839639738,-0.32221463113741466,0.5235987755982989,0.8164578551412054,0.014539508549309743,-0.08055365778435375,-0.0805536577843537,5702.023988124915,232.8946507621815,NaN,
ER(0.5),14,1,20272104,49,34.0,0.8309973636905151,pert:nulled:0.01,0.00619330149031903,0.05946781220122788,0.0007721842627381071,0.0021880817091092814,0.7205882352941176,0.1104091283963975,-0.32221463113741466,1.2888585245496587,0.8037412614971854,0.027256102193329745,0.0,0.0,61.03425002912884,2.4918519018918155,NaN,
ER(0.5),14,1,20272104,49,34.0,0.8309973636905151,pert:nulled:0.05,0.0300221865198585,0.28515843256452783,0.003860985163806483,0.010917178262942539,0.7205882352941176,0.1104091283963975,-0.32221463113741466,1.2888585245496587,0.8037412614971854,0.027256102193329745,0.0,0.0,371.07298433445595,15.154017412292657,NaN,
ER(0.5),14,1,20272104,49,34.0,0.8309973636905151,pert:nulled:0.2,0.10734204345139628,0.7641734592730276,0.01544358607745627,0.04329489642619847,0.7205882352941176,0.1104091283963975,-0.32221463113741466,1.2888585245496587,0.8037412614971854,0.027256102193329745,0.0,0.0,3869.3179501699997,158.03743819167434,NaN,
ER(0.5),14,1,20272104,49,34.0,0.8309973636905151,pert:nulled:0.5,0.21897550586868839,0.9465903023161943,0.0385916639025312,0.10609582872177638,0.7205882352941176,0.1104091283963975,-0.32221463113741466,1.2888585245496587,0.8151441434021507,0.015853220288364445,-0.08055365778435375,-0.040276828892176875,21929.174939585882,895.7004381917043,NaN,
ER(0.5),14,1,20272104,49,34.0,0.8309973636905151,pert:random:0.01,0.009619966089566799,0.9295033014522508,0.8869379336219069,0.8178394408036466,0.7205882352941176,0.1104091283963975,-0.32221463113741466,1.2888585245496587,0.7368657006170864,0.09413166307342868,0.5638756044904756,0.16110731556870728,19577.235657765974,799.6339623003407,NaN,
ER(0.5),14,1,20272104,49,34.0,0.8309973636905151,pert:random:0.05,0.04754726427431559,0.9961868433229344,0.9994466202930153,0.9957409446588329,0.7205882352941176,0.1104091283963975,-0.32221463113741466,1.2888585245496587,0.6557367575165621,0.175260606173953,-0.7249829200591831,0.4027682889217683,462120.5727344597,18875.752297769628,NaN,
ER(0.5),14,1,20272104,49,34.0,0.8309973636905151,pert:random:0.2,0.18024650699795333,0.999562112460197,0.9983151958745107,0.9719714213333251,0.7205882352941176,0.1104091283963975,-0.32221463113741466,1.2888585245496587,0.7129874407981512,0.1180099228923639,0.8860902356278906,0.36249146002959154,7.313394707622288e6,298723.7464850974,NaN,
ER(0.5),14,1,20272104,49,34.0,0.8309973636905151,pert:random:0.5,0.3919894091836517,0.9998378957854304,0.9970940438775288,0.965006155215633,0.7205882352941176,0.1104091283963975,-0.32221463113741466,1.2888585245496587,0.7129874407981512,0.1180099228923639,0.8860902356278906,0.36249146002959154,4.560837960247795e7,1.8629265526828375e6,NaN,
ER(0.5),14,1,20272104,49,34.0,0.8309973636905151,fit:triangle:mse,0.7277500285134834,0.9974551391137103,0.9964579637495999,0.999871522837018,0.5401664394358233,0.2908309242546918,0.6444292622748293,1.0069207223044208,0.7119998206799517,0.11899754301056342,0.48332194670612205,0.2819378022452378,457219.1588290188,19960.675236288975,0.7277500285134834,2.85792;0.535326;0.225247;0.234468
ER(0.5),14,1,20272104,49,34.0,0.8309973636905151,fit:triangle:wgt,0.9239011204586802,0.959468648375583,0.9434698544588983,0.965826239012844,0.5478737368265736,0.28312362686394155,0.8055365778435367,0.9666438934122439,0.741791828611717,0.08920553507879814,0.4027682889217683,-0.2819378022452379,497.31217628565696,21.410876132369147,0.9562993957716802,0.05;0.836415;0.117102;0.378946
ER(0.5),14,1,20272104,49,34.0,0.8309973636905151,fit:normal:mse,0.6324157171679515,0.9999931821330811,0.9888129665049641,0.9999021121314214,0.7205882352941176,0.1104091283963975,-0.32221463113741466,-0.28193780224523785,0.7205882352941172,0.11040912839639794,2.0138414446088415,0.36249146002959154,11372.896190544583,461.4022596665594,0.6324157171679515,25.207;5.02669;4.71947
ER(0.5),14,1,20272104,49,34.0,0.8309973636905151,fit:normal:wgt,0.9995948505112641,0.9721209351893991,0.9498011312133366,0.9837513430805019,0.720619694887108,0.11037766880340716,2.497163391314964,-0.24166097335306103,0.7205882352941176,0.1104091283963975,-1.1277512089809514,1.208304866765305,5.516120465768651e7,2.320448467387775e6,0.9674616569487442,17.744;150.05;0.01
ER(0.5),14,1,20272104,49,34.0,0.8309973636905151,paper:empP,0.898376635694052,0.8373713262764051,0.8705391394597233,0.8393857807506925,0.46959291981495954,0.3614044438755556,0.4027682889217684,0.8055365778435366,0.8242186902187095,0.006778673471805607,-0.4027682889217683,0.0,1194.603453706518,262.068700159586,NaN,
ER(0.5),14,1,20272104,49,34.0,0.8309973636905151,paper:binP,0.898376635694052,0.8373713262764051,0.8705391394597233,0.8393857807506925,0.5362854022525849,0.2947119614379302,0.16110731556870733,0.9263670645200672,0.7871635121253859,0.0438338515651292,-0.08055365778435375,0.08055365778435364,46.52878626167521,2.550388948612674,NaN,
ER(0.5),14,2,20272105,51,36.0,0.8140150288718456,exactN,0.0,0.0,0.0,0.0,0.7872949111796059,0.026720117692239698,0.0,0.0,0.7903261535642749,0.02368887530757069,0.0,0.0,27.75140998383359,0.977382207062069,NaN,
ER(0.5),14,2,20272105,51,36.0,0.8140150288718456,pert:lowd:0.01,0.009999487392616283,0.9804776760634253,0.9878112192981049,0.9073815307312026,0.7083333333333334,0.10568169553851225,-0.32221463113741466,-0.28193780224523785,0.7131011195315582,0.10091390934028743,0.4027682889217685,0.20138414446088415,104978.06902196567,4119.932155205921,NaN,
ER(0.5),14,2,20272105,51,36.0,0.8140150288718456,pert:lowd:0.05,0.04993730353156112,0.9986554767131351,0.997761848326074,0.9559027369299702,0.7083333333333334,0.10568169553851225,-0.32221463113741466,-0.28193780224523785,0.7078777536218565,0.10613727524998917,1.5305194979027197,0.0,2.559414761347219e6,100446.87696588942,NaN,
ER(0.5),14,2,20272105,51,36.0,0.8140150288718456,pert:lowd:0.2,0.19611139385364795,0.9997111906416309,0.9987504549480408,0.9634662601982455,0.7083333333333334,0.10568169553851225,-0.32221463113741466,-0.28193780224523785,0.7078777536218565,0.10613727524998917,1.5305194979027197,0.0,4.075697878894974e7,1.599552750711455e6,NaN,
ER(0.5),14,2,20272105,51,36.0,0.8140150288718456,pert:lowd:0.5,0.44719111166669623,0.9998295652290579,0.9989140418025414,0.9649084020335552,0.7083333333333334,0.10568169553851225,-0.32221463113741466,-0.28193780224523785,0.7078777536218565,0.10613727524998917,1.5305194979027197,0.0,2.544893899401787e8,9.987721591018125e6,NaN,
ER(0.5),14,2,20272105,51,36.0,0.8140150288718456,pert:highd:0.01,0.004974691191122962,0.03157860538242549,0.002885549965215017,0.008324330082710777,0.7083333333333335,0.10568169553851214,-0.32221463113741466,0.5235987755982989,0.7903261535642749,0.02368887530757069,0.0,0.0,41.84500943586866,1.6412561290393808,NaN,
ER(0.5),14,2,20272105,51,36.0,0.8140150288718456,pert:highd:0.05,0.024041862962683135,0.15621603033807144,0.014421775527582947,0.04185452830996692,0.7083333333333335,0.10568169553851214,-0.32221463113741466,0.5235987755982989,0.775378579882956,0.03863644898888963,0.08055365778435375,0.04027682889217682,148.79862371966325,5.837882703252286,NaN,
ER(0.5),14,2,20272105,51,36.0,0.8140150288718456,pert:highd:0.2,0.08524336710031882,0.5363179091991234,0.05752974896537471,0.16923636220956134,0.7083333333333335,0.10568169553851214,-0.32221463113741466,0.5235987755982989,0.7960906088593356,0.017924420012510045,0.0,-0.040276828892176875,1142.298142983464,44.825561683840334,NaN,
ER(0.5),14,2,20272105,51,36.0,0.8140150288718456,pert:highd:0.5,0.1725151285187512,0.8484144883803817,0.14226276410971622,0.4116112156978285,0.7083333333333335,0.10568169553851214,-0.32221463113741466,0.5235987755982989,0.7978931754541638,0.016121853417681797,0.0,-0.0805536577843537,5935.513597982719,232.93405856375693,NaN,
ER(0.5),14,2,20272105,51,36.0,0.8140150288718456,pert:nulled:0.01,0.00619627550138251,0.0585100195933811,0.0007647590453095491,0.002178380346853306,0.7083333333333334,0.10568169553851225,-0.32221463113741466,1.2888585245496587,0.7903261535642749,0.02368887530757069,0.0,0.0,63.52857719635205,2.492014983882981,NaN,
ER(0.5),14,2,20272105,51,36.0,0.8140150288718456,pert:nulled:0.05,0.030036863924260554,0.2808475761888925,0.0038238125971351068,0.010869325121674869,0.7083333333333334,0.10568169553851225,-0.32221463113741466,1.2888585245496587,0.7903261535642749,0.02368887530757069,0.0,0.0,386.2576724448315,15.156045290351004,NaN,
ER(0.5),14,2,20272105,51,36.0,0.8140150288718456,pert:nulled:0.2,0.10739712270548452,0.7585582008747498,0.015294236282883823,0.043113469974701155,0.7083333333333334,0.10568169553851225,-0.32221463113741466,1.2888585245496587,0.7960906088593356,0.017924420012510045,0.0,-0.040276828892176875,4027.752486725394,158.0637367254455,NaN,
ER(0.5),14,2,20272105,51,36.0,0.8140150288718456,pert:nulled:0.5,0.21909299964084614,0.9446399198039835,0.03821544369431855,0.10569345081918165,0.7083333333333334,0.10568169553851225,-0.32221463113741466,1.2888585245496587,0.7960906088593356,0.017924420012510045,0.0,-0.040276828892176875,22827.240201543835,895.8571196338214,NaN,
ER(0.5),14,2,20272105,51,36.0,0.8140150288718456,pert:random:0.01,0.009793562155594314,0.43234153623596117,0.4553727006604461,0.38722895967146226,0.7083333333333333,0.10568169553851237,-0.32221463113741466,1.1277512089809514,0.7384711059442064,0.07554392292763923,0.3222146311374148,0.12083048667653046,490.77163947858054,19.259371784693954,NaN,
ER(0.5),14,2,20272105,51,36.0,0.8140150288718456,pert:random:0.05,0.04932919458561685,0.9197823335793439,0.868073232263311,0.8257628862391703,0.7083333333333334,0.10568169553851225,-0.32221463113741466,1.2888585245496587,0.7067412964489378,0.10727373242290783,-0.966643893412244,0.4027682889217683,13644.326894382746,535.5054470168711,NaN,
ER(0.5),14,2,20272105,51,36.0,0.8140150288718456,pert:random:0.2,0.19998561192918063,0.9933852551457685,0.9544721313064062,0.9394842104426961,0.7083333333333334,0.10568169553851225,-0.32221463113741466,1.2888585245496587,0.7082303346235919,0.10578469424825376,1.449965840118366,-0.040276828892176875,232695.16425003944,9132.460969292231,NaN,
ER(0.5),14,2,20272105,51,36.0,0.8140150288718456,pert:random:0.5,0.4795728329451996,0.9985782343948479,0.9676672363340487,0.9575658518718654,0.7083333333333334,0.10568169553851225,-0.32221463113741466,1.2888585245496587,0.7082120845223705,0.10580294434947513,1.5305194979027197,-0.0805536577843537,1.4726714439876413e6,57796.848329354325,NaN,
ER(0.5),14,2,20272105,51,36.0,0.8140150288718456,fit:triangle:mse,0.7312236274589222,0.9976902348195736,0.9969400611085824,0.9999207384158983,0.5328340589371522,0.28118096993469344,0.6444292622748293,1.0069207223044208,0.6913611552687774,0.12265387360306823,0.48332194670612205,0.2819378022452378,142427.07011848365,5975.064039620201,0.7312236274589222,1.54189;0.412802;0.402104;0.146734
ER(0.5),14,2,20272105,51,36.0,0.8140150288718456,fit:triangle:wgt,0.884163654181647,0.9674052928447783,0.9502077368132534,0.9736922255638549,0.5047121374467094,0.30930289142513623,0.5638756044904757,0.9666438934122439,0.7022587782750654,0.11175625059678018,0.48332194670612205,0.24166097335306103,592.7767833147507,24.56954369220577,0.9646108566697839,0.05;0.450017;0.356676;0.0879417
ER(0.5),14,2,20272105,51,36.0,0.8140150288718456,fit:normal:mse,0.639301255122373,0.9999815068347938,0.9819160065743788,0.9978463099809848,0.7083333333333334,0.10568169553851225,-0.32221463113741466,-0.28193780224523785,0.7083333333333334,0.10568169553851225,2.0943951023931957,0.4027682889217683,15694.77477324376,607.94437390572,0.639301255122373,26.2866;5.24191;4.51978
ER(0.5),14,2,20272105,51,36.0,0.8140150288718456,fit:normal:wgt,0.9994264808918639,0.9723735201973508,0.9487590636175133,0.9826265222129632,0.7083339709398889,0.1056810579319567,2.5777170490993178,-0.24166097335306103,0.7083333333333334,0.10568169553851225,-1.0471975511965976,1.208304866765305,5.682796040367353e7,2.2810635450705765e6,0.9678134250174701,19.2489;169.704;0.01
ER(0.5),14,2,20272105,51,36.0,0.8140150288718456,paper:empP,0.9640716332726144,0.8800740558472192,0.9236441717428467,0.8900676397317187,0.4600560823685288,0.35395894650331683,0.4027682889217684,0.8055365778435366,0.7998067348865252,0.01420829398532042,-0.6444292622748293,-0.040276828892176875,47619.27076253228,28066.945285767542,NaN,
ER(0.5),14,2,20272105,51,36.0,0.8140150288718456,paper:binP,0.9640716332726144,0.8800740558472192,0.9236441717428467,0.8900676397317187,0.49569801349251147,0.31831701537933416,0.24166097335306103,0.8860902356278904,0.7897354767037853,0.024279552168060325,-0.16110731556870728,0.04027682889217682,114.40150998719591,6.4518955916091745,NaN,
ER(0.5),14,3,20272106,44,31.0,0.8303171548513186,exactN,0.0,0.0,0.0,0.0,0.7954659624471275,0.0348511924041911,0.0,0.0,0.7948619652793346,0.035455189571984014,0.0,0.0,24.250071863523402,0.9816865906104331,NaN,
ER(0.5),14,3,20272106,44,31.0,0.8303171548513186,pert:lowd:0.01,0.009999490729432388,0.979652036711015,0.9602292170354727,0.8708297427326136,0.7096774193548387,0.12063973549647988,-0.32221463113741466,-0.32221463113741466,0.7216122304374247,0.1087049244138939,0.6444292622748293,0.16110731556870733,90974.2971526548,4138.133311280274,NaN,
ER(0.5),14,3,20272106,44,31.0,0.8303171548513186,pert:lowd:0.05,0.04993738593374462,0.99871978914291,0.9871224686548618,0.9477268520584068,0.7096774193548387,0.12063973549647988,-0.32221463113741466,-0.32221463113741466,0.7160942506999424,0.11422290415137626,0.9666438934122439,0.12083048667653046,2.2181209594422225e6,100896.23519710591,NaN,
ER(0.5),14,3,20272106,44,31.0,0.8303171548513186,pert:lowd:0.2,0.19611263954915234,0.9997639339387514,0.9906229559895982,0.9594048555902666,0.7096774193548387,0.12063973549647988,-0.32221463113741466,-0.32221463113741466,0.7160942506999424,0.11422290415137626,0.9666438934122439,0.12083048667653046,3.532247994295312e7,1.6067254703989918e6,NaN,
ER(0.5),14,3,20272106,44,31.0,0.8303171548513186,pert:lowd:0.5,0.44719701801975165,0.9998728375482663,0.9912594385242804,0.9615979379404044,0.7096774193548387,0.12063973549647988,-0.32221463113741466,-0.32221463113741466,0.7160942506999424,0.11422290415137626,0.9666438934122439,0.12083048667653046,2.2055647738330388e8,1.0032529824050318e7,NaN,
ER(0.5),14,3,20272106,44,31.0,0.8303171548513186,pert:highd:0.01,0.0050649116281442485,0.030441182322105367,0.004721274220518219,0.011193084695919299,0.7096774193548389,0.12063973549647977,-0.32221463113741466,0.48332194670612205,0.7948619652793346,0.035455189571984014,0.0,0.0,36.13765710441005,1.6428779594684648,NaN,
ER(0.5),14,3,20272106,44,31.0,0.8303171548513186,pert:highd:0.05,0.024482590928070647,0.15114607743673894,0.023622209144173918,0.056475927802590906,0.7096774193548389,0.12063973549647977,-0.32221463113741466,0.48332194670612205,0.7948619652793346,0.035455189571984014,0.0,0.0,128.71860776861487,5.853314080708802,NaN,
ER(0.5),14,3,20272106,44,31.0,0.8303171548513186,pert:highd:0.2,0.08685157938626642,0.5276700164180768,0.09442543259318728,0.2294109897925074,0.7096774193548389,0.12063973549647977,-0.32221463113741466,0.48332194670612205,0.8023646764032226,0.027952478448096008,0.0,-0.04027682889217682,989.3292647729397,44.99712057333289,NaN,
ER(0.5),14,3,20272106,44,31.0,0.8303171548513186,pert:highd:0.5,0.17585626658594478,0.8484735201936305,0.23227927975513848,0.5407465995859952,0.7096774193548389,0.12063973549647977,-0.32221463113741466,0.48332194670612205,0.8131986547208027,0.017118500130515968,-0.08055365778435375,-0.12083048667653051,5142.597330424751,233.9121226858207,NaN,
ER(0.5),14,3,20272106,44,31.0,0.8303171548513186,pert:nulled:0.01,0.0062255425877567145,0.056418823889579375,0.0008566987108958614,0.002016435591294009,0.7096774193548387,0.12063973549647988,-0.32221463113741466,1.248581695657482,0.7948619652793346,0.035455189571984014,0.0,0.0,54.90015796371553,2.4961138695420475,NaN,
ER(0.5),14,3,20272106,44,31.0,0.8303171548513186,pert:nulled:0.05,0.030181328200361054,0.27192646592500763,0.004282186179781446,0.01006022500071931,0.7096774193548387,0.12063973549647988,-0.32221463113741466,1.248581695657482,0.7948619652793346,0.035455189571984014,0.0,0.0,334.3664835563136,15.206589572708715,NaN,
ER(0.5),14,3,20272106,44,31.0,0.8303171548513186,pert:nulled:0.2,0.10793950346009018,0.7490887946965582,0.01710737939054828,0.039892421239530206,0.7096774193548387,0.12063973549647988,-0.32221463113741466,1.248581695657482,0.7884355939662613,0.041881560885057345,0.08055365778435353,0.0,3489.451340291293,158.71666166581198,NaN,
ER(0.5),14,3,20272106,44,31.0,0.8303171548513186,pert:nulled:0.5,0.22025051452830288,0.9428359466227759,0.04264111248227927,0.0977832468774559,0.7096774193548387,0.12063973549647988,-0.32221463113741466,1.248581695657482,0.7728065042631492,0.0575106505881694,0.16110731556870728,0.04027682889217682,19780.555381058424,899.7431710394155,NaN,
ER(0.5),14,3,20272106,44,31.0,0.8303171548513186,pert:random:0.01,0.009764066862838391,0.8265688397432996,0.20554596027202734,0.18934053266266399,0.7096774193548383,0.12063973549648033,-0.32221463113741466,1.208304866765305,0.7884355939662613,0.041881560885057345,0.08055365778435353,0.0,5420.877081470503,246.59107814252923,NaN,
ER(0.5),14,3,20272106,44,31.0,0.8303171548513186,pert:random:0.05,0.04920830410508347,0.9923532071269929,0.723742918192318,0.7728976860678978,0.7096774193548387,0.12063973549647988,-0.32221463113741466,1.248581695657482,0.772226695839569,0.058090459011749584,0.32221463113741455,-0.12083048667653051,149570.626182406,6803.633923709378,NaN,
ER(0.5),14,3,20272106,44,31.0,0.8303171548513186,pert:random:0.2,0.19993172522310124,0.9997994821251502,0.9724924858953432,0.9999967671832916,0.7096774193548387,0.12063973549647988,-0.32221463113741466,1.248581695657482,0.694142611674812,0.13617454317650668,0.6444292622748293,0.3222146311374147,2.4368634493596135e6,110846.73344494897,NaN,
ER(0.5),14,3,20272106,44,31.0,0.8303171548513186,pert:random:0.5,0.481257361631235,0.9999996457904538,0.9953539614842671,0.9872638297776881,0.7096774193548387,0.12063973549647988,-0.32221463113741466,1.248581695657482,0.7067214680480912,0.12359568680322741,0.9666438934122439,0.28193780224523785,1.5285360346548978e7,695291.3223629296,NaN,
ER(0.5),14,3,20272106,44,31.0,0.8303171548513186,fit:triangle:mse,0.7247829448272817,0.9939158245332409,0.9960013528273726,0.9993929034990551,0.5408088627761217,0.2895082920751969,0.4027682889217684,1.0069207223044208,0.7046629548249057,0.12565420002641292,0.4027682889217683,0.24166097335306097,1639.7377319236816,78.06002187111233,0.7247829448272817,0.186629;0.657065;0.153032;0.403575
ER(0.5),14,3,20272106,44,31.0,0.8303171548513186,fit:triangle:wgt,0.9120087941784478,0.9653134876722386,0.9711697363759297,0.9793196158004676,0.5377622041454905,0.29255495070582815,0.8860902356278905,0.9263670645200671,0.7287641502741384,0.1015530045771802,0.48332194670612183,-0.32221463113741466,362.3147487015208,17.550387022003243,0.9623067837621945,0.05;0.727818;0.169518;0.248007
ER(0.5),14,3,20272106,44,31.0,0.8303171548513186,fit:normal:mse,0.6504220227024315,0.9999707762496051,0.9970164922709247,0.9965750293060784,0.7096774193548387,0.12063973549647988,-0.32221463113741466,-0.32221463113741466,0.709677419354839,0.12063973549647966,1.933287786824488,0.3624914600295915,17013.87272525953,772.7794801962975,0.6504220227024315,22.5253;5.30137;5.25662
ER(0.5),14,3,20272106,44,31.0,0.8303171548513186,fit:normal:wgt,0.9991675468930583,0.9808778438381016,0.9937535223367774,0.9987384899846367,0.7096778543549569,0.12063930049636173,2.738824364668025,-0.28193780224523785,0.7096774193548387,0.12063973549647988,-1.2083048667653051,1.1680280378731283,6.060084756751587e7,2.8339261830879585e6,0.97669498509864,16.6916;117.178;0.01
ER(0.5),14,3,20272106,44,31.0,0.8303171548513186,paper:empP,0.9328750178563319,0.9949694233274664,0.994144743250715,0.9963825732857741,0.8083841034272355,0.021933051424083083,0.0805536577843537,0.0,0.7694617331334447,0.06085542171787395,0.0,0.08055365778435364,37.235061082300334,1.4505292571963362,NaN,
ER(0.5),14,3,20272106,44,31.0,0.8303171548513186,paper:binP,0.9328750178563319,0.9949694233274664,0.994144743250715,0.9963825732857741,0.8218620957452738,0.008455059106044827,0.24166097335306103,0.040276828892176875,0.7500951619420239,0.08022199290929477,0.08055365778435353,0.12083048667653046,35.93639571845848,1.3079749456837628,NaN,
ER(0.5),14,4,20272107,45,32.0,0.821983328718514,exactN,0.0,0.0,0.0,0.0,0.7855879264173162,0.036395402301197755,0.0,0.0,0.7977720395559469,0.024211289162567096,0.0,0.0,24.77771820125256,0.9843731253284129,NaN,
ER(0.5),14,4,20272107,45,32.0,0.821983328718514,pert:lowd:0.01,0.00999949019198449,0.9811836867356485,0.9909452821395996,0.9135830507214296,0.703125,0.11885832871851398,-0.32221463113741466,-0.28193780224523785,0.7152351857975788,0.10674814292093515,0.48332194670612205,0.20138414446088415,92637.20167419821,4119.841316803328,NaN,
ER(0.5),14,4,20272107,45,32.0,0.821983328718514,pert:lowd:0.05,0.04993737264700426,0.9987936264742296,0.9990281092797967,0.9606936534392208,0.703125,0.11885832871851398,-0.32221463113741466,-0.28193780224523785,0.703164713048412,0.11881861567010199,1.6916268134714272,0.0,2.2585414453656944e6,100444.62464044322,NaN,
ER(0.5),14,4,20272107,45,32.0,0.821983328718514,pert:lowd:0.2,0.19611243864761996,0.9997692473090448,0.9996360193493121,0.9678952790168178,0.703125,0.11885832871851398,-0.32221463113741466,-0.28193780224523785,0.703164713048412,0.11881861567010199,1.6916268134714272,0.0,3.596577983638331e7,1.5995167694081718e6,NaN,
ER(0.5),14,4,20272107,45,32.0,0.821983328718514,pert:lowd:0.5,0.447196065419433,0.999872809766667,0.9997225398345136,0.9692614562675118,0.703125,0.11885832871851398,-0.32221463113741466,-0.28193780224523785,0.703164713048412,0.11881861567010199,1.6916268134714272,0.0,2.2457282361556083e8,9.987496777752414e6,NaN,
ER(0.5),14,4,20272107,45,32.0,0.821983328718514,pert:highd:0.01,0.004997653469666675,0.03180133110320541,0.002854910824002369,0.008310201161436508,0.7031250000000001,0.11885832871851387,-0.32221463113741466,0.5235987755982989,0.7977720395559469,0.024211289162567096,0.0,0.0,36.9229311743676,1.6412501655047533,NaN,
ER(0.5),14,4,20272107,45,32.0,0.821983328718514,pert:highd:0.05,0.024154007200204282,0.15747566569831917,0.014264899891036903,0.04175101297290393,0.7031250000000001,0.11885832871851387,-0.32221463113741466,0.5235987755982989,0.782982384516737,0.03900094420177702,0.08055365778435375,0.04027682889217682,131.3010410004179,5.837816144270117,NaN,
ER(0.5),14,4,20272107,45,32.0,0.821983328718514,pert:highd:0.2,0.08565231486686842,0.5411990525617137,0.0568497440975144,0.1683347571514266,0.7031250000000001,0.11885832871851387,-0.32221463113741466,0.5235987755982989,0.7907074203784052,0.03127590834010874,0.08055365778435375,0.0,1007.9999409303821,44.82474432827621,NaN,
ER(0.5),14,4,20272107,45,32.0,0.821983328718514,pert:highd:0.5,0.17336422303786886,0.853580894847548,0.14033800325602291,0.4075294952100368,0.7031250000000001,0.11885832871851387,-0.32221463113741466,0.5235987755982989,0.8027052347983878,0.019278093920126138,0.0,-0.0805536577843537,5237.728736969508,232.92925957666927,NaN,
ER(0.5),14,4,20272107,45,32.0,0.821983328718514,pert:nulled:0.01,0.0061933774876413205,0.0589254074337163,0.0007572241110447863,0.0021762558236508764,0.703125,0.11885832871851398,-0.32221463113741466,1.2888585245496587,0.7977720395559469,0.024211289162567096,0.0,0.0,56.056802125412844,2.4919989125953466,NaN,
ER(0.5),14,4,20272107,45,32.0,0.821983328718514,pert:nulled:0.05,0.030022561577759458,0.28291331424909694,0.0037858679641597855,0.010860767527681697,0.703125,0.11885832871851398,-0.32221463113741466,1.2888585245496587,0.7977720395559469,0.024211289162567096,0.0,0.0,340.8421363813922,15.155814150383584,NaN,
ER(0.5),14,4,20272107,45,32.0,0.821983328718514,pert:nulled:0.2,0.10734345085531377,0.7621438339215382,0.015138448212560987,0.04310964148328028,0.703125,0.11885832871851398,-0.32221463113741466,1.2888585245496587,0.7907074203784052,0.03127590834010874,0.08055365778435375,0.0,3554.2404318404883,158.06055041263704,NaN,
ER(0.5),14,4,20272107,45,32.0,0.821983328718514,pert:nulled:0.5,0.21897850798874163,0.9463976302488386,0.03780643541932107,0.10582719966931556,0.703125,0.11885832871851398,-0.32221463113741466,1.2888585245496587,0.8022826433786567,0.01970068533985725,0.0,-0.040276828892176875,20143.710511175814,895.837845087106,NaN,
ER(0.5),14,4,20272107,45,32.0,0.821983328718514,pert:random:0.01,0.008295000515920388,0.9350791106742756,0.9811456986971172,0.9882023279658025,0.703125,0.11885832871851398,-0.32221463113741466,-0.28193780224523785,0.5750278308484249,0.24695549787008908,-0.8055365778435367,0.7652597489513598,14660.018464004683,651.9966160859813,NaN,
ER(0.5),14,4,20272107,45,32.0,0.821983328718514,pert:random:0.05,0.04055245958623117,0.9980495209561615,0.9999294114647572,0.9820955623642517,0.703125,0.11885832871851398,-0.32221463113741466,-0.28193780224523785,0.6339490704634625,0.1880342582550515,-0.6444292622748293,0.4027682889217683,389833.3545644607,17337.270493799657,NaN,
ER(0.5),14,4,20272107,45,32.0,0.821983328718514,pert:random:0.2,0.14857795101921553,0.9999948613984039,0.9986997549555563,0.9685629815462383,0.703125,0.11885832871851398,-0.32221463113741466,-0.28193780224523785,0.7028275030824636,0.11915582563605043,1.6916268134714272,0.24166097335306103,6.308614851924403e6,280565.39317574486,NaN,
ER(0.5),14,4,20272107,45,32.0,0.821983328718514,pert:random:0.5,0.310713684971085,0.999962479596016,0.9982712271348383,0.9654660395047211,0.703125,0.11885832871851398,-0.32221463113741466,-0.28193780224523785,0.7028275030824636,0.11915582563605043,1.6916268134714272,0.24166097335306103,3.95182480481438e7,1.757508538942093e6,NaN,
ER(0.5),14,4,20272107,45,32.0,0.821983328718514,fit:triangle:mse,0.7231512362025472,0.9974315705024323,0.9952647333919767,0.9995417390767559,0.5427926825938212,0.2791906461246928,0.32221463113741466,1.0471975511965976,0.6929360314119886,0.12904729730652542,0.48332194670612205,0.2819378022452378,143133.5501555358,6601.984736195789,0.7231512362025472,1.71559;0.400094;0.416199;0.152226
ER(0.5),14,4,20272107,45,32.0,0.821983328718514,fit:triangle:wgt,0.9017710080756609,0.9674749590150945,0.954307763112623,0.9757077916144167,0.5065767051446841,0.31540662357382987,0.724982920059183,0.9666438934122439,0.7204899914141969,0.10149333730431709,0.5638756044904756,-0.2819378022452379,421.80504083987574,19.96005331711683,0.9645174940420557,0.05;0.608842;0.224542;0.147168
ER(0.5),14,4,20272107,45,32.0,0.821983328718514,fit:normal:mse,0.6405299907489883,0.9999812970158077,0.9912244783901244,0.9999996287020373,0.703125,0.11885832871851398,-0.32221463113741466,1.2888585245496587,0.7031250000000001,0.11885832871851387,-1.1277512089809514,0.4027682889217683,8755.128981122998,389.5147995071615,0.6405299907489883,23.2538;4.88524;4.92849
ER(0.5),14,4,20272107,45,32.0,0.821983328718514,fit:normal:wgt,0.9989728111105636,0.9766004021591606,0.9694509672744811,0.9929664010088112,0.70312559922378,0.11885772949473394,2.738824364668025,-0.24166097335306103,0.703125,0.11885832871851398,-1.1277512089809514,1.208304866765305,6.076414018947823e7,2.7734498065461973e6,0.972095671052736,17.1884;124.78;0.01
ER(0.5),14,4,20272107,45,32.0,0.821983328718514,paper:empP,0.7551286149008833,0.9531251685950433,0.9346254707886299,0.9547840435799808,0.7855879264173162,0.036395402301197755,0.0,0.0,0.7574597121377471,0.06452361658076688,0.08055365778435375,0.12083048667653046,27.10471542054902,1.0723143278760945,NaN,
ER(0.5),14,4,20272107,45,32.0,0.821983328718514,paper:binP,0.7551286149008833,0.9531251685950433,0.9346254707886299,0.9547840435799808,0.8106555106913889,0.011327818027125125,0.16110731556870733,0.04027682889217682,0.7377998773108694,0.0841834514076446,0.16110731556870728,0.16110731556870728,28.494984475356414,1.0518367513991507,NaN,
ER(0.5),14,5,20272108,50,33.0,0.8665510291384579,exactN,0.0,0.0,0.0,0.0,0.840521699244459,0.026029329893998976,0.0,0.0,0.8331341206755827,0.03341690846287526,0.0,0.0,27.24009520862799,0.9803245846894908,NaN,
ER(0.5),14,5,20272108,50,33.0,0.8665510291384579,pert:lowd:0.01,0.009999487826841714,0.9790156732627738,0.9878553311655621,0.9121540036705117,0.7575757575757576,0.10897527156270037,-0.32221463113741466,-0.28193780224523785,0.7572264289697187,0.10932460016873924,0.5638756044904756,0.20138414446088415,102886.0249270129,4118.6304409818895,NaN,
ER(0.5),14,5,20272108,50,33.0,0.8665510291384579,pert:lowd:0.05,0.04993731424253899,0.9986161987815971,0.9979048602718662,0.9608736166886573,0.7575757575757576,0.10897527156270037,-0.32221463113741466,-0.28193780224523785,0.7604371838455903,0.1061138452928676,1.2083048667653051,0.04027682889217682,2.5083992840766446e6,100414.7335925854,NaN,
ER(0.5),14,5,20272108,50,33.0,0.8665510291384579,pert:lowd:0.2,0.19611155573889968,0.9997237953236183,0.9988738054321761,0.9682763582757101,0.7575757575757576,0.10897527156270037,-0.32221463113741466,-0.28193780224523785,0.7604371838455903,0.1061138452928676,1.2083048667653051,0.04027682889217682,3.994455952793028e7,1.5990396551854806e6,NaN,
ER(0.5),14,5,20272108,50,33.0,0.8665510291384579,pert:lowd:0.5,0.44719187919443615,0.9998437917877133,0.9990319765458487,0.969677758417312,0.7575757575757576,0.10897527156270037,-0.32221463113741466,-0.28193780224523785,0.7604371838455903,0.1061138452928676,1.2083048667653051,0.04027682889217682,2.4941654827794415e8,9.984516242039394e6,NaN,
ER(0.5),14,5,20272108,50,33.0,0.8665510291384579,pert:highd:0.01,0.004965823162278246,0.03018440271154932,0.002826544381133341,0.008031381528789005,0.7575757575757577,0.10897527156270026,-0.32221463113741466,0.5235987755982989,0.8331341206755827,0.03341690846287526,0.0,0.0,41.02154120144818,1.6411414774367392,NaN,
ER(0.5),14,5,20272108,50,33.0,0.8665510291384579,pert:highd:0.05,0.023998557714714853,0.14938875668484217,0.014127811741201868,0.04036630160877715,0.7575757575757577,0.10897527156270026,-0.32221463113741466,0.5235987755982989,0.8331341206755827,0.03341690846287526,0.0,0.0,145.85257502356023,5.836785648633375,NaN,
ER(0.5),14,5,20272108,50,33.0,0.8665510291384579,pert:highd:0.2,0.08508549713277937,0.5181015307507398,0.05637381161971275,0.1631039657936933,0.7575757575757577,0.10897527156270026,-0.32221463113741466,0.5235987755982989,0.8331341206755827,0.03341690846287526,0.0,0.0,1119.5833353390444,44.813316516279215,NaN,
ER(0.5),14,5,20272108,50,33.0,0.8665510291384579,pert:highd:0.5,0.17218743726795477,0.8356527644465622,0.1395153930270658,0.3975397558073081,0.7575757575757577,0.10897527156270026,-0.32221463113741466,0.5235987755982989,0.8495987912064924,0.01695223793196554,-0.08055365778435375,-0.0805536577843537,5817.323514571632,232.86416089942676,NaN,
ER(0.5),14,5,20272108,50,33.0,0.8665510291384579,pert:nulled:0.01,0.006199529428966622,0.055944130899649266,0.000749011788555981,0.00210537886957296,0.7575757575757576,0.10897527156270037,-0.32221463113741466,1.2888585245496587,0.8331341206755827,0.03341690846287526,0.0,0.0,62.27538316015827,2.491724594465646,NaN,
ER(0.5),14,5,20272108,50,33.0,0.8665510291384579,pert:nulled:0.05,0.03005292330781825,0.26949673502232696,0.0037450951260350725,0.010506967711406266,0.7575757575757576,0.10897527156270037,-0.32221463113741466,1.2888585245496587,0.8331341206755827,0.03341690846287526,0.0,0.0,378.5907498076659,15.152443721955118,NaN,
ER(0.5),14,5,20272108,50,33.0,0.8665510291384579,pert:nulled:0.2,0.10745739352980575,0.7443951979828081,0.014979725635877437,0.04170584515639487,0.7575757575757576,0.10897527156270037,-0.32221463113741466,1.2888585245496587,0.8465769459990004,0.019974083139457588,-0.08055365778435375,-0.040276828892176875,3947.5705093337815,158.0170861322238,NaN,
ER(0.5),14,5,20272108,50,33.0,0.8665510291384579,pert:nulled:0.5,0.219221579089505,0.9403586019752314,0.03743187110802296,0.10240329691263528,0.7575757575757576,0.10897527156270037,-0.32221463113741466,1.2888585245496587,0.8465769459990004,0.019974083139457588,-0.08055365778435375,-0.040276828892176875,22372.46382385005,895.5792715525762,NaN,
ER(0.5),14,5,20272108,50,33.0,0.8665510291384579,pert:random:0.01,0.009827300145145932,0.9628611392420481,0.98929500372058,0.9976458464536547,0.7575757575757576,0.10897527156270037,-0.32221463113741466,-0.28193780224523785,0.6675572479629766,0.1989937811754814,-0.8055365778435367,1.0069207223044208,42308.63357900581,1693.7111947577582,NaN,
ER(0.5),14,5,20272108,50,33.0,0.8665510291384579,pert:random:0.05,0.04873916029965996,0.9989008306658058,0.9999711915340986,0.9847002154575911,0.7575757575757576,0.10897527156270037,-0.32221463113741466,-0.28193780224523785,0.70428098927724,0.1622700398612179,-0.8055365778435367,0.4027682889217683,1.099253712002257e6,44004.94458564357,NaN,
ER(0.5),14,5,20272108,50,33.0,0.8665510291384579,pert:random:0.2,0.1868766597798178,0.9999950498277502,0.9998262490452116,0.9760190295628001,0.7575757575757576,0.10897527156270037,-0.32221463113741466,-0.28193780224523785,0.7550045848696021,0.11154644426885585,1.2083048667653051,0.2819378022452378,1.7714098009617448e7,709122.6075203961,NaN,
ER(0.5),14,5,20272108,50,33.0,0.8665510291384579,pert:random:0.5,0.4123073371373295,0.9999842686075963,0.9997147381776156,0.9740747116091049,0.7575757575757576,0.10897527156270037,-0.32221463113741466,-0.28193780224523785,0.7538862873436786,0.11266474179477937,1.2083048667653051,0.32221463113741466,1.1087099833208567e8,4.438334164690098e6,NaN,
ER(0.5),14,5,20272108,50,33.0,0.8665510291384579,fit:triangle:mse,0.7412021081775748,0.9952311132224335,0.995446087359981,0.9998383502775362,0.5773041366651058,0.2892468924733521,0.724982920059183,1.0069207223044208,0.7369149208950903,0.1296361082433677,0.48332194670612205,0.2819378022452378,2239.082481262103,96.7105323917636,0.7412021081775748,0.192541;0.480603;0.296828;0.180757
ER(0.5),14,5,20272108,50,33.0,0.8665510291384579,fit:triangle:wgt,0.9218388028515083,0.9654999895447904,0.9570292290436776,0.9743236262521764,0.5735038295330784,0.2930471996053795,0.8055365778435367,0.9666438934122439,0.7782295884768354,0.08832144066162251,0.4027682889217683,-0.2819378022452379,481.69824001870893,20.406398620932066,0.9626740086543072,0.05;0.609291;0.257582;0.156255
ER(0.5),14,5,20272108,50,33.0,0.8665510291384579,fit:normal:mse,0.6626837765720767,0.9999995051913646,0.9927325312085633,0.9999484963165796,0.7575757575757576,0.10897527156270037,-0.32221463113741466,1.2888585245496587,0.7575757575757578,0.10897527156270015,2.0138414446088415,0.4027682889217683,21077.43215962168,837.0655760766845,0.6626837765720767,25.9199;5.39513;5.05295
ER(0.5),14,5,20272108,50,33.0,0.8665510291384579,fit:normal:wgt,0.9996829071979205,0.9754394492214576,0.9538851662357903,0.9858945264878259,0.7577355105917759,0.10881551854668203,2.4166097335306103,-0.24166097335306103,0.7575757575757576,0.10897527156270037,-1.1277512089809514,1.208304866765305,5.2686095160084516e7,2.1878873318337537e6,0.9712157119714333,17.757;133.033;0.0105128
ER(0.5),14,5,20272108,50,33.0,0.8665510291384579,paper:empP,0.9243590676342245,0.827865423875937,0.8761743529827108,0.8360475929958174,0.4820300087309,0.3845210204075579,0.4027682889217684,0.8055365778435366,0.859514374787357,0.007036654351100902,-0.6444292622748293,-0.040276828892176875,7208.589352591168,2518.8733540533076,NaN,
ER(0.5),14,5,20272108,50,33.0,0.8665510291384579,paper:binP,0.9243590676342245,0.827865423875937,0.8761743529827108,0.8360475929958174,0.5361671310028977,0.33038389813556024,0.24166097335306103,0.9263670645200672,0.8125446836712045,0.05400634546725347,-0.08055365778435375,0.08055365778435364,70.90421077294658,3.9719043786536496,NaN,
ER(0.5),14,6,20272109,54,37.0,0.8258873659896238,exactN,0.0,0.0,0.0,0.0,0.8024466956515084,0.023440670338115366,0.0,0.0,0.8088576012485184,0.017029764741105402,0.0,0.0,29.16912422342833,0.9809674528922236,NaN,
ER(0.5),14,6,20272109,54,37.0,0.8258873659896238,pert:lowd:0.01,0.009999487180681317,0.9794357721902701,0.9995537878413306,0.9543262666638951,0.7297297297297297,0.09615763625989404,-0.32221463113741466,-0.241660973353061,0.7194270085870884,0.10646035740253534,0.5638756044904757,0.24166097335306103,111136.825718508,4119.700098004271,NaN,
ER(0.5),14,6,20272109,54,37.0,0.8258873659896238,pert:lowd:0.05,0.04993729830510716,0.9986569086297422,0.9990329244656176,0.9817071686347645,0.7297297297297297,0.09615763625989404,-0.32221463113741466,-0.241660973353061,0.7296357161050824,0.09625164988454138,1.9332877868244882,0.12083048667653051,2.7095630746491547e6,100441.14931121285,NaN,
ER(0.5),14,6,20272109,54,37.0,0.8258873659896238,pert:lowd:0.2,0.19611131486509062,0.9997359553605156,0.9983299496194458,0.9855924995073753,0.7297297297297297,0.09615763625989404,-0.32221463113741466,-0.241660973353061,0.729726046709387,0.09616131928023675,2.0943951023931953,0.12083048667653051,4.314797548944584e7,1.5994613295627236e6,NaN,
ER(0.5),14,6,20272109,54,37.0,0.8258873659896238,pert:lowd:0.5,0.4471907371713932,0.9998520172105273,0.9981666223423258,0.9863176720613587,0.7297297297297297,0.09615763625989404,-0.32221463113741466,-0.241660973353061,0.7297255259610524,0.09616184002857131,2.0943951023931953,0.16110731556870733,2.6941891917786086e8,9.987150485496175e6,NaN,
ER(0.5),14,6,20272109,54,37.0,0.8258873659896238,pert:highd:0.01,0.004962540736664465,0.030449196050103468,0.0013539094184544134,0.005115468512198147,0.7297297297297298,0.09615763625989393,-0.32221463113741466,0.5638756044904757,0.8088576012485184,0.017029764741105402,0.0,0.0,44.30502092551165,1.6412351258880653,NaN,
ER(0.5),14,6,20272109,54,37.0,0.8258873659896238,pert:highd:0.05,0.023982529326094633,0.15057037936406786,0.006765466963888264,0.025614565699191346,0.7297297297297298,0.09615763625989393,-0.32221463113741466,0.5638756044904757,0.8088576012485184,0.017029764741105402,0.0,0.0,157.53757809889765,5.837684362328291,NaN,
ER(0.5),14,6,20272109,54,37.0,0.8258873659896238,pert:highd:0.2,0.08502707213453346,0.5201863412263419,0.026993836976934683,0.10263223774054167,0.7297297297297298,0.09615763625989393,-0.32221463113741466,0.5638756044904757,0.8029905585196379,0.022896807469985903,0.08055365778435364,0.0,1209.3374144656955,44.823368442633154,NaN,
ER(0.5),14,6,20272109,54,37.0,0.8258873659896238,pert:highd:0.5,0.17206617733371687,0.835742665594757,0.06706571593132861,0.25293701477560276,0.7297297297297298,0.09615763625989393,-0.32221463113741466,0.5638756044904757,0.8181614649265422,0.007725901063081575,-0.08055365778435364,-0.08055365778435367,6283.779046514765,232.92157607318285,NaN,
ER(0.5),14,6,20272109,54,37.0,0.8258873659896238,pert:nulled:0.01,0.0062018347315328185,0.056439449549012644,0.0019815381063243527,0.0009268353068822635,0.7297297297297297,0.09615763625989404,-0.32221463113741466,1.3291353534418355,0.8088576012485184,0.017029764741105402,0.0,0.0,67.26186152680083,2.49196205486991,NaN,
ER(0.5),14,6,20272109,54,37.0,0.8258873659896238,pert:nulled:0.05,0.03006430119713106,0.2716617283893043,0.009900237749579547,0.004632021905153157,0.7297297297297297,0.09615763625989404,-0.32221463113741466,1.3291353534418355,0.8088576012485184,0.017029764741105402,0.0,0.0,408.9331410379315,15.15539764591838,NaN,
ER(0.5),14,6,20272109,54,37.0,0.8258873659896238,pert:nulled:0.2,0.10750009818648158,0.7469948630472959,0.03946766155147491,0.018493587280508157,0.7297297297297297,0.09615763625989404,-0.32221463113741466,1.3291353534418355,0.8088576012485184,0.017029764741105402,0.0,0.0,4264.0900652106375,158.055401157206,NaN,
ER(0.5),14,6,20272109,54,37.0,0.8258873659896238,pert:nulled:0.5,0.21931269060907838,0.9410420299462289,0.09775744250315654,0.04603613957139986,0.7297297297297297,0.09615763625989404,-0.32221463113741466,1.3291353534418355,0.8088576012485184,0.017029764741105402,0.0,0.0,24166.51266832115,895.8075557606776,NaN,
ER(0.5),14,6,20272109,54,37.0,0.8258873659896238,pert:random:0.01,0.009997954036791209,0.9140721139506945,0.8763631776014131,0.6274121203593099,0.7297297297297297,0.09615763625989404,-0.32221463113741466,1.3291353534418355,0.7428288814615853,0.08305848452803843,0.4027682889217684,0.16110731556870733,16325.37660236438,605.1911146933103,NaN,
ER(0.5),14,6,20272109,54,37.0,0.8258873659896238,pert:random:0.05,0.04990954357286956,0.9964928877405203,0.9982075595910173,0.9349750249061126,0.7297297297297297,0.09615763625989404,-0.32221463113741466,1.3291353534418355,0.7180938644957233,0.10779350149390043,0.48332194670612216,0.24166097335306103,435122.87071470404,16129.784977713483,NaN,
ER(0.5),14,6,20272109,54,37.0,0.8258873659896238,pert:random:0.2,0.19572118500309818,0.9998634481968421,0.9994930347331485,0.9770915443207394,0.7297297297297297,0.09615763625989404,-0.32221463113741466,1.3291353534418355,0.7089898456042703,0.1168975203853535,0.5638756044904757,0.2819378022452379,7.044470298402049e6,261133.5809745579,NaN,
ER(0.5),14,6,20272109,54,37.0,0.8258873659896238,pert:random:0.5,0.4453713465373669,0.9999953833456431,0.998741547812642,0.9832275351617319,0.7297297297297297,0.09615763625989404,-0.32221463113741466,1.3291353534418355,0.716525345567969,0.10936202042165477,0.8055365778435367,0.2819378022452379,4.413143432372127e7,1.635919657754914e6,NaN,
ER(0.5),14,6,20272109,54,37.0,0.8258873659896238,fit:triangle:mse,0.7450575994057698,0.9970167364518135,0.9924133599515346,0.998648395378923,0.5510806779082095,0.2748066880814143,0.6444292622748293,1.0471975511965976,0.7030235808735449,0.12286378511607887,0.6444292622748294,0.32221463113741466,25146.85269909184,999.6315181201836,0.7450575994057698,0.616397;0.550602;0.207679;0.243343
ER(0.5),14,6,20272109,54,37.0,0.8258873659896238,fit:triangle:wgt,0.8880224944499958,0.9688756040035823,0.9383343035102415,0.967857606477226,0.5192353294584204,0.3066520365312033,0.5638756044904757,1.0069207223044208,0.7056153379432017,0.12027202804642201,0.48332194670612216,0.2819378022452379,649.9754251817685,25.408807893124283,0.9662572455081634,0.05;0.882337;0.0825176;0.416949
ER(0.5),14,6,20272109,54,37.0,0.8258873659896238,fit:normal:mse,0.6534380424672509,0.9999849819583042,0.9842196502933946,0.9930256055889819,0.7297297297297297,0.09615763625989404,-0.32221463113741466,1.3291353534418355,0.7297297297297299,0.09615763625989382,2.174948760177549,0.48332194670612205,20987.10315294759,766.5744225146502,0.6534380424672509,28.0328;5.38269;4.70678
ER(0.5),14,6,20272109,54,37.0,0.8258873659896238,fit:normal:wgt,0.999566040259379,0.9743986792758281,0.9129421707516158,0.9718207842904818,0.7297383459039289,0.09614902008569481,2.497163391314964,-0.20138414446088415,0.7297297297297297,0.09615763625989404,2.174948760177549,1.248581695657482,5.889015923568573e7,2.2376614104616162e6,0.9701289524490524,20.2587;161.758;0.01
ER(0.5),14,6,20272109,54,37.0,0.8258873659896238,paper:empP,0.9809108135959468,0.8922752780986786,0.9591056449347444,0.9289913293848426,0.4682146850899884,0.35767268089963533,0.32221463113741466,0.8055365778435366,0.625888076038387,0.19999928995123673,0.0,1.0874743800887745,8.456278221697256e7,2.7389266138819003e8,NaN,
ER(0.5),14,6,20272109,54,37.0,0.8258873659896238,paper:binP,0.9809108135959468,0.8922752780986786,0.9591056449347444,0.9289913293848426,0.48509776324590176,0.340789602743722,0.32221463113741466,0.9263670645200672,0.8122483931254638,0.013638972864159937,-0.24166097335306091,0.040276828892176875,729.5728474725786,41.865288844238805,NaN,
ER(0.5),14,7,20272110,53,36.0,0.8362493132216382,exactN,0.0,0.0,0.0,0.0,0.8102987922556875,0.02595052096595074,0.0,0.0,0.8211455722523849,0.015103740969253265,0.0,0.0,28.67920255408771,0.9817496887592878,NaN,
ER(0.5),14,7,20272110,53,36.0,0.8362493132216382,pert:lowd:0.01,0.009999487780566365,0.9813606459076671,0.9998230172338408,0.9552144945583949,0.7361111111111112,0.10013820211052704,-0.32221463113741466,-0.241660973353061,0.7345052087920594,0.10174410442957882,0.966643893412244,0.24166097335306103,109073.73846421244,4119.334767106758,NaN,
ER(0.5),14,7,20272110,53,36.0,0.8362493132216382,pert:lowd:0.05,0.049937313100898786,0.9987557458310327,0.9986435732207546,0.9812338598858474,0.7361111111111112,0.10013820211052704,-0.32221463113741466,-0.241660973353061,0.7355273446445998,0.10072196857703841,1.5305194979027195,0.16110731556870733,2.6592625754896095e6,100432.12763784052,NaN,
ER(0.5),14,7,20272110,53,36.0,0.8362493132216382,pert:lowd:0.2,0.19611153848369578,0.9997452481410495,0.9978655191634382,0.9849853880415862,0.7361111111111112,0.10013820211052704,-0.32221463113741466,-0.241660973353061,0.7356967253570676,0.10055258786457055,1.691626813471427,0.12083048667653051,4.234696904948665e7,1.5993173175859628e6,NaN,
ER(0.5),14,7,20272110,53,36.0,0.8362493132216382,pert:lowd:0.5,0.44719179738382153,0.999853733175259,0.997689033187874,0.9856890216988725,0.7361111111111112,0.10013820211052704,-0.32221463113741466,-0.241660973353061,0.7356967253570676,0.10055258786457055,1.691626813471427,0.12083048667653051,2.644173741113576e8,9.98625082913791e6,NaN,
ER(0.5),14,7,20272110,53,36.0,0.8362493132216382,pert:highd:0.01,0.004949585035805738,0.032160917573731136,0.0014093276572630016,0.005382903016155126,0.7361111111111112,0.10013820211052704,-0.32221463113741466,0.5638756044904757,0.8211455722523849,0.015103740969253265,0.0,0.0,43.484115556675455,1.6412030624749858,NaN,
ER(0.5),14,7,20272110,53,36.0,0.8362493132216382,pert:highd:0.05,0.0239192690217605,0.15880259870676688,0.007041869198275568,0.02695522117975225,0.7361111111111112,0.10013820211052704,-0.32221463113741466,0.5638756044904757,0.8211455722523849,0.015103740969253265,0.0,0.0,154.61599451824026,5.837377029247605,NaN,
ER(0.5),14,7,20272110,53,36.0,0.8362493132216382,pert:highd:0.2,0.0847965177970331,0.5406717599192635,0.02808827980865074,0.1079833586283228,0.7361111111111112,0.10013820211052704,-0.32221463113741466,0.5638756044904757,0.8154263997941691,0.020822913427469114,0.08055365778435364,0.0,1186.8952290959191,44.81993387008108,NaN,
ER(0.5),14,7,20272110,53,36.0,0.8362493132216382,pert:highd:0.5,0.17158773490206825,0.8485158269630841,0.06973668890435909,0.26553235427632244,0.7361111111111112,0.10013820211052704,-0.32221463113741466,0.5638756044904757,0.828898386066629,0.007350927155009179,-0.08055365778435364,-0.08055365778435367,6167.1443278545885,232.90196344065603,NaN,
ER(0.5),14,7,20272110,53,36.0,0.8362493132216382,pert:nulled:0.01,0.006191460584399038,0.05960507653087555,0.0020630393057550645,0.0009750484006331759,0.7361111111111112,0.10013820211052704,-0.32221463113741466,1.3291353534418355,0.8211455722523849,0.015103740969253265,0.0,0.0,66.01515281749303,2.4918807906086364,NaN,
ER(0.5),14,7,20272110,53,36.0,0.8362493132216382,pert:nulled:0.05,0.030013101471887144,0.28569047468509456,0.01030640463228978,0.004872821620619862,0.7361111111111112,0.10013820211052704,-0.32221463113741466,1.3291353534418355,0.8211455722523849,0.015103740969253265,0.0,0.0,401.3464589783531,15.15438798210116,NaN,
ER(0.5),14,7,20272110,53,36.0,0.8362493132216382,pert:nulled:0.2,0.1073079527819641,0.7644816193898956,0.041069602328681246,0.019452445331850393,0.7361111111111112,0.10013820211052704,-0.32221463113741466,1.3291353534418355,0.8211455722523849,0.015103740969253265,0.0,0.0,4184.94625927673,158.04231236427432,NaN,
ER(0.5),14,7,20272110,53,36.0,0.8362493132216382,pert:nulled:0.5,0.21890278931904913,0.9464801251403343,0.10161980436079304,0.048407505434251936,0.7361111111111112,0.10013820211052704,-0.32221463113741466,1.3291353534418355,0.8211455722523849,0.015103740969253265,0.0,0.0,23717.917765008417,895.7295830900339,NaN,
ER(0.5),14,7,20272110,53,36.0,0.8362493132216382,pert:random:0.01,0.009997424850578546,0.9732456967942203,0.9796170090149593,0.9989410493839047,0.7361111111111112,0.10013820211052704,-0.32221463113741466,-0.241660973353061,0.6288921636502575,0.20735714957138074,-0.4027682889217683,1.0874743800887745,50992.3539991835,1925.8657815899294,NaN,
ER(0.5),14,7,20272110,53,36.0,0.8362493132216382,pert:random:0.05,0.04990200073098881,0.9992280908826326,0.9944937920356394,0.9938149442704708,0.7361111111111112,0.10013820211052704,-0.32221463113741466,-0.241660973353061,0.712353862787381,0.1238954504342572,-0.8055365778435366,0.48332194670612205,1.3217306405983858e6,49918.002347760106,NaN,
ER(0.5),14,7,20272110,53,36.0,0.8362493132216382,pert:random:0.2,0.19562325563212435,0.9999970716934768,0.9962638079214585,0.9901604927884962,0.7361111111111112,0.10013820211052704,-0.32221463113741466,-0.241660973353061,0.7361558057811417,0.1000935074404965,1.691626813471427,-0.28193780224523785,2.1289966121430565e7,804059.1109881973,NaN,
ER(0.5),14,7,20272110,53,36.0,0.8362493132216382,pert:random:0.5,0.44492360888891747,0.999987705457004,0.996577456400665,0.9893326918896684,0.7361111111111112,0.10013820211052704,-0.32221463113741466,-0.241660973353061,0.7361558057811417,0.1000935074404965,1.691626813471427,-0.28193780224523785,1.3324049084876153e8,5.032096785456277e6,NaN,
ER(0.5),14,7,20272110,53,36.0,0.8362493132216382,fit:triangle:mse,0.746376642892962,0.9979608562941863,0.9940501984077483,0.9994693809537124,0.555237609229454,0.2810117039921842,0.6444292622748293,1.0471975511965976,0.7159691957689813,0.12028011745265688,0.6444292622748294,0.32221463113741466,32828.587301660475,1329.439419191855,0.746376642892962,0.725913;0.674621;0.134656;0.48
ER(0.5),14,7,20272110,53,36.0,0.8362493132216382,fit:triangle:wgt,0.9192689375152039,0.96401484682122,0.9283521484098798,0.9612875157600584,0.5487770391624852,0.287472274059153,0.724982920059183,1.0069207223044208,0.7575496182752285,0.07869969494640972,0.48332194670612216,-0.241660973353061,594.67315036949,23.606906716612613,0.9611265279522851,0.05;0.558284;0.282167;0.120055
ER(0.5),14,7,20272110,53,36.0,0.8362493132216382,fit:normal:mse,0.6555145960364437,0.9999933411690608,0.9800925920510457,0.9875198265097063,0.7361111111111112,0.10013820211052704,-0.32221463113741466,-0.241660973353061,0.7361111111111112,0.10013820211052704,2.174948760177549,0.48332194670612205,14217.364795228705,527.830531153343,0.6555145960364437,27.4215;5.16968;4.34949
ER(0.5),14,7,20272110,53,36.0,0.8362493132216382,fit:normal:wgt,0.9996038260510445,0.9716342111850409,0.9060742516977734,0.9690880640981583,0.7361171741434305,0.10013213907820773,2.497163391314964,-0.20138414446088415,0.7361111111111112,0.10013820211052704,-0.966643893412244,1.248581695657482,5.9652551344094336e7,2.3162787121856967e6,0.9669531459159179,19.7427;147.6;0.01
ER(0.5),14,7,20272110,53,36.0,0.8362493132216382,paper:empP,0.9773073371070189,0.8826832113127676,0.9511906017928603,0.9182094434333795,0.47701552780058026,0.35923378542105794,0.32221463113741466,0.8458134067357135,0.8006085274442075,0.035640785777430684,-0.724982920059183,-0.04027682889217682,5.444021315799911e6,1.0302442572490865e7,NaN,
ER(0.5),14,7,20272110,53,36.0,0.8362493132216382,paper:binP,0.9773073371070189,0.8826832113127676,0.9511906017928603,0.9182094434333795,0.49177360392086134,0.34447570930077687,0.32221463113741466,0.9263670645200672,0.8050572839494491,0.031192029272189115,-0.08055365778435364,0.0805536577843537,368.18981088828696,21.11484216441253,NaN,
ER(0.5),14,8,20272111,43,30.0,0.8375465354338196,exactN,0.0,0.0,0.0,0.0,0.8135059079102277,0.02404062752359193,0.0,0.0,0.7963659815879204,0.04118055384589925,0.0,0.0,23.717428251313844,0.9687776390228733,NaN,
ER(0.5),14,8,20272111,43,30.0,0.8375465354338196,pert:lowd:0.01,0.00999948839526717,0.9813582116037932,0.9892007242500809,0.8651779891975265,0.7166666666666667,0.12087986876715295,-0.40276828892176836,-0.28193780224523785,0.7261605593566042,0.11138597607721545,0.4027682889217683,0.2013841444608842,88473.44496012965,4117.604649326985,NaN,
ER(0.5),14,8,20272111,43,30.0,0.8375465354338196,pert:lowd:0.05,0.04993732826929406,0.9986725100024779,0.9982901375415367,0.9369576445673186,0.7166666666666667,0.12087986876715295,-0.40276828892176836,-0.28193780224523785,0.7211001761538239,0.11644635927999569,1.2888585245496587,-0.0805536577843537,2.157012558344512e6,100389.39841790468,NaN,
ER(0.5),14,8,20272111,43,30.0,0.8375465354338196,pert:lowd:0.2,0.19611176775466183,0.9996992991711317,0.9991295665185216,0.9484343438600257,0.7166666666666667,0.12087986876715295,-0.40276828892176836,-0.28193780224523785,0.7211314785006124,0.1164150569332072,1.2888585245496587,0.0,3.4348955736535996e7,1.598635221240665e6,NaN,
ER(0.5),14,8,20272111,43,30.0,0.8375465354338196,pert:lowd:0.5,0.44719288441667776,0.9998172771135749,0.9992639004399707,0.9506258947704165,0.7166666666666667,0.12087986876715295,-0.40276828892176836,-0.28193780224523785,0.7209532780496531,0.11659325738416648,1.2888585245496587,0.04027682889217682,2.144772071071298e8,9.981989690946896e6,NaN,
ER(0.5),14,8,20272111,43,30.0,0.8375465354338196,pert:highd:0.01,0.004988791593012605,0.03254485393149656,0.00291413523067604,0.012356090468738553,0.7166666666666668,0.12087986876715284,-0.40276828892176836,0.5235987755982989,0.7963659815879204,0.04118055384589925,0.0,0.0,35.277781010122695,1.6410522718884284,NaN,
ER(0.5),14,8,20272111,43,30.0,0.8375465354338196,pert:highd:0.05,0.024110725008719643,0.16127859198033467,0.014563045264026341,0.06253257442893817,0.7166666666666668,0.12087986876715284,-0.40276828892176836,0.5235987755982989,0.8023378579570303,0.03520867747678935,-0.08055365778435353,0.0,125.42605672241848,5.835926746726005,NaN,
ER(0.5),14,8,20272111,43,30.0,0.8375465354338196,pert:highd:0.2,0.08549445974113858,0.552551609413903,0.05806817158036099,0.2557903467571905,0.7166666666666668,0.12087986876715284,-0.40276828892176836,0.5235987755982989,0.8101726207975607,0.027373914636258934,-0.08055365778435353,-0.04027682889217682,962.7615019667604,44.80368779616251,NaN,
ER(0.5),14,8,20272111,43,30.0,0.8375465354338196,pert:highd:0.5,0.1730364286991667,0.8626835179895459,0.1434583877949283,0.597168612614545,0.7166666666666668,0.12087986876715284,-0.40276828892176836,0.5235987755982989,0.8212278936876622,0.01631864174615738,-0.16110731556870728,-0.12083048667653051,5002.440130302334,232.80912353669868,NaN,
ER(0.5),14,8,20272111,43,30.0,0.8375465354338196,pert:nulled:0.01,0.006191709808680862,0.06029431897531513,0.0007725664934900619,0.0022215392452653994,0.7166666666666667,0.12087986876715295,-0.40276828892176836,1.2888585245496587,0.7963659815879204,0.04118055384589925,0.0,0.0,53.55494050941254,2.491498112087797,NaN,
ER(0.5),14,8,20272111,43,30.0,0.8375465354338196,pert:nulled:0.05,0.030014331407375666,0.28897955600126307,0.003862745622890144,0.01107657501713241,0.7166666666666667,0.12087986876715295,-0.40276828892176836,1.2888585245496587,0.7963659815879204,0.04118055384589925,0.0,0.0,325.5645000152134,15.149616905987639,NaN,
ER(0.5),14,8,20272111,43,30.0,0.8375465354338196,pert:nulled:0.2,0.10731256787611687,0.7695275119660852,0.015448366415207438,0.043815756849599714,0.7166666666666667,0.12087986876715295,-0.40276828892176836,1.2888585245496587,0.7809726735387341,0.05657386189508551,0.08055365778435375,0.04027682889217682,3394.6049620831145,157.9803628071803,NaN,
ER(0.5),14,8,20272111,43,30.0,0.8375465354338196,pert:nulled:0.5,0.21891263325315602,0.9486954826787879,0.0385923167746981,0.10684143628432011,0.7166666666666667,0.12087986876715295,-0.40276828892176836,1.2888585245496587,0.7809726735387341,0.05657386189508551,0.08055365778435375,0.04027682889217682,19238.497215319083,895.3603829340996,NaN,
ER(0.5),14,8,20272111,43,30.0,0.8375465354338196,pert:random:0.01,0.009916993145718945,0.9165142427199917,0.9139425703165495,0.8130383228228589,0.7166666666666667,0.12087986876715295,-0.40276828892176836,1.2888585245496587,0.7342774286231907,0.10326910681062895,0.48332194670612205,0.16110731556870733,9077.570242766655,422.4927685514167,NaN,
ER(0.5),14,8,20272111,43,30.0,0.8375465354338196,pert:random:0.05,0.049293282018427545,0.9976017952714106,0.9999999927412532,0.9961816821614746,0.7166666666666667,0.12087986876715295,-0.40276828892176836,1.2888585245496587,0.6429184295320581,0.1946281059017615,-0.8055365778435366,0.3624914600295915,244954.28787549643,11400.495369767505,NaN,
ER(0.5),14,8,20272111,43,30.0,0.8375465354338196,pert:random:0.2,0.19042899878442068,0.999999844489575,0.9965635112926373,0.9727528541815498,0.7166666666666667,0.12087986876715295,-0.40276828892176836,1.2888585245496587,0.7166666666666667,0.12087986876715295,1.2888585245496587,1.1680280378731283,3.974539201426933e6,184979.4543842263,NaN,
ER(0.5),14,8,20272111,43,30.0,0.8375465354338196,pert:random:0.5,0.42435237004806514,0.9999127994722147,0.9950602705824488,0.9657979115864688,0.7166666666666667,0.12087986876715295,-0.40276828892176836,1.2888585245496587,0.7115754894292668,0.12597104600455278,1.2888585245496587,0.6444292622748293,2.4910248503192067e7,1.1593495004863474e6,NaN,
ER(0.5),14,8,20272111,43,30.0,0.8375465354338196,fit:triangle:mse,0.706054701247254,0.9936749459164397,0.990305405431513,0.998973226464128,0.5233195461975537,0.3142269892362659,0.5638756044904756,1.0069207223044208,0.7156829525049863,0.12186358292883337,0.4027682889217683,0.24166097335306097,445091.57554213365,22117.990713388972,0.706054701247254,3.06963;0.393637;0.426988;0.149594
ER(0.5),14,8,20272111,43,30.0,0.8375465354338196,fit:triangle:wgt,0.8858321167543791,0.9492528195522496,0.9465965181027325,0.9691442729827751,0.5570476436439802,0.28049889178983944,0.8860902356278904,0.9666438934122439,0.7335814940953141,0.10396504133850548,0.48332194670612205,-0.32221463113741466,294.4969048509249,14.72064537894086,0.9454947768936005,0.05;0.711317;0.184669;0.269977
ER(0.5),14,8,20272111,43,30.0,0.8375465354338196,fit:normal:mse,0.6197692488111863,0.999986081461581,0.9880207598342947,0.9961498637015876,0.7166666666666667,0.12087986876715295,-0.40276828892176836,1.2888585245496587,0.7166666666666679,0.12087986876715173,1.8527341290401345,0.4430451178139451,13262.507764036087,613.7616959831057,0.6197692488111863,22.1353;5.18652;4.91907
ER(0.5),14,8,20272111,43,30.0,0.8375465354338196,fit:normal:wgt,0.9995705480585246,0.9708825231627511,0.9463076178019645,0.9882746750111999,0.7167214547277143,0.12082508070610531,2.5777170490993173,-0.24166097335306103,0.7166666666666667,0.12087986876715295,-1.2888585245496587,1.1680280378731283,5.204188074801445e7,2.498402613300116e6,0.9661527236882906,15.2087;137.322;0.01
ER(0.5),14,8,20272111,43,30.0,0.8375465354338196,paper:empP,0.984456177068387,0.9990316170884753,0.9976870024526799,0.9992692621473424,0.8254610301138243,0.012085505319995304,0.08055365778435364,0.04027682889217682,0.7551377104645887,0.08240882496923096,0.08055365778435375,0.12083048667653046,55.23359974309095,2.1504196602689496,NaN,
ER(0.5),14,8,20272111,43,30.0,0.8375465354338196,paper:binP,0.984456177068387,0.9990316170884753,0.9976870024526799,0.9992692621473424,0.831948632266199,0.005597903167620655,0.24166097335306097,0.0805536577843537,0.7568978942693553,0.08064864116446435,0.0,0.12083048667653046,47.17553170670695,1.712572862673576,NaN,
ER(0.5),14,9,20272112,47,33.0,0.8244660699238306,exactN,0.0,0.0,0.0,0.0,0.7931778567055967,0.03128821321823394,0.0,0.0,0.7847004906288328,0.0397655792949978,0.0,0.0,25.760978053011826,0.982614282371897,NaN,
ER(0.5),14,9,20272112,47,33.0,0.8244660699238306,pert:lowd:0.01,0.009999487960834587,0.9811378865704115,0.9885814122959997,0.8642414938571796,0.7121212121212122,0.11234485780261849,-0.32221463113741466,-0.28193780224523785,0.7160557227492127,0.10841034717461795,0.5638756044904756,0.2013841444608842,96713.13417383455,4118.25206611267,NaN,
ER(0.5),14,9,20272112,47,33.0,0.8244660699238306,pert:lowd:0.05,0.049937317548454686,0.9986558433456794,0.9981045242003498,0.9368560370136753,0.7121212121212122,0.11234485780261849,-0.32221463113741466,-0.28193780224523785,0.7151086257342903,0.1093574441895403,0.8055365778435368,0.2013841444608842,2.3579019784444696e6,100405.38746703079,NaN,
ER(0.5),14,9,20272112,47,33.0,0.8244660699238306,pert:lowd:0.2,0.1961116057065015,0.9996953291407432,0.9990051643144764,0.9484555392790868,0.7121212121212122,0.11234485780261849,-0.32221463113741466,-0.28193780224523785,0.7122852400097621,0.11218082991406852,1.6110731556870734,-0.16110731556870736,3.754799202740733e7,1.5988904569151348e6,NaN,
ER(0.5),14,9,20272112,47,33.0,0.8244660699238306,pert:lowd:0.5,0.44719211610223036,0.9998148023302293,0.9991509127629227,0.9506694793296862,0.7121212121212122,0.11234485780261849,-0.32221463113741466,-0.28193780224523785,0.7122852400097621,0.11218082991406852,1.6110731556870734,-0.16110731556870736,2.344522178866656e8,9.983584177522896e6,NaN,
ER(0.5),14,9,20272112,47,33.0,0.8244660699238306,pert:highd:0.01,0.004988865153759125,0.03235070298464483,0.002877616147322897,0.012229863803317191,0.7121212121212123,0.11234485780261838,-0.32221463113741466,0.5235987755982989,0.7847004906288328,0.0397655792949978,0.0,0.0,38.560280083278926,1.6411087844407666,NaN,
ER(0.5),14,9,20272112,47,33.0,0.8244660699238306,pert:highd:0.05,0.024111084274795892,0.16027488827600078,0.014381100685035156,0.06188433521730928,0.7121212121212123,0.11234485780261838,-0.32221463113741466,0.5235987755982989,0.7847004906288328,0.0397655792949978,0.0,0.0,137.10168553978644,5.836469870737154,NaN,
ER(0.5),14,9,20272112,47,33.0,0.8244660699238306,pert:highd:0.2,0.08549576991548415,0.5494798644613194,0.0573526613223011,0.25311829584747564,0.7121212121212123,0.11234485780261838,-0.32221463113741466,0.5235987755982989,0.7925058746125604,0.031960195311270256,0.0,-0.04027682889217682,1052.4110190100346,44.80976871094887,NaN,
ER(0.5),14,9,20272112,47,33.0,0.8244660699238306,pert:highd:0.5,0.17303914913056584,0.8601659218929896,0.14175801945433342,0.5921529422984201,0.7121212121212123,0.11234485780261838,-0.32221463113741466,0.5235987755982989,0.8048322822431317,0.0196337876806989,-0.08055365778435375,-0.12083048667653051,5468.298931779536,232.84386791737376,NaN,
ER(0.5),14,9,20272112,47,33.0,0.8244660699238306,pert:nulled:0.01,0.006193519269316649,0.05993260460734516,0.0007628160270139989,0.0021988088107380097,0.7121212121212122,0.11234485780261849,-0.32221463113741466,1.2888585245496587,0.7847004906288328,0.0397655792949978,0.0,0.0,58.53893602071765,2.4916414891487664,NaN,
ER(0.5),14,9,20272112,47,33.0,0.8244660699238306,pert:nulled:0.05,0.030023261291869472,0.28731223945610956,0.0038140279635244874,0.010963622673929516,0.7121212121212122,0.11234485780261849,-0.32221463113741466,1.2888585245496587,0.7847004906288328,0.0397655792949978,0.0,0.0,355.87612831179575,15.151403114781957,NaN,
ER(0.5),14,9,20272112,47,33.0,0.8244660699238306,pert:nulled:0.2,0.10734607653925037,0.7672223626034078,0.015254064714821452,0.04337512434312316,0.7121212121212122,0.11234485780261849,-0.32221463113741466,1.2888585245496587,0.7640997779188305,0.0603662920050001,0.16110731556870728,0.04027682889217682,3710.7262363702953,158.00354749469972,NaN,
ER(0.5),14,9,20272112,47,33.0,0.8244660699238306,pert:nulled:0.5,0.2189841088273905,0.9478028192170729,0.03810997895155158,0.10580230031815072,0.7121212121212122,0.11234485780261849,-0.32221463113741466,1.2888585245496587,0.7640997779188305,0.0603662920050001,0.16110731556870728,0.04027682889217682,21030.1742065413,895.4985439146085,NaN,
ER(0.5),14,9,20272112,47,33.0,0.8244660699238306,pert:random:0.01,0.009895919924706988,0.7330643065041402,0.8434096815813132,0.6328352908235909,0.7121212121212122,0.11234485780261849,-0.32221463113741466,1.2888585245496587,0.7226569981987249,0.10180907172510578,0.5638756044904756,0.16110731556870733,3065.1853895622344,130.5155434057909,NaN,
ER(0.5),14,9,20272112,47,33.0,0.8244660699238306,pert:random:0.05,0.04972697299317502,0.9832170116265364,0.9993940482915278,0.9957382492944562,0.7121212121212122,0.11234485780261849,-0.32221463113741466,1.2888585245496587,0.710287672214375,0.11417839770945559,0.6444292622748293,0.24166097335306097,66270.18156436778,2821.919600877077,NaN,
ER(0.5),14,9,20272112,47,33.0,0.8244660699238306,pert:random:0.2,0.1997806882118454,0.9989263089234999,0.9873170700909717,0.9929442493092059,0.7121212121212122,0.11234485780261849,-0.32221463113741466,1.2888585245496587,0.7017266557184658,0.12273941420536483,0.7249829200591829,0.3222146311374147,1.0305840455058201e6,43884.80666123015,NaN,
ER(0.5),14,9,20272112,47,33.0,0.8244660699238306,pert:random:0.5,0.4718590595304246,0.9998281442853619,0.983139215330723,0.9871566884673073,0.7121212121212122,0.11234485780261849,-0.32221463113741466,1.2888585245496587,0.7006718554132254,0.12379421451060524,0.8055365778435368,0.3624914600295915,6.404293960006296e6,272711.15794168453,NaN,
ER(0.5),14,9,20272112,47,33.0,0.8244660699238306,fit:triangle:mse,0.7167884223679236,0.995895692228857,0.9938572398397644,0.9998390266434697,0.5279792271004858,0.2964868428233448,0.6444292622748293,1.0069207223044208,0.7045560759250835,0.11990999399874713,0.4027682889217683,0.24166097335306097,192688.69520195338,8766.07734565426,0.7167884223679236,1.88239;0.63437;0.158153;0.361371
ER(0.5),14,9,20272112,47,33.0,0.8244660699238306,fit:triangle:wgt,0.9031633458742394,0.9568144182806425,0.9438151084747832,0.9707540429895414,0.5337297032591858,0.29073636666464486,0.8055365778435367,0.9666438934122439,0.7314527535172464,0.09301331640658428,0.4027682889217683,-0.32221463113741466,439.70809460715554,19.84005907716206,0.9534757137780411,0.05;0.798358;0.127305;0.313482
ER(0.5),14,9,20272112,47,33.0,0.8244660699238306,fit:normal:mse,0.6330948826336853,0.9999814086362637,0.990526190581049,0.9950168207643239,0.7121212121212122,0.11234485780261849,-0.32221463113741466,-0.28193780224523785,0.7121212121212122,0.11234485780261849,1.933287786824488,0.3624914600295915,22388.5748985845,949.2262611097135,0.6330948826336853,24.1083;5.46137;5.23915
ER(0.5),14,9,20272112,47,33.0,0.8244660699238306,fit:normal:wgt,0.9992990573006427,0.9708914183700805,0.9484082166178663,0.9887375441058313,0.7121261800548055,0.1123398898690251,2.658270706883671,-0.24166097335306103,0.7121212121212122,0.11234485780261849,-1.2083048667653051,1.1680280378731283,6.027696030973336e7,2.638656362677635e6,0.9661145774799614,17.7145;128.946;0.01
ER(0.5),14,9,20272112,47,33.0,0.8244660699238306,paper:empP,0.6946848717364736,0.7982075297604582,0.8061765524436687,0.793862281571806,0.4645013689465145,0.35996470097731614,0.4027682889217684,0.8458134067357135,0.7993197856867388,0.025146284237091865,-0.24166097335306114,0.0,71.37968450680802,7.774450935346163,NaN,
ER(0.5),14,9,20272112,47,33.0,0.8244660699238306,paper:binP,0.6946848717364736,0.7982075297604582,0.8061765524436687,0.793862281571806,0.5928629345041099,0.23160313541972077,0.0,0.9666438934122439,0.7595632450011616,0.06490282492266908,0.0,0.08055365778435364,25.176450994139948,1.2904551628380336,NaN,
ER(0.5),14,10,20272113,55,37.0,0.844585099172097,exactN,0.0,0.0,0.0,0.0,0.8186117253922695,0.025973373779827558,0.0,0.0,0.8129409623294483,0.03164413684264866,0.0,0.0,29.766348923513064,0.9811872601961813,NaN,
ER(0.5),14,10,20272113,55,37.0,0.844585099172097,pert:lowd:0.01,0.00999948816252517,0.9776281002336992,0.9995610417698879,0.9119763076670314,0.7432432432432432,0.10134185592885381,-0.32221463113741466,-0.241660973353061,0.7331300061805793,0.11145509299151768,0.3222146311374148,0.20138414446088415,113243.35071645079,4122.117192413556,NaN,
ER(0.5),14,10,20272113,55,37.0,0.844585099172097,pert:lowd:0.05,0.049937322525282005,0.998569134216292,0.9988068986333233,0.9629200910189974,0.7432432432432432,0.10134185592885381,-0.32221463113741466,-0.241660973353061,0.74313447540004,0.10145062377205705,1.8527341290401347,0.04027682889217682,2.760936170202578e6,100500.83742577348,NaN,
ER(0.5),14,10,20272113,55,37.0,0.844585099172097,pert:lowd:0.2,0.19611168093116896,0.9997297742110839,0.9979825427758672,0.9705150084768986,0.7432432432432432,0.10134185592885381,-0.32221463113741466,-0.241660973353061,0.7431879383546319,0.10139716081746508,1.933287786824488,0.08055365778435364,4.396610343011517e7,1.6004141216586796e6,NaN,
ER(0.5),14,10,20272113,55,37.0,0.844585099172097,pert:lowd:0.5,0.44719247276149715,0.9998522457765594,0.9977920692009665,0.9719441492993363,0.7432432432432432,0.10134185592885381,-0.32221463113741466,-0.241660973353061,0.7431879383546319,0.10139716081746508,1.933287786824488,0.08055365778435364,2.745274235718123e8,9.993102663924629e6,NaN,
ER(0.5),14,10,20272113,55,37.0,0.844585099172097,pert:highd:0.01,0.0050005378265944945,0.029042568266144923,0.001273932183427505,0.007626334496955168,0.7432432432432433,0.1013418559288537,-0.32221463113741466,0.5638756044904757,0.8129409623294483,0.03164413684264866,0.0,0.0,45.12975583991104,1.641447458517068,NaN,
ER(0.5),14,10,20272113,55,37.0,0.844585099172097,pert:highd:0.05,0.02416809523946854,0.14382837601857182,0.0063659309708776445,0.0383021562074892,0.7432432432432433,0.1013418559288537,-0.32221463113741466,0.5638756044904757,0.8129409623294483,0.03164413684264866,0.0,0.0,160.49578797552132,5.839718691554063,NaN,
ER(0.5),14,10,20272113,55,37.0,0.844585099172097,pert:highd:0.2,0.08570370135464431,0.5032312064761928,0.025402093669371274,0.15448102019042786,0.7432432432432433,0.1013418559288537,-0.32221463113741466,0.5638756044904757,0.8204952492660221,0.02408984990607488,0.0,-0.040276828892176875,1232.1882835415895,44.84609575074756,NaN,
ER(0.5),14,10,20272113,55,37.0,0.844585099172097,pert:highd:0.5,0.17347094094380713,0.8251730731987827,0.06313152128844274,0.37698806869911766,0.7432432432432433,0.1013418559288537,-0.32221463113741466,0.5638756044904757,0.8308198263640971,0.013765272807999884,-0.08055365778435364,-0.0805536577843537,6402.746367051503,233.05134429952574,NaN,
ER(0.5),14,10,20272113,55,37.0,0.844585099172097,pert:nulled:0.01,0.0062117731207042125,0.05382836177198949,0.0018644437452994174,0.0019996755261773333,0.7432432432432432,0.10134185592885381,-0.32221463113741466,1.3291353534418355,0.8269681096937057,0.0176169894783913,-0.08055365778435364,-0.040276828892176875,68.51826796573684,2.4925001158301683,NaN,
ER(0.5),14,10,20272113,55,37.0,0.844585099172097,pert:nulled:0.05,0.03011335559810488,0.2598835930219522,0.00931530981125377,0.009981555531663206,0.7432432432432432,0.10134185592885381,-0.32221463113741466,1.3291353534418355,0.8269681096937057,0.0176169894783913,-0.08055365778435364,-0.040276828892176875,416.64004245589535,15.162079698110166,NaN,
ER(0.5),14,10,20272113,55,37.0,0.844585099172097,pert:nulled:0.2,0.10768424717461118,0.7307733629466696,0.03713972527611671,0.03965371827740912,0.7432432432432432,0.10134185592885381,-0.32221463113741466,1.3291353534418355,0.8269681096937057,0.0176169894783913,-0.08055365778435364,-0.040276828892176875,4344.790709231748,158.14200557683054,NaN,
ER(0.5),14,10,20272113,55,37.0,0.844585099172097,pert:nulled:0.5,0.21970564451377075,0.9354667204122785,0.09203745925521106,0.09755040646870032,0.7432432432432432,0.10134185592885381,-0.32221463113741466,1.3291353534418355,0.8269681096937057,0.0176169894783913,-0.08055365778435364,-0.040276828892176875,24624.379470120202,896.3234478640256,NaN,
ER(0.5),14,10,20272113,55,37.0,0.844585099172097,pert:random:0.01,0.007909266802628922,0.8259344467495692,0.8834354053096136,0.8294760386526621,0.7432432432432432,0.10134185592885381,-0.32221463113741466,-0.241660973353061,0.7774988307726595,0.06708626839943754,0.4027682889217685,0.0,5019.88332285268,182.74367232646375,NaN,
ER(0.5),14,10,20272113,55,37.0,0.844585099172097,pert:random:0.05,0.04052329340875272,0.9925854962302184,0.9810012025048401,0.9999932060709149,0.7432432432432432,0.10134185592885381,-0.32221463113741466,-0.241660973353061,0.6835924963804485,0.1609926027916485,-0.8055365778435366,0.48332194670612194,140798.76769587546,5125.3085788484805,NaN,
ER(0.5),14,10,20272113,55,37.0,0.844585099172097,pert:random:0.2,0.17657175245117865,0.9998480746234057,0.9909584725246889,0.992654480322693,0.7432432432432432,0.10134185592885381,-0.32221463113741466,-0.241660973353061,0.5875245077120099,0.2570605914600871,-0.48332194670612194,0.4430451178139452,2.3002528370076823e6,83732.08757363632,NaN,
ER(0.5),14,10,20272113,55,37.0,0.844585099172097,pert:random:0.5,0.4944461824308073,0.9999936228822618,0.9925298871524112,0.9893686314132338,0.7432432432432432,0.10134185592885381,-0.32221463113741466,-0.241660973353061,0.7432340854007397,0.10135101377135736,1.933287786824488,-0.2013841444608842,1.4436292173640106e7,525497.9852253029,NaN,
ER(0.5),14,10,20272113,55,37.0,0.844585099172097,fit:triangle:mse,0.7508419231785415,0.9991812310841348,0.9972459446892714,0.9999184763030724,0.5619340760924935,0.28265102307960355,0.6444292622748293,1.0471975511965976,0.7150794773841396,0.12950562178795744,0.48332194670612205,0.2819378022452378,4.41539712793578e6,171757.6891203135,0.7508419231785415,8.0;0.442713;0.348468;0.154174
ER(0.5),14,10,20272113,55,37.0,0.844585099172097,fit:triangle:wgt,0.9082221269228041,0.9769182810577245,0.9403083321985921,0.9790508072049796,0.5232601743981039,0.3213249247739931,0.48332194670612205,1.0069207223044208,0.714782428613721,0.12980267055837602,0.24166097335306103,0.24166097335306103,866.0730535098148,32.95435526475722,0.9748090153162299,0.05;0.866683;0.0815227;0.27264
ER(0.5),14,10,20272113,55,37.0,0.844585099172097,fit:normal:mse,0.6815742122886611,0.9999907569673033,0.9899887016304261,0.9999896135450822,0.7432432432432432,0.10134185592885381,-0.32221463113741466,-0.241660973353061,0.7432432432432443,0.1013418559288527,2.0943951023931957,0.48332194670612194,38671.60325837467,1396.5858805056625,0.6815742122886611,28.4002;5.7649;5.3695
ER(0.5),14,10,20272113,55,37.0,0.844585099172097,fit:normal:wgt,0.9994553194568838,0.9761043906835865,0.923918269401382,0.9860515500436204,0.7432421444713795,0.10134295470071752,2.5777170490993178,-0.20138414446088415,0.7432432432432432,0.10134185592885381,2.0943951023931957,1.208304866765305,6.660656279556146e7,2.492028665068808e6,0.9720273820490541,21.2524;132.448;0.01
ER(0.5),14,10,20272113,55,37.0,0.844585099172097,paper:empP,0.9849661752223976,0.8854538207597409,0.9589246518885705,0.906682563960717,0.4820173642352063,0.3625677349368907,0.32221463113741466,0.8458134067357135,0.6373941181651482,0.20719098100694877,-0.08055365778435364,1.0471975511965979,6.687896519099336e8,7.62057103943904e9,NaN,
ER(0.5),14,10,20272113,55,37.0,0.844585099172097,paper:binP,0.9849661752223976,0.8854538207597409,0.9589246518885705,0.906682563960717,0.49681439361272695,0.34777070555937006,0.32221463113741466,0.9263670645200672,0.8319612383859071,0.012623860786189933,-0.32221463113741455,0.0,1550.1574048459938,89.09321705245955,NaN,
ER(0.5),14,11,20272114,44,33.0,0.7787840323795915,exactN,0.0,0.0,0.0,0.0,0.7442367058842849,0.03454732649530656,0.0,0.0,0.7268118205289893,0.05197221185060219,0.0,0.0,24.186091917539073,0.9833834658878581,NaN,
ER(0.5),14,11,20272114,44,33.0,0.7787840323795915,pert:lowd:0.01,0.009999487462074326,0.9815354499601741,0.9879984017820072,0.8359081986579064,0.6666666666666666,0.11211736571292485,-0.32221463113741466,-0.28193780224523785,0.6749586788613873,0.10382535351820421,0.48332194670612205,0.1611073155687074,90572.91258414702,4119.557792277566,NaN,
ER(0.5),14,11,20272114,44,33.0,0.7787840323795915,pert:lowd:0.05,0.04993730524462937,0.9986642667750785,0.9978914764050522,0.9355316166292402,0.6666666666666666,0.11211736571292485,-0.32221463113741466,-0.28193780224523785,0.6807885167410582,0.09799551563853326,0.6444292622748296,0.08055365778435364,2.208211280715553e6,100437.62389533069,NaN,
ER(0.5),14,11,20272114,44,33.0,0.7787840323795915,pert:lowd:0.2,0.19611141974417606,0.9996901585873174,0.998853658375942,0.9509593100774463,0.6666666666666666,0.11211736571292485,-0.32221463113741466,-0.28193780224523785,0.6759220348952127,0.10286199748437874,0.8860902356278904,0.04027682889217682,3.516429988978448e7,1.5994050195904658e6,NaN,
ER(0.5),14,11,20272114,44,33.0,0.7787840323795915,pert:lowd:0.5,0.4471912344177153,0.9998093159073839,0.9990113661032126,0.9538522734673779,0.6666666666666666,0.11211736571292485,-0.32221463113741466,-0.28193780224523785,0.6759220348952127,0.10286199748437874,0.8860902356278904,0.04027682889217682,2.1956832055907255e8,9.98679866902188e6,NaN,
ER(0.5),14,11,20272114,44,33.0,0.7787840323795915,pert:highd:0.01,0.004987488350463292,0.03279977198932626,0.0028616371194889806,0.016811351498313844,0.6666666666666667,0.11211736571292474,-0.32221463113741466,0.5235987755982989,0.7268118205289893,0.05197221185060219,0.0,0.0,36.10191740012943,1.641225114632983,NaN,
ER(0.5),14,11,20272114,44,33.0,0.7787840323795915,pert:highd:0.05,0.02410436008464432,0.1626760581032006,0.014301803589786099,0.08571714004372019,0.6666666666666667,0.11211736571292474,-0.32221463113741466,0.5235987755982989,0.7320277254823911,0.04675630689720034,-0.08055365778435375,0.0,128.37843202269207,5.837576809818694,NaN,
ER(0.5),14,11,20272114,44,33.0,0.7787840323795915,pert:highd:0.2,0.08547124839189425,0.5574966511113527,0.05704547796952344,0.3529272786389994,0.6666666666666667,0.11211736571292474,-0.32221463113741466,0.5235987755982989,0.7532483910083184,0.025535641371273066,-0.16110731556870728,-0.08055365778435364,985.546403421453,44.82207578908194,NaN,
ER(0.5),14,11,20272114,44,33.0,0.7787840323795915,pert:highd:0.5,0.1729882335040891,0.8673246518366533,0.14105063832930953,0.7594341177009047,0.6666666666666667,0.11211736571292474,-0.32221463113741466,0.5235987755982989,0.7626379606759984,0.016146071703593057,-0.24166097335306103,-0.16110731556870733,5121.029385207061,232.91403222174097,NaN,
ER(0.5),14,11,20272114,44,33.0,0.7787840323795915,pert:nulled:0.01,0.006190855610247463,0.060770693732352256,0.0007585003031935468,0.0004961589033261286,0.6666666666666666,0.11211736571292485,-0.32221463113741466,1.2888585245496587,0.7268118205289893,0.05197221185060219,0.0,0.0,54.80982005763789,2.491935501165126,NaN,
ER(0.5),14,11,20272114,44,33.0,0.7787840323795915,pert:nulled:0.05,0.03001011590476124,0.29118024014755317,0.003792487085752924,0.0024791244293939528,0.6666666666666666,0.11211736571292485,-0.32221463113741466,1.2888585245496587,0.7268118205289893,0.05197221185060219,0.0,0.0,333.252103815634,15.155028917235768,NaN,
ER(0.5),14,11,20272114,44,33.0,0.7787840323795915,pert:nulled:0.2,0.10729675016029933,0.7725677537854,0.0151684884247169,0.009891181897865182,0.6666666666666666,0.11211736571292485,-0.32221463113741466,1.2888585245496587,0.7268118205289893,0.05197221185060219,0.0,0.0,3475.0534681742038,158.05038684009514,NaN,
ER(0.5),14,11,20272114,44,33.0,0.7787840323795915,pert:nulled:0.5,0.2188788945602755,0.9498773245095777,0.037899218185555875,0.02459833746069114,0.6666666666666666,0.11211736571292485,-0.32221463113741466,1.2888585245496587,0.7268118205289893,0.05197221185060219,0.0,0.0,19694.858934993852,895.7773229559982,NaN,
ER(0.5),14,11,20272114,44,33.0,0.7787840323795915,pert:random:0.01,0.009393664475249863,0.907024963957399,0.9572590797125761,0.5705492629032131,0.6666666666666666,0.11211736571292485,-0.32221463113741466,-0.28193780224523785,0.6760125632783065,0.10277146910128498,0.32221463113741455,0.1611073155687074,12313.041064367611,560.0283341977986,NaN,
ER(0.5),14,11,20272114,44,33.0,0.7787840323795915,pert:random:0.05,0.0463033230788273,0.9953173567804567,0.9992019099638605,0.8720982224119733,0.6666666666666666,0.11211736571292485,-0.32221463113741466,-0.28193780224523785,0.6677391638234429,0.11104486855614859,0.4027682889217683,0.20138414446088415,287359.4188110187,13070.122232909162,NaN,
ER(0.5),14,11,20272114,44,33.0,0.7787840323795915,pert:random:0.2,0.17400711221606716,0.9996003572880575,0.9999578604186351,0.9296232991481292,0.6666666666666666,0.11211736571292485,-0.32221463113741466,-0.28193780224523785,0.6616475713917999,0.11713646098779162,0.48332194670612205,0.24166097335306103,4.537604877581784e6,206387.1973604392,NaN,
ER(0.5),14,11,20272114,44,33.0,0.7787840323795915,pert:random:0.5,0.3744421172861751,0.9998947034293114,0.9998193205054979,0.9398430790336717,0.6666666666666666,0.11211736571292485,-0.32221463113741466,-0.28193780224523785,0.6616475713917999,0.11713646098779162,0.48332194670612205,0.24166097335306103,2.8285145205643e7,1.2865150355451107e6,NaN,
ER(0.5),14,11,20272114,44,33.0,0.7787840323795915,fit:triangle:mse,0.7007852666841278,0.992762366297097,0.9880160629043558,0.9993179235652827,0.5260376677863754,0.2527463645932161,0.24166097335306103,1.0471975511965976,0.6650722906730506,0.11371174170654086,0.24166097335306103,0.20138414446088415,11095.357779947655,521.3777407901205,0.7007852666841278,0.491796;0.539889;0.222653;0.25244
ER(0.5),14,11,20272114,44,33.0,0.7787840323795915,fit:triangle:wgt,0.8410633197533887,0.9528098278770273,0.9433607488575922,0.9735362865420656,0.4760062039798835,0.30277782839970796,0.6444292622748293,0.9666438934122439,0.6436297803600474,0.13515425201954412,-0.3222146311374148,0.20138414446088415,380.8886346759462,18.482700748213105,0.949194065204032,0.05;0.813099;0.105235;0.29347
ER(0.5),14,11,20272114,44,33.0,0.7787840323795915,fit:normal:mse,0.5904838847135037,0.9999886658984446,0.9869128560399955,0.9757083233038232,0.6666666666666666,0.11211736571292485,-0.32221463113741466,-0.28193780224523785,0.6666666666666673,0.11211736571292419,1.7721804712557807,0.4430451178139452,5652.191332559604,256.2686788044052,0.5904838847135037,22.5004;4.69128;4.56384
ER(0.5),14,11,20272114,44,33.0,0.7787840323795915,fit:normal:wgt,0.998653832265175,0.9740441578916802,0.9626319004158456,0.9969079818972599,0.666678641887355,0.11210539049223645,2.738824364668025,-0.24166097335306103,0.6666666666666666,0.11211736571292485,-1.3694121823340124,1.1277512089809514,5.7871219480607614e7,2.680338588441372e6,0.9693663328853369,17.2133;146.649;0.01
ER(0.5),14,11,20272114,44,33.0,0.7787840323795915,paper:empP,0.914780238747822,0.9898047676536454,0.9811397519822475,0.9923868337361985,0.767538302721459,0.01124572965813253,0.16110731556870733,0.04027682889217682,0.7065346223400472,0.07224941003954433,-0.08055365778435375,0.08055365778435364,38.7784235016706,1.4742521409363873,NaN,
ER(0.5),14,11,20272114,44,33.0,0.7787840323795915,paper:binP,0.914780238747822,0.9898047676536454,0.9811397519822475,0.9923868337361985,0.7709848369435649,0.007799195436026585,0.24166097335306103,0.0805536577843537,0.7065346223400472,0.07224941003954433,-0.08055365778435375,0.08055365778435364,35.93639571845848,1.3079749456837628,NaN,
ER(0.5),14,12,20272115,48,33.0,0.8401611534247178,exactN,0.0,0.0,0.0,0.0,0.8093879931514172,0.03077316027330057,0.0,0.0,0.7994845932928897,0.04067656013182808,0.0,0.0,26.2554752095615,0.9813512211920162,NaN,
ER(0.5),14,12,20272115,48,33.0,0.8401611534247178,pert:lowd:0.01,0.00999948789011073,0.9812366693752936,0.9884536982498838,0.865836325441184,0.7272727272727273,0.11288842615199046,-0.32221463113741466,-0.28193780224523785,0.731277020121027,0.10888413330369073,0.48332194670612183,0.2013841444608842,98776.70055618178,4118.623177226154,NaN,
ER(0.5),14,12,20272115,48,33.0,0.8401611534247178,pert:lowd:0.05,0.049937315803489604,0.9986703125020242,0.9980251966650967,0.9375753456346655,0.7272727272727273,0.11288842615199046,-0.32221463113741466,-0.28193780224523785,0.7353175796026998,0.10484357382201792,0.9666438934122439,0.0,2.4082143188489983e6,100414.55251342329,NaN,
ER(0.5),14,12,20272115,48,33.0,0.8401611534247178,pert:lowd:0.2,0.19611157933192222,0.999701065173708,0.9989437782459001,0.949022206136903,0.7272727272727273,0.11288842615199046,-0.32221463113741466,-0.28193780224523785,0.7353175796026998,0.10484357382201792,0.9666438934122439,0.0,3.834918751641734e7,1.599036759463081e6,NaN,
ER(0.5),14,12,20272115,48,33.0,0.8401611534247178,pert:lowd:0.5,0.44719199105420593,0.9998190908418472,0.999093449677038,0.9512068111308591,0.7272727272727273,0.11288842615199046,-0.32221463113741466,-0.28193780224523785,0.7353175796026998,0.10484357382201792,0.9666438934122439,0.0,2.3945494399615002e8,9.98449814570464e6,NaN,
ER(0.5),14,12,20272115,48,33.0,0.8401611534247178,pert:highd:0.01,0.004976781107165731,0.03240412521585681,0.002891320514565887,0.012329789462396448,0.7272727272727274,0.11288842615199035,-0.32221463113741466,0.5235987755982989,0.7994845932928897,0.04067656013182808,0.0,0.0,39.38122542997671,1.641141215559471,NaN,
ER(0.5),14,12,20272115,48,33.0,0.8401611534247178,pert:highd:0.05,0.02405206904220738,0.16038704229127007,0.014450053010728211,0.06240122527776365,0.7272727272727274,0.11288842615199035,-0.32221463113741466,0.5235987755982989,0.7994845932928897,0.04067656013182808,0.0,0.0,140.0236620120483,5.836781381354209,NaN,
ER(0.5),14,12,20272115,48,33.0,0.8401611534247178,pert:highd:0.2,0.08528057740557768,0.5483939692829819,0.057633899036664875,0.2553055418517214,0.7272727272727274,0.11288842615199035,-0.32221463113741466,0.5235987755982989,0.8137700937113731,0.026391059713344656,-0.08055365778435375,-0.04027682889217682,1074.8576709806778,44.813255078770176,NaN,
ER(0.5),14,12,20272115,48,33.0,0.8401611534247178,pert:highd:0.5,0.17259237358486962,0.8578775681225268,0.14247573498078533,0.5964629619953017,0.7272727272727274,0.11288842615199035,-0.32221463113741466,0.5235987755982989,0.8264375825507746,0.013723570873943158,-0.1611073155687075,-0.12083048667653051,5584.9592921141175,232.86378546369218,NaN,
ER(0.5),14,12,20272115,48,33.0,0.8401611534247178,pert:nulled:0.01,0.006191798426164181,0.060031578263674036,0.0007663717650182475,0.0022176656370441025,0.7272727272727273,0.11288842615199046,-0.32221463113741466,1.2888585245496587,0.7994845932928897,0.04067656013182808,0.0,0.0,59.785747040652296,2.4917237518406665,NaN,
ER(0.5),14,12,20272115,48,33.0,0.8401611534247178,pert:nulled:0.05,0.030014768740292387,0.2876793045872433,0.00383183345370449,0.011057360365582584,0.7272727272727273,0.11288842615199046,-0.32221463113741466,1.2888585245496587,0.7994845932928897,0.04067656013182808,0.0,0.0,363.4641139912093,15.152427369863723,NaN,
ER(0.5),14,12,20272115,48,33.0,0.8401611534247178,pert:nulled:0.2,0.10731420889106352,0.7673503072498222,0.015325670730983293,0.043741301204911,0.7272727272727273,0.11288842615199046,-0.32221463113741466,1.2888585245496587,0.8137700937113731,0.026391059713344656,-0.08055365778435375,-0.04027682889217682,3789.8871377840546,158.01683863936074,NaN,
ER(0.5),14,12,20272115,48,33.0,0.8401611534247178,pert:nulled:0.5,0.218916133532513,0.9476535911379049,0.03829069839952813,0.10666823960295689,0.7272727272727273,0.11288842615199046,-0.32221463113741466,1.2888585245496587,0.8251164883877807,0.015044665036937022,-0.1611073155687075,-0.0805536577843537,21478.871253556223,895.5777423979309,NaN,
ER(0.5),14,12,20272115,48,33.0,0.8401611534247178,pert:random:0.01,0.009999993552799052,0.8785224975277027,0.9330727196126948,0.9004447186654271,0.7272727272727273,0.11288842615199046,-0.32221463113741466,-0.28193780224523785,0.7314353569194809,0.10872579650523684,0.6444292622748293,0.2013841444608842,6976.848166801319,290.9247093219512,NaN,
ER(0.5),14,12,20272115,48,33.0,0.8401611534247178,pert:random:0.05,0.04995774707949422,0.9946442089200797,0.9957894540111681,0.9897833106884385,0.7272727272727273,0.11288842615199046,-0.32221463113741466,-0.28193780224523785,0.724053785877418,0.11610736754729978,0.8055365778435368,0.28193780224523785,191173.08372151415,7971.368168765026,NaN,
ER(0.5),14,12,20272115,48,33.0,0.8401611534247178,pert:random:0.2,0.19644359555496807,0.9997701440788952,0.9993147478986728,0.9674360905331381,0.7272727272727273,0.11288842615199046,-0.32221463113741466,-0.28193780224523785,0.7225933039646306,0.11756784946008714,0.8860902356278901,0.3222146311374147,3.1103929781986694e6,129693.64200738913,NaN,
ER(0.5),14,12,20272115,48,33.0,0.8401611534247178,pert:random:0.5,0.44879017734857307,0.99998774611981,0.9996612423937059,0.961666645297863,0.7272727272727273,0.11288842615199046,-0.32221463113741466,-0.28193780224523785,0.7225933039646306,0.11756784946008714,0.8860902356278901,0.3222146311374147,1.950480966205973e7,813288.4516801178,NaN,
ER(0.5),14,12,20272115,48,33.0,0.8401611534247178,fit:triangle:mse,0.726015693517046,0.99445517024077,0.9940525339151657,0.9999923700414798,0.5523417798249691,0.28781937359974863,0.724982920059183,1.0069207223044208,0.7202365490580197,0.11992460436669805,0.4027682889217683,0.24166097335306097,2710.616973907131,121.8271114236224,0.726015693517046,0.223239;0.469111;0.307136;0.18041
ER(0.5),14,12,20272115,48,33.0,0.8401611534247178,fit:triangle:wgt,0.9144433102668916,0.9576849002338331,0.9445096003116185,0.9697560353445941,0.5484365952136372,0.29172455821108056,0.8055365778435367,0.9666438934122439,0.7462049109529338,0.09395624247178391,0.4027682889217683,-0.32221463113741466,460.9052958105455,20.337773400776356,0.9544192335052587,0.05;0.595149;0.262009;0.145957
ER(0.5),14,12,20272115,48,33.0,0.8401611534247178,fit:normal:mse,0.6416051353063795,0.99998270584134,0.9827056133368901,0.9990529853472562,0.7272727272727273,0.11288842615199046,-0.32221463113741466,-0.28193780224523785,0.7272727272727275,0.11288842615199024,1.933287786824488,0.3624914600295915,17617.691859010527,725.7827602978161,0.6416051353063795,24.6736;5.34918;4.62974
ER(0.5),14,12,20272115,48,33.0,0.8401611534247178,fit:normal:wgt,0.9996010060348524,0.9713558988972771,0.950172503008096,0.9902202783752617,0.7273032676374875,0.11285788578723022,2.497163391314964,-0.24166097335306103,0.7272727272727273,0.11288842615199046,-1.2083048667653051,1.1680280378731283,5.5418385546608165e7,2.387669654241679e6,0.9665596684865638,17.2377;137.576;0.01
ER(0.5),14,12,20272115,48,33.0,0.8401611534247178,paper:empP,0.8276265529509449,0.8195944838551894,0.8438711382757007,0.8065576768337379,0.4717505368624702,0.36841061656224755,0.4027682889217684,0.8055365778435366,0.8315862144127141,0.00857493901200368,-0.4027682889217684,-0.04027682889217682,255.5266053274483,38.35102107411332,NaN,
ER(0.5),14,12,20272115,48,33.0,0.8401611534247178,paper:binP,0.8276265529509449,0.8195944838551894,0.8438711382757007,0.8065576768337379,0.5531908508638962,0.28697030256082157,0.16110731556870733,0.9666438934122439,0.796328004151062,0.04383314927365578,-0.1611073155687075,0.04027682889217682,32.8479885720861,1.7846431154437272,NaN,
ER(0.5),14,13,20272116,43,31.0,0.8111561585354371,exactN,0.0,0.0,0.0,0.0,0.7774233698898644,0.03373278864557272,0.0,0.0,0.7758394298977358,0.0353167286377013,0.0,0.0,23.70140432696023,0.98180336007253,NaN,
ER(0.5),14,13,20272116,43,31.0,0.8111561585354371,pert:lowd:0.01,0.009999486402396599,0.979402367861781,0.9519632818421172,0.8636779573324826,0.6935483870967742,0.11760777143866286,-0.32221463113741466,-0.32221463113741466,0.706885468170839,0.10427069036459813,0.6444292622748293,0.16110731556870733,88481.8133071933,4117.965196443951,NaN,
ER(0.5),14,13,20272116,43,31.0,0.8111561585354371,pert:lowd:0.05,0.049937279119496886,0.9985144061143175,0.9806253500396664,0.9397622896652915,0.6935483870967742,0.11760777143866286,-0.32221463113741466,-0.32221463113741466,0.6935483870967751,0.11760777143866197,1.933287786824488,0.6847060911670062,2.1572191861305754e6,100398.30163440492,NaN,
ER(0.5),14,13,20272116,43,31.0,0.8111561585354371,pert:lowd:0.2,0.19611102493029314,0.9996583871106883,0.9847100009354274,0.9517267816181433,0.6935483870967742,0.11760777143866286,-0.32221463113741466,-0.32221463113741466,0.6935483870967751,0.11760777143866197,1.933287786824488,0.6847060911670062,3.4352254038441435e7,1.5987773413203973e6,NaN,
ER(0.5),14,13,20272116,43,31.0,0.8111561585354371,pert:lowd:0.5,0.44718936257409236,0.9997907504850869,0.9854730703952006,0.9539978734112466,0.6935483870967742,0.11760777143866286,-0.32221463113741466,-0.32221463113741466,0.6935483870967751,0.11760777143866197,1.933287786824488,0.6847060911670062,2.1449781181569925e8,9.982877527214881e6,NaN,
ER(0.5),14,13,20272116,43,31.0,0.8111561585354371,pert:highd:0.01,0.004988021428386049,0.03097072721125228,0.005001452100679264,0.011574622702932018,0.6935483870967744,0.11760777143866274,-0.32221463113741466,0.48332194670612205,0.7758394298977358,0.0353167286377013,0.0,0.0,35.27852087907796,1.6410839867961373,NaN,
ER(0.5),14,13,20272116,43,31.0,0.8111561585354371,pert:highd:0.05,0.024106963584125667,0.15375703322370776,0.025044772120590357,0.058534581944322796,0.6935483870967744,0.11760777143866274,-0.32221463113741466,0.48332194670612205,0.7758394298977358,0.0353167286377013,0.0,0.0,125.43312314502234,5.836230405582954,NaN,
ER(0.5),14,13,20272116,43,31.0,0.8111561585354371,pert:highd:0.2,0.08548074265917463,0.5347528938594237,0.10038258579877178,0.23947917739678157,0.6935483870967744,0.11760777143866274,-0.32221463113741466,0.48332194670612205,0.7832622821989887,0.027893876336448353,0.0,-0.04027682889217682,962.8402738245884,44.80707869636637,NaN,
ER(0.5),14,13,20272116,43,31.0,0.8111561585354371,pert:highd:0.5,0.1730079469174316,0.8533482658459058,0.24773819252242707,0.5666360662229529,0.6935483870967744,0.11760777143866274,-0.32221463113741466,0.48332194670612205,0.7940701933643298,0.017085965171107276,-0.08055365778435375,-0.12083048667653051,5002.889590783969,232.82848211108873,NaN,
ER(0.5),14,13,20272116,43,31.0,0.8111561585354371,pert:nulled:0.01,0.006198704833787624,0.05739306000320375,0.0009059705342709788,0.0020847954954031655,0.6935483870967742,0.11760777143866286,-0.32221463113741466,1.248581695657482,0.7758394298977358,0.0353167286377013,0.0,0.0,53.556813116440026,2.4915784590877137,NaN,
ER(0.5),14,13,20272116,43,31.0,0.8111561585354371,pert:nulled:0.05,0.030048853561276335,0.27620545619218617,0.004527724852189749,0.01039720455740447,0.6935483870967742,0.11760777143866286,-0.32221463113741466,1.248581695657482,0.7896752838991251,0.021480874636311986,-0.08055365778435375,-0.04027682889217682,325.5876812808798,15.150614055961434,NaN,
ER(0.5),14,13,20272116,43,31.0,0.8111561585354371,pert:nulled:0.2,0.10744211923988373,0.7542468923220904,0.018076949901132833,0.041167294626964,0.6935483870967742,0.11760777143866286,-0.32221463113741466,1.248581695657482,0.7896752838991251,0.021480874636311986,-0.08055365778435375,-0.04027682889217682,3394.9049606037147,157.99328263168877,NaN,
ER(0.5),14,13,20272116,43,31.0,0.8111561585354371,pert:nulled:0.5,0.2191889924072429,0.94424046621872,0.044999029729669744,0.10060189127878186,0.6935483870967742,0.11760777143866286,-0.32221463113741466,1.248581695657482,0.7999181250862308,0.011238033449206264,-0.1611073155687075,-0.0805536577843537,19240.283578910265,895.4373386184369,NaN,
ER(0.5),14,13,20272116,43,31.0,0.8111561585354371,pert:random:0.01,0.009646355334442415,0.9023681636240585,0.6835595230613224,0.4066433314903476,0.6935483870967742,0.11760777143866286,-0.32221463113741466,1.248581695657482,0.7298483112338804,0.08130784730155671,0.16110731556870728,0.12083048667653046,12806.226831133617,595.9953049863942,NaN,
ER(0.5),14,13,20272116,43,31.0,0.8111561585354371,pert:random:0.05,0.04769525899689421,0.9939174633397777,0.9605618093533878,0.8256342731482185,0.6935483870967742,0.11760777143866286,-0.32221463113741466,1.248581695657482,0.7137921683547778,0.09736399018065933,0.24166097335306103,0.16110731556870733,299510.86001682107,13939.37165129511,NaN,
ER(0.5),14,13,20272116,43,31.0,0.8111561585354371,pert:random:0.2,0.18102511208247338,0.999117999227303,0.9898530228029948,0.9315780108755481,0.6935483870967742,0.11760777143866286,-0.32221463113741466,1.248581695657482,0.700048373003697,0.11110778553174006,0.7249829200591829,0.2013841444608842,4.731464827984579e6,220205.4135006276,NaN,
ER(0.5),14,13,20272116,43,31.0,0.8111561585354371,pert:random:0.5,0.3942697595726339,0.999600555647038,0.9935237488959862,0.9491702874695936,0.6935483870967742,0.11760777143866286,-0.32221463113741466,1.248581695657482,0.6995961715577411,0.11155998697769598,0.8055365778435368,0.2013841444608842,2.949605925954792e7,1.3727666682288041e6,NaN,
ER(0.5),14,13,20272116,43,31.0,0.8111561585354371,fit:triangle:mse,0.6904417590317892,0.9895201194876403,0.9935913310142767,0.9988654406526551,0.5168951540234099,0.2942610045120272,0.724982920059183,0.966643893412244,0.6886840745793322,0.12247208395610487,0.4027682889217683,0.24166097335306097,1407.708983595931,70.6581853407494,0.6904417590317892,0.173124;0.438821;0.344373;0.169015
ER(0.5),14,13,20272116,43,31.0,0.8111561585354371,fit:triangle:wgt,0.8884799383831793,0.9463672344641967,0.9595992663748859,0.9666755169222881,0.5413773298825788,0.2697788286528583,0.966643893412244,0.9263670645200671,0.7095544297211628,0.10160172881427432,0.5638756044904756,-0.32221463113741466,309.91433389713103,15.433633842375974,0.9425192965495053,0.05;0.618667;0.258882;0.185864
ER(0.5),14,13,20272116,43,31.0,0.8111561585354371,fit:normal:mse,0.5838856297786814,0.9999927583187327,0.9956587585632786,0.9957612613531872,0.6935483870967742,0.11760777143866286,-0.32221463113741466,1.248581695657482,0.6935483870967742,0.11760777143866286,1.933287786824488,0.40276828892176836,14327.404154144044,661.8231692025121,0.5838856297786814,22.2232;5.24497;4.87805
ER(0.5),14,13,20272116,43,31.0,0.8111561585354371,fit:normal:wgt,0.9998191378978251,0.9734667785424371,0.9718088605338974,0.9905312303130784,0.6956720647744605,0.11548409376097657,2.013841444608842,-0.28193780224523785,0.6935483870967742,0.11760777143866286,-1.2083048667653051,1.1680280378731283,3.9491901314945966e7,1.9024802581745745e6,0.9691297729232109,13.2195;187.032;0.01
ER(0.5),14,13,20272116,43,31.0,0.8111561585354371,paper:empP,0.9816078934932714,0.9987666118942529,0.9979777459076663,0.9989785064328428,0.8058402518282961,0.005315906707140994,0.24166097335306103,0.0,0.7298483112338804,0.08130784730155671,0.16110731556870728,0.12083048667653046,58.30613721329874,2.2233176976677,NaN,
ER(0.5),14,13,20272116,43,31.0,0.8111561585354371,paper:binP,0.9816078934932714,0.9987666118942529,0.9979777459076663,0.9989785064328428,0.8060144350396011,0.00514172349583597,0.32221463113741466,0.040276828892176875,0.7320514097924176,0.07910474874301954,0.08055365778435353,0.12083048667653046,47.17553170670695,1.712572862673576,NaN,
ER(0.5),14,14,20272117,56,38.0,0.8366128869064839,exactN,0.0,0.0,0.0,0.0,0.8113310687263992,0.025281818180084792,0.0,0.0,0.8188919851608597,0.01772090174562424,0.0,0.0,30.22863945689196,0.9788958306744875,NaN,
ER(0.5),14,14,20272117,56,38.0,0.8366128869064839,pert:lowd:0.01,0.009999487238842388,0.9778050782300057,0.9994748416519074,0.9542659728822172,0.7368421052631579,0.09977078164332609,-0.32221463113741466,-0.241660973353061,0.7262183857353394,0.11039450117114458,0.32221463113741466,0.24166097335306103,115322.52725865875,4122.866512814792,NaN,
ER(0.5),14,14,20272117,56,38.0,0.8366128869064839,pert:lowd:0.05,0.049937299739311054,0.9985502688666352,0.9990334858785749,0.982654953746396,0.7368421052631579,0.09977078164332609,-0.32221463113741466,-0.241660973353061,0.7332957397910588,0.10331714711542517,1.0471975511965979,0.20138414446088415,2.8116339385675965e6,100519.34141322729,NaN,
ER(0.5),14,14,20272117,56,38.0,0.8366128869064839,pert:lowd:0.2,0.19611133654028143,0.9997160329024707,0.9983033218598124,0.9866022171896534,0.7368421052631579,0.09977078164332609,-0.32221463113741466,-0.241660973353061,0.7368421052631584,0.09977078164332553,2.174948760177549,0.0805536577843537,4.477345128838493e7,1.600709498390209e6,NaN,
ER(0.5),14,14,20272117,56,38.0,0.8366128869064839,pert:lowd:0.5,0.4471908399361094,0.9998412138764384,0.9981329806807511,0.9873343780085606,0.7368421052631579,0.09977078164332609,-0.32221463113741466,-0.241660973353061,0.7368421052631584,0.09977078164332553,2.174948760177549,0.0805536577843537,2.79568583891535e8,9.994947909662023e6,NaN,
ER(0.5),14,14,20272117,56,38.0,0.8366128869064839,pert:highd:0.01,0.004986936970797794,0.02926535723233615,0.0013093282522933683,0.004888634088285868,0.736842105263158,0.09977078164332598,-0.32221463113741466,0.5638756044904757,0.8188919851608597,0.01772090174562424,0.0,0.0,45.95208390130291,1.6415132504158494,NaN,
ER(0.5),14,14,20272117,56,38.0,0.8366128869064839,pert:highd:0.05,0.02410166721155727,0.14489071451292107,0.006542853957684831,0.02447485631813572,0.736842105263158,0.09977078164332598,-0.32221463113741466,0.5638756044904757,0.805129739854957,0.031483147051526994,0.08055365778435364,0.040276828892176875,163.43095866709376,5.840349189103577,NaN,
ER(0.5),14,14,20272117,56,38.0,0.8366128869064839,pert:highd:0.2,0.08546142830482072,0.505870358301985,0.026108425030634264,0.09803948219593482,0.736842105263158,0.09977078164332598,-0.32221463113741466,0.5638756044904757,0.8188919851608597,0.01772090174562424,0.0,0.0,1254.781922077077,44.85314081177977,NaN,
ER(0.5),14,14,20272117,56,38.0,0.8366128869064839,pert:highd:0.5,0.1729678437721988,0.8267520250676251,0.06488476790802505,0.2418641970463937,0.736842105263158,0.09977078164332598,-0.32221463113741466,0.5638756044904757,0.8225206593686516,0.014092227537832347,0.0,-0.04027682889217682,6520.245242236203,233.09157230627676,NaN,
ER(0.5),14,14,20272117,56,38.0,0.8366128869064839,pert:nulled:0.01,0.006209275246884462,0.05424089073699391,0.0019161731645044857,0.0008860153739301923,0.7368421052631579,0.09977078164332609,-0.32221463113741466,1.3291353534418355,0.8188919851608597,0.01772090174562424,0.0,0.0,69.76857741585786,2.4926668513615637,NaN,
ER(0.5),14,14,20272117,56,38.0,0.8366128869064839,pert:nulled:0.05,0.030101025979720253,0.26172657048427084,0.009573921224569803,0.0044282048608012764,0.7368421052631579,0.09977078164332609,-0.32221463113741466,1.3291353534418355,0.8188919851608597,0.01772090174562424,0.0,0.0,424.27129557761657,15.164150864942945,NaN,
ER(0.5),14,14,20272117,56,38.0,0.8366128869064839,pert:nulled:0.2,0.107637957050475,0.7332551197348003,0.038172064193563934,0.01768282674477681,0.7368421052631579,0.09977078164332609,-0.32221463113741466,1.3291353534418355,0.8188919851608597,0.01772090174562424,0.0,0.0,4424.511309785375,158.16885258179866,NaN,
ER(0.5),14,14,20272117,56,38.0,0.8366128869064839,pert:nulled:0.5,0.21960685615553557,0.9362519854808098,0.09458977516818785,0.04403485243161504,0.7368421052631579,0.09977078164332609,-0.32221463113741466,1.3291353534418355,0.8188919851608597,0.01772090174562424,0.0,0.0,25076.408911837985,896.4833770646313,NaN,
ER(0.5),14,14,20272117,56,38.0,0.8366128869064839,pert:random:0.01,0.009930390912077746,0.7997049126918191,0.8446961884643782,0.7803563575881558,0.7368421052631579,0.09977078164332609,-0.32221463113741466,1.2083048667653051,0.7452371161232565,0.09137577078322745,-0.724982920059183,0.32221463113741466,4368.22232679052,156.16823834025126,NaN,
ER(0.5),14,14,20272117,56,38.0,0.8366128869064839,pert:random:0.05,0.04984750262709459,0.9909791222168567,0.9988239127330435,0.9994454521247471,0.7368421052631579,0.09977078164332609,-0.32221463113741466,1.3291353534418355,0.7161742451439834,0.12043864176250052,-0.6444292622748293,0.36249146002959154,118010.70115847865,4219.109728279836,NaN,
ER(0.5),14,14,20272117,56,38.0,0.8366128869064839,pert:random:0.2,0.19946985691475305,0.9998035623565271,0.998134553265376,0.982457557205854,0.7368421052631579,0.09977078164332609,-0.32221463113741466,1.3291353534418355,0.7283237215702865,0.10828916533619748,0.966643893412244,0.2819378022452379,1.9320492774198796e6,69073.62866989989,NaN,
ER(0.5),14,14,20272117,56,38.0,0.8366128869064839,pert:random:0.5,0.46809835900026453,0.9999946912784231,0.9965642853434926,0.9764152506300054,0.7368421052631579,0.09977078164332609,-0.32221463113741466,1.3291353534418355,0.7277914458259147,0.10882144108056924,1.0471975511965979,0.32221463113741466,1.213053355747952e7,433683.5204586524,NaN,
ER(0.5),14,14,20272117,56,38.0,0.8366128869064839,fit:triangle:mse,0.7525798107202439,0.9992681690844473,0.9976535517059925,0.9999793867921353,0.5608565242331057,0.2757563626733782,0.6444292622748293,1.0471975511965976,0.7099522739792176,0.12666061292726638,0.5638756044904757,0.32221463113741466,2.7432588952575135e6,104811.7839053927,0.7525798107202439,6.24825;0.651568;0.137535;0.425306
ER(0.5),14,14,20272117,56,38.0,0.8366128869064839,fit:triangle:wgt,0.9248296509599016,0.9766059948258949,0.9384678918715952,0.9694833145288609,0.5220085656180734,0.31460432128841054,0.48332194670612205,1.0069207223044208,0.7368203546863562,0.09979253222012774,2.0943951023931953,0.5235987755982988,882.6445357413824,33.03005918819595,0.9744521240615716,0.05;0.585488;0.200714;0.102435
ER(0.5),14,14,20272117,56,38.0,0.8366128869064839,fit:normal:mse,0.6704046226228801,0.9999843897459026,0.983730549061012,0.9916306294865015,0.7368421052631579,0.09977078164332609,-0.32221463113741466,1.3291353534418355,0.7368421052631581,0.09977078164332587,2.174948760177549,0.48332194670612205,24699.85049627546,870.7250520184675,0.6704046226228801,28.7418;5.4917;4.62855
ER(0.5),14,14,20272117,56,38.0,0.8366128869064839,fit:normal:wgt,0.9995936051072537,0.9762349377325772,0.9213516281353958,0.9759533875943754,0.7368423960292902,0.0997704908771937,2.4166097335306103,-0.20138414446088415,0.7368421052631579,0.09977078164332609,-0.966643893412244,1.248581695657482,6.1082634946673825e7,2.2400376743540475e6,0.9721642443224334,21.2254;160.154;0.01
ER(0.5),14,14,20272117,56,38.0,0.8366128869064839,paper:empP,0.986192465361175,0.8839498067809293,0.959101758058847,0.9251946204846997,0.4799377200727477,0.35667516683373623,0.32221463113741466,0.8055365778435366,0.7140890396372184,0.12252384726926557,0.6444292622748294,0.32221463113741466,1.2795615096976276e10,3.0708699769734454e11,NaN,
ER(0.5),14,14,20272117,56,38.0,0.8366128869064839,paper:binP,0.986192465361175,0.8839498067809293,0.959101758058847,0.9251946204846997,0.4948074878089194,0.3418053990975645,0.32221463113741466,0.9263670645200672,0.8266458064158781,0.009967080490605795,-0.32221463113741466,0.040276828892176875,3547.260527190275,204.3983780147617,NaN,
ER(0.5),14,15,20272118,42,29.0,0.8462195106528058,exactN,0.0,0.0,0.0,0.0,0.8219545258739592,0.024264984778846532,0.0,0.0,0.8051533414004185,0.04106616925238726,0.0,0.0,23.20371965748017,0.9705116049468467,NaN,
ER(0.5),14,15,20272118,42,29.0,0.8462195106528058,pert:lowd:0.01,0.009999488960452727,0.9816783412285326,0.9898796651342352,0.8679012341398452,0.7241379310344828,0.122081579618323,-0.40276828892176836,-0.28193780224523785,0.7311451682300789,0.11507434242272685,0.5638756044904758,0.2013841444608842,86413.95064122806,4117.537949509904,NaN,
ER(0.5),14,15,20272118,42,29.0,0.8462195106528058,pert:lowd:0.05,0.049937342222274146,0.9987187737355316,0.9985174906360249,0.9391304449549336,0.7241379310344828,0.122081579618323,-0.40276828892176836,-0.28193780224523785,0.7330045199150189,0.11321499073778685,1.1277512089809516,0.04027682889217682,2.106800774713698e6,100387.75128051554,NaN,
ER(0.5),14,15,20272118,42,29.0,0.8462195106528058,pert:lowd:0.2,0.19611197867331362,0.9997174759569474,0.9992843176101012,0.9504436148155059,0.7241379310344828,0.122081579618323,-0.40276828892176836,-0.28193780224523785,0.7330045199150189,0.11321499073778685,1.1277512089809516,0.04027682889217682,3.3549365421468154e7,1.5986089281165525e6,NaN,
ER(0.5),14,15,20272118,42,29.0,0.8462195106528058,pert:lowd:0.5,0.44719388445584174,0.9998308170543649,0.9994046505775148,0.9526001392218104,0.7241379310344828,0.122081579618323,-0.40276828892176836,-0.28193780224523785,0.7330045199150189,0.11321499073778685,1.1277512089809516,0.04027682889217682,2.094845086667372e8,9.981825435263835e6,NaN,
ER(0.5),14,15,20272118,42,29.0,0.8462195106528058,pert:highd:0.01,0.004984642575227281,0.03273231043700867,0.002938614787957827,0.012348277979082898,0.7241379310344829,0.12208157961832289,-0.40276828892176836,0.5235987755982989,0.8051533414004185,0.04106616925238726,0.0,0.0,34.45719324879241,1.6410464217031415,NaN,
ER(0.5),14,15,20272118,42,29.0,0.8462195106528058,pert:highd:0.05,0.024090461767141778,0.16218242024608515,0.014684920717493525,0.06248331118038216,0.7241379310344829,0.12208157961832289,-0.40276828892176836,0.5235987755982989,0.8051533414004185,0.04106616925238726,0.0,0.0,122.50750683335647,5.835870654192616,NaN,
ER(0.5),14,15,20272118,42,29.0,0.8462195106528058,pert:highd:0.2,0.08542056657765047,0.5547388485520437,0.05854613844591307,0.25544921776897084,0.7241379310344829,0.12208157961832289,-0.40276828892176836,0.5235987755982989,0.8123675308890865,0.03385197976371923,0.0,-0.04027682889217682,940.3531361743522,44.8030608019246,NaN,
ER(0.5),14,15,20272118,42,29.0,0.8462195106528058,pert:highd:0.5,0.1728830035328738,0.8639170346625469,0.14458747703847022,0.5960392712293149,0.7241379310344829,0.12208157961832289,-0.40276828892176836,0.5235987755982989,0.8159954595232219,0.030224051129583818,0.0,-0.0805536577843537,4885.998384640513,232.80554293058222,NaN,
ER(0.5),14,15,20272118,42,29.0,0.8462195106528058,pert:nulled:0.01,0.0061899124153043114,0.06064435787399308,0.0007791096105984651,0.002221691988285424,0.7241379310344828,0.122081579618323,-0.40276828892176836,1.2888585245496587,0.8051533414004185,0.04106616925238726,0.0,0.0,52.309035689653996,2.491483283090493,NaN,
ER(0.5),14,15,20272118,42,29.0,0.8462195106528058,pert:nulled:0.05,0.030005461245062356,0.29058856849444875,0.003895423718543253,0.011077833328124276,0.7241379310344828,0.122081579618323,-0.40276828892176836,1.2888585245496587,0.7987988845431734,0.04742062610963238,0.08055365778435375,0.0,317.98777025737775,15.149432605093917,NaN,
ER(0.5),14,15,20272118,42,29.0,0.8462195106528058,pert:nulled:0.2,0.10727928506446313,0.7717192468304365,0.015578483138019308,0.04382798868980661,0.7241379310344828,0.122081579618323,-0.40276828892176836,1.2888585245496587,0.7839315285349642,0.06228798211784159,0.1611073155687075,0.04027682889217682,3315.5899581661297,157.9779732649975,NaN,
ER(0.5),14,15,20272118,42,29.0,0.8462195106528058,pert:nulled:0.5,0.21884164298690478,0.9495310975689053,0.03891424258008351,0.10690502959137274,0.7241379310344828,0.122081579618323,-0.40276828892176836,1.2888585245496587,0.7839315285349642,0.06228798211784159,0.1611073155687075,0.04027682889217682,18790.66928109842,895.3461473856031,NaN,
ER(0.5),14,15,20272118,42,29.0,0.8462195106528058,pert:random:0.01,0.009352546877359206,0.9441649237039083,0.855861185200381,0.5225195025839325,0.7241379310344828,0.122081579618323,-0.40276828892176836,1.2888585245496587,0.7404251835584678,0.105794327094338,0.48332194670612205,0.16110731556870733,24607.008685540335,1172.4888768732494,NaN,
ER(0.5),14,15,20272118,42,29.0,0.8462195106528058,pert:random:0.05,0.04740244162752247,0.9965750653532566,0.9988093997053977,0.8872161713553943,0.7241379310344828,0.122081579618323,-0.40276828892176836,1.2888585245496587,0.7230759143100272,0.1231435963427786,0.5638756044904758,0.24166097335306097,586757.2820298099,27958.569550104825,NaN,
ER(0.5),14,15,20272118,42,29.0,0.8462195106528058,pert:random:0.2,0.19701957650196256,0.9994524471990428,0.9984739431278093,0.9547387269945335,0.7241379310344828,0.122081579618323,-0.40276828892176836,1.2888585245496587,0.6741954662341779,0.17202404441862784,-0.8055365778435366,0.3222146311374147,9.304059707150865e6,443333.15568649804,NaN,
ER(0.5),14,15,20272118,42,29.0,0.8462195106528058,pert:random:0.5,0.49466057446542533,0.9997325689536232,0.9971139419925142,0.9654641254192017,0.7241379310344828,0.122081579618323,-0.40276828892176836,1.2888585245496587,0.7015894852389396,0.14463002541386616,0.48332194670612205,0.3222146311374147,5.804558566303527e7,2.7658407766466383e6,NaN,
ER(0.5),14,15,20272118,42,29.0,0.8462195106528058,fit:triangle:mse,0.7099832951913296,0.992708221893542,0.988983731917733,0.9989240229225081,0.5280702455315226,0.31814926512128316,0.5638756044904756,1.0069207223044208,0.7201760845996162,0.12604342605318952,0.4027682889217683,0.24166097335306097,14933.427285452906,761.1540699992514,0.7099832951913296,0.572485;0.702955;0.141525;0.470049
ER(0.5),14,15,20272118,42,29.0,0.8462195106528058,fit:triangle:wgt,0.8967320783078895,0.9462865750374497,0.9391402493312363,0.9639839443663516,0.5597573123177544,0.2864621983350514,0.8860902356278904,0.9666438934122439,0.7423788265005322,0.10384068415227354,0.48332194670612205,-0.32221463113741466,304.8536933929594,15.548486478309268,0.9425495740937156,0.05;0.687714;0.204568;0.231516
ER(0.5),14,15,20272118,42,29.0,0.8462195106528058,fit:normal:mse,0.6239431225937077,0.9999960223791096,0.991438290831895,0.993612268003794,0.7241379310344828,0.122081579618323,-0.40276828892176836,-0.28193780224523785,0.7241379310344839,0.12208157961832189,1.8527341290401345,0.4430451178139451,9996.690026364238,475.6941584107425,0.6239431225937077,21.6632;5.00646;4.97451
ER(0.5),14,15,20272118,42,29.0,0.8462195106528058,fit:normal:wgt,0.9995254655556047,0.9717441128535278,0.9496826154993304,0.9895183886661598,0.7243687211174468,0.121850789535359,2.5777170490993173,-0.24166097335306103,0.7241379310344828,0.122081579618323,-1.2888585245496587,1.1680280378731283,5.287885877009702e7,2.6096622722014855e6,0.9670236982079753,14.7434;120.735;0.01
ER(0.5),14,15,20272118,42,29.0,0.8462195106528058,paper:empP,0.9961911447180218,0.999830618625654,0.9995444644012721,0.9998876140305183,0.8406379777365562,0.005581532916249521,0.16110731556870733,0.04027682889217682,0.7624803427379719,0.08373916791483382,0.08055365778435375,0.12083048667653046,88.41659033673591,3.451094038094447,NaN,
ER(0.5),14,15,20272118,42,29.0,0.8462195106528058,paper:binP,0.9961911447180218,0.999830618625654,0.9995444644012721,0.9998876140305183,0.8405574435231024,0.0056620671297034075,0.24166097335306097,0.0805536577843537,0.7453888974615145,0.10083061319129127,0.1611073155687075,0.16110731556870733,64.35776211172826,2.364039936565022,NaN,
