family,n,instance,seed,m,c_opt,ceil_p1,variant,mse_rel,ew_avg,ew_star_raw,ew_star_nrm,ar_raw,regret_raw,dgamma_raw,dbeta_raw,ar_nrm,regret_nrm,dgamma_nrm,dbeta_nrm,pred_raw,normw_raw,fit_obj,fit_params
ER(0.25),14,1,20282104,23,18.0,0.8241761729375905,exactN,0.0,0.0,0.0,0.0,0.7916307488381416,0.03254542409944894,0.0,0.0,0.731218085587623,0.09295808734996747,0.0,0.0,13.704529663269131,0.9557878724399774,NaN,
ER(0.25),14,1,20282104,23,18.0,0.8241761729375905,pert:lowd:0.01,0.009999492389955875,0.9862168522330488,0.9622126430538288,0.8094730475509392,0.6388888888888888,0.18528728404870165,-0.6444292622748293,-0.32221463113741466,0.6822785569021921,0.1418976160353984,0.4027682889217683,0.08055365778435375,47320.44724306187,4116.038932039248,NaN,
ER(0.25),14,1,20282104,23,18.0,0.8241761729375905,pert:lowd:0.05,0.04993742702051661,0.9988436662922138,0.9845949524775315,0.9573567685453057,0.6388888888888888,0.18528728404870165,-0.6444292622748293,-0.32221463113741466,0.6558351509757158,0.16834102196187473,0.6444292622748291,0.1611073155687074,1.1536876923600829e6,100350.7290265616,NaN,
ER(0.25),14,1,20282104,23,18.0,0.8241761729375905,pert:lowd:0.2,0.19611326090295564,0.9996699246472315,0.9877739105704977,0.9761594372792657,0.6388888888888888,0.18528728404870165,-0.6444292622748293,-0.32221463113741466,0.6514368115918117,0.17273936134577883,1.1277512089809512,-0.24166097335306097,1.8371688111611936e7,1.598017931601727e6,NaN,
ER(0.25),14,1,20282104,23,18.0,0.8241761729375905,pert:lowd:0.5,0.44719996435492765,0.9997750733926167,0.9883681464164411,0.979342916384584,0.6388888888888888,0.18528728404870165,-0.6444292622748293,-0.32221463113741466,0.6400064801210656,0.18416969281652484,1.1277512089809512,0.24166097335306103,1.1471406223988782e8,9.978133406481717e6,NaN,
ER(0.25),14,1,20282104,23,18.0,0.8241761729375905,pert:highd:0.01,0.005056288730923771,0.03919938018826101,0.005784962626664637,0.033278380042735374,0.638888888888889,0.18528728404870154,-0.6444292622748293,0.48332194670612205,0.7563641494673742,0.06781202347021631,-0.1611073155687075,-0.04027682889217682,18.869294491916513,1.6409159019634763,NaN,
ER(0.25),14,1,20282104,23,18.0,0.8241761729375905,pert:highd:0.05,0.02444045568654528,0.19506032319716346,0.028940652055921574,0.17299605326029216,0.638888888888889,0.18528728404870154,-0.6444292622748293,0.48332194670612205,0.7563641494673742,0.06781202347021631,-0.1611073155687075,-0.04027682889217682,67.086244284663,5.8346147261012895,NaN,
ER(0.25),14,1,20282104,23,18.0,0.8241761729375905,pert:highd:0.2,0.08669770642848787,0.6429129722611069,0.11544808159992205,0.6628307267845204,0.638888888888889,0.18528728404870154,-0.6444292622748293,0.48332194670612205,0.7795488601338404,0.0446273128037501,-0.24166097335306125,-0.12083048667653046,514.9415545148636,44.788987148664276,NaN,
ER(0.25),14,1,20282104,23,18.0,0.8241761729375905,pert:highd:0.5,0.17553635198746353,0.9206618646772289,0.28087488659288606,0.9772718992798026,0.638888888888889,0.18528728404870154,-0.6444292622748293,0.48332194670612205,0.7953671220780859,0.02880905085950458,-0.4027682889217685,-0.20138414446088415,2675.5867731682183,232.72510909295636,NaN,
ER(0.25),14,1,20282104,23,18.0,0.8241761729375905,pert:nulled:0.01,0.006178851489174234,0.07267811734657734,0.0010488579732531227,0.011223532478522027,0.6388888888888888,0.18528728404870165,-0.6444292622748293,1.248581695657482,0.731218085587623,0.09295808734996747,0.0,0.0,28.64511376819084,2.4911519863439455,NaN,
ER(0.25),14,1,20282104,23,18.0,0.8241761729375905,pert:nulled:0.05,0.02995087911437605,0.34271188490636106,0.00524221746910297,0.05680955393795231,0.6388888888888888,0.18528728404870165,-0.6444292622748293,1.248581695657482,0.7563641494673742,0.06781202347021631,-0.1611073155687075,-0.04027682889217682,174.13216274927254,15.145300103560457,NaN,
ER(0.25),14,1,20282104,23,18.0,0.8241761729375905,pert:nulled:0.2,0.10707451912232975,0.8261095310553181,0.020934574832269178,0.2334878478220974,0.6388888888888888,0.18528728404870165,-0.6444292622748293,1.248581695657482,0.7563641494673742,0.06781202347021631,-0.1611073155687075,-0.04027682889217682,1815.6275596218652,157.92430299185276,NaN,
ER(0.25),14,1,20282104,23,18.0,0.8241761729375905,pert:nulled:0.5,0.21840496718808677,0.9653536903317056,0.052127611902281726,0.5591960631546206,0.6388888888888888,0.18528728404870165,-0.6444292622748293,1.248581695657482,0.773385312443236,0.05079086049435444,-0.24166097335306125,-0.08055365778435364,10289.813442178536,895.0262703676864,NaN,
ER(0.25),14,1,20282104,23,18.0,0.8241761729375905,pert:random:0.01,0.00990258246098233,0.9564310923400653,0.9206649049792622,0.521259547852298,0.6388888888888888,0.18528728404870165,-0.6444292622748293,-0.32221463113741466,0.6905612565833865,0.13361491635420397,0.2416609733530608,0.08055365778435375,7680.0160210736585,668.0203827520465,NaN,
ER(0.25),14,1,20282104,23,18.0,0.8241761729375905,pert:random:0.05,0.04920097792065607,0.9982734253693701,0.9876159797199369,0.8647912651640626,0.6388888888888888,0.18528728404870165,-0.6444292622748293,-0.32221463113741466,0.6661634586782692,0.15801271425932129,0.5638756044904754,0.12083048667653051,180296.94397547905,15682.669895917646,NaN,
ER(0.25),14,1,20282104,23,18.0,0.8241761729375905,pert:random:0.2,0.18979970073684083,0.9999201713509768,0.9940963288559225,0.9339945849751572,0.6388888888888888,0.18528728404870165,-0.6444292622748293,-0.32221463113741466,0.6558351509757158,0.16834102196187473,0.6444292622748291,0.1611073155687074,2.850296233953577e6,247926.19931603182,NaN,
ER(0.25),14,1,20282104,23,18.0,0.8241761729375905,pert:random:0.5,0.42213530148483325,0.9999942348934366,0.9951154095453013,0.9459288106208334,0.6388888888888888,0.18528728404870165,-0.6444292622748293,-0.32221463113741466,0.6355650602182293,0.18861111271936115,1.1277512089809512,0.32221463113741466,1.7771438125142246e7,1.5458065969518856e6,NaN,
ER(0.25),14,1,20282104,23,18.0,0.8241761729375905,fit:triangle:mse,0.593624535614965,0.963376254832798,0.9553715684970103,0.9834810778986215,0.5963024077005612,0.2278737652370293,-0.483321946706122,1.0069207223044208,0.665352348630413,0.15882382430717745,0.0,0.1611073155687074,11930.702959479071,1045.5325742198158,0.593624535614965,0.81083;0.508988;0.293718;0.268549
ER(0.25),14,1,20282104,23,18.0,0.8241761729375905,fit:triangle:wgt,0.789532870215573,0.8802935317025252,0.9009723493783017,0.9227217012958306,0.48286603702570235,0.34131013591188814,1.1277512089809514,0.966643893412244,0.6489055895464415,0.17527058339114898,1.1277512089809512,-0.32221463113741466,69.24480741306353,6.7224280644800745,0.8739823934623464,0.05;0.714379;0.258974;0.325638
ER(0.25),14,1,20282104,23,18.0,0.8241761729375905,fit:normal:mse,0.4770245461219785,0.9999971238292313,0.994367601854139,0.9419253814142461,0.6388888888888888,0.18528728404870165,-0.6444292622748293,-0.32221463113741466,0.6527665138634946,0.1714096590740959,1.1277512089809512,-0.12083048667653046,783.3171094513542,68.91198721597146,0.4770245461219785,11.7608;4.05615;4.60746
ER(0.25),14,1,20282104,23,18.0,0.8241761729375905,fit:normal:wgt,0.9970372756770102,0.9665402036443439,0.9734683458299404,0.9952952413398973,0.6388888888888888,0.18528728404870165,-0.6444292622748293,-0.32221463113741466,0.6318585401948429,0.1923176327427476,0.6444292622748291,0.2819378022452379,4.1662778345487386e7,3.7848235736291185e6,0.9607324558220217,7.83775;67.8778;0.01
ER(0.25),14,1,20282104,23,18.0,0.8241761729375905,paper:empP,0.9999989742554725,0.9999997525123258,0.9999995709749503,0.9999998578005749,0.8206119216904971,0.003564251247093364,0.48332194670612205,0.0805536577843537,0.6355650602182293,0.18861111271936115,1.1277512089809512,0.32221463113741466,7.437934606558472e8,4.2011682367157005e7,NaN,
ER(0.25),14,1,20282104,23,18.0,0.8241761729375905,paper:binP,0.9999989742554725,0.9999997525123258,0.9999995709749503,0.9999998578005749,0.8115437941085963,0.01263237882899415,0.48332194670612205,0.12083048667653051,0.6376504171258727,0.18652575581171782,-0.322214631137415,0.20138414446088426,230844.09502723,12087.010924991577,NaN,
ER(0.25),14,2,20282105,29,23.0,0.7864073279878973,exactN,0.0,0.0,0.0,0.0,0.747989170284247,0.0384181577036502,0.0,0.0,0.679116795151038,0.1072905328368593,0.0,0.0,16.761638481269145,0.97069398290486,NaN,
ER(0.25),14,2,20282105,29,23.0,0.7864073279878973,pert:lowd:0.01,0.009999487958738843,0.9825885841906299,0.9532062302180189,0.7667691396992466,0.6304347826086957,0.15597254537920158,-0.483321946706122,-0.32221463113741466,0.6431842389049678,0.14322308908292947,0.32221463113741455,0.12083048667653051,59670.051318124075,4116.7538465326015,NaN,
ER(0.25),14,2,20282105,29,23.0,0.7864073279878973,pert:lowd:0.05,0.04993731749674517,0.9985082573681484,0.9806083766314202,0.9824712516513364,0.6304347826086957,0.15597254537920158,-0.483321946706122,-0.32221463113741466,0.6237552402201256,0.16265208776777162,0.4027682889217683,0.24166097335306103,1.4547766085176892e6,100368.38337880443,NaN,
ER(0.25),14,2,20282105,29,23.0,0.7864073279878973,pert:lowd:0.2,0.19611160492492485,0.9995656993945616,0.9845489579582876,0.9976726115484514,0.6304347826086957,0.15597254537920158,-0.483321946706122,-0.32221463113741466,0.6151100158458499,0.17129731214204735,0.4833219467061216,0.32221463113741466,2.316632821297678e7,1.5982997457073394e6,NaN,
ER(0.25),14,2,20282105,29,23.0,0.7864073279878973,pert:lowd:0.5,0.44719211239658935,0.9997014408745937,0.9852872546013096,0.9990304912061532,0.6304347826086957,0.15597254537920158,-0.483321946706122,-0.32221463113741466,0.6083771547591916,0.17803017322870562,0.32221463113741455,0.32221463113741466,1.4465212517697215e8,9.979893925228957e6,NaN,
ER(0.25),14,2,20282105,29,23.0,0.7864073279878973,pert:highd:0.01,0.0050483699053790534,0.034887314546223354,0.005205046784108681,0.037300832768493115,0.6304347826086958,0.15597254537920147,-0.483321946706122,0.48332194670612205,0.679116795151038,0.1072905328368593,0.0,0.0,23.792172414405602,1.6409786736897258,NaN,
ER(0.25),14,2,20282105,29,23.0,0.7864073279878973,pert:highd:0.05,0.024401763151674877,0.17400608972070808,0.026056334358407037,0.19143688729548006,0.6304347826086958,0.15597254537920147,-0.483321946706122,0.48332194670612205,0.6931302072634287,0.09327712072446859,-0.08055365778435397,-0.040276828892176875,84.59133808414752,5.835216277253156,NaN,
ER(0.25),14,2,20282105,29,23.0,0.7864073279878973,pert:highd:0.2,0.08655642871677673,0.5954585332847453,0.10428724502148902,0.6844545208972637,0.6304347826086958,0.15597254537920147,-0.483321946706122,0.48332194670612205,0.7424398574807732,0.04396747050712402,-0.4027682889217685,-0.16110731556870733,649.322492518389,44.795708741080915,NaN,
ER(0.25),14,2,20282105,29,23.0,0.7864073279878973,pert:highd:0.5,0.17524266832566973,0.8989911118142413,0.25633078388347136,0.9695033749255229,0.6304347826086958,0.15597254537920147,-0.483321946706122,0.48332194670612205,0.7517922711550997,0.03461505683279753,-0.4833219467061223,-0.24166097335306103,3373.841932204968,232.7634900130439,NaN,
ER(0.25),14,2,20282105,29,23.0,0.7864073279878973,pert:nulled:0.01,0.006190658352353986,0.0647275899965102,0.0009426665184122714,0.0194213750788506,0.6304347826086957,0.15597254537920158,-0.483321946706122,1.248581695657482,0.679116795151038,0.1072905328368593,0.0,0.0,36.11889990936916,2.49131106754097,NaN,
ER(0.25),14,2,20282105,29,23.0,0.7864073279878973,pert:nulled:0.05,0.030009142434760345,0.3087542995133757,0.004711188996429535,0.09783963108739033,0.6304347826086957,0.15597254537920158,-0.483321946706122,1.248581695657482,0.6991440767197453,0.08726325126815193,-0.1611073155687075,-0.040276828892176875,219.5721703257445,15.147276177702041,NaN,
ER(0.25),14,2,20282105,29,23.0,0.7864073279878973,pert:nulled:0.2,0.10729309749122612,0.7932847563622918,0.018810301487154946,0.3810295232799358,0.6304347826086957,0.15597254537920158,-0.483321946706122,1.248581695657482,0.7145394886629046,0.07186783932499263,-0.24166097335306125,-0.0805536577843537,2289.4537429864586,157.94991731076598,NaN,
ER(0.25),14,2,20282105,29,23.0,0.7864073279878973,pert:nulled:0.5,0.21887110364517687,0.9565289067362989,0.046826755474821465,0.7516709818788655,0.6304347826086957,0.15597254537920158,-0.483321946706122,1.248581695657482,0.7145394886629046,0.07186783932499263,-0.24166097335306125,-0.0805536577843537,12975.209665883549,895.1788562767042,NaN,
ER(0.25),14,2,20282105,29,23.0,0.7864073279878973,pert:random:0.01,0.00997907515447178,0.9507728395631125,0.9061140489330868,0.39004871364097776,0.6304347826086957,0.15597254537920158,-0.483321946706122,-0.32221463113741466,0.6660717575673708,0.12033557042052645,0.0805536577843533,0.040276828892176875,15749.569241178924,1086.5873393682768,NaN,
ER(0.25),14,2,20282105,29,23.0,0.7864073279878973,pert:random:0.05,0.04972739181081018,0.9975570403583012,0.9783909367300044,0.9057996233911967,0.6304347826086957,0.15597254537920158,-0.483321946706122,-0.32221463113741466,0.6362829151832928,0.15012441280460442,0.32221463113741455,0.1611073155687074,374856.11104056437,25862.153790199533,NaN,
ER(0.25),14,2,20282105,29,23.0,0.7864073279878973,pert:random:0.2,0.19379474293755583,0.9997570888654076,0.9869090097608837,0.9936933730367457,0.6304347826086957,0.15597254537920158,-0.483321946706122,-0.32221463113741466,0.622021823306997,0.1643855046809003,0.32221463113741455,0.24166097335306103,5.941874916682304e6,409943.8715611703,NaN,
ER(0.25),14,2,20282105,29,23.0,0.7864073279878973,pert:random:0.5,0.4370838120852233,0.999922521115632,0.9883733902644402,0.9991251144576827,0.6304347826086957,0.15597254537920158,-0.483321946706122,-0.32221463113741466,0.622021823306997,0.1643855046809003,0.32221463113741455,0.24166097335306103,3.706713540430598e7,2.5573494609047864e6,NaN,
ER(0.25),14,2,20282105,29,23.0,0.7864073279878973,fit:triangle:mse,0.6097074894580269,0.9797499412122578,0.9764203668443692,0.9903644773254013,0.5882150859617816,0.19819224202611563,-0.32221463113741466,1.0069207223044208,0.6479802881677463,0.13842703982015092,-0.1611073155687075,0.12083048667653051,1.137074862890794e6,79065.80961970476,0.6097074894580269,6.59951;0.422445;0.347152;0.201605
ER(0.25),14,2,20282105,29,23.0,0.7864073279878973,fit:triangle:wgt,0.7690734669405769,0.909743980679384,0.9253142839160593,0.9371738897706817,0.4671917586295248,0.3192155693583725,0.8860902356278904,0.966643893412244,0.6662064314941588,0.12020089649373844,-0.4833219467061223,0.08055365778435364,131.991712467418,9.903405070595815,0.9042899819230331,0.05;0.373389;0.48;0.128637
ER(0.25),14,2,20282105,29,23.0,0.7864073279878973,fit:normal:mse,0.4797708153109446,0.9999872271023457,0.9992914999569663,0.9513062390908006,0.6304347826086957,0.15597254537920158,-0.483321946706122,-0.32221463113741466,0.6304347826086958,0.15597254537920147,-2.013841444608842,0.24166097335306103,1934.4732692684654,135.20092823679764,0.4797708153109446,14.7036;4.29595;5.02622
ER(0.25),14,2,20282105,29,23.0,0.7864073279878973,fit:normal:wgt,0.9996374365451169,0.9700575441996342,0.9737906484414892,0.9988030856643921,0.6323443109855079,0.15406301700238934,2.5777170490993173,-0.28193780224523785,0.6140819137066054,0.1723254142812919,0.0805536577843533,0.24166097335306103,3.490739294014507e7,2.4951981600511023e6,0.9650660437193067,8.14134;143.774;0.01
ER(0.25),14,2,20282105,29,23.0,0.7864073279878973,paper:empP,0.9999938176012544,0.9999979853586761,0.9999963487132809,0.9999988039531512,0.7728773256887702,0.013530002299127042,0.483321946706122,0.12083048667653051,0.6246859847622425,0.1617213432256548,0.7249829200591829,0.2819378022452378,8.364265441682303e6,378041.15398013644,NaN,
ER(0.25),14,2,20282105,29,23.0,0.7864073279878973,paper:binP,0.9999938176012544,0.9999979853586761,0.9999963487132809,0.9999988039531512,0.7728773256887702,0.013530002299127042,0.483321946706122,0.12083048667653051,0.6456901418967327,0.14071718609116457,-0.4027682889217685,0.12083048667653051,16445.86620431377,731.5957738279399,NaN,
ER(0.25),14,3,20282106,19,16.0,0.7949885429949228,exactN,0.0,0.0,0.0,0.0,0.7604182470177978,0.03457029597712502,0.0,0.0,0.7506345717526757,0.04435397124224716,0.0,0.0,11.607457135287667,0.9477176563130381,NaN,
ER(0.25),14,3,20282106,19,16.0,0.7949885429949228,pert:lowd:0.01,0.009999494190643516,0.9885849231197235,0.9656852943494395,0.8082221535881221,0.59375,0.20123854299492283,-0.7249829200591831,-0.32221463113741466,0.627308324751764,0.16768021824315882,0.8055365778435366,0.1611073155687074,39098.25491527278,4116.147740480253,NaN,
ER(0.25),14,3,20282106,19,16.0,0.7949885429949228,pert:lowd:0.05,0.049937471636189446,0.9990514009797895,0.9858483109464953,0.8945721889367017,0.59375,0.20123854299492283,-0.7249829200591831,-0.32221463113741466,0.605357828995567,0.18963071399935583,1.3694121823340124,0.24166097335306103,953230.3157739516,100353.41513191457,NaN,
ER(0.25),14,3,20282106,19,16.0,0.7949885429949228,pert:lowd:0.2,0.1961139358009756,0.9997313419673683,0.9887172879559267,0.9096423694816369,0.59375,0.20123854299492283,-0.7249829200591831,-0.32221463113741466,0.7335226825929584,0.061465860401964445,-0.5638756044904756,0.12083048667653051,1.517954838105962e7,1.5980608069703577e6,NaN,
ER(0.25),14,3,20282106,19,16.0,0.7949885429949228,pert:lowd:0.5,0.44720316476865296,0.9998175660368777,0.9892541460240092,0.9125806308245855,0.59375,0.20123854299492283,-0.7249829200591831,-0.32221463113741466,0.7013731493567719,0.09361539363815097,-1.208304866765305,0.08055365778435364,9.478213479246813e7,9.978401249639392e6,NaN,
ER(0.25),14,3,20282106,19,16.0,0.7949885429949228,pert:highd:0.01,0.0050587799504194595,0.0431031791237481,0.006163364830608582,0.020960344339101142,0.5937500000000001,0.20123854299492272,-0.7249829200591831,0.48332194670612205,0.7593789002819122,0.03560964271301059,-0.08055365778435353,0.0,15.5883384882971,1.6409256428004468,NaN,
ER(0.25),14,3,20282106,19,16.0,0.7949885429949228,pert:highd:0.05,0.024452628603840117,0.21397321636656408,0.030820113516121687,0.10794329705211463,0.5937500000000001,0.20123854299492272,-0.7249829200591831,0.48332194670612205,0.7593789002819122,0.03560964271301059,-0.08055365778435353,0.0,55.42537120005791,5.834707199120332,NaN,
ER(0.25),14,3,20282106,19,16.0,0.7949885429949228,pert:highd:0.2,0.0867421578218542,0.6810222291701069,0.12266659136361066,0.4484026021998677,0.5937500000000001,0.20123854299492272,-0.7249829200591831,0.48332194670612205,0.7688064845858877,0.02618205840903509,-0.08055365778435353,-0.08055365778435364,425.4566661788213,44.79001357325317,NaN,
ER(0.25),14,3,20282106,19,16.0,0.7949885429949228,pert:highd:0.5,0.17562876492578225,0.9356382442124107,0.2963717357522024,0.8761997296965384,0.5937500000000001,0.20123854299492272,-0.7249829200591831,0.48332194670612205,0.765290915358857,0.02969762763606587,-0.16110731556870728,-0.16110731556870733,2210.6675723400026,232.73095781699232,NaN,
ER(0.25),14,3,20282106,19,16.0,0.7949885429949228,pert:nulled:0.01,0.006172617479478168,0.07986354797810549,0.0011181543378966053,0.0006088109820969034,0.59375,0.20123854299492283,-0.7249829200591831,1.248581695657482,0.7506345717526757,0.04435397124224716,0.0,0.0,23.66502559712397,2.49117658328327,NaN,
ER(0.25),14,3,20282106,19,16.0,0.7949885429949228,pert:nulled:0.05,0.029920119069699116,0.372332949210644,0.00558873543946457,0.0030407335248440106,0.59375,0.20123854299492283,-0.7249829200591831,1.248581695657482,0.7390335362282625,0.05595500676666032,0.0,0.04027682889217682,143.8689643571317,15.145602712213426,NaN,
ER(0.25),14,3,20282106,19,16.0,0.7949885429949228,pert:nulled:0.2,0.10695915115729969,0.8499872729914841,0.022320490284501983,0.012112738341961237,0.59375,0.20123854299492283,-0.7249829200591831,1.248581695657482,0.7390335362282625,0.05595500676666032,0.0,0.04027682889217682,1500.1334030012047,157.92820778580986,NaN,
ER(0.25),14,3,20282106,19,16.0,0.7949885429949228,pert:nulled:0.5,0.21815899683026616,0.971229169752472,0.05558344848840242,0.03002668669696269,0.59375,0.20123854299492283,-0.7249829200591831,1.248581695657482,0.7506345717526757,0.04435397124224716,0.0,0.0,8501.8712353664,895.0495041493054,NaN,
ER(0.25),14,3,20282106,19,16.0,0.7949885429949228,pert:random:0.01,0.009909040285309253,0.8064952591289448,0.7725829240200519,0.5298054339095226,0.59375,0.20123854299492283,-0.7249829200591831,-0.32221463113741466,0.6624028539366147,0.13258568905830814,0.24166097335306103,0.1611073155687074,1118.9317668803612,117.79658294493552,NaN,
ER(0.25),14,3,20282106,19,16.0,0.7949885429949228,pert:random:0.05,0.04977409626991723,0.9849800037447874,0.9521353411053518,0.837090057574919,0.59375,0.20123854299492283,-0.7249829200591831,-0.32221463113741466,0.6187516815587202,0.17623686143620265,1.0471975511965979,0.1611073155687074,24001.25850190428,2526.7794848883523,NaN,
ER(0.25),14,3,20282106,19,16.0,0.7949885429949228,pert:random:0.2,0.1996848330646019,0.9975090672124058,0.9751586534866994,0.9029564036766676,0.59375,0.20123854299492283,-0.7249829200591831,-0.32221463113741466,0.605357828995567,0.18963071399935583,1.3694121823340124,0.24166097335306103,372645.52902015427,39231.06649200854,NaN,
ER(0.25),14,3,20282106,19,16.0,0.7949885429949228,pert:random:0.5,0.4705361761775086,0.9987624247791829,0.9789729281384957,0.9151821201450583,0.59375,0.20123854299492283,-0.7249829200591831,-0.32221463113741466,0.7486106581405811,0.04637788485434169,-0.32221463113741455,0.08055365778435364,2.3149445476130713e6,243710.90899229696,NaN,
ER(0.25),14,3,20282106,19,16.0,0.7949885429949228,fit:triangle:mse,0.5499686235845493,0.9575134170496509,0.9539393944065483,0.9778123372879112,0.6133241960382003,0.1816643469567225,-0.6444292622748294,-0.08055365778435367,0.6112539332070488,0.18373460978787404,0.48332194670612205,0.24166097335306103,3514.337805705686,367.81185520178303,0.5499686235845493,0.510104;0.308062;0.453714;0.207353
ER(0.25),14,3,20282106,19,16.0,0.7949885429949228,fit:triangle:wgt,0.747880256303725,0.8779929278650004,0.9086117072393587,0.9369453723406858,0.43390822579943145,0.3610803171954914,1.1277512089809514,0.966643893412244,0.6194998372201924,0.1754887057747304,0.7249829200591833,0.20138414446088415,45.65927814153302,5.411949671034336,0.8703638886941523,0.05;0.53656;0.382356;0.242512
ER(0.25),14,3,20282106,19,16.0,0.7949885429949228,fit:normal:mse,0.40382527285928826,0.9990277423553642,0.994597695774203,0.9490059269264888,0.59375,0.20123854299492283,-0.7249829200591831,-0.32221463113741466,0.5637338090115198,0.23125473398340302,1.4499658401183662,0.8055365778435366,139.77501582455685,14.836934628155522,0.40382527285928826,9.614;3.55299;4.17073
ER(0.25),14,3,20282106,19,16.0,0.7949885429949228,fit:normal:wgt,0.9919641331609153,0.9639710213738222,0.9748462085348389,0.9903383586356072,0.59375,0.20123854299492283,-0.7249829200591831,-0.32221463113741466,0.5833964216992257,0.21159212129569716,1.1277512089809516,0.36249146002959154,2.1841469717886318e7,2.380983614643067e6,0.9575747980711121,6.79969;64.7417;0.0175007
ER(0.25),14,3,20282106,19,16.0,0.7949885429949228,paper:empP,0.9999828966714195,0.9999933026384797,0.9999907004141049,0.999993575290086,0.7857493520185337,0.009239190976389144,0.48332194670612205,0.12083048667653051,0.4517259285723327,0.34326261442259015,0.4027682889217683,0.6444292622748293,1.0731070860065948e11,6.768257253874356e9,NaN,
ER(0.25),14,3,20282106,19,16.0,0.7949885429949228,paper:binP,0.9999828966714195,0.9999933026384797,0.9999907004141049,0.999993575290086,0.7857493520185337,0.009239190976389144,0.48332194670612205,0.12083048667653051,0.5942778425882311,0.2007107004066917,0.1611073155687075,0.2819378022452379,964293.1087511915,58499.410466305126,NaN,
ER(0.25),14,4,20282107,20,16.0,0.810161858001229,exactN,0.0,0.0,0.0,0.0,0.7762680321993543,0.03389382580187472,0.0,0.0,0.7366073002150628,0.07355455778616615,0.0,0.0,12.061233135297218,0.9661125336545981,NaN,
ER(0.25),14,4,20282107,20,16.0,0.810161858001229,pert:lowd:0.01,0.009999495302807563,0.9890475714260231,0.9684810127249501,0.8152873901472842,0.625,0.18516185800122897,-0.6444292622748293,-0.32221463113741466,0.6687592629465808,0.14140259505464814,0.5638756044904756,0.12083048667653057,41147.4515213014,4116.0948188233115,NaN,
ER(0.25),14,4,20282107,20,16.0,0.810161858001229,pert:lowd:0.05,0.04993749922403598,0.9991540624526716,0.9870187344354263,0.9202326749461222,0.625,0.18516185800122897,-0.6444292622748293,-0.32221463113741466,0.6590307870405019,0.1511310709607271,1.0471975511965976,0.04027682889217682,1.0031878353836046e6,100352.10863080487,NaN,
ER(0.25),14,4,20282107,20,16.0,0.810161858001229,pert:lowd:0.2,0.19611435321248577,0.9997817743427041,0.9896499803401498,0.9372907655938855,0.625,0.18516185800122897,-0.6444292622748293,-0.32221463113741466,0.6554367660451768,0.15472509195605222,1.1277512089809514,0.04027682889217682,1.5975080008190881e7,1.5980399525735439e6,NaN,
ER(0.25),14,4,20282107,20,16.0,0.810161858001229,pert:lowd:0.5,0.44720514425848834,0.9998582020115964,0.9901422041709367,0.9405325054503257,0.625,0.18516185800122897,-0.6444292622748293,-0.32221463113741466,0.6522084110317754,0.15795344696945357,1.1277512089809514,0.0805536577843537,9.974947835375953e7,9.978270971685482e6,NaN,
ER(0.25),14,4,20282107,20,16.0,0.810161858001229,pert:highd:0.01,0.005046523401463591,0.043426034106076455,0.006446814780739618,0.029052257356916213,0.6250000000000001,0.18516185800122886,-0.6444292622748293,0.48332194670612205,0.7366073002150628,0.07355455778616615,0.0,0.0,16.408015166906075,1.6409209156450586,NaN,
ER(0.25),14,4,20282107,20,16.0,0.810161858001229,pert:highd:0.05,0.024392741181275355,0.21488964320956508,0.03223094624322535,0.1515563467479226,0.6250000000000001,0.18516185800122886,-0.6444292622748293,0.48332194670612205,0.7604851215221611,0.049676736479067896,-0.16110731556870728,-0.04027682889217682,58.33522235912553,5.834662274319143,NaN,
ER(0.25),14,4,20282107,20,16.0,0.810161858001229,pert:highd:0.2,0.08652349001906082,0.6782642521580273,0.12812085203958282,0.6115719428514595,0.6250000000000001,0.18516185800122886,-0.6444292622748293,0.4430451178139452,0.7598174732808156,0.05034438472041336,-0.08055365778435353,-0.08055365778435364,447.76808730543337,44.78951453868473,NaN,
ER(0.25),14,4,20282107,20,16.0,0.810161858001229,pert:highd:0.5,0.17517420249168297,0.931310844440707,0.3081754584006852,0.9705886990557965,0.6250000000000001,0.18516185800122886,-0.6444292622748293,0.48332194670612205,0.7764522075526658,0.03370965044856322,-0.24166097335306103,-0.16110731556870733,2326.5562076082415,232.72811355375273,NaN,
ER(0.25),14,4,20282107,20,16.0,0.810161858001229,pert:nulled:0.01,0.006171242169155238,0.0804001459796153,0.0011700657039237401,0.004300887095317028,0.625,0.18516185800122897,-0.6444292622748293,1.248581695657482,0.7366073002150628,0.07355455778616615,0.0,0.0,24.908624767451826,2.491164641651163,NaN,
ER(0.25),14,4,20282107,20,16.0,0.810161858001229,pert:nulled:0.05,0.029913333241676356,0.37438679520370977,0.00584828261709412,0.021657433543031943,0.625,0.18516185800122897,-0.6444292622748293,1.248581695657482,0.7366073002150628,0.07355455778616615,0.0,0.0,151.4171620134525,15.145455635521532,NaN,
ER(0.25),14,4,20282107,20,16.0,0.810161858001229,pert:nulled:0.2,0.1069337031789896,0.8511820815926243,0.023357953808047015,0.08875156432318251,0.625,0.18516185800122897,-0.6444292622748293,1.248581695657482,0.7366073002150628,0.07355455778616615,0.0,0.0,1578.7792206967108,157.9263089510719,NaN,
ER(0.25),14,4,20282107,20,16.0,0.810161858001229,pert:nulled:0.5,0.21810474614327025,0.9713620788443996,0.05816670574493472,0.22980812503500528,0.625,0.18516185800122897,-0.6444292622748293,1.248581695657482,0.7533717937753472,0.05679006422588173,-0.08055365778435353,-0.04027682889217682,8947.50091495628,895.0382044226086,NaN,
ER(0.25),14,4,20282107,20,16.0,0.810161858001229,pert:random:0.01,0.009935298659524987,0.9784608589230418,0.999857288455782,0.9624644016598728,0.625,0.18516185800122897,-0.6444292622748293,-0.32221463113741466,0.6656254697618691,0.14453638823935988,0.6444292622748293,0.12083048667653057,12196.917492224857,1220.1099783038178,NaN,
ER(0.25),14,4,20282107,20,16.0,0.810161858001229,pert:random:0.05,0.04986365054127574,0.9996668753014103,0.9852073051897456,0.9904468895003211,0.625,0.18516185800122897,-0.6444292622748293,-0.32221463113741466,0.5867664333288758,0.22339542467235318,-0.24166097335306103,0.28193780224523785,319052.53638960456,31915.946356523924,NaN,
ER(0.25),14,4,20282107,20,16.0,0.810161858001229,pert:random:0.2,0.19940737855700055,0.9999604067250359,0.9799374994626424,0.9770114415612301,0.625,0.18516185800122897,-0.6444292622748293,-0.32221463113741466,0.6222804898838735,0.18788136811735545,0.5638756044904756,0.28193780224523785,5.147799379485622e6,514951.7324011682,NaN,
ER(0.25),14,4,20282107,20,16.0,0.810161858001229,pert:random:0.5,0.46747472032517834,0.9998745329921722,0.9787960688206849,0.973697651945757,0.625,0.18516185800122897,-0.6444292622748293,-0.32221463113741466,0.634659435101243,0.17550242289998597,0.9666438934122443,0.24166097335306108,3.2227579618350074e7,3.2238325658782823e6,NaN,
ER(0.25),14,4,20282107,20,16.0,0.810161858001229,fit:triangle:mse,0.5735934993894541,0.9601776779558165,0.9495664242575496,0.9788499457490775,0.6250000000000001,0.18516185800122886,-0.6444292622748293,1.0069207223044208,0.6479898199136047,0.16217203808762426,0.24166097335306103,0.2013841444608842,261638.46998040198,26129.69874419375,0.5735934993894541,4.20411;0.520152;0.298416;0.290145
ER(0.25),14,4,20282107,20,16.0,0.810161858001229,fit:triangle:wgt,0.7034748639707085,0.8792215948023798,0.9029687978263017,0.9407575743245566,0.4496676607256331,0.3604941972755959,1.0471975511965976,0.966643893412244,0.6636993164887964,0.14646254151243254,0.3222146311374148,0.16110731556870733,47.8755949359533,5.380951164672606,0.87200349618732,0.05;0.763772;0.228959;0.375136
ER(0.25),14,4,20282107,20,16.0,0.810161858001229,fit:normal:mse,0.4533514494499836,0.9999193594734204,0.9908135127125631,0.9385312343931249,0.625,0.18516185800122897,-0.6444292622748293,-0.32221463113741466,0.5939778476844355,0.21618401031679346,1.2083048667653051,0.7249829200591831,379.0921170768411,38.46745221796421,0.4533514494499836,10.2082;3.84685;4.47117
ER(0.25),14,4,20282107,20,16.0,0.810161858001229,fit:normal:wgt,0.9983646880317849,0.9626845281413045,0.973335767881872,0.993246058927103,0.625,0.18516185800122897,-0.6444292622748293,-0.32221463113741466,0.6253800619824323,0.18478179601879663,0.7249829200591831,0.28193780224523785,3.403683907224073e7,3.5962040985428523e6,0.9560558481641098,5.87385;63.2771;0.0100996
ER(0.25),14,4,20282107,20,16.0,0.810161858001229,paper:empP,0.9999979467394761,0.9999993861958493,0.9999989826458737,0.9999995427889914,0.8061825330495576,0.003979324951671415,0.48332194670612205,0.0805536577843537,0.520105683684146,0.29005617431708297,0.3222146311374148,0.5638756044904756,3.822581901278538e9,2.439921526396402e8,NaN,
ER(0.25),14,4,20282107,20,16.0,0.810161858001229,paper:binP,0.9999979467394761,0.9999993861958493,0.9999989826458737,0.9999995427889914,0.7953448262401525,0.014817031761076516,0.5638756044904758,0.12083048667653051,0.6206613232458144,0.18950053475541462,-0.08055365778435353,0.24166097335306108,700804.5060066608,40819.94915138091,NaN,
ER(0.25),14,5,20282108,28,22.0,0.8091838653409279,exactN,0.0,0.0,0.0,0.0,0.7742591160042167,0.03492474933671119,0.0,0.0,0.718959422233009,0.09022444310791888,0.0,0.0,16.412045185892147,0.9585249520093451,NaN,
ER(0.25),14,5,20282108,28,22.0,0.8091838653409279,pert:lowd:0.01,0.009999491048984151,0.9837431559020509,0.9595870008217654,0.793513680173097,0.6363636363636364,0.17282022897729155,-0.5638756044904757,-0.32221463113741466,0.6634031777864091,0.14578068755451878,0.32221463113741455,0.12083048667653051,57624.701627541566,4117.17995330429,NaN,
ER(0.25),14,5,20282108,28,22.0,0.8091838653409279,pert:lowd:0.05,0.04993739383633237,0.9986939064180713,0.9849878164828441,0.9572924657057424,0.6363636363636364,0.17282022897729155,-0.5638756044904757,-0.32221463113741466,0.6551293685960101,0.15405449674491778,0.5638756044904758,0.12083048667653051,1.4049140322626038e6,100378.90090895932,NaN,
ER(0.25),14,5,20282108,28,22.0,0.8091838653409279,pert:lowd:0.2,0.19611275904759187,0.9996484183908231,0.9884781195389147,0.97768859731632,0.6363636363636364,0.17282022897729155,-0.5638756044904757,-0.32221463113741466,0.6363636363636364,0.17282022897729155,1.2888585245496587,-0.5235987755982988,2.237231199092385e7,1.598467620772405e6,NaN,
ER(0.25),14,5,20282108,28,22.0,0.8091838653409279,pert:lowd:0.5,0.4471975846448809,0.9997668636346166,0.9891237836032425,0.9810644363065286,0.6363636363636364,0.17282022897729155,-0.5638756044904757,-0.32221463113741466,0.6363636363636364,0.17282022897729155,1.3694121823340124,-0.5235987755982988,1.396942482866768e8,9.980942637613853e6,NaN,
ER(0.25),14,5,20282108,28,22.0,0.8091838653409279,pert:highd:0.01,0.005066742398809341,0.0356915154731878,0.005162236854429084,0.03051448503850166,0.6363636363636366,0.17282022897729132,-0.5638756044904757,0.48332194670612205,0.7378945142439022,0.07128935109702572,-0.08055365778435375,-0.04027682889217682,22.972845352515307,1.6410171676259608,NaN,
ER(0.25),14,5,20282108,28,22.0,0.8091838653409279,pert:highd:0.05,0.02449153721050784,0.1778899593988999,0.025826702646525826,0.1576826826156489,0.6363636363636366,0.17282022897729132,-0.5638756044904757,0.48332194670612205,0.7378945142439022,0.07128935109702572,-0.08055365778435375,-0.04027682889217682,81.68478196816626,5.835580118656273,NaN,
ER(0.25),14,5,20282108,28,22.0,0.8091838653409279,pert:highd:0.2,0.08688425351119647,0.6041479584970114,0.10314661523595832,0.6111946242346491,0.6363636363636366,0.17282022897729132,-0.5638756044904757,0.48332194670612205,0.76167018713303,0.04751367820789787,-0.16110731556870728,-0.12083048667653046,627.0474559565181,44.79973468252263,NaN,
ER(0.25),14,5,20282108,28,22.0,0.8091838653409279,pert:highd:0.5,0.1759242052934681,0.9027718504141067,0.2525947449985464,0.9574394663012485,0.6363636363636366,0.17282022897729132,-0.5638756044904757,0.48332194670612205,0.7718757642436898,0.037308101097238144,-0.24166097335306103,-0.20138414446088415,3258.16028031056,232.78640774579426,NaN,
ER(0.25),14,5,20282108,28,22.0,0.8091838653409279,pert:nulled:0.01,0.00618641299686734,0.06620335400360039,0.0009361424990046686,0.010259147945194357,0.6363636363636364,0.17282022897729155,-0.5638756044904757,1.248581695657482,0.7378945142439022,0.07128935109702572,-0.08055365778435375,-0.04027682889217682,34.87618112683036,2.491408107639402,NaN,
ER(0.25),14,5,20282108,28,22.0,0.8091838653409279,pert:nulled:0.05,0.029988192047082154,0.3151349941721283,0.004679074254192857,0.05183559757458639,0.6363636363636364,0.17282022897729155,-0.5638756044904757,1.248581695657482,0.7378945142439022,0.07128935109702572,-0.08055365778435375,-0.04027682889217682,212.0347232121105,15.14846467466708,NaN,
ER(0.25),14,5,20282108,28,22.0,0.8091838653409279,pert:nulled:0.2,0.10721449220799471,0.799902468148845,0.01868943932662197,0.21230803900722206,0.6363636363636364,0.17282022897729155,-0.5638756044904757,1.248581695657482,0.7378945142439022,0.07128935109702572,-0.08055365778435375,-0.04027682889217682,2210.9461565178217,157.96522074571942,NaN,
ER(0.25),14,5,20282108,28,22.0,0.8091838653409279,pert:nulled:0.5,0.2187034538170863,0.9583539143317698,0.04656266698673268,0.5137070430025684,0.6363636363636364,0.17282022897729155,-0.5638756044904757,1.248581695657482,0.7556352931793368,0.053548572161591146,-0.16110731556870728,-0.08055365778435364,12530.401709641454,895.269862099554,NaN,
ER(0.25),14,5,20282108,28,22.0,0.8091838653409279,pert:random:0.01,0.009872333105442593,0.8586528479963715,0.7613586389377416,0.2620571810711728,0.6363636363636364,0.17282022897729155,-0.5638756044904757,1.248581695657482,0.6941761057551511,0.1150077595857768,0.16110731556870728,0.040276828892176875,3642.28683696284,260.2313477615246,NaN,
ER(0.25),14,5,20282108,28,22.0,0.8091838653409279,pert:random:0.05,0.049639384358625215,0.9922624007181009,0.9999886184866973,0.8116784271463361,0.6363636363636364,0.17282022897729155,-0.5638756044904757,1.248581695657482,0.6606511006254283,0.1485327647154996,0.4027682889217683,0.12083048667653051,82248.62990081802,5876.518988942997,NaN,
ER(0.25),14,5,20282108,28,22.0,0.8091838653409279,pert:random:0.2,0.19990127078144743,0.9993285850605459,0.9866068915014998,0.9868066989044654,0.6363636363636364,0.17282022897729155,-0.5638756044904757,1.248581695657482,0.6485410857415613,0.16064277959936657,0.5638756044904758,0.1611073155687074,1.2903504553433296e6,92193.50970780256,NaN,
ER(0.25),14,5,20282108,28,22.0,0.8091838653409279,pert:random:0.5,0.4739880085390564,0.9998201105598007,0.9810602814138852,0.998600781841281,0.6363636363636364,0.17282022897729155,-0.5638756044904757,1.248581695657482,0.647060698892685,0.16212316644824287,0.6444292622748296,0.1611073155687074,8.032844817058611e6,573934.4430296592,NaN,
ER(0.25),14,5,20282108,28,22.0,0.8091838653409279,fit:triangle:mse,0.6227276488400678,0.979946834740415,0.9794827808408494,0.9946648935214893,0.5940225049223143,0.21516136041861356,-0.40276828892176836,1.0069207223044208,0.654950951729236,0.1542329136116919,0.0,0.1611073155687074,4619.826817330509,332.83868526422646,0.6227276488400678,0.430702;0.559743;0.235242;0.284444
ER(0.25),14,5,20282108,28,22.0,0.8091838653409279,fit:triangle:wgt,0.8351271805433831,0.9223012556864549,0.9403746590395551,0.9544825680645121,0.48096888651263564,0.32821497882829226,0.966643893412244,0.966643893412244,0.6405129494080879,0.16867091593284,1.1277512089809516,-0.3624914600295915,120.2687629030179,9.389832245489654,0.9170076986372312,0.05;0.619972;0.289341;0.222918
ER(0.25),14,5,20282108,28,22.0,0.8091838653409279,fit:normal:mse,0.5191961634745431,0.9999359719619096,0.9977898663102406,0.9443724270201221,0.6363636363636364,0.17282022897729155,-0.5638756044904757,-0.32221463113741466,0.6363636363636366,0.17282022897729132,-1.7721804712557807,0.2819378022452379,3616.7349752034015,260.32533592231096,0.5191961634745431,14.1932;4.60885;5.27112
ER(0.25),14,5,20282108,28,22.0,0.8091838653409279,fit:normal:wgt,0.9994521518421607,0.9737135655172463,0.9870442684869168,0.9995497052142114,0.6366775958973891,0.17250626944353875,2.4971633913149636,-0.28193780224523785,0.6169963587492318,0.19218750659169614,0.32221463113741455,0.2819378022452379,3.705920085256128e7,2.75183596056401e6,0.9686279589261914,8.14039;121.923;0.01
ER(0.25),14,5,20282108,28,22.0,0.8091838653409279,paper:empP,0.9999965295052917,0.9999990992188889,0.9999984067846079,0.9999994054975014,0.806041220515083,0.0031426448258449202,0.4027682889217683,0.0805536577843537,0.6336874445282163,0.17549642081271155,1.0471975511965979,0.32221463113741466,2.0878301845961113e7,987800.2631668733,NaN,
ER(0.25),14,5,20282108,28,22.0,0.8091838653409279,paper:binP,0.9999965295052917,0.9999990992188889,0.9999984067846079,0.9999994054975014,0.7977906826300406,0.011393182710887295,0.4027682889217683,0.12083048667653051,0.6552557156927314,0.15392814964819646,-0.16110731556870728,0.1611073155687074,26095.294880358048,1189.1487602678808,NaN,
ER(0.25),14,6,20282109,20,17.0,0.7672607483129269,exactN,0.0,0.0,0.0,0.0,0.731085166288122,0.036175582024804864,0.0,0.0,0.6674222780710067,0.09983847024192016,0.0,0.0,12.061635423887996,0.9651842630807758,NaN,
ER(0.25),14,6,20282109,20,17.0,0.7672607483129269,pert:lowd:0.01,0.009999493434480762,0.9885624259273886,0.9639898720552966,0.8343803397868259,0.5882352941176471,0.17902545419527982,-0.6444292622748293,-0.32221463113741466,0.6300424103486677,0.1372183379642592,0.4027682889217683,0.08055365778435364,41148.25665346897,4116.2090481056875,NaN,
ER(0.25),14,6,20282109,20,17.0,0.7672607483129269,pert:lowd:0.05,0.04993745289300686,0.9990240691745247,0.9846200816480681,0.9854879984231341,0.5882352941176471,0.17902545419527982,-0.6444292622748293,-0.32221463113741466,0.6049355503061183,0.16232519800680856,0.5638756044904758,0.1611073155687074,1.003207716834512e6,100354.92909310844,NaN,
ER(0.25),14,6,20282109,20,17.0,0.7672607483129269,pert:lowd:0.2,0.1961136522517923,0.9997145750217459,0.9875970528026123,0.9967612767364272,0.5882352941176471,0.17902545419527982,-0.6444292622748293,-0.32221463113741466,0.6613432429381729,0.10591750537475397,0.48332194670612205,-0.12083048667653051,1.5975397370845556e7,1.5980849741611339e6,NaN,
ER(0.25),14,6,20282109,20,17.0,0.7672607483129269,pert:lowd:0.5,0.4472018201353818,0.9998033513536824,0.9881562494038126,0.9980609280197007,0.5882352941176471,0.17902545419527982,-0.6444292622748293,-0.32221463113741466,0.6613432429381729,0.10591750537475397,0.48332194670612205,-0.12083048667653051,9.975146094465142e7,9.978552224346338e6,NaN,
ER(0.25),14,6,20282109,20,17.0,0.7672607483129269,pert:highd:0.01,0.005050402580798888,0.04329831877900611,0.006198260601170482,0.04885987469258589,0.5882352941176472,0.1790254541952797,-0.6444292622748293,0.48332194670612205,0.6674222780710067,0.09983847024192016,0.0,0.0,16.408086029441098,1.6409310238328276,NaN,
ER(0.25),14,6,20282109,20,17.0,0.7672607483129269,pert:highd:0.05,0.024411694889608978,0.21478446673946844,0.030999809317823354,0.25414312830211794,0.5882352941176472,0.1790254541952797,-0.6444292622748293,0.48332194670612205,0.7072414317379611,0.06001931657496584,-0.32221463113741455,-0.0805536577843537,58.335900653587515,5.834758775590375,NaN,
ER(0.25),14,6,20282109,20,17.0,0.7672607483129269,pert:highd:0.2,0.0865926902973014,0.6816465421124712,0.12345072531085548,0.8245318467119743,0.5882352941176472,0.1790254541952797,-0.6444292622748293,0.48332194670612205,0.7316052805991121,0.03565546771381478,-0.48332194670612205,-0.16110731556870733,447.7756602100855,44.79058994875558,NaN,
ER(0.25),14,6,20282109,20,17.0,0.7672607483129269,pert:highd:0.5,0.17531804371222065,0.9352021774795065,0.29848140863394784,0.9980617583259608,0.5882352941176472,0.1790254541952797,-0.6444292622748293,0.48332194670612205,0.7358725333561977,0.031388214956729166,-0.5638756044904758,-0.24166097335306103,2326.5994385038907,232.73424910385938,NaN,
ER(0.25),14,6,20282109,20,17.0,0.7672607483129269,pert:nulled:0.01,0.006172356768373693,0.08020405447192332,0.0011239707389892515,0.025631691335792597,0.5882352941176471,0.17902545419527982,-0.6444292622748293,1.248581695657482,0.6674222780710067,0.09983847024192016,0.0,0.0,24.908804272379683,2.491190221268943,NaN,
ER(0.25),14,6,20282109,20,17.0,0.7672607483129269,pert:nulled:0.05,0.0299188327047027,0.3736068713243776,0.0056176136531970264,0.12975143802641748,0.5882352941176471,0.17902545419527982,-0.6444292622748293,1.248581695657482,0.6870833752953079,0.08017737301761896,-0.1611073155687075,-0.040276828892176875,151.4193891346287,15.14577215130825,NaN,
ER(0.25),14,6,20282109,20,17.0,0.7672607483129269,pert:nulled:0.2,0.10695432699787369,0.8506422439533146,0.022432897074746768,0.4935879223288008,0.5882352941176471,0.17902545419527982,-0.6444292622748293,1.248581695657482,0.7072414317379611,0.06001931657496584,-0.32221463113741455,-0.0805536577843537,1578.808073129469,157.93040427968606,NaN,
ER(0.25),14,6,20282109,20,17.0,0.7672607483129269,pert:nulled:0.5,0.2181487123990228,0.9712497234817752,0.05584842372922906,0.8627732584182515,0.5882352941176471,0.17902545419527982,-0.6444292622748293,1.248581695657482,0.7207797235542768,0.046481024758650125,-0.4027682889217685,-0.12083048667653051,8947.672765778445,895.0625890714805,NaN,
ER(0.25),14,6,20282109,20,17.0,0.7672607483129269,pert:random:0.01,0.008826645772555477,0.7423306652752045,0.6564688219187093,0.255316049968495,0.5882352941176471,0.17902545419527982,-0.6444292622748293,1.248581695657482,0.6460700519917505,0.1211906963211764,0.2416609733530608,0.040276828892176875,653.8883666587944,65.40838584331107,NaN,
ER(0.25),14,6,20282109,20,17.0,0.7672607483129269,pert:random:0.05,0.043296782656286774,0.9858710567020007,0.9975320800681041,0.6708437621742008,0.5882352941176471,0.17902545419527982,-0.6444292622748293,1.248581695657482,0.6322147589302377,0.1350459893826892,0.32221463113741455,0.08055365778435364,13272.680918831396,1327.7088855517936,NaN,
ER(0.25),14,6,20282109,20,17.0,0.7672607483129269,pert:random:0.2,0.160250322734276,0.9994714796593941,0.9580788304502067,0.8564699752652477,0.5882352941176466,0.17902545419528026,-0.6444292622748293,1.1680280378731283,0.618675008740441,0.1485857395724859,0.4027682889217683,0.12083048667653051,204433.98854865268,20450.346865165884,NaN,
ER(0.25),14,6,20282109,20,17.0,0.7672607483129269,pert:random:0.5,0.33885100075609503,0.9999872553182508,0.9453892165958339,0.8936576714235408,0.5882352941176466,0.17902545419528026,-0.6444292622748293,1.1680280378731283,0.6300424103486677,0.1372183379642592,0.4027682889217683,0.08055365778435364,1.2701542663080706e6,127058.7247641271,NaN,
ER(0.25),14,6,20282109,20,17.0,0.7672607483129269,fit:triangle:mse,0.5467196452730196,0.9358188383457355,0.916550388753658,0.9571384090935704,0.6075303491948112,0.1597303991181157,-0.5638756044904757,-0.08055365778435367,0.6262753521937666,0.14098539611916028,-0.1611073155687075,0.12083048667653051,153977.63908807386,15323.335495704388,0.5467196452730196,3.23861;0.282488;0.48;0.194232
ER(0.25),14,6,20282109,20,17.0,0.7672607483129269,fit:triangle:wgt,0.5854568636215495,0.8601376004619642,0.8766221487336544,0.9395062516575502,0.41444337284674765,0.35281737546617925,0.32221463113741466,1.0069207223044208,0.6484212947763981,0.1188394535365288,-0.4027682889217685,0.08055365778435364,45.079201048402055,4.833268364298785,0.8526289609813227,0.05;0.513614;0.281774;0.231688
ER(0.25),14,6,20282109,20,17.0,0.7672607483129269,fit:normal:mse,0.39707821497169155,0.9999015613294602,0.9902650803702125,0.9461909467550783,0.5882352941176471,0.17902545419527982,-0.6444292622748293,-0.32221463113741466,0.5298406544648202,0.2374200938481067,0.8055365778435366,0.6444292622748294,320.41077364245376,32.518525222087646,0.39707821497169155,10.2207;3.7934;4.39157
ER(0.25),14,6,20282109,20,17.0,0.7672607483129269,fit:normal:wgt,0.9866282085924055,0.962244956927178,0.9718363146761813,0.9955808575188978,0.5882352941176471,0.17902545419527982,-0.6444292622748293,-0.32221463113741466,0.5835019665460749,0.183758781766852,0.8055365778435366,0.24166097335306103,1.5313047378531545e7,1.5665771624336343e6,0.9557307004921635,7.75458;75.7793;0.0265415
ER(0.25),14,6,20282109,20,17.0,0.7672607483129269,paper:empP,0.9999752564105456,0.9999811176065307,0.9999719059629806,0.9999849734807799,0.7563678696746088,0.010892878638318115,0.5638756044904758,0.12083048667653051,0.565178434714114,0.2020823135988129,0.8055365778435366,0.32221463113741466,1.1617498417563242e10,7.072345922830169e8,NaN,
ER(0.25),14,6,20282109,20,17.0,0.7672607483129269,paper:binP,0.9999752564105456,0.9999811176065307,0.9999719059629806,0.9999849734807799,0.7563678696746088,0.010892878638318115,0.5638756044904758,0.12083048667653051,0.6017454275076254,0.1655153208053015,-0.48332194670612205,0.1611073155687074,700804.5060066608,40819.94915138091,NaN,
ER(0.25),14,7,20282110,30,22.0,0.8430476789479617,exactN,0.0,0.0,0.0,0.0,0.8066306245184716,0.03641705442949017,0.0,0.0,0.7664146734059835,0.07663300554197827,0.0,0.0,17.307480054961665,0.9719288012755818,NaN,
ER(0.25),14,7,20282110,30,22.0,0.8430476789479617,pert:lowd:0.01,0.009999491857864517,0.9850504080210996,0.9618490521786545,0.8172220465807674,0.6818181818181818,0.16122949712977996,-0.483321946706122,-0.32221463113741466,0.7076503764683495,0.13539730247961224,0.4027682889217683,0.12083048667653057,61720.14978601289,4116.268779850831,NaN,
ER(0.25),14,7,20282110,30,22.0,0.8430476789479617,pert:lowd:0.05,0.04993741384899718,0.9988387401228428,0.984921669860547,0.9372785936368898,0.6818181818181818,0.16122949712977996,-0.483321946706122,-0.32221463113741466,0.7035848765099192,0.13946280243804254,0.7249829200591833,0.04027682889217682,1.504756400970379e6,100356.40635446965,NaN,
ER(0.25),14,7,20282110,30,22.0,0.8430476789479617,pert:lowd:0.2,0.19611306169354112,0.999700294250042,0.9881618900210881,0.9553162340147987,0.6818181818181818,0.16122949712977996,-0.483321946706122,-0.32221463113741466,0.6818181818181818,0.16122949712977996,1.4499658401183662,-0.483321946706122,2.3962215384486232e7,1.5981085622461112e6,NaN,
ER(0.25),14,7,20282110,30,22.0,0.8430476789479617,pert:lowd:0.5,0.44719901972626686,0.999805239804642,0.9887655169212849,0.9586371730992614,0.6818181818181818,0.16122949712977996,-0.483321946706122,-0.32221463113741466,0.6818181818181818,0.16122949712977996,1.4499658401183662,-0.483321946706122,1.4962168986423916e8,9.978699589756439e6,NaN,
ER(0.25),14,7,20282110,30,22.0,0.8430476789479617,pert:highd:0.01,0.005036462424264044,0.03705806522855993,0.005601999397731899,0.02482617100222833,0.681818181818182,0.16122949712977974,-0.483321946706122,0.48332194670612205,0.7664146734059835,0.07663300554197827,0.0,0.0,24.6119278503314,1.6409357781556502,NaN,
ER(0.25),14,7,20282110,30,22.0,0.8430476789479617,pert:highd:0.05,0.024343585605904033,0.18401949650993152,0.028028410551448567,0.12807668418133494,0.681818181818182,0.16122949712977974,-0.483321946706122,0.48332194670612205,0.7915330227721714,0.05151465617579032,-0.16110731556870728,-0.04027682889217682,87.50194599256403,5.834806629623986,NaN,
ER(0.25),14,7,20282110,30,22.0,0.8430476789479617,pert:highd:0.2,0.0863440466593785,0.6136277944045443,0.11188770348855333,0.5193964444467745,0.681818181818182,0.16122949712977974,-0.483321946706122,0.48332194670612205,0.799875922045161,0.04317175690280073,-0.16110731556870728,-0.08055365778435364,671.6423850838688,44.79114260118248,NaN,
ER(0.25),14,7,20282110,30,22.0,0.8430476789479617,pert:highd:0.5,0.1748012548646511,0.9029839067101478,0.2729268397129398,0.9201360954585317,0.681818181818182,0.16122949712977974,-0.483321946706122,0.48332194670612205,0.8131224143261836,0.029925264621778136,-0.2416609733530608,-0.16110731556870733,3489.7789682777375,232.737436916389,NaN,
ER(0.25),14,7,20282110,30,22.0,0.8430476789479617,pert:nulled:0.01,0.006181621977478067,0.06866322439794904,0.0010157342641163895,0.0036896791718724277,0.6818181818181818,0.16122949712977996,-0.483321946706122,1.248581695657482,0.7664146734059835,0.07663300554197827,0.0,0.0,37.36269887709226,2.4912025034791903,NaN,
ER(0.25),14,7,20282110,30,22.0,0.8430476789479617,pert:nulled:0.05,0.029964549990777814,0.3255653493971843,0.005076695026582327,0.018542623408908613,0.6818181818181818,0.16122949712977996,-0.483321946706122,1.248581695657482,0.7664146734059835,0.07663300554197827,0.0,0.0,227.12285654053778,15.145932394771856,NaN,
ER(0.25),14,7,20282110,30,22.0,0.8430476789479617,pert:nulled:0.2,0.10712579951016224,0.8097993441840162,0.02027422262007416,0.07546410024616895,0.6818181818181818,0.16122949712977996,-0.483321946706122,1.248581695657482,0.7664146734059835,0.07663300554197827,0.0,0.0,2368.1318584882993,157.93252773972603,NaN,
ER(0.25),14,7,20282110,30,22.0,0.8430476789479617,pert:nulled:0.5,0.21851431317607523,0.9607976133508925,0.05048885150426785,0.19343146994815547,0.6818181818181818,0.16122949712977996,-0.483321946706122,1.248581695657482,0.7840651386438147,0.05898254030414707,-0.08055365778435353,-0.04027682889217682,13421.031807851485,895.0753101525078,NaN,
ER(0.25),14,7,20282110,30,22.0,0.8430476789479617,pert:random:0.01,0.009945292681005777,0.5805697077964567,0.8444305678890925,0.4294430734669823,0.6818181818181817,0.16122949712978007,-0.483321946706122,-0.16110731556870733,0.7213806321360803,0.12166704681188145,0.322214631137415,0.0805536577843537,398.21227524572123,26.55673902754508,NaN,
ER(0.25),14,7,20282110,30,22.0,0.8430476789479617,pert:random:0.05,0.049895453825634095,0.9605107610294966,0.9993862044475958,0.8209703716103505,0.6818181818181817,0.16122949712978007,-0.483321946706122,-0.08055365778435367,0.7044882467998506,0.13855943214811117,0.48332194670612205,0.12083048667653057,10073.447705214243,671.8327010694295,NaN,
ER(0.25),14,7,20282110,30,22.0,0.8430476789479617,pert:random:0.2,0.19926070482121244,0.9967322454228055,0.9873532474594473,0.9181405201392414,0.6818181818181817,0.16122949712978007,-0.483321946706122,-0.08055365778435367,0.6996875772136928,0.14336010173426894,0.7249829200591833,0.0805536577843537,166278.95569904184,11089.644994832179,NaN,
ER(0.25),14,7,20282110,30,22.0,0.8430476789479617,pert:random:0.5,0.46611038602444177,0.9992281360583655,0.9831967334198576,0.9351543009615677,0.6818181818181817,0.16122949712978007,-0.483321946706122,-0.08055365778435367,0.6996875772136928,0.14336010173426894,0.7249829200591833,0.0805536577843537,1.0458257136385284e6,69749.18343985273,NaN,
ER(0.25),14,7,20282110,30,22.0,0.8430476789479617,fit:triangle:mse,0.6533680846230433,0.9812565978326466,0.9784816518014817,0.9935558119083,0.5713118721076519,0.27173580684030985,-0.08055365778435364,1.0069207223044208,0.7010176550911876,0.1420300238567741,0.1611073155687075,0.16110731556870733,343446.5544393024,23383.4957715218,0.6533680846230433,3.539;0.53621;0.255358;0.261415
ER(0.25),14,7,20282110,30,22.0,0.8430476789479617,fit:triangle:wgt,0.8643005301911281,0.9113950239370721,0.9238079790675614,0.942189423561402,0.5245511478175825,0.31849653113037923,1.1277512089809514,0.9263670645200671,0.6942401092284051,0.14880756971955666,0.8055365778435366,-0.3624914600295915,129.31637169352527,9.524830058714503,0.9061956230468904,0.05;0.612768;0.323824;0.23012
ER(0.25),14,7,20282110,30,22.0,0.8430476789479617,fit:normal:mse,0.5655971544528623,0.9999735684763367,0.9963948715426102,0.9498960744216257,0.6818181818181818,0.16122949712977996,-0.483321946706122,-0.32221463113741466,0.681818181818182,0.16122949712977974,-1.691626813471427,0.3222146311374147,3849.723775969199,258.71108739751276,0.5655971544528623,15.3244;4.63006;5.0635
ER(0.25),14,7,20282110,30,22.0,0.8430476789479617,fit:normal:wgt,0.9997498658175132,0.9677198804176232,0.9738598381777613,0.9957273167175561,0.682004254249501,0.16104342469846078,2.5777170490993173,-0.28193780224523785,0.6408410056582188,0.20220667328974296,0.24166097335306103,0.3222146311374147,3.7423496756080315e7,2.6179537516100314e6,0.962250232048667,8.64398;105.828;0.0103664
ER(0.25),14,7,20282110,30,22.0,0.8430476789479617,paper:empP,0.9999992451709291,0.9999999130433261,0.9999998274988823,0.9999999518588422,0.8365748903697039,0.006472788578257838,0.40276828892176836,0.0805536577843537,0.6768514201675186,0.16619625878044308,0.48332194670612205,0.24166097335306108,885374.5887955864,41867.26677154096,NaN,
ER(0.25),14,7,20282110,30,22.0,0.8430476789479617,paper:binP,0.9999992451709291,0.9999999130433261,0.9999998274988823,0.9999999518588422,0.8252091750032232,0.017838503944738515,0.483321946706122,0.12083048667653051,0.6794603859551814,0.1635872929927803,-0.08055365778435353,0.2013841444608842,10304.211680294917,448.00463533587197,NaN,
ER(0.25),14,8,20282111,21,17.0,0.829722725458209,exactN,0.0,0.0,0.0,0.0,0.791539356174227,0.03818336928398203,0.0,0.0,0.762216848780029,0.06750587667817998,0.0,0.0,12.859889384721765,0.9494311376238245,NaN,
ER(0.25),14,8,20282111,21,17.0,0.829722725458209,pert:lowd:0.01,0.009999492860567095,0.9849037522624949,0.9629629503007477,0.7975606622308188,0.6176470588235294,0.21207566663467958,-0.7249829200591831,-0.32221463113741466,0.6677903629587328,0.16193236249947618,0.4027682889217683,0.16110731556870733,43218.06699108786,4116.53121573053,NaN,
ER(0.25),14,8,20282111,21,17.0,0.829722725458209,pert:lowd:0.05,0.0499374386747427,0.9987809002854368,0.9864469696230284,0.9255149601462676,0.6176470588235294,0.21207566663467958,-0.7249829200591831,-0.32221463113741466,0.6576380869108444,0.17208463854736467,0.7249829200591829,0.12083048667653057,1.0536741779659586e6,100362.8808499729,NaN,
ER(0.25),14,8,20282111,21,17.0,0.829722725458209,pert:lowd:0.2,0.19611343717781463,0.9996689953713261,0.9896473675681826,0.9455859489766232,0.6176470588235294,0.21207566663467958,-0.7249829200591831,-0.32221463113741466,0.6467329152937955,0.1829898101644135,1.0471975511965979,0.0,1.6779052857021626e7,1.5982118949696955e6,NaN,
ER(0.25),14,8,20282111,21,17.0,0.829722725458209,pert:lowd:0.5,0.4472008002443186,0.9997796054194845,0.9902382603037151,0.9493238259398072,0.6176470588235294,0.21207566663467958,-0.7249829200591831,-0.32221463113741466,0.6467329152937955,0.1829898101644135,1.0471975511965979,0.0,1.0476955461834303e8,9.97934509527326e6,NaN,
ER(0.25),14,8,20282111,21,17.0,0.829722725458209,pert:highd:0.01,0.005084169161178009,0.037102886194254066,0.005355973118630539,0.024007167626796846,0.6176470588235295,0.21207566663467947,-0.7249829200591831,0.48332194670612205,0.762216848780029,0.06750587667817998,0.0,0.0,17.229594982719075,1.6409601850778825,NaN,
ER(0.25),14,8,20282111,21,17.0,0.829722725458209,pert:highd:0.05,0.02457670112968924,0.18505272888119134,0.026788007803940802,0.12383056275311705,0.6176470588235295,0.21207566663467947,-0.7249829200591831,0.48332194670612205,0.762216848780029,0.06750587667817998,0.0,0.0,61.26320639719409,5.835034145979611,NaN,
ER(0.25),14,8,20282111,21,17.0,0.829722725458209,pert:highd:0.2,0.08719535301956698,0.6228028985209138,0.10683692958202154,0.5052544651749991,0.6176470588235295,0.21207566663467947,-0.7249829200591831,0.48332194670612205,0.7861761576168469,0.04354656784136213,-0.08055365778435375,-0.08055365778435364,470.281297842762,44.793634892771856,NaN,
ER(0.25),14,8,20282111,21,17.0,0.829722725458209,pert:highd:0.5,0.17657118321849416,0.9135008884292839,0.2606177605378726,0.9129739535177424,0.6176470588235295,0.21207566663467947,-0.7249829200591831,0.48332194670612205,0.7920768538279404,0.03764587163026867,-0.1611073155687075,-0.16110731556870733,2443.5956058768347,232.75157877619685,NaN,
ER(0.25),14,8,20282111,21,17.0,0.829722725458209,pert:nulled:0.01,0.006183665964217245,0.06884635641075705,0.000971782244209125,0.0035505589955471405,0.6176470588235294,0.21207566663467958,-0.7249829200591831,1.248581695657482,0.762216848780029,0.06750587667817998,0.0,0.0,26.157036313724518,2.4912637080167483,NaN,
ER(0.25),14,8,20282111,21,17.0,0.829722725458209,pert:nulled:0.05,0.029974636226421627,0.3265620681423347,0.004857363422943898,0.017845813216976675,0.6176470588235294,0.21207566663467958,-0.7249829200591831,1.248581695657482,0.762216848780029,0.06750587667817998,0.0,0.0,159.02478585208308,15.14667130649167,NaN,
ER(0.25),14,8,20282111,21,17.0,0.829722725458209,pert:nulled:0.2,0.10716363631006517,0.8115290910538326,0.019403669911761488,0.0726757156681172,0.6176470588235294,0.21207566663467958,-0.7249829200591831,1.248581695657482,0.762216848780029,0.06750587667817998,0.0,0.0,1658.1932076602402,157.94197672208568,NaN,
ER(0.25),14,8,20282111,21,17.0,0.829722725458209,pert:nulled:0.5,0.2185949985601591,0.9616666563574926,0.04835028363480326,0.18667575906280245,0.6176470588235294,0.21207566663467958,-0.7249829200591831,1.248581695657482,0.7810847714708354,0.04863795398737358,-0.08055365778435375,-0.04027682889217682,9397.70334041014,895.131399285809,NaN,
ER(0.25),14,8,20282111,21,17.0,0.829722725458209,pert:random:0.01,0.009455535087061108,0.8197714788563552,0.7314172619122268,0.6679229463778863,0.6176470588235294,0.21207566663467958,-0.7249829200591831,-0.32221463113741466,0.6939798661040872,0.13574285935412178,0.4027682889217683,0.0805536577843537,1647.208617429416,156.8956952030909,NaN,
ER(0.25),14,8,20282111,21,17.0,0.829722725458209,pert:random:0.05,0.04663972093104236,0.989018642180969,0.9142247880879912,0.9925909731314769,0.6176470588235294,0.21207566663467958,-0.7249829200591831,-0.32221463113741466,0.6695599946466719,0.1601627308115371,0.8055365778435366,-0.04027682889217682,36087.70399111497,3437.361772808882,NaN,
ER(0.25),14,8,20282111,21,17.0,0.829722725458209,pert:random:0.2,0.17564917169246247,0.9989223346849037,0.9434115709336246,0.997986262642266,0.6176470588235294,0.21207566663467958,-0.7249829200591831,-0.32221463113741466,0.647568403684258,0.18215432177395097,1.0471975511965979,-0.16110731556870733,562724.2295239783,53599.69654313694,NaN,
ER(0.25),14,8,20282111,21,17.0,0.829722725458209,pert:random:0.5,0.3789493517915794,0.9996655558356053,0.9487286115245687,0.9949628099314441,0.6176470588235294,0.21207566663467958,-0.7249829200591831,-0.32221463113741466,0.615010825215487,0.21471190024272202,1.0471975511965979,0.3222146311374147,3.498819391607537e6,333263.98861734936,NaN,
ER(0.25),14,8,20282111,21,17.0,0.829722725458209,fit:triangle:mse,0.5717315299964686,0.9587209303184928,0.9625603853497795,0.9858040310699187,0.6176470588235295,0.21207566663467947,-0.7249829200591831,1.0069207223044208,0.6609839012378277,0.16873882422038133,0.1611073155687075,0.2013841444608842,383.93282804470266,36.51827015168339,0.5717315299964686,0.157644;0.340423;0.424375;0.20304
ER(0.25),14,8,20282111,21,17.0,0.829722725458209,fit:triangle:wgt,0.8265408689688334,0.8944110355040599,0.9222364417992813,0.9326981476027177,0.47270464245021226,0.35701808300799676,1.208304866765305,0.966643893412244,0.6282529771668202,0.20146974829138886,1.2888585245496587,-0.2819378022452378,57.1380452914889,6.126263807806077,0.8881264782066858,0.05;0.634817;0.351695;0.290386
ER(0.25),14,8,20282111,21,17.0,0.829722725458209,fit:normal:mse,0.446592694127821,0.9999787737401383,0.9870178717404697,0.9482541352834745,0.6176470588235294,0.21207566663467958,-0.7249829200591831,-0.32221463113741466,0.6030483989103225,0.22667432654788655,1.2888585245496587,0.7249829200591831,573.4721594445625,54.7689059589283,0.446592694127821,10.6187;3.99668;4.3185
ER(0.25),14,8,20282111,21,17.0,0.829722725458209,fit:normal:wgt,0.9968642505295287,0.975557765627348,0.9909278416834302,0.9995216212884781,0.6176470588235294,0.21207566663467958,-0.7249829200591831,-0.32221463113741466,0.612206227953334,0.217516497504875,0.8055365778435366,0.3222146311374147,3.817924870404017e7,3.798131973881742e6,0.9703694233528732,6.8661;72.5276;0.01
ER(0.25),14,8,20282111,21,17.0,0.829722725458209,paper:empP,0.9999966279779854,0.9999991389871928,0.9999986632934419,0.9999993512318317,0.8221399982868837,0.007582727171325354,0.4027682889217683,0.12083048667653051,0.6141277108193016,0.2155950146389074,1.2888585245496587,0.3624914600295915,1.3778968380858173e10,8.15558415966042e8,NaN,
ER(0.25),14,8,20282111,21,17.0,0.829722725458209,paper:binP,0.9999966279779854,0.9999991389871928,0.9999986632934419,0.9999993512318317,0.8221399982868837,0.007582727171325354,0.4027682889217683,0.12083048667653051,0.6406022969138152,0.18912042854439381,-0.08055365778435375,0.24166097335306108,495101.3381673605,27786.75368260289,NaN,
ER(0.25),14,9,20282112,27,23.0,0.7577299585833326,exactN,0.0,0.0,0.0,0.0,0.7186126308413615,0.039117327741971075,0.0,0.0,0.7016439199580913,0.05608603862524131,0.0,0.0,15.852278481717665,0.9542812932098319,NaN,
ER(0.25),14,9,20282112,27,23.0,0.7577299585833326,pert:lowd:0.01,0.009999489373034723,0.9846542705009568,0.9556769084002478,0.8039064129326716,0.5869565217391305,0.1707734368442021,-0.5638756044904757,-0.32221463113741466,0.6158775955767603,0.14185236300657234,0.6444292622748293,0.12083048667653057,55566.67892636759,4116.779245722,NaN,
ER(0.25),14,9,20282112,27,23.0,0.7577299585833326,pert:lowd:0.05,0.049937352411757674,0.9986828885542962,0.9810357666476629,0.9286179348940776,0.5869565217391305,0.1707734368442021,-0.5638756044904757,-0.32221463113741466,0.6040008998747232,0.15372905870860942,0.8860902356278901,0.12083048667653057,1.354738627230046e6,100369.00985381915,NaN,
ER(0.25),14,9,20282112,27,23.0,0.7577299585833326,pert:lowd:0.2,0.19611213271284264,0.99961445461183,0.9847186830744192,0.9479916387004759,0.5869565217391305,0.1707734368442021,-0.5638756044904757,-0.32221463113741466,0.7196686950705634,0.03806126351276917,-0.4027682889217683,0.04027682889217682,2.1573302497893304e7,1.598309743793414e6,NaN,
ER(0.25),14,9,20282112,27,23.0,0.7577299585833326,pert:lowd:0.5,0.4471946148229013,0.9997342984856585,0.9854109636236132,0.951592742711491,0.5869565217391305,0.1707734368442021,-0.5638756044904757,-0.32221463113741466,0.7076457256651736,0.050084232918159,-0.9666438934122441,0.04027682889217682,1.3470517843959877e8,9.97995638137422e6,NaN,
ER(0.25),14,9,20282112,27,23.0,0.7577299585833326,pert:highd:0.01,0.005046587609588592,0.037261464245102356,0.0055289868835684845,0.024288343830685073,0.5869565217391306,0.170773436844202,-0.5638756044904757,0.48332194670612205,0.7016439199580913,0.05608603862524131,0.0,0.0,22.152378439395676,1.6409810672772347,NaN,
ER(0.25),14,9,20282112,27,23.0,0.7577299585833326,pert:highd:0.05,0.024393054898506936,0.18558561944084523,0.027673098120472674,0.12555663150473714,0.5869565217391306,0.170773436844202,-0.5638756044904757,0.48332194670612205,0.7098651332213786,0.04786482536195402,-0.08055365778435375,0.0,78.76742929701456,5.835238451059977,NaN,
ER(0.25),14,9,20282112,27,23.0,0.7577299585833326,pert:highd:0.2,0.0865246353627975,0.6219627834242539,0.11063047162976751,0.5147463358554912,0.5869565217391306,0.170773436844202,-0.5638756044904757,0.48332194670612205,0.7148678988326147,0.042862059750717885,0.0,-0.08055365778435364,604.6527736886092,44.795950524347525,NaN,
ER(0.25),14,9,20282112,27,23.0,0.7577299585833326,pert:highd:0.5,0.1751765831456602,0.9112918971812349,0.2707233386295426,0.9225165585095942,0.5869565217391306,0.170773436844202,-0.5638756044904757,0.48332194670612205,0.722663369927788,0.03506658865554457,-0.08055365778435375,-0.16110731556870733,3141.797216724278,232.7648599114069,NaN,
ER(0.25),14,9,20282112,27,23.0,0.7577299585833326,pert:nulled:0.01,0.006183936966679273,0.06909996415604172,0.0010013689284329946,0.003608038018229723,0.5869565217391305,0.1707734368442021,-0.5638756044904757,1.248581695657482,0.7016439199580913,0.05608603862524131,0.0,0.0,33.63058655241347,2.491317055747186,NaN,
ER(0.25),14,9,20282112,27,23.0,0.7577299585833326,pert:nulled:0.05,0.029975973528641696,0.3275316499202027,0.005004545787831479,0.018137589228579342,0.5869565217391305,0.1707734368442021,-0.5638756044904757,1.248581695657482,0.7016439199580913,0.05608603862524131,0.0,0.0,204.46197821276678,15.147348002842069,NaN,
ER(0.25),14,9,20282112,27,23.0,0.7577299585833326,pert:nulled:0.2,0.10716865314085361,0.8120569433599537,0.019980934880071848,0.07390417469434006,0.5869565217391305,0.1707734368442021,-0.5638756044904757,1.248581695657482,0.7098651332213786,0.04786482536195402,-0.08055365778435375,0.0,2131.9835946115595,157.95083287296026,NaN,
ER(0.25),14,9,20282112,27,23.0,0.7577299585833326,pert:nulled:0.5,0.2186056970835538,0.9615975279677139,0.04973398215351895,0.189980698188785,0.5869565217391305,0.1707734368442021,-0.5638756044904757,1.248581695657482,0.71884569650936,0.03888426207397255,-0.08055365778435375,-0.04027682889217682,12082.887395331354,895.1842864903604,NaN,
ER(0.25),14,9,20282112,27,23.0,0.7577299585833326,pert:random:0.01,0.009630229478147385,0.938194116082333,0.9204108448954758,0.5062581637137981,0.5869565217391305,0.1707734368442021,-0.5638756044904757,1.248581695657482,0.6306649282256245,0.1270650303577081,0.16110731556870728,0.16110731556870733,8819.343440137764,653.3975848805995,NaN,
ER(0.25),14,9,20282112,27,23.0,0.7577299585833326,pert:random:0.05,0.04864010271997978,0.9967504161919415,0.9914035229859819,0.9613387675542475,0.5869565217391305,0.1707734368442021,-0.5638756044904757,1.248581695657482,0.5955075710225181,0.16222238756081453,-0.08055365778435375,0.24166097335306108,206897.543666264,15328.479226173858,NaN,
ER(0.25),14,9,20282112,27,23.0,0.7577299585833326,pert:random:0.2,0.19933216246110025,0.9996411660047654,0.973185020965942,0.9997846829529397,0.5869565217391305,0.1707734368442021,-0.5638756044904757,1.248581695657482,0.5746222484568718,0.18310771012646077,0.16110731556870728,0.28193780224523785,3.270372071648684e6,242293.2864312583,NaN,
ER(0.25),14,9,20282112,27,23.0,0.7577299585833326,pert:random:0.5,0.48722981472985866,0.9998721373965432,0.9684704119438248,0.9994761007970844,0.5869565217391305,0.1707734368442021,-0.5638756044904757,1.248581695657482,0.5796987124174937,0.17803124616583887,0.48332194670612183,0.28193780224523785,2.0390021914039843e7,1.5106435637109599e6,NaN,
ER(0.25),14,9,20282112,27,23.0,0.7577299585833326,fit:triangle:mse,0.5936372632519518,0.9773066866186115,0.9722048135951665,0.990708912794717,0.606264326958352,0.1514656316249806,-0.48332194670612205,-0.08055365778435367,0.6127750303562062,0.1449549282271264,0.16110731556870728,0.2013841444608842,125858.18036044044,9284.136069133678,0.5936372632519518,2.32236;0.498098;0.278098;0.254834
ER(0.25),14,9,20282112,27,23.0,0.7577299585833326,fit:triangle:wgt,0.7257218332793824,0.9081631653426463,0.9148254940828517,0.9549060965773838,0.41366295712156503,0.34406700146176755,0.6444292622748294,0.966643893412244,0.6455489024702519,0.11218105611308071,-0.16110731556870728,0.16110731556870733,117.54323030113432,9.435196610753875,0.9023722704646484,0.05;0.759203;0.154435;0.278112
ER(0.25),14,9,20282112,27,23.0,0.7577299585833326,fit:normal:mse,0.45028132439825796,0.9999793645757635,0.9975525957320929,0.9365067356304744,0.5869565217391305,0.1707734368442021,-0.5638756044904757,-0.32221463113741466,0.5869565217391308,0.17077343684420176,1.5305194979027197,0.6847060911670062,1105.8085888189503,82.53888321609135,0.45028132439825796,13.6644;4.10122;4.80149
ER(0.25),14,9,20282112,27,23.0,0.7577299585833326,fit:normal:wgt,0.9965756348763988,0.9684165546189492,0.973050049117733,0.9938693542667999,0.5869565217391305,0.1707734368442021,-0.5638756044904757,-0.32221463113741466,0.5869565217391305,0.1707734368442021,-1.6110731556870734,1.0874743800887745,3.868628168883702e7,2.9380928941114717e6,0.9630704699201363,9.82414;125.993;0.0107343
ER(0.25),14,9,20282112,27,23.0,0.7577299585833326,paper:empP,0.9999458283103607,0.9999703289754863,0.9999561231795737,0.999970368451289,0.750224526241777,0.00750543234155554,0.48332194670612194,0.12083048667653051,0.5551339913270952,0.2025959672562374,0.8055365778435368,0.483321946706122,8.560389464604201e8,3.812916744334941e7,NaN,
ER(0.25),14,9,20282112,27,23.0,0.7577299585833326,paper:binP,0.9999458283103607,0.9999703289754863,0.9999561231795737,0.999970368451289,0.7500499507966967,0.007680007786635912,0.4027682889217683,0.12083048667653051,0.6172655448015433,0.1404644137817893,0.0,0.2013841444608842,41075.49759211103,1919.8763615574585,NaN,
ER(0.25),14,10,20282113,25,20.0,0.7948793819746369,exactN,0.0,0.0,0.0,0.0,0.758788759357713,0.03609062261692397,0.0,0.0,0.72796942820033,0.06690995377430697,0.0,0.0,14.730048412698592,0.9665376676670879,NaN,
ER(0.25),14,10,20282113,25,20.0,0.7948793819746369,pert:lowd:0.01,0.00999949054160637,0.9852915141240176,0.9582117449701435,0.8046670478555196,0.625,0.16987938197463692,-0.5638756044904757,-0.32221463113741466,0.6588429696198274,0.13603641235480957,0.5638756044904758,0.12083048667653057,51434.16743882344,4116.059734211312,NaN,
ER(0.25),14,10,20282113,25,20.0,0.7948793819746369,pert:lowd:0.05,0.04993738128968931,0.9987252250163177,0.9824549477386663,0.927268836689937,0.625,0.16987938197463692,-0.5638756044904757,-0.32221463113741466,0.6384554446904362,0.15642393728420068,1.208304866765305,0.0805536577843537,1.253981174777409e6,100351.24323783646,NaN,
ER(0.25),14,10,20282113,25,20.0,0.7948793819746369,pert:lowd:0.2,0.19611256932707913,0.9996221097980741,0.9859455349439626,0.9464491473140161,0.625,0.16987938197463692,-0.5638756044904757,-0.32221463113741466,0.6384554446904362,0.15642393728420068,1.208304866765305,0.0805536577843537,1.9968792262859017e7,1.5980261414530443e6,NaN,
ER(0.25),14,10,20282113,25,20.0,0.7948793819746369,pert:lowd:0.5,0.44719668505089255,0.9997381079748616,0.9866002498512865,0.950026013327296,0.625,0.16987938197463692,-0.5638756044904757,-0.32221463113741466,0.6401000670369006,0.15477931493773633,1.208304866765305,0.04027682889217682,1.2468648722589442e8,9.978184696141101e6,NaN,
ER(0.25),14,10,20282113,25,20.0,0.7948793819746369,pert:highd:0.01,0.005053544913160316,0.03815658341209335,0.005615970757514296,0.024744184793427125,0.6250000000000001,0.1698793819746368,-0.5638756044904757,0.48332194670612205,0.72796942820033,0.06690995377430697,0.0,0.0,20.510003916875014,1.640917614931164,NaN,
ER(0.25),14,10,20282113,25,20.0,0.7948793819746369,pert:highd:0.05,0.02442704874381539,0.19005060296812198,0.02810377773030544,0.12803723730755856,0.6250000000000001,0.1698793819746368,-0.5638756044904757,0.48332194670612205,0.7520002921969814,0.04287908977765553,-0.16110731556870728,-0.04027682889217682,72.91889379823114,5.834631672575887,NaN,
ER(0.25),14,10,20282113,25,20.0,0.7948793819746369,pert:highd:0.2,0.08664875129920659,0.6326640411056622,0.11226711252441401,0.5245441954955219,0.6250000000000001,0.1698793819746368,-0.5638756044904757,0.48332194670612205,0.7514002194122646,0.043479162562372276,-0.08055365778435375,-0.08055365778435364,559.7086884007709,44.789180659104964,NaN,
ER(0.25),14,10,20282113,25,20.0,0.7948793819746369,pert:highd:0.5,0.17543458080118088,0.9167572139157921,0.2741743063368915,0.9289497491135268,0.6250000000000001,0.1698793819746368,-0.5638756044904757,0.48332194670612205,0.7688049217756974,0.026074460198939553,-0.24166097335306103,-0.16110731556870733,2908.187287041162,232.72622149176973,NaN,
ER(0.25),14,10,20282113,25,20.0,0.7948793819746369,pert:nulled:0.01,0.006182890685752,0.07076427529521534,0.0010175369763726718,0.003674068447435406,0.625,0.16987938197463692,-0.5638756044904757,1.248581695657482,0.72796942820033,0.06690995377430697,0.0,0.0,31.135743857083536,2.4911563815322406,NaN,
ER(0.25),14,10,20282113,25,20.0,0.7948793819746369,pert:nulled:0.05,0.029970810519845053,0.33463657984206285,0.005085469747314899,0.01847284152032172,0.625,0.16987938197463692,-0.5638756044904757,1.248581695657482,0.72796942820033,0.06690995377430697,0.0,0.0,189.2710251126484,15.145356477097273,NaN,
ER(0.25),14,10,20282113,25,20.0,0.7948793819746369,pert:nulled:0.2,0.10714928455725811,0.8188323334919901,0.020305739128080872,0.07531650684884705,0.625,0.16987938197463692,-0.5638756044904757,1.248581695657482,0.72796942820033,0.06690995377430697,0.0,0.0,1973.4686878590546,157.92504444993014,NaN,
ER(0.25),14,10,20282113,25,20.0,0.7948793819746369,pert:nulled:0.5,0.21856439351371038,0.9634528560963269,0.05054979430604973,0.1937808603557341,0.625,0.16987938197463692,-0.5638756044904757,1.248581695657482,0.7448496547478162,0.05002972722682075,-0.08055365778435375,-0.04027682889217682,11184.344656689938,895.0307038325302,NaN,
ER(0.25),14,10,20282113,25,20.0,0.7948793819746369,pert:random:0.01,0.00999489619392637,0.9275040321611442,0.9715726558656279,0.6041992023839358,0.625,0.16987938197463692,-0.5638756044904757,-0.32221463113741466,0.6715642635908854,0.12331511838375153,0.48332194670612205,0.0805536577843537,5491.922194499454,439.5046037003645,NaN,
ER(0.25),14,10,20282113,25,20.0,0.7948793819746369,pert:random:0.05,0.049871004460219574,0.9980409082850523,0.9936194674484788,0.9956199774215241,0.625,0.16987938197463692,-0.5638756044904757,-0.32221463113741466,0.6401204068869782,0.15475897508765868,0.5638756044904758,0.2013841444608842,147978.40803628793,11842.185664229348,NaN,
ER(0.25),14,10,20282113,25,20.0,0.7948793819746369,pert:random:0.2,0.1952462903065201,0.9999993650337842,0.9841009420915809,0.9909088907736391,0.625,0.16987938197463692,-0.5638756044904757,-0.32221463113741466,0.6372808652685988,0.15759851670603808,1.0471975511965979,0.16110731556870733,2.400408088102013e6,192095.68234283026,NaN,
ER(0.25),14,10,20282113,25,20.0,0.7948793819746369,pert:random:0.5,0.44323049880242693,0.999903550627423,0.9817202275881217,0.9838897638982621,0.625,0.16987938197463692,-0.5638756044904757,-0.32221463113741466,0.635639908008135,0.15923947396650195,1.1277512089809516,0.16110731556870733,1.5043661250039332e7,1.2038874042866398e6,NaN,
ER(0.25),14,10,20282113,25,20.0,0.7948793819746369,fit:triangle:mse,0.5916738256746381,0.9648299862541068,0.9564347738409928,0.9813690798184882,0.5832086345538698,0.21167074742076708,-0.40276828892176836,1.0069207223044208,0.6422359058464406,0.1526434761281963,0.16110731556870728,0.2013841444608842,112291.0437819105,9056.411727034145,0.5916738256746381,2.31418;0.356106;0.417351;0.188554
ER(0.25),14,10,20282113,25,20.0,0.7948793819746369,fit:triangle:wgt,0.7656690249598372,0.8868512716726368,0.9075267869373228,0.9312456050105484,0.4545243100080839,0.340355071966553,0.966643893412244,0.966643893412244,0.6599538083442252,0.1349255736304117,0.16110731556870728,0.16110731556870733,87.1218775229358,7.705807868736959,0.8805812753942003,0.05;0.557789;0.326821;0.210077
ER(0.25),14,10,20282113,25,20.0,0.7948793819746369,fit:normal:mse,0.4646335672410629,0.9999983617711362,0.9974889455339327,0.9361641029497758,0.625,0.16987938197463692,-0.5638756044904757,-0.32221463113741466,0.637489862477145,0.15738951949749191,1.3694121823340124,-0.08055365778435364,684.2795265397447,55.6835125222702,0.4646335672410629,12.7536;3.95899;4.64077
ER(0.25),14,10,20282113,25,20.0,0.7948793819746369,fit:normal:wgt,0.9966084079085272,0.9675456684228235,0.9740279779892496,0.9945672785879285,0.625,0.16987938197463692,-0.5638756044904757,-0.32221463113741466,0.61670304777086,0.17817633420377688,0.8055365778435366,0.3222146311374147,2.777314830759781e7,2.292490575628359e6,0.9619021080772714,8.79212;95.8982;0.0153264
ER(0.25),14,10,20282113,25,20.0,0.7948793819746369,paper:empP,0.9999968430464538,0.9999989711533211,0.9999981619244188,0.9999991497143051,0.7905180193014587,0.004361362673178215,0.48332194670612194,0.0805536577843537,0.620412104527864,0.17446727744677293,1.208304866765305,0.3624914600295915,1.8309893955898038e8,9.516606104948418e6,NaN,
ER(0.25),14,10,20282113,25,20.0,0.7948793819746369,paper:binP,0.9999968430464538,0.9999989711533211,0.9999981619244188,0.9999991497143051,0.7809561419118857,0.013923240062751252,0.48332194670612194,0.12083048667653051,0.6160782679708896,0.17880111400374732,-0.08055365778435375,0.24166097335306108,100179.6535096324,4938.158070727843,NaN,
ER(0.25),14,11,20282114,22,18.0,0.7984868060275283,exactN,0.0,0.0,0.0,0.0,0.7612477735324428,0.03723903249508553,0.0,0.0,0.7323799224370531,0.06610688359047523,0.0,0.0,13.246626681321356,0.9613885545127007,NaN,
ER(0.25),14,11,20282114,22,18.0,0.7984868060275283,pert:lowd:0.01,0.009999491675628453,0.9862541940217395,0.9602236379640634,0.7972802961967609,0.6111111111111112,0.18737569491641715,-0.6444292622748293,-0.32221463113741466,0.6480600686202086,0.1504267374073197,0.48332194670612205,0.16110731556870733,45262.34585307164,4115.835439082897,NaN,
ER(0.25),14,11,20282114,22,18.0,0.7984868060275283,pert:lowd:0.05,0.04993740933914894,0.9987622134451254,0.9835958168972517,0.917845517945478,0.6111111111111112,0.18737569491641715,-0.6444292622748293,-0.32221463113741466,0.6643756775096438,0.13411112851788454,0.5638756044904758,0.0805536577843537,1.1035103026144698e6,100345.70406203107,NaN,
ER(0.25),14,11,20282114,22,18.0,0.7984868060275283,pert:lowd:0.2,0.19611299348913336,0.9996158632572008,0.9869342454918124,0.9373725333177042,0.6111111111111112,0.18737569491641715,-0.6444292622748293,-0.32221463113741466,0.6704567184787344,0.12803008754879386,0.6444292622748291,0.0,1.7572646810694553e7,1.597937719247373e6,NaN,
ER(0.25),14,11,20282114,22,18.0,0.7984868060275283,pert:lowd:0.5,0.4471986963124355,0.9997284184730894,0.9875591440915706,0.9410589264268933,0.6111111111111112,0.18737569491641715,-0.6444292622748293,-0.32221463113741466,0.6704567184787344,0.12803008754879386,0.6444292622748291,0.0,1.0972479352791974e8,9.977632313114677e6,NaN,
ER(0.25),14,11,20282114,22,18.0,0.7984868060275283,pert:highd:0.01,0.005068668164491489,0.03980722302158733,0.005681558088814212,0.02554981653094953,0.6111111111111112,0.18737569491641715,-0.6444292622748293,0.48332194670612205,0.7323799224370531,0.06610688359047523,0.0,0.0,18.048829826664797,1.6408979987708165,NaN,
ER(0.25),14,11,20282114,22,18.0,0.7984868060275283,pert:highd:0.05,0.024500947825324235,0.19841831505860666,0.028424236093812196,0.13258507578812187,0.6111111111111112,0.18737569491641715,-0.6444292622748293,0.48332194670612205,0.7573376568592648,0.04114914916826351,-0.1611073155687075,-0.04027682889217682,64.16887033840901,5.8344433247873395,NaN,
ER(0.25),14,11,20282114,22,18.0,0.7984868060275283,pert:highd:0.2,0.08691862476608742,0.6531431876830499,0.11342030782416052,0.5442988564988502,0.6111111111111112,0.18737569491641715,-0.6444292622748293,0.48332194670612205,0.7559731483293185,0.042513657698209806,-0.08055365778435375,-0.08055365778435364,492.54629942991653,44.7870732631487,NaN,
ER(0.25),14,11,20282114,22,18.0,0.7984868060275283,pert:highd:0.5,0.17599567527345572,0.9274133431981767,0.27629446440085914,0.9425783089593606,0.6111111111111112,0.18737569491641715,-0.6444292622748293,0.48332194670612205,0.7639513774898901,0.034535428537638246,-0.1611073155687075,-0.16110731556870733,2559.2198389561954,232.7141829778685,NaN,
ER(0.25),14,11,20282114,22,18.0,0.7984868060275283,pert:nulled:0.01,0.006179105693167699,0.07384806809391475,0.001029864771932995,0.0037815168354370285,0.6111111111111112,0.18737569491641715,-0.6444292622748293,1.248581695657482,0.7323799224370531,0.06610688359047523,0.0,0.0,27.399520531179014,2.4911066317008217,NaN,
ER(0.25),14,11,20282114,22,18.0,0.7984868060275283,pert:nulled:0.05,0.029952133458380728,0.34758254200282085,0.005147259207031682,0.019023993229473908,0.6111111111111112,0.18737569491641715,-0.6444292622748293,1.248581695657482,0.7323799224370531,0.06610688359047523,0.0,0.0,166.559291000165,15.14473727911281,NaN,
ER(0.25),14,11,20282114,22,18.0,0.7984868060275283,pert:nulled:0.2,0.10707922408034254,0.830242607776577,0.02055503314428883,0.07772498385439466,0.6111111111111112,0.18737569491641715,-0.6444292622748293,1.248581695657482,0.7323799224370531,0.06610688359047523,0.0,0.0,1736.6624891647089,157.9170109255818,NaN,
ER(0.25),14,11,20282114,22,18.0,0.7984868060275283,pert:nulled:0.5,0.21841499929604657,0.966366086376251,0.05118225833665398,0.20069887373803005,0.6111111111111112,0.18737569491641715,-0.6444292622748293,1.248581695657482,0.7498003775156005,0.04868642851192784,-0.08055365778435375,-0.04027682889217682,9842.282848732015,894.9828363596072,NaN,
ER(0.25),14,11,20282114,22,18.0,0.7984868060275283,pert:random:0.01,0.009735668568186591,0.9079446017477173,0.6029802494714669,0.4044187036151375,0.6111111111111107,0.1873756949164176,-0.6444292622748293,1.208304866765305,0.7063227638804178,0.09216404214711049,0.1611073155687075,0.04027682889217682,3089.917938978666,280.97994100911666,NaN,
ER(0.25),14,11,20282114,22,18.0,0.7984868060275283,pert:random:0.05,0.04820289409582418,0.9967016399158911,0.8791761677686645,0.956831748036363,0.6111111111111112,0.18737569491641715,-0.6444292622748293,1.248581695657482,0.6217041826004345,0.17678262342709383,0.48332194670612205,0.24166097335306108,84777.30784449603,7709.100532522568,NaN,
ER(0.25),14,11,20282114,22,18.0,0.7984868060275283,pert:random:0.2,0.18377871477145336,0.9999485754378337,0.929901220074645,0.9980017102365868,0.6111111111111112,0.18737569491641715,-0.6444292622748293,1.248581695657482,0.6217041826004345,0.17678262342709383,0.48332194670612205,0.24166097335306108,1.3797123441866948e6,125461.83617685288,NaN,
ER(0.25),14,11,20282114,22,18.0,0.7984868060275283,pert:random:0.5,0.40253904153008824,0.9999915370569208,0.9390036472477411,0.9907818929244521,0.6111111111111112,0.18737569491641715,-0.6444292622748293,1.248581695657482,0.6217041826004345,0.17678262342709383,0.48332194670612205,0.24166097335306108,8.652444924510289e6,786795.2606759452,NaN,
ER(0.25),14,11,20282114,22,18.0,0.7984868060275283,fit:triangle:mse,0.5711558973901921,0.9581628252915957,0.9511254454494493,0.9798511779877359,0.6111111111111112,0.18737569491641715,-0.6444292622748293,1.0069207223044208,0.6392047680273146,0.15928203800021368,0.1611073155687075,0.2013841444608842,5716.663216738882,519.4343445873104,0.5711558973901921,0.579469;0.39365;0.377541;0.218839
ER(0.25),14,11,20282114,22,18.0,0.7984868060275283,fit:triangle:wgt,0.7847392369186675,0.8759828862072427,0.9034045978011502,0.9289817910593067,0.4518967208135576,0.3465900852139707,1.1277512089809514,0.966643893412244,0.6211278117686635,0.1773589942588648,1.2888585245496587,-0.2819378022452378,62.16546219054783,6.334040844510138,0.869208686324142,0.05;0.641694;0.312011;0.283251
ER(0.25),14,11,20282114,22,18.0,0.7984868060275283,fit:normal:mse,0.43775723928161675,0.9999725738226797,0.9945391275862391,0.9385457622468125,0.6111111111111112,0.18737569491641715,-0.6444292622748293,-0.32221463113741466,0.624898734362473,0.1735880716650553,1.2888585245496587,-0.12083048667653046,434.6671359044459,40.03896994195351,0.43775723928161675,11.2138;3.8563;4.47681
ER(0.25),14,11,20282114,22,18.0,0.7984868060275283,fit:normal:wgt,0.9992859429552616,0.9658751051562011,0.975357128913313,0.9934977546845122,0.6133390455674681,0.1851477604600602,2.497163391314964,-0.28193780224523785,0.5937228663894045,0.20476393963812378,0.48332194670612205,0.3222146311374147,3.2720932675655782e7,3.094321444361389e6,0.9599918533009512,5.88031;102.862;0.01
ER(0.25),14,11,20282114,22,18.0,0.7984868060275283,paper:empP,0.9999945967931207,0.9999978537812173,0.9999964644854403,0.9999982177109895,0.7866162500434465,0.011870555984081821,0.48332194670612205,0.12083048667653051,0.6077872824404515,0.19069952358707676,1.2888585245496587,0.3624914600295915,2.3321117125025373e9,1.3313831883214837e8,NaN,
ER(0.25),14,11,20282114,22,18.0,0.7984868060275283,paper:binP,0.9999945967931207,0.9999978537812173,0.9999964644854403,0.9999982177109895,0.7866162500434465,0.011870555984081821,0.48332194670612205,0.12083048667653051,0.613655145021546,0.18483166100598236,-0.08055365778435375,0.24166097335306108,342243.1173592588,18532.72297962697,NaN,
ER(0.25),14,12,20282115,24,19.0,0.8170085796614563,exactN,0.0,0.0,0.0,0.0,0.7724319275487147,0.044576652112741644,0.0,0.0,0.7727895771173664,0.04421900254408995,0.0,0.0,14.281339745268887,0.9696864352182805,NaN,
ER(0.25),14,12,20282115,24,19.0,0.8170085796614563,pert:lowd:0.01,0.009999491817926455,0.9855293909322687,0.9610894898487017,0.8170104612385463,0.631578947368421,0.18542963229303533,-0.5638756044904757,-0.32221463113741466,0.6771531018612327,0.13985547780022367,0.5638756044904756,0.1611073155687074,49381.73923106671,4116.069207703006,NaN,
ER(0.25),14,12,20282115,24,19.0,0.8170085796614563,pert:lowd:0.05,0.04993741286058313,0.9988054740299799,0.9843175999175249,0.9120826707798126,0.631578947368421,0.18542963229303533,-0.5638756044904757,-0.32221463113741466,0.6592789218194546,0.15772965784200177,0.7249829200591831,0.20138414446088415,1.2039438595750234e6,100351.47681597323,NaN,
ER(0.25),14,12,20282115,24,19.0,0.8170085796614563,pert:lowd:0.2,0.1961130467451622,0.9996661639699846,0.9876053351877397,0.9280017420434492,0.631578947368421,0.18542963229303533,-0.5638756044904757,-0.32221463113741466,0.7390308230433235,0.07797775661813289,-0.9666438934122441,0.12083048667653051,1.917198688959545e7,1.598029868925766e6,NaN,
ER(0.25),14,12,20282115,24,19.0,0.8170085796614563,pert:lowd:0.5,0.4471989488434017,0.9997747062603397,0.9882191717046219,0.9310630969176229,0.631578947368421,0.18542963229303533,-0.5638756044904757,-0.32221463113741466,0.6315789473684212,0.1854296322930351,-1.6110731556870734,0.6444292622748293,1.1971118648046537e8,9.97820798062378e6,NaN,
ER(0.25),14,12,20282115,24,19.0,0.8170085796614563,pert:highd:0.01,0.00505932788680743,0.03810466988667027,0.005635349865412096,0.01855383511873017,0.6315789473684211,0.18542963229303522,-0.5638756044904757,0.48332194670612205,0.7727895771173664,0.04421900254408995,0.0,0.0,19.690042010703063,1.6409185268843307,NaN,
ER(0.25),14,12,20282115,24,19.0,0.8170085796614563,pert:highd:0.05,0.02445530603045127,0.18971881094157048,0.02819429128083958,0.09502315821288745,0.6315789473684211,0.18542963229303522,-0.5638756044904757,0.48332194670612205,0.7727895771173664,0.04421900254408995,0.0,0.0,70.00631619287321,5.834640037189532,NaN,
ER(0.25),14,12,20282115,24,19.0,0.8170085796614563,pert:highd:0.2,0.08675193517303183,0.6312927292933872,0.11252934946375735,0.39347981375507746,0.6315789473684211,0.18542963229303522,-0.5638756044904757,0.48332194670612205,0.7708155553412226,0.046193024320233755,0.08055365778435353,-0.04027682889217682,537.3668568618688,44.7892711902769,NaN,
ER(0.25),14,12,20282115,24,19.0,0.8170085796614563,pert:highd:0.5,0.1756490922716946,0.9155993629224451,0.27433433402954427,0.8159698809468579,0.6315789473684211,0.18542963229303522,-0.5638756044904757,0.48332194670612205,0.7801073616683711,0.03690121799308521,0.0,-0.12083048667653051,2792.1251026065506,232.72673318328606,NaN,
ER(0.25),14,12,20282115,24,19.0,0.8170085796614563,pert:nulled:0.01,0.006182873205416856,0.07066123686446701,0.0010216450379619756,0.0005426778845260027,0.631578947368421,0.18542963229303533,-0.5638756044904757,1.248581695657482,0.7727895771173664,0.04421900254408995,0.0,0.0,29.891422545870185,2.491158654520788,NaN,
ER(0.25),14,12,20282115,24,19.0,0.8170085796614563,pert:nulled:0.05,0.02997072426134951,0.3342431655153485,0.005106210407585343,0.0027110365198166567,0.631578947368421,0.18542963229303533,-0.5638756044904757,1.248581695657482,0.7727895771173664,0.04421900254408995,0.0,0.0,181.7138803851184,15.145383456845195,NaN,
ER(0.25),14,12,20282115,24,19.0,0.8170085796614563,pert:nulled:0.2,0.10714896097092727,0.8186173233252572,0.02039165678818869,0.01080854815490551,0.631578947368421,0.18542963229303533,-0.5638756044904757,1.248581695657482,0.7727895771173664,0.04421900254408995,0.0,0.0,1894.7070363769856,157.92538659099964,NaN,
ER(0.25),14,12,20282115,24,19.0,0.8170085796614563,pert:nulled:0.5,0.218563703474929,0.9634717730221308,0.050778725493771326,0.026839928546931745,0.631578947368421,0.18542963229303533,-0.5638756044904757,1.248581695657482,0.7727895771173664,0.04421900254408995,0.0,0.0,10738.025165125024,895.032730295593,NaN,
ER(0.25),14,12,20282115,24,19.0,0.8170085796614563,pert:random:0.01,0.008739877499378289,0.5482071219584727,0.6189934870316433,0.5521969787983441,0.631578947368421,0.18542963229303533,-0.5638756044904757,1.248581695657482,0.7287163279799762,0.08829225168148014,0.4027682889217685,0.0,458.19041954073447,38.1898247032545,NaN,
ER(0.25),14,12,20282115,24,19.0,0.8170085796614563,pert:random:0.05,0.04454141537553178,0.9632508516823768,0.9968849753852971,0.9999949786086767,0.631578947368421,0.18542963229303533,-0.5638756044904757,1.248581695657482,0.7099567772997547,0.10705180236170164,0.5638756044904756,-0.16110731556870733,8680.749809386441,723.5546913472742,NaN,
ER(0.25),14,12,20282115,24,19.0,0.8170085796614563,pert:random:0.2,0.18949569983526052,0.9989851617859599,0.989796731829336,0.9631322487796905,0.631578947368421,0.18542963229303533,-0.5638756044904757,1.248581695657482,0.4834861988993542,0.33352238076210217,-0.16110731556870728,0.48332194670612205,131253.9649127873,10940.30228285412,NaN,
ER(0.25),14,12,20282115,24,19.0,0.8170085796614563,pert:random:0.5,0.4999863266050273,0.9999986110818289,0.9826812760951933,0.9479721241145095,0.631578947368421,0.18542963229303533,-0.5638756044904757,1.248581695657482,0.4907396065002613,0.326268973161195,-0.08055365778435375,0.48332194670612205,810951.7406581759,67594.6732944604,NaN,
ER(0.25),14,12,20282115,24,19.0,0.8170085796614563,fit:triangle:mse,0.5912274488140842,0.9710510881894394,0.9650950579540105,0.9838234534780601,0.5896100084622776,0.22739857119917872,-0.40276828892176836,1.0069207223044208,0.6531651577951119,0.16384342186634449,0.32221463113741455,0.24166097335306103,689422.674862685,57903.67662103473,0.5912274488140842,5.91018;0.567304;0.251883;0.301127
ER(0.25),14,12,20282115,24,19.0,0.8170085796614563,fit:triangle:wgt,0.8461261222445573,0.8789201455737674,0.9016925876825541,0.9203514405192331,0.4977349999616627,0.31927357969979364,1.2888585245496587,0.966643893412244,0.6414999886917163,0.17550859096974003,1.449965840118366,-0.28193780224523785,77.1713686418827,7.16689282104722,0.872572440179876,0.05;0.632615;0.345468;0.274785
ER(0.25),14,12,20282115,24,19.0,0.8170085796614563,fit:normal:mse,0.4732893984087622,0.9999923297978589,0.9946120269991116,0.9566527616400718,0.631578947368421,0.18542963229303533,-0.5638756044904757,-0.32221463113741466,0.6447261710285738,0.17228240863288258,1.5305194979027197,-0.04027682889217682,1261.1541968570043,105.92565945387598,0.4732893984087622,12.2139;4.22662;4.74692
ER(0.25),14,12,20282115,24,19.0,0.8170085796614563,fit:normal:wgt,0.9996200276883549,0.9679937748864698,0.9759983073202039,0.9932512691216386,0.6336896221165487,0.18331895754490768,2.5777170490993173,-0.28193780224523785,0.6018711125757309,0.21513746708572545,0.48332194670612183,0.36249146002959154,3.302968830030841e7,2.881419203700751e6,0.9624018136315875,6.13946;104.834;0.01
ER(0.25),14,12,20282115,24,19.0,0.8170085796614563,paper:empP,0.9999981758822493,0.999999637558749,0.9999994354533759,0.9999997007960996,0.8059811108975511,0.011027468763905257,0.48332194670612194,0.12083048667653051,0.627535635551799,0.18947294410965732,1.449965840118366,0.4027682889217683,9.999228601579655e8,5.327664336528246e7,NaN,
ER(0.25),14,12,20282115,24,19.0,0.8170085796614563,paper:binP,0.9999981758822493,0.999999637558749,0.9999994354533759,0.9999997007960996,0.8059811108975511,0.011027468763905257,0.48332194670612194,0.12083048667653051,0.6298108581033253,0.18719772155813108,0.08055365778435353,0.2819378022452379,153069.64422809117,7774.482244831057,NaN,
ER(0.25),14,13,20282116,25,20.0,0.7820737809257519,exactN,0.0,0.0,0.0,0.0,0.7535445882153375,0.02852919271041432,0.0,0.0,0.7383077455974607,0.04376603532829115,0.0,0.0,14.642075859194826,0.9677500081407326,NaN,
ER(0.25),14,13,20282116,25,20.0,0.7820737809257519,pert:lowd:0.01,0.009999490003204712,0.9826676248289372,0.9576658125391075,0.8542841630493636,0.625,0.15707378092575186,-0.5638756044904757,-0.32221463113741466,0.629273568366287,0.15280021255946485,0.7249829200591831,0.2013841444608842,51428.6304735576,4115.954853729804,NaN,
ER(0.25),14,13,20282116,25,20.0,0.7820737809257519,pert:lowd:0.05,0.049937367981335565,0.9986247548488908,0.9837592684259377,0.9294318631800481,0.625,0.15707378092575186,-0.5638756044904757,-0.32221463113741466,0.6238287931509972,0.1582449877747547,1.449965840118366,0.04027682889217682,1.2538444689666072e6,100348.65345870516,NaN,
ER(0.25),14,13,20282116,25,20.0,0.7820737809257519,pert:lowd:0.2,0.19611236810446336,0.9996364595315991,0.9873939770019399,0.9416767391114234,0.625,0.15707378092575186,-0.5638756044904757,-0.32221463113741466,0.6222470619783285,0.1598267189474234,1.5305194979027197,0.04027682889217682,1.9966610124848712e7,1.5979848016856627e6,NaN,
ER(0.25),14,13,20282116,25,20.0,0.7820737809257519,pert:lowd:0.5,0.44719573093402687,0.999761018265018,0.9880689497516776,0.9440255584198582,0.625,0.15707378092575186,-0.5638756044904757,-0.32221463113741466,0.6222470619783285,0.1598267189474234,1.5305194979027197,0.04027682889217682,1.246728553070332e8,9.977926443468362e6,NaN,
ER(0.25),14,13,20282116,25,20.0,0.7820737809257519,pert:highd:0.01,0.00506029475497826,0.03444677657874747,0.005159031855647878,0.012169135995134134,0.6250000000000001,0.15707378092575175,-0.5638756044904757,0.48332194670612205,0.7383077455974607,0.04376603532829115,0.0,0.0,20.509512028696577,1.6409083671481608,NaN,
ER(0.25),14,13,20282116,25,20.0,0.7820737809257519,pert:highd:0.05,0.024460030543665093,0.1717314546152102,0.02581612200241687,0.061565193899213215,0.6250000000000001,0.15707378092575175,-0.5638756044904757,0.48332194670612205,0.7383077455974607,0.04376603532829115,0.0,0.0,72.91420672861744,5.834543231762468,NaN,
ER(0.25),14,13,20282116,25,20.0,0.7820737809257519,pert:highd:0.2,0.08676918827364158,0.5889592416825804,0.10318593159933728,0.2516913273363459,0.6250000000000001,0.15707378092575175,-0.5638756044904757,0.4430451178139452,0.7523012967672358,0.029772484158516077,-0.08055365778435375,-0.04027682889217682,559.6565256914928,44.78819386737522,NaN,
ER(0.25),14,13,20282116,25,20.0,0.7820737809257519,pert:highd:0.5,0.17568496237553372,0.8946710824265534,0.25306672447094425,0.5890587522196714,0.6250000000000001,0.15707378092575175,-0.5638756044904757,0.48332194670612205,0.7467741531082559,0.03529962781749596,0.0,-0.0805536577843537,2907.8898081138477,232.7205893700649,NaN,
ER(0.25),14,13,20282116,25,20.0,0.7820737809257519,pert:nulled:0.01,0.006190862847657313,0.06390135273942994,0.000935184096018838,0.0021804453721171453,0.625,0.15707378092575186,-0.5638756044904757,1.248581695657482,0.7383077455974607,0.04376603532829115,0.0,0.0,31.134499999817347,2.4911329635931905,NaN,
ER(0.25),14,13,20282116,25,20.0,0.7820737809257519,pert:nulled:0.05,0.030010151621501654,0.30520290242292625,0.0046741281236395,0.010871422466505208,0.625,0.15707378092575186,-0.5638756044904757,1.248581695657482,0.7383077455974607,0.04376603532829115,0.0,0.0,189.25566380799046,15.145066194030564,NaN,
ER(0.25),14,13,20282116,25,20.0,0.7820737809257519,pert:nulled:0.2,0.10729688417759986,0.789650553856459,0.01866735949853589,0.04300152408570278,0.625,0.15707378092575186,-0.5638756044904757,1.248581695657482,0.7135320344342577,0.06854174649149414,0.16110731556870728,0.04027682889217682,1973.2701123655181,157.92128541709133,NaN,
ER(0.25),14,13,20282116,25,20.0,0.7820737809257519,pert:nulled:0.5,0.2188791804116224,0.9555989663365664,0.046496216254721084,0.10485502025199743,0.625,0.15707378092575186,-0.5638756044904757,1.248581695657482,0.7135320344342577,0.06854174649149414,0.16110731556870728,0.04027682889217682,11183.162566581574,895.0083167475738,NaN,
ER(0.25),14,13,20282116,25,20.0,0.7820737809257519,pert:random:0.01,0.009755297590547126,0.674124620445553,0.18348758931021614,0.13005253937030237,0.6249999999999998,0.15707378092575208,-0.5638756044904757,1.0471975511965979,0.7135320344342577,0.06854174649149414,0.16110731556870728,0.04027682889217682,710.8719329544296,56.89092341245125,NaN,
ER(0.25),14,13,20282116,25,20.0,0.7820737809257519,pert:random:0.05,0.04831617936238004,0.9802812735370838,0.6140235521993138,0.5297731188254475,0.625,0.15707378092575186,-0.5638756044904757,1.248581695657482,0.6977083694657835,0.08436541145996834,0.4027682889217685,0.0,17532.876926731078,1403.2221797015072,NaN,
ER(0.25),14,13,20282116,25,20.0,0.7820737809257519,pert:random:0.2,0.18441415929316787,0.999424505929356,0.8865130875762,0.9044499296323916,0.625,0.15707378092575186,-0.5638756044904757,1.248581695657482,0.653446438008998,0.12862734291675382,0.8860902356278901,0.0,291874.0136984082,23359.581475770206,NaN,
ER(0.25),14,13,20282116,25,20.0,0.7820737809257519,pert:random:0.5,0.4044982819953662,0.9999999148796443,0.9380946776856574,0.9710979498758919,0.625,0.15707378092575186,-0.5638756044904757,1.248581695657482,0.6366010619407438,0.14547271898500802,1.2083048667653051,-0.04027682889217682,1.838566314203439e6,147145.91747424632,NaN,
ER(0.25),14,13,20282116,25,20.0,0.7820737809257519,fit:triangle:mse,0.597728455008332,0.9743545391072421,0.969223745706971,0.9834665513679498,0.5618992083948193,0.22017457253093253,-0.32221463113741466,1.0069207223044208,0.606695868071714,0.1753779128540378,0.4027682889217685,0.28193780224523785,16155.627101768607,1308.588822834233,0.597728455008332,0.886753;0.434859;0.348769;0.220468
ER(0.25),14,13,20282116,25,20.0,0.7820737809257519,fit:triangle:wgt,0.8014699256955419,0.906843720324943,0.9271727816849913,0.9428132929784537,0.4527112890581714,0.3293624918675805,1.0471975511965979,0.966643893412244,0.6328120568583933,0.1492617240673586,1.3694121823340122,-0.24166097335306103,90.32872309293118,8.001040283275106,0.9013464561368508,0.05;0.49244;0.420196;0.184732
ER(0.25),14,13,20282116,25,20.0,0.7820737809257519,fit:normal:mse,0.4683215841855529,0.9999965505840982,0.9921733779645558,0.9915699727043701,0.625,0.15707378092575186,-0.5638756044904757,-0.32221463113741466,0.6250000000000001,0.15707378092575175,-1.6110731556870734,0.3624914600295915,1526.6507487414017,122.96906883484588,0.4683215841855529,12.9542;4.31614;4.55853
ER(0.25),14,13,20282116,25,20.0,0.7820737809257519,fit:normal:wgt,0.9996498583534221,0.9730668538047348,0.9773772185568562,0.9908098040350565,0.6271986363426982,0.15487514458305363,2.4971633913149636,-0.28193780224523785,0.5608349859640256,0.22123879496172627,0.48332194670612183,0.40276828892176836,3.03477043970415e7,2.5186871487570656e6,0.9684561691534058,6.11217;141.263;0.01
ER(0.25),14,13,20282116,25,20.0,0.7820737809257519,paper:empP,0.9999969117590419,0.9999990990627675,0.9999980381234665,0.9999987791582249,0.7730925953882306,0.008981185537521252,0.48332194670612194,0.0805536577843537,0.5939937570267296,0.18808002389902223,1.3694121823340122,0.4430451178139451,9.003924035493451e7,4.7029021860024845e6,NaN,
ER(0.25),14,13,20282116,25,20.0,0.7820737809257519,paper:binP,0.9999969117590419,0.9999990990627675,0.9999980381234665,0.9999987791582249,0.7607102071364926,0.021363573789259238,0.48332194670612194,0.12083048667653051,0.5760105139746032,0.20606326695114863,0.08055365778435353,0.3222146311374147,100179.6535096324,4938.158070727843,NaN,
ER(0.25),14,14,20282117,20,17.0,0.7898454305843747,exactN,0.0,0.0,0.0,0.0,0.7537794935405033,0.0360659370438714,0.0,0.0,0.7218611242793971,0.06798430630497765,0.0,0.0,12.239309369025253,0.9490372126388049,NaN,
ER(0.25),14,14,20282117,20,17.0,0.7898454305843747,pert:lowd:0.01,0.009999495093416607,0.9881960287197555,0.9676672429375345,0.8023313300011145,0.5882352941176471,0.20161013646672765,-0.7249829200591831,-0.32221463113741466,0.6292055674749361,0.16063986310943867,0.4027682889217683,0.16110731556870733,41153.50293203207,4115.86974819868,NaN,
ER(0.25),14,14,20282117,20,17.0,0.7898454305843747,pert:lowd:0.05,0.04993749402812031,0.9990618333430332,0.9878100237422968,0.9147766867761497,0.5882352941176471,0.20161013646672765,-0.7249829200591831,-0.32221463113741466,0.6421086948788355,0.14773673570553925,0.4027682889217683,0.12083048667653057,1.0033372467011116e6,100346.55085167973,NaN,
ER(0.25),14,14,20282117,20,17.0,0.7898454305843747,pert:lowd:0.2,0.1961142745915029,0.9997490430108172,0.9905770982661118,0.9332547378383919,0.5882352941176471,0.20161013646672765,-0.7249829200591831,-0.32221463113741466,0.588235294117647,0.20161013646672776,1.2888585245496587,0.0,1.5977464967418715e7,1.597951235067014e6,NaN,
ER(0.25),14,14,20282117,20,17.0,0.7898454305843747,pert:lowd:0.5,0.4472047714087844,0.9998340616397197,0.9910896733198039,0.936769382947566,0.5882352941176471,0.20161013646672765,-0.7249829200591831,-0.32221463113741466,0.588235294117647,0.20161013646672776,1.2888585245496587,0.0,9.976437732161814e7,9.97771674596901e6,NaN,
ER(0.25),14,14,20282117,20,17.0,0.7898454305843747,pert:highd:0.01,0.005070547599278815,0.041996031827363896,0.005903559718573848,0.02755921557211507,0.5882352941176472,0.20161013646672754,-0.7249829200591831,0.48332194670612205,0.7218611242793971,0.06798430630497765,0.0,0.0,16.408551870612307,1.6409011108113094,NaN,
ER(0.25),14,14,20282117,20,17.0,0.7898454305843747,pert:highd:0.05,0.02451013216189431,0.20863469644970467,0.029513782302219082,0.14337397518760303,0.5882352941176472,0.20161013646672754,-0.7249829200591831,0.48332194670612205,0.7218611242793971,0.06798430630497765,0.0,0.0,58.3403405599496,5.834472682270123,NaN,
ER(0.25),14,14,20282117,20,17.0,0.7898454305843747,pert:highd:0.2,0.0869521708191445,0.6707532216816171,0.11741392456952829,0.5823346294174332,0.5882352941176472,0.20161013646672754,-0.7249829200591831,0.48332194670612205,0.7461367460484655,0.04370868453590926,-0.08055365778435375,-0.08055365778435364,447.8250803431243,44.78739765228465,NaN,
ER(0.25),14,14,20282117,20,17.0,0.7898454305843747,pert:highd:0.5,0.17606543180240217,0.931851971685008,0.28400965486812146,0.9592195494432407,0.5882352941176472,0.20161013646672754,-0.7249829200591831,0.48332194670612205,0.7530926924675921,0.03675273811678259,-0.1611073155687075,-0.16110731556870733,2326.881291374442,232.7160287467326,NaN,
ER(0.25),14,14,20282117,20,17.0,0.7898454305843747,pert:nulled:0.01,0.006172764388077239,0.07782767921356365,0.0010718429755684723,0.004065749409537409,0.5882352941176471,0.20161013646672765,-0.7249829200591831,1.248581695657482,0.7218611242793971,0.06798430630497765,0.0,0.0,24.909982368574717,2.491114471073386,NaN,
ER(0.25),14,14,20282117,20,17.0,0.7898454305843747,pert:nulled:0.05,0.029920843927521774,0.36404009714451935,0.005357626176465996,0.0204663310899368,0.5882352941176471,0.20161013646672765,-0.7249829200591831,1.248581695657482,0.7218611242793971,0.06798430630497765,0.0,0.0,151.43394176945486,15.144833098961488,NaN,
ER(0.25),14,14,20282117,20,17.0,0.7898454305843747,pert:nulled:0.2,0.10696186955396454,0.8436803918066444,0.021403215419789318,0.08378466166350547,0.5882352941176471,0.20161013646672765,-0.7249829200591831,1.248581695657482,0.7218611242793971,0.06798430630497765,0.0,0.0,1578.9962159765387,157.91824354976427,NaN,
ER(0.25),14,14,20282117,20,17.0,0.7898454305843747,pert:nulled:0.5,0.21816479210322637,0.9697110373837668,0.05333118952058406,0.21683995528877067,0.5882352941176471,0.20161013646672765,-0.7249829200591831,1.248581695657482,0.7408163332939568,0.04902909729041793,-0.08055365778435375,-0.04027682889217682,8948.79278443494,894.9901646440022,NaN,
ER(0.25),14,14,20282117,20,17.0,0.7898454305843747,pert:random:0.01,0.009966220986382463,0.9467391368193209,0.9590789089811749,0.8362694944881544,0.5882352941176471,0.20161013646672765,-0.7249829200591831,-0.32221463113741466,0.6537652317485498,0.1360801988358249,0.48332194670612205,0.04027682889217682,3367.0499624700974,336.7505573248001,NaN,
ER(0.25),14,14,20282117,20,17.0,0.7898454305843747,pert:random:0.05,0.049628970603118064,0.9978197723235513,0.9997052395649488,0.9833992911381184,0.5882352941176471,0.20161013646672765,-0.7249829200591831,-0.32221463113741466,0.5182538126029569,0.27159161798141784,-1.2888585245496587,0.40276828892176836,91676.03471118545,9168.791581432872,NaN,
ER(0.25),14,14,20282117,20,17.0,0.7898454305843747,pert:random:0.2,0.1929443219106616,0.9998909159159891,0.996474533091599,0.9461789723670551,0.5882352941176471,0.20161013646672765,-0.7249829200591831,-0.32221463113741466,0.5110794957601311,0.2787659348242436,-0.3222146311374148,0.3624914600295915,1.4898859123272663e6,149007.74824786457,NaN,
ER(0.25),14,14,20282117,20,17.0,0.7898454305843747,pert:random:0.5,0.43369951619956904,0.9999898855855456,0.995407112350025,0.9367717166922558,0.5882352941176471,0.20161013646672765,-0.7249829200591831,-0.32221463113741466,0.5225978369786607,0.26724759360571404,-0.08055365778435375,0.3624914600295915,9.340758648230787e6,934195.7802303265,NaN,
ER(0.25),14,14,20282117,20,17.0,0.7898454305843747,fit:triangle:mse,0.5749935732123544,0.9721066632479232,0.9655542339594837,0.9886077880002299,0.6450749314330222,0.14477049915135254,-0.48332194670612205,-0.08055365778435367,0.6207504528118373,0.16909497777253746,0.2416609733530608,0.2013841444608842,96764.81546697451,9556.912570767488,0.5749935732123544,2.53928;0.75247;0.192192;0.474032
ER(0.25),14,14,20282117,20,17.0,0.7898454305843747,fit:triangle:wgt,0.6950174628800287,0.9012628137332898,0.9207686171784875,0.9630645508926897,0.38808927693938333,0.4017561536449914,0.6444292622748293,0.966643893412244,0.6565482540218585,0.13329717656251627,-0.08055365778435375,0.16110731556870733,58.13559903594229,6.404517784050048,0.8946383937422536,0.05;0.917187;0.155835;0.433026
ER(0.25),14,14,20282117,20,17.0,0.7898454305843747,fit:normal:mse,0.45226042594759874,0.9999854406586923,0.9869233537566405,0.9430664637307359,0.5882352941176471,0.20161013646672765,-0.7249829200591831,-0.32221463113741466,0.5882352941176467,0.20161013646672798,1.2888585245496587,0.7249829200591831,463.7039768341515,46.64381931942967,0.45226042594759874,10.1492;3.92356;4.43779
ER(0.25),14,14,20282117,20,17.0,0.7898454305843747,fit:normal:wgt,0.9863890979663353,0.9660686948482392,0.9768770406868649,0.9928383695477432,0.5882352941176471,0.20161013646672765,-0.7249829200591831,-0.32221463113741466,0.587855393269107,0.20199003731526777,1.208304866765305,0.3222146311374147,1.7988388353315257e7,1.85456770472803e6,0.9600172274541129,7.76859;60.0756;0.0232582
ER(0.25),14,14,20282117,20,17.0,0.7898454305843747,paper:empP,0.9999736315886103,0.9999841362236198,0.9999771999147767,0.9999846948925882,0.7822024464396653,0.0076429841447094304,0.48332194670612205,0.12083048667653051,0.5882352941176476,0.2016101364667271,1.2888585245496587,0.40276828892176836,7.615611942794077e10,4.528507437011485e9,NaN,
ER(0.25),14,14,20282117,20,17.0,0.7898454305843747,paper:binP,0.9999736315886103,0.9999841362236198,0.9999771999147767,0.9999846948925882,0.7822024464396653,0.0076429841447094304,0.48332194670612205,0.12083048667653051,0.6038158286769162,0.18602960190745854,0.0,0.24166097335306108,700804.5060066608,40819.94915138091,NaN,
ER(0.25),14,15,20282118,29,23.0,0.7919959570851295,exactN,0.0,0.0,0.0,0.0,0.7511379284409224,0.04085802864420707,0.0,0.0,0.7259513892923267,0.06604456779280277,0.0,0.0,16.779819640526913,0.9677777771865883,NaN,
ER(0.25),14,15,20282118,29,23.0,0.7919959570851295,pert:lowd:0.01,0.00999948860214062,0.9836093977328969,0.9545846700518869,0.8100079698625643,0.6304347826086957,0.1615611744764338,-0.483321946706122,-0.32221463113741466,0.6514055868508161,0.14059037023431342,0.8055365778435368,0.12083048667653057,59680.51450211069,4117.135608096009,NaN,
ER(0.25),14,15,20282118,29,23.0,0.7919959570851295,pert:lowd:0.05,0.049937333375753415,0.9986331520008879,0.9805696468855059,0.9375169612520056,0.6304347826086957,0.1615611744764338,-0.483321946706122,-0.32221463113741466,0.6435033058658904,0.14849265121923905,1.2888585245496589,0.04027682889217682,1.4550349580825702e6,100377.81026641386,NaN,
ER(0.25),14,15,20282118,29,23.0,0.7919959570851295,pert:lowd:0.2,0.19611184494379552,0.9996143607685555,0.9843462956535431,0.9565075006367469,0.6304347826086957,0.1615611744764338,-0.483321946706122,-0.32221463113741466,0.6415841038251086,0.15041185326002093,1.449965840118366,0.0,2.3170452115910523e7,1.5984502244546623e6,NaN,
ER(0.25),14,15,20282118,29,23.0,0.7919959570851295,pert:lowd:0.5,0.4471932503952287,0.9997386243657781,0.9850562379575372,0.9599809994802287,0.6304347826086957,0.1615611744764338,-0.483321946706122,-0.32221463113741466,0.6415841038251086,0.15041185326002093,1.449965840118366,0.0,1.446778874576776e8,9.980833978081686e6,NaN,
ER(0.25),14,15,20282118,29,23.0,0.7919959570851295,pert:highd:0.01,0.005034304776852833,0.03581554651533229,0.005450351202926897,0.0233647190832947,0.6304347826086958,0.1615611744764337,-0.483321946706122,0.48332194670612205,0.7332225270956568,0.05877342998947266,-0.08055365778435375,0.0,23.793098171195844,1.6410122966898875,NaN,
ER(0.25),14,15,20282118,29,23.0,0.7919959570851295,pert:highd:0.05,0.024333044307827238,0.17832677560484217,0.02728568268229173,0.12042936620787184,0.6304347826086958,0.1615611744764337,-0.483321946706122,0.48332194670612205,0.7332225270956568,0.05877342998947266,-0.08055365778435375,0.0,84.60017675913313,5.8355380093815015,NaN,
ER(0.25),14,15,20282118,29,23.0,0.7919959570851295,pert:highd:0.2,0.08630557002777395,0.6036866824245222,0.10918694360174988,0.4927271022846927,0.6304347826086958,0.1615611744764337,-0.483321946706122,0.48332194670612205,0.7494335966442007,0.04256236044092876,-0.08055365778435375,-0.08055365778435364,649.420995583848,44.799299926507466,NaN,
ER(0.25),14,15,20282118,29,23.0,0.7919959570851295,pert:highd:0.5,0.17472129550143192,0.9011196803993554,0.2678169284668343,0.9048040783226995,0.6304347826086958,0.1615611744764337,-0.483321946706122,0.48332194670612205,0.7694169714603349,0.022578985624794545,-0.3222146311374148,-0.20138414446088415,3374.4039316961976,232.7839892611759,NaN,
ER(0.25),14,15,20282118,29,23.0,0.7919959570851295,pert:nulled:0.01,0.006188359500251572,0.066412002014262,0.0009869932256734648,0.0034805740972325408,0.6304347826086957,0.1615611744764338,-0.483321946706122,1.248581695657482,0.7259513892923267,0.06604456779280277,0.0,0.0,36.1212426778958,2.4913962285711584,NaN,
ER(0.25),14,15,20282118,29,23.0,0.7919959570851295,pert:nulled:0.05,0.029997797722312862,0.31604116090430356,0.004932595680210362,0.017486733770294673,0.6304347826086957,0.1615611744764338,-0.483321946706122,1.248581695657482,0.7332225270956568,0.05877342998947266,-0.08055365778435375,0.0,219.6011612400094,15.148332415824921,NaN,
ER(0.25),14,15,20282118,29,23.0,0.7919959570851295,pert:nulled:0.2,0.10725053123397013,0.8008505641796478,0.01969218792688937,0.07110484485677673,0.6304347826086957,0.1615611744764338,-0.483321946706122,1.248581695657482,0.7332225270956568,0.05877342998947266,-0.08055365778435375,0.0,2289.8288627179927,157.96359875783668,NaN,
ER(0.25),14,15,20282118,29,23.0,0.7919959570851295,pert:nulled:0.5,0.21878031562083824,0.9586275941216353,0.04900888510629307,0.1821454403605455,0.6304347826086957,0.1615611744764338,-0.483321946706122,1.248581695657482,0.7430778752081132,0.048918081877016295,-0.08055365778435375,-0.04027682889217682,12977.443245584758,895.2603423672768,NaN,
ER(0.25),14,15,20282118,29,23.0,0.7919959570851295,pert:random:0.01,0.009956036771210373,0.9653859682011345,0.9997879118875603,0.8775142297972727,0.6304347826086957,0.1615611744764338,-0.483321946706122,-0.32221463113741466,0.6490562563991338,0.1429397006859957,0.8860902356278901,0.12083048667653057,16456.35601441611,1135.2784556373067,NaN,
ER(0.25),14,15,20282118,29,23.0,0.7919959570851295,pert:random:0.05,0.04955561595773936,0.9993702731727749,0.984110005677473,0.9995848088660686,0.6304347826086957,0.1615611744764338,-0.483321946706122,-0.32221463113741466,0.6390358120390585,0.15296014504607103,0.9666438934122439,0.2013841444608842,431180.1981307391,29745.707682054617,NaN,
ER(0.25),14,15,20282118,29,23.0,0.7919959570851295,pert:random:0.2,0.19235373701291794,0.9999639158715903,0.9770285160942962,0.9907859644711187,0.6304347826086957,0.1615611744764338,-0.483321946706122,-0.32221463113741466,0.6345212885034258,0.15747466858170367,1.0471975511965976,0.24166097335306108,6.959023563402833e6,480079.5617862396,NaN,
ER(0.25),14,15,20282118,29,23.0,0.7919959570851295,pert:random:0.5,0.43142421748227827,0.9998504644017587,0.975472191100176,0.9877056879719359,0.6304347826086957,0.1615611744764338,-0.483321946706122,-0.32221463113741466,0.6388544017589968,0.15314155532613272,1.5305194979027197,0.0805536577843537,4.356926851290645e7,3.005696059755704e6,NaN,
ER(0.25),14,15,20282118,29,23.0,0.7919959570851295,fit:triangle:mse,0.6110147714632812,0.9804435705013901,0.9770651557784245,0.9931348373886044,0.588475772221397,0.20352018486373247,-0.32221463113741466,1.0069207223044208,0.6434786966165188,0.1485172604686107,0.16110731556870728,0.2013841444608842,1.6329225349445783e6,113530.6101914477,0.6110147714632812,8.0;0.64334;0.195497;0.373734
ER(0.25),14,15,20282118,29,23.0,0.7919959570851295,fit:triangle:wgt,0.8473809114640388,0.8972377655176546,0.9154474044286787,0.9261489639456643,0.5002502208276229,0.29174573625750655,1.1277512089809514,0.966643893412244,0.6410593691093454,0.15093658797578413,1.2083048667653051,-0.32221463113741466,119.90156721174431,9.047855623288322,0.891432103229374,0.05;0.810105;0.190186;0.406064
ER(0.25),14,15,20282118,29,23.0,0.7919959570851295,fit:normal:mse,0.4768464541888534,0.9999979498847317,0.9890514218657797,0.9424479917873091,0.6304347826086957,0.1615611744764338,-0.483321946706122,-0.32221463113741466,0.6195740326285705,0.17242192445655902,1.5305194979027197,0.6847060911670062,2071.3242148851805,142.87976518990413,0.4768464541888534,14.6497;4.40197;4.42365
ER(0.25),14,15,20282118,29,23.0,0.7919959570851295,fit:normal:wgt,0.9996669463783326,0.9697766580004052,0.9751375551856535,0.9964951328592441,0.6325913656283102,0.1594045914568193,2.4971633913149636,-0.28193780224523785,0.6062158485861341,0.1857801084989954,0.4027682889217685,0.3222146311374147,3.5418872022783056e7,2.5363230256822854e6,0.9645900926336752,8.13559;137.809;0.01
ER(0.25),14,15,20282118,29,23.0,0.7919959570851295,paper:empP,0.9999937692924316,0.999998801101441,0.999997945489933,0.9999991158242557,0.7803883263997611,0.011607630685368409,0.483321946706122,0.12083048667653051,0.6169266570685668,0.17506930001656273,0.9666438934122439,0.40276828892176836,1.9820402927855186e7,892310.1786039073,NaN,
ER(0.25),14,15,20282118,29,23.0,0.7919959570851295,paper:binP,0.9999937692924316,0.999998801101441,0.999997945489933,0.9999991158242557,0.7803883263997611,0.011607630685368409,0.483321946706122,0.12083048667653051,0.6432260010567382,0.14876995602839127,0.0,0.2013841444608842,16445.86620431377,731.5957738279399,NaN,
