family,n,instance,seed,m,c_opt,ceil_p1,variant,mse_rel,ew_avg,ew_star_raw,ew_star_nrm,ar_raw,regret_raw,dgamma_raw,dbeta_raw,ar_nrm,regret_nrm,dgamma_nrm,dbeta_nrm,pred_raw,normw_raw,fit_obj,fit_params
3-regular,14,1,20312104,21,19.0,0.7650850458382499,exactN,0.0,0.0,0.0,0.0,0.7171915808524876,0.0478934649857623,0.0,0.0,0.7017113109078924,0.06337373493035747,0.0,0.0,13.08567920380211,0.9552488418717435,NaN,
3-regular,14,1,20312104,21,19.0,0.7650850458382499,pert:lowd:0.01,0.009999494340172577,0.985852378474385,0.9704505810939084,0.8252251397094162,0.5526315789473685,0.2124534668908814,-0.7249829200591831,-0.32221463113741466,0.552631578947369,0.21245346689088085,1.2888585245496587,0.44304511781394523,85629.24485028803,8155.451310566926,NaN,
3-regular,14,1,20312104,21,19.0,0.7650850458382499,pert:lowd:0.05,0.049937475343927964,0.9989263529857151,0.991864740702192,0.9510333877882097,0.5526315789473685,0.2124534668908814,-0.7249829200591831,-0.32221463113741466,0.552631578947369,0.21245346689088085,1.2888585245496587,0.44304511781394523,2.102970722036594e6,200289.99246717832,NaN,
3-regular,14,1,20312104,21,19.0,0.7650850458382499,pert:lowd:0.2,0.19611399189595405,0.999731155185402,0.9944515249904925,0.9683835224277416,0.5526315789473685,0.2124534668908814,-0.7249829200591831,-0.32221463113741466,0.552631578947369,0.21245346689088085,1.2888585245496587,0.44304511781394523,3.3534848854923677e7,3.193908008583868e6,NaN,
3-regular,14,1,20312104,21,19.0,0.7650850458382499,pert:lowd:0.5,0.44720343078353375,0.9998278795896798,0.9949111755174842,0.9714688481684931,0.5526315789473685,0.2124534668908814,-0.7249829200591831,-0.32221463113741466,0.5526315789473689,0.21245346689088096,1.2888585245496587,0.483321946706122,2.094520937211956e8,1.9948523715035435e7,NaN,
3-regular,14,1,20312104,21,19.0,0.7650850458382499,pert:highd:0.01,0.007907481679408667,0.03792976156029192,0.005038037005652217,0.023465271159560527,0.5526315789473685,0.2124534668908814,-0.7249829200591831,0.48332194670612205,0.7017113109078924,0.06337373493035747,0.0,0.0,20.517028281127953,1.9540221414710157,NaN,
3-regular,14,1,20312104,21,19.0,0.7650850458382499,pert:highd:0.05,0.0385798647001214,0.18880735435064552,0.025193500937127376,0.11951877354043382,0.5526315789473685,0.2124534668908814,-0.7249829200591831,0.48332194670612205,0.7017113109078924,0.06337373493035747,0.0,0.0,94.8077338112056,9.02952048257117,NaN,
3-regular,14,1,20312104,21,19.0,0.7650850458382499,pert:highd:0.2,0.14050835951610902,0.6288065977877809,0.10046046433062919,0.470368255812675,0.5526315789473685,0.2124534668908814,-0.7249829200591831,0.48332194670612205,0.711943065983685,0.053141979854564925,0.0,-0.08055365778435364,861.0698213283144,82.00922855852649,NaN,
3-regular,14,1,20312104,21,19.0,0.7650850458382499,pert:highd:0.5,0.2919922762768614,0.9140801205732002,0.245507560746236,0.8612809125148643,0.5526315789473685,0.2124534668908814,-0.7249829200591831,0.48332194670612205,0.717094338786802,0.04799070705144792,-0.08055365778435375,-0.16110731556870733,4703.618983738247,447.97880453752526,NaN,
3-regular,14,1,20312104,21,19.0,0.7650850458382499,pert:nulled:0.01,0.008285799134278056,0.07032459664631895,0.0009153540999779305,0.0034635116366835326,0.5526315789473685,0.2124534668908814,-0.7249829200591831,1.248581695657482,0.7017113109078924,0.06337373493035747,0.0,0.0,34.69607136214208,3.304439695638315,NaN,
3-regular,14,1,20312104,21,19.0,0.7650850458382499,pert:nulled:0.05,0.0405053873206123,0.332687352205268,0.004575777908388974,0.01737877180560508,0.5526315789473685,0.2124534668908814,-0.7249829200591831,1.248581695657482,0.7017113109078924,0.06337373493035747,0.0,0.0,271.92726519314107,25.898567534503115,NaN,
3-regular,14,1,20312104,21,19.0,0.7650850458382499,pert:nulled:0.2,0.1483826936215413,0.8167353692824014,0.01828606010165146,0.07032401450219093,0.5526315789473685,0.2124534668908814,-0.7249829200591831,1.248581695657482,0.7017113109078924,0.06337373493035747,0.0,0.0,3162.9126865090225,301.2398059826855,NaN,
3-regular,14,1,20312104,21,19.0,0.7650850458382499,pert:nulled:0.5,0.31025450145792655,0.9627480613412921,0.045604536601820955,0.17841219748714063,0.5526315789473685,0.2124534668908814,-0.7249829200591831,1.248581695657482,0.7203942403156876,0.04469080552256233,-0.08055365778435375,-0.04027682889217682,18425.04984495485,1754.8271941800783,NaN,
3-regular,14,1,20312104,21,19.0,0.7650850458382499,pert:random:0.01,0.009897765628314537,0.8819633208828382,0.7919949614672249,0.4618333991453079,0.5526315789473685,0.2124534668908814,-0.7249829200591831,-0.32221463113741466,0.6453117044187158,0.11977334141953411,0.2416609733530608,0.0805536577843537,6121.512547649958,583.0209405000709,NaN,
3-regular,14,1,20312104,21,19.0,0.7650850458382499,pert:random:0.05,0.04973367935888604,0.9916796667204058,0.9646065018547769,0.8963171181772384,0.5526315789473685,0.2124534668908814,-0.7249829200591831,-0.32221463113741466,0.5361103963971223,0.22897464944112755,-0.4027682889217683,0.3222146311374147,143064.76424905856,13625.693263263485,NaN,
3-regular,14,1,20312104,21,19.0,0.7650850458382499,pert:random:0.2,0.19976859558995708,0.9985478550463763,0.9841683851178431,0.9751137304369453,0.5526315789473685,0.2124534668908814,-0.7249829200591831,-0.32221463113741466,0.5622592628022702,0.20282578303597965,0.2416609733530608,0.28193780224523785,2.259715579658366e6,215218.60146450088,NaN,
3-regular,14,1,20312104,21,19.0,0.7650850458382499,pert:random:0.5,0.47167967634944813,0.999248970394228,0.9872193356742395,0.985214767574524,0.5526315789473685,0.2124534668908814,-0.7249829200591831,-0.32221463113741466,0.5600148261105286,0.20507021972772133,0.4027682889217683,0.28193780224523785,1.4086713312456563e7,1.3416391457184865e6,NaN,
3-regular,14,1,20312104,21,19.0,0.7650850458382499,fit:triangle:mse,0.8151098478298665,0.9896467171402408,0.9876007550096759,0.9968495796558917,0.6552403668914756,0.1098446789467743,-0.24166097335306108,-0.08055365778435367,0.6151270463711104,0.1499579994671395,0.0,0.2013841444608842,25735.32643975413,2393.4300361904043,0.8151098478298665,1.24368;0.745273;0.181241;0.48
3-regular,14,1,20312104,21,19.0,0.7650850458382499,fit:triangle:wgt,0.8486052930320858,0.9636950552722613,0.9713770273799771,0.987686592439363,0.41163452235951853,0.35345052347873135,0.0,1.0069207223044208,0.6623666853542372,0.10271836048401273,-0.4027682889217683,0.16110731556870733,77.76108062840312,7.754875198161137,0.9603362326282954,0.05;0.77196;0.141062;0.271062
3-regular,14,1,20312104,21,19.0,0.7650850458382499,fit:normal:mse,0.7741737587805315,0.9999828147116798,0.9955878759180284,0.9753950421850438,0.5526315789473685,0.2124534668908814,-0.7249829200591831,-0.32221463113741466,0.5526315789473688,0.21245346689088107,1.2888585245496587,0.6847060911670062,823.2180801847238,78.41054323411079,0.7741737587805315,10.5161;4.11076;4.64546
3-regular,14,1,20312104,21,19.0,0.7650850458382499,fit:normal:wgt,0.992350949887504,0.9906114463377802,0.9987314481710952,0.9986075686913287,0.5526315789473685,0.2124534668908814,-0.7249829200591831,-0.32221463113741466,0.5399619646821886,0.22512308115606128,-1.2083048667653051,0.3222146311374147,3.452995791916524e7,3.265149780555244e6,0.9878176284215983,11.2183;88.5526;0.0127194
3-regular,14,1,20312104,21,19.0,0.7650850458382499,paper:empP,0.9997851093044476,0.9997325156057327,0.9996865564913089,0.9997392863141025,0.7609604549003386,0.004124590937911288,0.48332194670612205,0.12083048667653051,0.5322534163137282,0.23283162952452163,0.8055365778435366,0.483321946706122,1.8992215506167313e11,1.0188046247961567e10,NaN,
3-regular,14,1,20312104,21,19.0,0.7650850458382499,paper:binP,0.9997851093044476,0.9997325156057327,0.9996865564913089,0.9997392863141025,0.7593588250108672,0.005726220827382722,0.4027682889217683,0.12083048667653051,0.5936079167643529,0.171477129073897,-0.08055365778435375,0.24166097335306108,495101.3381673605,27786.75368260289,NaN,
3-regular,14,2,20312105,21,18.0,0.7821080211321098,exactN,0.0,0.0,0.0,0.0,0.7471171002959246,0.03499092083618516,0.0,0.0,0.7344977692063631,0.04761025192574664,0.0,0.0,12.935253948191301,0.9570742318883051,NaN,
3-regular,14,2,20312105,21,18.0,0.7821080211321098,pert:lowd:0.01,0.00999949615121391,0.986401132244531,0.973996100180192,0.8594973682237339,0.5833333333333334,0.19877468779877638,-0.7249829200591831,-0.32221463113741466,0.6206658451131644,0.1614421760189454,0.6444292622748296,0.12083048667653051,85614.86381204306,8155.074946662039,NaN,
3-regular,14,2,20312105,21,18.0,0.7821080211321098,pert:lowd:0.05,0.04993752028558205,0.9990545285135201,0.9933683822684038,0.9516874054947271,0.5833333333333334,0.19877468779877638,-0.7249829200591831,-0.32221463113741466,0.5833333333333339,0.19877468779877583,1.4499658401183662,0.4430451178139452,2.1026143602956138e6,200280.66552155852,NaN,
3-regular,14,2,20312105,21,18.0,0.7821080211321098,pert:lowd:0.2,0.19611467192676937,0.9997913012328097,0.9956268886170572,0.9650273602504161,0.5833333333333334,0.19877468779877638,-0.7249829200591831,-0.32221463113741466,0.5833333333333339,0.19877468779877583,1.4499658401183662,0.4430451178139452,3.3529156559713427e7,3.1937590239099595e6,NaN,
3-regular,14,2,20312105,21,18.0,0.7821080211321098,pert:lowd:0.5,0.4472066557456392,0.999874934061503,0.99602349782352,0.9674804449678355,0.5833333333333334,0.19877468779877638,-0.7249829200591831,-0.32221463113741466,0.5833333333333341,0.1987746877987756,1.4499658401183662,0.48332194670612205,2.094165287419385e8,1.994759286889353e7,NaN,
3-regular,14,2,20312105,21,18.0,0.7821080211321098,pert:highd:0.01,0.007908005910653538,0.038106178017649435,0.005181255439376971,0.01747971353953534,0.5833333333333335,0.19877468779877627,-0.7249829200591831,0.48332194670612205,0.7344977692063631,0.04761025192574664,0.0,0.0,20.516036978639697,1.9539963433235852,NaN,
3-regular,14,2,20312105,21,18.0,0.7821080211321098,pert:highd:0.05,0.03858252064669895,0.18946936302993386,0.025902777452254135,0.08848122123255102,0.5833333333333335,0.19877468779877627,-0.7249829200591831,0.48332194670612205,0.7344977692063631,0.04761025192574664,0.0,0.0,94.79696499039693,9.029239365371339,NaN,
3-regular,14,2,20312105,21,18.0,0.7821080211321098,pert:highd:0.2,0.14051908187163267,0.6286458859428049,0.1031652325946952,0.3538511964517722,0.5833333333333335,0.19877468779877627,-0.7249829200591831,0.48332194670612205,0.7468501034402858,0.03525791769182396,0.0,-0.08055365778435364,860.9395614195693,82.00582219278704,NaN,
3-regular,14,2,20312105,21,18.0,0.7821080211321098,pert:highd:0.5,0.2920168297905327,0.9125866741371699,0.25132669545341596,0.7358039601388685,0.5833333333333335,0.19877468779877627,-0.7249829200591831,0.48332194670612205,0.7455253899936327,0.03658263113847704,0.0,-0.12083048667653051,4702.857410838829,447.95887913847577,NaN,
3-regular,14,2,20312105,21,18.0,0.7821080211321098,pert:nulled:0.01,0.00828506863262796,0.07063237306934667,0.0009418479458865451,0.000513861189119281,0.5833333333333334,0.19877468779877638,-0.7249829200591831,1.248581695657482,0.7344977692063631,0.04761025192574664,0.0,0.0,34.69342992009923,3.3043708654672224,NaN,
3-regular,14,2,20312105,21,18.0,0.7821080211321098,pert:nulled:0.05,0.04050165076537954,0.33405769560264914,0.004708407449264649,0.0025679724509877827,0.5833333333333334,0.19877468779877638,-0.7249829200591831,1.248581695657482,0.7344977692063631,0.04761025192574664,0.0,0.0,271.8902047128094,25.89759906825058,NaN,
3-regular,14,2,20312105,21,18.0,0.7821080211321098,pert:nulled:0.2,0.14836720040954288,0.8182302203749054,0.018818781962995596,0.010251553060584572,0.5833333333333334,0.19877468779877638,-0.7249829200591831,1.248581695657482,0.7344977692063631,0.04761025192574664,0.0,0.0,3162.406645535936,301.2265673867194,NaN,
3-regular,14,2,20312105,21,18.0,0.7821080211321098,pert:nulled:0.5,0.31021808052180055,0.9632591033033427,0.046944965134237314,0.02552332468929746,0.5833333333333334,0.19877468779877638,-0.7249829200591831,1.248581695657482,0.7344977692063631,0.04761025192574664,0.0,0.0,18421.995747263325,1754.7472740353828,NaN,
3-regular,14,2,20312105,21,18.0,0.7821080211321098,pert:random:0.01,0.009985032995944911,0.9353233354174411,0.7613107104025836,0.500321272509938,0.5833333333333334,0.19877468779877638,-0.7249829200591831,1.248581695657482,0.6481905541000478,0.13391746703206198,0.48332194670612205,0.08055365778435364,11658.913567204929,1110.554100043912,NaN,
3-regular,14,2,20312105,21,18.0,0.7821080211321098,pert:random:0.05,0.049994606259911895,0.9972999968780557,0.9880682392198992,0.8891444308988083,0.5833333333333334,0.19877468779877638,-0.7249829200591831,1.248581695657482,0.6140267197965225,0.1680813013355873,0.7249829200591833,0.12083048667653051,305636.1534988162,29112.847583367267,NaN,
3-regular,14,2,20312105,21,18.0,0.7821080211321098,pert:random:0.2,0.19818558057855878,0.9998636255184304,0.9996771970376811,0.9612723646411954,0.5833333333333334,0.19877468779877638,-0.7249829200591831,1.248581695657482,0.604521050722831,0.17758697040927873,0.9666438934122441,0.04027682889217682,4.933266898937138e6,469909.5465806848,NaN,
3-regular,14,2,20312105,21,18.0,0.7821080211321098,pert:random:0.5,0.4582881007597375,0.9999870290048393,0.9999997705595852,0.9721423838352433,0.5833333333333334,0.19877468779877638,-0.7249829200591831,1.248581695657482,0.604521050722831,0.17758697040927873,0.9666438934122441,0.04027682889217682,3.0886920422052205e7,2.942078147687789e6,NaN,
3-regular,14,2,20312105,21,18.0,0.7821080211321098,fit:triangle:mse,0.8238528312464853,0.9899235868291516,0.986529735070678,0.9958742230391827,0.6395860462892394,0.14252197484287032,-0.48332194670612205,-0.08055365778435367,0.5895631740012637,0.19254484713084608,0.322214631137415,0.24166097335306103,40416.62329417212,3802.9587123178444,0.8238528312464853,1.56633;0.638632;0.221648;0.371156
3-regular,14,2,20312105,21,18.0,0.7821080211321098,fit:triangle:wgt,0.8692956602633553,0.9650704258973,0.9729737155176867,0.9859144785449242,0.3675508819551909,0.41455713917691883,0.4027682889217683,0.966643893412244,0.6380987244519652,0.1440092966801445,-0.16110731556870728,0.20138414446088415,79.70919611876664,8.226842357248389,0.9618375710025511,0.05;0.437023;0.288421;0.153897
3-regular,14,2,20312105,21,18.0,0.7821080211321098,fit:normal:mse,0.788590512234129,0.9999991592075828,0.9974341790418925,0.9822445219384534,0.5833333333333334,0.19877468779877638,-0.7249829200591831,-0.32221463113741466,0.5833333333333329,0.19877468779877683,1.4499658401183662,0.76525974895136,454.51759678084727,43.75710065303147,0.788590512234129,10.6547;3.87903;4.59681
3-regular,14,2,20312105,21,18.0,0.7821080211321098,fit:normal:wgt,0.9880486295315463,0.9909297164750328,0.9988245997108284,0.9983287314721547,0.5833333333333334,0.19877468779877638,-0.7249829200591831,-0.32221463113741466,0.5592673914114508,0.222840629720659,-1.208304866765305,0.36249146002959154,2.376755880667664e7,2.2660289014046667e6,0.9881405817093698,10.2319;67.2392;0.0200011
3-regular,14,2,20312105,21,18.0,0.7821080211321098,paper:empP,0.9999798950911316,0.9999873378335931,0.9999818183637514,0.999987643668187,0.7704507572336211,0.011657263898488646,0.48332194670612205,0.12083048667653051,0.5825744298332511,0.19953359129885861,1.3694121823340124,0.4430451178139452,1.3650464147005838e10,7.826671543713042e8,NaN,
3-regular,14,2,20312105,21,18.0,0.7821080211321098,paper:binP,0.9999798950911316,0.9999873378335931,0.9999818183637514,0.999987643668187,0.7709364202378544,0.011171600894255396,0.4027682889217683,0.12083048667653051,0.5674585128919727,0.21464950824013707,0.08055365778435375,0.2819378022452379,495101.3381673605,27786.75368260289,NaN,
3-regular,14,3,20312106,21,18.0,0.7821080211321098,exactN,0.0,0.0,0.0,0.0,0.7348305467352997,0.04727747439681007,0.0,0.0,0.6911763604963834,0.09093166063572633,0.0,0.0,12.813339270811664,0.9647360529530651,NaN,
3-regular,14,3,20312106,21,18.0,0.7821080211321098,pert:lowd:0.01,0.009999491612477873,0.9827794844926125,0.9647536739191508,0.8120151457509781,0.5833333333333334,0.19877468779877638,-0.6444292622748293,-0.32221463113741466,0.6147734652614497,0.16733455587066004,0.3222146311374148,0.12083048667653057,85619.02410763295,8155.536620690919,NaN,
3-regular,14,3,20312106,21,18.0,0.7821080211321098,pert:lowd:0.05,0.04993740777649417,0.9986462611525017,0.990001239765803,0.9529927086465563,0.5833333333333334,0.19877468779877638,-0.6444292622748293,-0.32221463113741466,0.5833333333333339,0.19877468779877583,1.2083048667653051,0.483321946706122,2.1027174586492265e6,200292.1068081831,NaN,
3-regular,14,3,20312106,21,18.0,0.7821080211321098,pert:lowd:0.2,0.19611296985686008,0.9996464408175914,0.9931035350620403,0.9717694606385517,0.5833333333333334,0.19877468779877638,-0.6444292622748293,-0.32221463113741466,0.5833333333333339,0.19877468779877583,1.2083048667653051,0.483321946706122,3.3530803406262826e7,3.1939417828036603e6,NaN,
3-regular,14,3,20312106,21,18.0,0.7821080211321098,pert:lowd:0.5,0.4471985842526229,0.9997689285456938,0.9936572374522029,0.975030924139284,0.5833333333333334,0.19877468779877638,-0.6444292622748293,-0.32221463113741466,0.5833333333333339,0.19877468779877583,1.2083048667653051,0.483321946706122,2.0942681812398666e8,1.9948734734863788e7,NaN,
3-regular,14,3,20312106,21,18.0,0.7821080211321098,pert:highd:0.01,0.007907738328260914,0.03448375335072398,0.004655236166823035,0.020992280086506408,0.5833333333333335,0.19877468779877627,-0.6444292622748293,0.48332194670612205,0.7016405303218717,0.08046749081023807,-0.08055365778435353,0.0,20.516322355254616,1.9540279429976553,NaN,
3-regular,14,3,20312106,21,18.0,0.7821080211321098,pert:highd:0.05,0.03858116497284881,0.17213024262598875,0.023288148754356565,0.106703247597874,0.5833333333333335,0.19877468779877627,-0.6444292622748293,0.48332194670612205,0.7244157571818162,0.05769226395029359,-0.16110731556870728,-0.04027682889217682,94.80007344775565,9.029583976870907,NaN,
3-regular,14,3,20312106,21,18.0,0.7821080211321098,pert:highd:0.2,0.14051360881942915,0.5918915610191854,0.09304397983038075,0.42406887550572553,0.5833333333333335,0.19877468779877627,-0.6444292622748293,0.48332194670612205,0.7363673048619481,0.04574071627016163,-0.16110731556870728,-0.12083048667653046,860.9772188632662,82.00999983572353,NaN,
3-regular,14,3,20312106,21,18.0,0.7821080211321098,pert:highd:0.5,0.2920042967491307,0.8981498071288715,0.22876141477743187,0.8196048634446153,0.5833333333333335,0.19877468779877627,-0.6444292622748293,0.48332194670612205,0.7478981687618746,0.034209852370235105,-0.32221463113741455,-0.20138414446088415,4703.077672519386,447.9833192305087,NaN,
3-regular,14,3,20312106,21,18.0,0.7821080211321098,pert:nulled:0.01,0.00828904852775113,0.06399749495570986,0.0008453541042094918,0.003104308323612282,0.5833333333333334,0.19877468779877638,-0.6444292622748293,1.248581695657482,0.6911763604963834,0.09093166063572633,0.0,0.0,34.69419118717038,3.3044552023964657,NaN,
3-regular,14,3,20312106,21,18.0,0.7821080211321098,pert:nulled:0.05,0.040522009090249535,0.30556373153129374,0.004225691099370006,0.015568187109379787,0.5833333333333334,0.19877468779877638,-0.6444292622748293,1.248581695657482,0.6911763604963834,0.09093166063572633,0.0,0.0,271.9009121007396,25.898786598942355,NaN,
3-regular,14,3,20312106,21,18.0,0.7821080211321098,pert:nulled:0.2,0.14845162489091315,0.7898066583715451,0.016884878140131863,0.06289330816300552,0.5833333333333334,0.19877468779877638,-0.6444292622748293,1.248581695657482,0.6911763604963834,0.09093166063572633,0.0,0.0,3162.5529908762737,301.2428052001697,NaN,
3-regular,14,3,20312106,21,18.0,0.7821080211321098,pert:nulled:0.5,0.3104165680859012,0.955512011986325,0.04210291506353874,0.15930747070358378,0.5833333333333334,0.19877468779877638,-0.6444292622748293,1.248581695657482,0.71363268885445,0.06847533227765978,-0.08055365778435353,-0.04027682889217682,18422.879189557258,1754.8453070224252,NaN,
3-regular,14,3,20312106,21,18.0,0.7821080211321098,pert:random:0.01,0.009325051877511911,0.7646985373575224,0.8265007076197415,0.4122962486947538,0.5833333333333339,0.19877468779877583,-0.6444292622748293,-0.241660973353061,0.6202966988381486,0.1618113222939611,0.24166097335306103,0.12083048667653057,2449.4497935615545,233.3206140298662,NaN,
3-regular,14,3,20312106,21,18.0,0.7821080211321098,pert:random:0.05,0.047277137304244966,0.9883466072051014,0.9999077317703926,0.9473773451404792,0.5833333333333334,0.19877468779877638,-0.6444292622748293,-0.32221463113741466,0.5878373836854681,0.19427063744664164,0.16110731556870728,0.2013841444608842,67636.98914490572,6442.7051154377305,NaN,
3-regular,14,3,20312106,21,18.0,0.7821080211321098,pert:random:0.2,0.1967399851660113,0.9996903320425906,0.9938330288916091,0.999914706482525,0.5833333333333334,0.19877468779877638,-0.6444292622748293,-0.32221463113741466,0.5864197863619359,0.19568823477017383,0.24166097335306103,0.2013841444608842,1.102511715392088e6,105018.67043522802,NaN,
3-regular,14,3,20312106,21,18.0,0.7821080211321098,pert:random:0.5,0.49516429182371813,0.999999565403563,0.9907978487215005,0.9965522883301785,0.5833333333333334,0.19877468779877638,-0.6444292622748293,-0.32221463113741466,0.5864197863619359,0.19568823477017383,0.24166097335306103,0.2013841444608842,6.916239832542545e6,658799.4259554553,NaN,
3-regular,14,3,20312106,21,18.0,0.7821080211321098,fit:triangle:mse,0.8063098484389342,0.9893395864663248,0.9879389410693223,0.9962657309120161,0.5833333333333335,0.19877468779877627,-0.6444292622748293,1.0069207223044208,0.5895631740012637,0.19254484713084608,0.08055365778435397,0.2013841444608842,12036.595089691444,1145.3841972482228,0.8063098484389342,0.865294;0.346523;0.418716;0.206207
3-regular,14,3,20312106,21,18.0,0.7821080211321098,fit:triangle:wgt,0.9460759188228318,0.9508956620322125,0.9678180929212254,0.9629329053199864,0.4277635895151453,0.35434443161696444,1.2888585245496587,0.966643893412244,0.5838604649625887,0.19824755616952106,1.1277512089809514,-0.32221463113741466,70.05112199912837,7.434500643601149,0.9472832489944268,0.05;0.91896;0.215149;0.48
3-regular,14,3,20312106,21,18.0,0.7821080211321098,fit:normal:mse,0.7597328157594624,0.9999936022176928,0.9985409280803442,0.9761300143512645,0.5833333333333334,0.19877468779877638,-0.6444292622748293,-0.32221463113741466,0.5833333333333331,0.1987746877987766,1.2083048667653051,0.7249829200591831,423.3888577565826,40.71520413627912,0.7597328157594624,10.6651;3.8617;4.50855
3-regular,14,3,20312106,21,18.0,0.7821080211321098,fit:normal:wgt,0.9992949476436245,0.9913780490268388,0.9991678351147066,0.9991962506044699,0.5901747997549047,0.19193322137720503,1.933287786824488,-0.28193780224523785,0.5437346480988505,0.23837337303325923,0.08055365778435397,0.28193780224523785,6.681263950678769e6,656602.5929725978,0.9889787710751491,5.21894;125.401;0.0446935
3-regular,14,3,20312106,21,18.0,0.7821080211321098,paper:empP,0.9999820924447318,0.9999906387345441,0.999987339827042,0.999992416235192,0.7704507572336212,0.011657263898488535,0.5638756044904758,0.12083048667653051,0.5755341722138816,0.20657384891822816,0.9666438934122443,0.44304511781394523,2.361078732903337e10,1.3441738387410975e9,NaN,
3-regular,14,3,20312106,21,18.0,0.7821080211321098,paper:binP,0.9999820924447318,0.9999906387345441,0.999987339827042,0.999992416235192,0.7709364202378544,0.011171600894255396,0.48332194670612205,0.12083048667653051,0.5674585128919727,0.21464950824013707,-0.16110731556870728,0.24166097335306108,495101.3381673605,27786.75368260289,NaN,
3-regular,14,4,20312107,21,19.0,0.7650850458382499,exactN,0.0,0.0,0.0,0.0,0.7171915808524877,0.04789346498576219,0.0,0.0,0.7017113109078925,0.06337373493035736,0.0,0.0,13.01713567261696,0.9498089535271887,NaN,
3-regular,14,4,20312107,21,19.0,0.7650850458382499,pert:lowd:0.01,0.009999494360480985,0.9859953341100844,0.9706611737945128,0.8271646055164827,0.5526315789473685,0.2124534668908814,-0.7249829200591831,-0.32221463113741466,0.5526315789473689,0.21245346689088096,1.2888585245496587,0.483321946706122,85632.00496995369,8155.659702870354,NaN,
3-regular,14,4,20312107,21,19.0,0.7650850458382499,pert:lowd:0.05,0.04993747584753121,0.9989470281511911,0.9918476162938924,0.9518555814476782,0.5526315789473685,0.2124534668908814,-0.7249829200591831,-0.32221463113741466,0.5526315789473689,0.21245346689088096,1.2888585245496587,0.483321946706122,2.1030391239608866e6,200295.15680848973,NaN,
3-regular,14,4,20312107,21,19.0,0.7650850458382499,pert:lowd:0.2,0.19611399951514757,0.9997396329048852,0.9944164831836425,0.9689795790240628,0.5526315789473685,0.2124534668908814,-0.7249829200591831,-0.32221463113741466,0.5526315789473689,0.21245346689088096,1.2888585245496587,0.483321946706122,3.3535941482510325e7,3.193990501646029e6,NaN,
3-regular,14,4,20312107,21,19.0,0.7650850458382499,pert:lowd:0.5,0.4472034669155479,0.9998343574247087,0.9948735832863544,0.972021539834929,0.5526315789473685,0.2124534668908814,-0.7249829200591831,-0.32221463113741466,0.5526315789473689,0.21245346689088096,1.2888585245496587,0.483321946706122,2.0945892038960963e8,1.994903912617542e7,NaN,
3-regular,14,4,20312107,21,19.0,0.7650850458382499,pert:highd:0.01,0.0079053660604169,0.03806692091382569,0.005083191311661557,0.02359441258262259,0.5526315789473685,0.2124534668908814,-0.7249829200591831,0.48332194670612205,0.7017113109078925,0.06337373493035736,0.0,0.0,20.517217165620433,1.9540364212045938,NaN,
3-regular,14,4,20312107,21,19.0,0.7650850458382499,pert:highd:0.05,0.03856914652102672,0.1893982223070902,0.02541948962529693,0.12017630394305458,0.5526315789473685,0.2124534668908814,-0.7249829200591831,0.48332194670612205,0.7017113109078925,0.06337373493035736,0.0,0.0,94.80979390403682,9.029676113936793,NaN,
3-regular,14,4,20312107,21,19.0,0.7650850458382499,pert:highd:0.2,0.14046509260863954,0.6294704109925372,0.10135781541757224,0.4725261687376558,0.5526315789473685,0.2124534668908814,-0.7249829200591831,0.48332194670612205,0.7119430659836848,0.053141979854565036,0.0,-0.08055365778435364,861.0947967551716,82.01111457445488,NaN,
3-regular,14,4,20312107,21,19.0,0.7650850458382499,pert:highd:0.5,0.291893205866368,0.9138169739004327,0.2476105325465774,0.8627832639548708,0.5526315789473685,0.2124534668908814,-0.7249829200591831,0.48332194670612205,0.7170943387868021,0.04799070705144781,-0.08055365778435375,-0.16110731556870733,4703.765097583056,447.98983702967615,NaN,
3-regular,14,4,20312107,21,19.0,0.7650850458382499,pert:nulled:0.01,0.008285411816978705,0.07056828334793544,0.0009235410158629291,0.003483362004488041,0.5526315789473685,0.2124534668908814,-0.7249829200591831,1.248581695657482,0.7017113109078925,0.06337373493035736,0.0,0.0,34.69657550022907,3.304477797212754,NaN,
3-regular,14,4,20312107,21,19.0,0.7650850458382499,pert:nulled:0.05,0.040503406162065596,0.3337124726338982,0.004616686908747572,0.017478303125598504,0.5526315789473685,0.2124534668908814,-0.7249829200591831,1.248581695657482,0.7017113109078925,0.06337373493035736,0.0,0.0,271.93436450965487,25.899103726940645,NaN,
3-regular,14,4,20312107,21,19.0,0.7650850458382499,pert:nulled:0.2,0.14837447885490238,0.8176589042568378,0.018449254244345355,0.0707242370110883,0.5526315789473685,0.2124534668908814,-0.7249829200591831,1.248581695657482,0.7017113109078925,0.06337373493035736,0.0,0.0,3163.0097631662607,301.2471360209157,NaN,
3-regular,14,4,20312107,21,19.0,0.7650850458382499,pert:nulled:0.5,0.3102351901938805,0.9629785177531107,0.046009635041286995,0.17939656039274368,0.5526315789473685,0.2124534668908814,-0.7249829200591831,1.248581695657482,0.7203942403156874,0.04469080552256244,-0.08055365778435375,-0.04027682889217682,18425.635933553855,1754.8714456180546,NaN,
3-regular,14,4,20312107,21,19.0,0.7650850458382499,pert:random:0.01,0.009512373749233756,0.9016322695165155,0.8531206104927515,0.5092376230262367,0.5526315789473685,0.2124534668908814,-0.7249829200591831,1.248581695657482,0.6227101469925072,0.14237489884574273,0.32221463113741455,0.12083048667653057,6920.393237995435,659.1046745614076,NaN,
3-regular,14,4,20312107,21,19.0,0.7650850458382499,pert:random:0.05,0.04695096556381866,0.9966642469690027,0.998356381747904,0.941067224067241,0.5526315789473685,0.2124534668908814,-0.7249829200591831,1.248581695657482,0.5526315789473689,0.21245346689088096,1.2888585245496587,0.483321946706122,183960.3092109208,17520.534495054802,NaN,
3-regular,14,4,20312107,21,19.0,0.7650850458382499,pert:random:0.2,0.17719563169325953,0.9999733865238434,0.9836939761369751,0.9940143748907886,0.5526315789473685,0.2124534668908814,-0.7249829200591831,1.248581695657482,0.552631578947369,0.21245346689088085,1.2888585245496587,0.44304511781394523,2.976814882157837e6,283514.30481393565,NaN,
3-regular,14,4,20312107,21,19.0,0.7650850458382499,pert:random:0.5,0.3832617525291392,0.9999709548393061,0.9790617432860451,0.9982043283516912,0.5526315789473685,0.2124534668908814,-0.7249829200591831,1.248581695657482,0.552631578947369,0.21245346689088085,1.2888585245496587,0.40276828892176836,1.8647047181965362e7,1.7759600962034217e6,NaN,
3-regular,14,4,20312107,21,19.0,0.7650850458382499,fit:triangle:mse,0.8159324811993874,0.9891581092083291,0.9890848051855788,0.9976123182840285,0.6552403668914758,0.10984467894677408,-0.24166097335306108,-0.08055365778435367,0.6101585845758078,0.15492646126244203,0.08055365778435353,0.2013841444608842,1632.4565677552373,151.63124252335282,0.8159324811993874,0.319046;0.585128;0.240602;0.342987
3-regular,14,4,20312107,21,19.0,0.7650850458382499,fit:triangle:wgt,0.8532527073069123,0.9655978098260747,0.9735819073633293,0.9888560139724556,0.4017513484393943,0.36333369739885557,0.08055365778435364,1.0069207223044208,0.6623666853542372,0.10271836048401273,-0.4027682889217683,0.16110731556870733,79.12662331360545,7.93196930658554,0.9622863528774172,0.05;0.813953;0.136799;0.289114
3-regular,14,4,20312107,21,19.0,0.7650850458382499,fit:normal:mse,0.7740554776417429,0.9999901048257439,0.9909229140661876,0.9766834417930498,0.5526315789473685,0.2124534668908814,-0.7249829200591831,-0.32221463113741466,0.5526315789473688,0.21245346689088107,1.2888585245496587,0.6847060911670062,1002.7303390286112,95.49456968040779,0.7740554776417429,10.5038;4.2213;4.39409
3-regular,14,4,20312107,21,19.0,0.7650850458382499,fit:normal:wgt,0.9920823550975356,0.9907294790046873,0.9988421149218685,0.9986673644530278,0.5526315789473685,0.2124534668908814,-0.7249829200591831,-0.32221463113741466,0.5653011932125483,0.19978385262570153,-1.2083048667653051,0.28193780224523785,3.1737434026013017e7,3.003512444414558e6,0.9879556967697912,11.2106;99.7787;0.0131485
3-regular,14,4,20312107,21,19.0,0.7650850458382499,paper:empP,0.9997854554160281,0.9997392117962733,0.9996830261742743,0.9997427149442205,0.7609604549003386,0.004124590937911288,0.48332194670612205,0.12083048667653051,0.5208049745378434,0.24428007130040652,0.7249829200591829,0.5235987755982989,3.539358142043858e11,1.8895497155110325e10,NaN,
3-regular,14,4,20312107,21,19.0,0.7650850458382499,paper:binP,0.9997854554160281,0.9997392117962733,0.9996830261742743,0.9997427149442205,0.759358825010867,0.005726220827382833,0.4027682889217683,0.12083048667653051,0.5936079167643529,0.171477129073897,-0.08055365778435375,0.24166097335306108,495101.3381673605,27786.75368260289,NaN,
3-regular,14,5,20312108,21,19.0,0.76508504583825,exactN,0.0,0.0,0.0,0.0,0.7171915808524876,0.04789346498576241,0.0,0.0,0.7017113109078926,0.06337373493035736,0.0,0.0,13.024692837741112,0.9503559800377602,NaN,
3-regular,14,5,20312108,21,19.0,0.76508504583825,pert:lowd:0.01,0.009999494376747048,0.9863218888997294,0.9707869794711078,0.8285924123160452,0.5526315789473685,0.21245346689088151,-0.7249829200591831,-0.32221463113741466,0.5526315789473689,0.21245346689088107,1.2888585245496587,0.483321946706122,85632.31719693152,8155.714931801678,NaN,
3-regular,14,5,20312108,21,19.0,0.76508504583825,pert:lowd:0.05,0.04993747625089912,0.9989624077524628,0.9918197685161851,0.9516366938517196,0.5526315789473685,0.21245346689088151,-0.7249829200591831,-0.32221463113741466,0.5526315789473689,0.21245346689088107,1.2888585245496587,0.483321946706122,2.103046860058137e6,200296.52532409487,NaN,
3-regular,14,5,20312108,21,19.0,0.76508504583825,pert:lowd:0.2,0.19611400561786188,0.9997401036419631,0.9943780390034389,0.9686000245536458,0.5526315789473685,0.21245346689088151,-0.7249829200591831,-0.32221463113741466,0.5526315789473689,0.21245346689088107,1.2888585245496587,0.483321946706122,3.3536065051334746e7,3.1940123612726764e6,NaN,
3-regular,14,5,20312108,21,19.0,0.76508504583825,pert:lowd:0.5,0.4472034958560768,0.9998335804814278,0.9948337753077563,0.9716207700962771,0.5526315789473685,0.21245346689088151,-0.7249829200591831,-0.32221463113741466,0.5526315789473689,0.21245346689088107,1.2888585245496587,0.483321946706122,2.0945969243384784e8,1.9949175703063175e7,NaN,
3-regular,14,5,20312108,21,19.0,0.76508504583825,pert:highd:0.01,0.007904421663018007,0.03859627303472083,0.0051167561257503,0.023890155323882573,0.5526315789473685,0.21245346689088151,-0.7249829200591831,0.48332194670612205,0.7017113109078926,0.06337373493035736,0.0,0.0,20.517238881524865,1.954040240507674,NaN,
3-regular,14,5,20312108,21,19.0,0.76508504583825,pert:highd:0.05,0.038564362165836454,0.19197821501556514,0.025587432535990356,0.12173736476987253,0.5526315789473685,0.21245346689088151,-0.7249829200591831,0.48332194670612205,0.7017113109078926,0.06337373493035736,0.0,0.0,94.81002865673167,9.029717530897289,NaN,
3-regular,14,5,20312108,21,19.0,0.76508504583825,pert:highd:0.2,0.14044578108540204,0.6351172224679169,0.10202393482421243,0.4783413010853164,0.5526315789473685,0.21245346689088151,-0.7249829200591831,0.48332194670612205,0.722606136609766,0.04247890922848396,-0.08055365778435375,-0.12083048667653046,861.097628363543,82.0116150489735,NaN,
3-regular,14,5,20312108,21,19.0,0.76508504583825,pert:highd:0.5,0.2918489914698598,0.9163231110583024,0.24916697264038892,0.8678849192510721,0.5526315789473685,0.21245346689088151,-0.7249829200591831,0.48332194670612205,0.7254213913416593,0.039663654496590706,-0.24166097335306103,-0.20138414446088415,4703.78163959194,447.99276224935556,NaN,
3-regular,14,5,20312108,21,19.0,0.76508504583825,pert:nulled:0.01,0.008285089285298954,0.07154398683735491,0.0009296248953937317,0.0035270418202450345,0.5526315789473685,0.21245346689088151,-0.7249829200591831,1.248581695657482,0.7017113109078926,0.06337373493035736,0.0,0.0,34.69663324733873,3.3044879667327973,NaN,
3-regular,14,5,20312108,21,19.0,0.76508504583825,pert:nulled:0.05,0.040501756403829775,0.33783037415499834,0.004647086981380781,0.017698893573605864,0.5526315789473685,0.21245346689088151,-0.7249829200591831,1.248581695657482,0.7017113109078926,0.06337373493035736,0.0,0.0,271.9351710502784,25.89924617594475,NaN,
3-regular,14,5,20312108,21,19.0,0.76508504583825,pert:nulled:0.2,0.14836763841527126,0.8214000508974023,0.01857052076869373,0.07163540391783936,0.5526315789473685,0.21245346689088151,-0.7249829200591831,1.248581695657482,0.7017113109078926,0.06337373493035736,0.0,0.0,3163.0207564048847,301.24907983799045,NaN,
3-regular,14,5,20312108,21,19.0,0.76508504583825,pert:nulled:0.5,0.3102191101427521,0.9639504520666665,0.046310621393527186,0.1817610314233212,0.5526315789473685,0.21245346689088151,-0.7249829200591831,1.248581695657482,0.7203942403156876,0.04469080552256244,-0.08055365778435375,-0.04027682889217682,18425.70225203107,1754.8831752660333,NaN,
3-regular,14,5,20312108,21,19.0,0.76508504583825,pert:random:0.01,0.009749948014746459,0.516891587142646,0.5764716642989985,0.13667800982797698,0.5526315789473684,0.21245346689088163,-0.7249829200591831,-0.20138414446088415,0.6797338550715089,0.08535119076674114,0.08055365778435353,0.04027682889217682,643.015275524609,61.24134429411549,NaN,
3-regular,14,5,20312108,21,19.0,0.76508504583825,pert:random:0.05,0.049149760400814396,0.9519814993227271,0.9947461252554147,0.5383571666152022,0.5526315789473685,0.21245346689088151,-0.7249829200591831,-0.32221463113741466,0.6453117044187157,0.11977334141953433,0.2416609733530608,0.0805536577843537,15168.244910255033,1444.6418764852995,NaN,
3-regular,14,5,20312108,21,19.0,0.76508504583825,pert:random:0.2,0.19989373788950376,0.9974628890502509,0.9898516480849252,0.8944671247016722,0.5526315789473685,0.21245346689088151,-0.7249829200591831,-0.32221463113741466,0.5526315789473688,0.21245346689088118,1.2888585245496587,0.5235987755982989,252364.35964709977,24035.469460559674,NaN,
3-regular,14,5,20312108,21,19.0,0.76508504583825,pert:random:0.5,0.4820060683015087,0.9997727275317594,0.9819063822102638,0.9612487321459932,0.5526315789473685,0.21245346689088151,-0.7249829200591831,-0.32221463113741466,0.5526315789473687,0.2124534668908813,1.2888585245496587,0.5638756044904756,1.589509549148148e6,151386.68342449158,NaN,
3-regular,14,5,20312108,21,19.0,0.76508504583825,fit:triangle:mse,0.8159754015337303,0.9905083784033951,0.9894316097101284,0.9976574143726591,0.6552403668914756,0.10984467894677441,-0.24166097335306108,-0.08055365778435367,0.6101585845758077,0.15492646126244225,0.08055365778435353,0.2013841444608842,10074.130771122744,936.7099716967026,0.8159754015337303,0.783125;0.438062;0.321347;0.252617
3-regular,14,5,20312108,21,19.0,0.76508504583825,fit:triangle:wgt,0.853787697344773,0.9653430550660377,0.9740466585722185,0.9889453866980761,0.40175134843939425,0.36333369739885574,0.08055365778435364,1.0069207223044208,0.6623666853542372,0.10271836048401284,-0.4027682889217683,0.16110731556870733,78.64760596408816,7.885804591704986,0.9619635786141097,0.05;0.369402;0.278581;0.140973
3-regular,14,5,20312108,21,19.0,0.76508504583825,fit:normal:mse,0.7739071148228963,0.9999997152296831,0.9984512549005877,0.9757921553146943,0.5526315789473685,0.21245346689088151,-0.7249829200591831,1.248581695657482,0.5526315789473685,0.21245346689088151,1.2888585245496587,-0.12083048667653046,420.4658899537516,39.93776962937737,0.7739071148228963,10.4375;3.8351;4.67731
3-regular,14,5,20312108,21,19.0,0.76508504583825,fit:normal:wgt,0.9925846805474036,0.9905500175827,0.9989646213103516,0.9986943157334546,0.5526315789473685,0.21245346689088151,-0.7249829200591831,-0.32221463113741466,0.5653011932125483,0.19978385262570164,-1.2083048667653051,0.28193780224523785,3.6321360627429746e7,3.436585596363071e6,0.9877003654237255,11.2079;95.4279;0.0117223
3-regular,14,5,20312108,21,19.0,0.76508504583825,paper:empP,0.9997854209288954,0.9997396070653479,0.9996886645401372,0.9997460586319948,0.7609604549003387,0.004124590937911288,0.48332194670612205,0.12083048667653051,0.5208049745378434,0.24428007130040663,0.7249829200591829,0.5235987755982989,4.90345594488738e11,2.605511982508884e10,NaN,
3-regular,14,5,20312108,21,19.0,0.76508504583825,paper:binP,0.9997854209288954,0.9997396070653479,0.9996886645401372,0.9997460586319948,0.759358825010867,0.005726220827382944,0.4027682889217683,0.12083048667653051,0.5936079167643528,0.17147712907389723,-0.08055365778435375,0.24166097335306108,495101.3381673605,27786.75368260289,NaN,
3-regular,14,6,20312109,21,17.0,0.8281143753163516,exactN,0.0,0.0,0.0,0.0,0.7910651650192142,0.03704921029713737,0.0,0.0,0.7777035203361491,0.05041085498020248,0.0,0.0,12.937484508998352,0.9571071308979173,NaN,
3-regular,14,6,20312109,21,17.0,0.8281143753163516,pert:lowd:0.01,0.009999497595728884,0.9872955391484589,0.9769850137599567,0.8652210197154897,0.6176470588235294,0.21046731649282213,-0.7249829200591831,-0.32221463113741466,0.650936610276829,0.17717776503952254,0.5638756044904758,0.1611073155687074,85614.62554998667,8155.056394585559,NaN,
3-regular,14,6,20312109,21,17.0,0.8281143753163516,pert:lowd:0.05,0.04993755617810389,0.9991625642527135,0.994506834864855,0.9536865470544931,0.6176470588235294,0.21046731649282213,-0.7249829200591831,-0.32221463113741466,0.6176470588235301,0.21046731649282147,1.4499658401183662,0.4430451178139452,2.1026084552834053e6,200280.20574249167,NaN,
3-regular,14,6,20312109,21,17.0,0.8281143753163516,pert:lowd:0.2,0.19611521516582892,0.9998297851555473,0.9964866755508521,0.9664205663032649,0.6176470588235294,0.21046731649282213,-0.7249829200591831,-0.32221463113741466,0.6176470588235301,0.21046731649282147,1.4499658401183662,0.4430451178139452,3.352906223413569e7,3.1937516795134246e6,NaN,
3-regular,14,6,20312109,21,17.0,0.8281143753163516,pert:lowd:0.5,0.4472092321285276,0.999902663749541,0.9968306230606374,0.9687615214260366,0.6176470588235294,0.21046731649282213,-0.7249829200591831,-0.32221463113741466,0.61764705882353,0.21046731649282158,1.4499658401183662,0.48332194670612205,2.094159394003496e8,1.994754698150085e7,NaN,
3-regular,14,6,20312109,21,17.0,0.8281143753163516,pert:highd:0.01,0.007906255275132864,0.03910503606642691,0.005350619847955361,0.01800210594801699,0.6176470588235295,0.21046731649282202,-0.7249829200591831,0.48332194670612205,0.7777035203361491,0.05041085498020248,0.0,0.0,20.516020749985977,1.953995077535483,NaN,
3-regular,14,6,20312109,21,17.0,0.8281143753163516,pert:highd:0.05,0.03857365141124461,0.19414407422659927,0.02674377416381566,0.09111818271021192,0.6176470588235295,0.21046731649282202,-0.7249829200591831,0.48332194670612205,0.7777035203361491,0.05041085498020248,0.0,0.0,94.79678753192937,9.029225537128118,NaN,
3-regular,14,6,20312109,21,17.0,0.8281143753163516,pert:highd:0.2,0.14048327714894895,0.637327700033041,0.10640378620878162,0.36329017411701386,0.6176470588235295,0.21046731649282202,-0.7249829200591831,0.48332194670612205,0.7907824624661851,0.03733191285016646,0.0,-0.08055365778435364,860.9374068577159,82.00565439027363,NaN,
3-regular,14,6,20312109,21,17.0,0.8281143753163516,pert:highd:0.5,0.2919348423477712,0.9151942002997759,0.2584302046600664,0.746388830840106,0.6176470588235295,0.21046731649282202,-0.7249829200591831,0.48332194670612205,0.7785314141428761,0.04958296117347549,0.08055365778435375,-0.12083048667653051,4702.844800794284,447.9578971844901,NaN,
3-regular,14,6,20312109,21,17.0,0.8281143753163516,pert:nulled:0.01,0.008283753909111093,0.07245907034800249,0.0009730144580674906,0.0005293176661829739,0.6176470588235294,0.21046731649282213,-0.7249829200591831,1.248581695657482,0.7777035203361491,0.05041085498020248,0.0,0.0,34.69338655867045,3.304367484725093,NaN,
3-regular,14,6,20312109,21,17.0,0.8281143753163516,pert:nulled:0.05,0.04049492608057145,0.3417862375008433,0.004864362496105921,0.0026452019517328672,0.6176470588235294,0.21046731649282213,-0.7249829200591831,1.248581695657482,0.7777035203361491,0.05041085498020248,0.0,0.0,271.88959263543734,25.897551387973785,NaN,
3-regular,14,6,20312109,21,17.0,0.8281143753163516,pert:nulled:0.2,0.14833931952183488,0.8252758641623501,0.019444191533162236,0.010559644593828505,0.6176470588235294,0.21046731649282213,-0.7249829200591831,1.248581695657482,0.7670284487807467,0.06108592653560485,0.08055365778435375,0.0,3162.3982681730254,301.22591501712,NaN,
3-regular,14,6,20312109,21,17.0,0.8281143753163516,pert:nulled:0.5,0.31015254428453093,0.9651298897048357,0.04851349457712413,0.026289037055746686,0.6176470588235294,0.21046731649282213,-0.7249829200591831,1.248581695657482,0.7670284487807467,0.06108592653560485,0.08055365778435375,0.0,18421.945158588947,1754.743334868924,NaN,
3-regular,14,6,20312109,21,17.0,0.8281143753163516,pert:random:0.01,0.009908379135678984,0.942909917771899,0.8155007007614578,0.5664683401366608,0.6176470588235294,0.21046731649282213,-0.7249829200591831,1.248581695657482,0.696231617647059,0.13188275766929258,0.4027682889217683,0.08055365778435364,10867.186340055447,1035.1296026829405,NaN,
3-regular,14,6,20312109,21,17.0,0.8281143753163516,pert:random:0.05,0.04923789618590187,0.9964410105975879,0.966221000893283,0.9171627889896866,0.6176470588235294,0.21046731649282213,-0.7249829200591831,1.248581695657482,0.6587118527224288,0.16940252259392274,0.7249829200591833,0.08055365778435364,258335.88663659096,24607.30625421261,NaN,
3-regular,14,6,20312109,21,17.0,0.8281143753163516,pert:random:0.2,0.19004905694837712,0.9994147337864163,0.9835481546267242,0.9716759690372497,0.6176470588235294,0.21046731649282213,-0.7249829200591831,1.248581695657482,0.6169229250038422,0.2111914503125094,1.2888585245496587,0.2819378022452379,4.09394137059107e6,389961.09862881905,NaN,
3-regular,14,6,20312109,21,17.0,0.8281143753163516,pert:random:0.5,0.423008861743613,0.9997083987677688,0.9863315079394613,0.9796378802332055,0.6176470588235294,0.21046731649282213,-0.7249829200591831,1.248581695657482,0.6176279233169121,0.2104864519994395,1.3694121823340124,0.24166097335306103,2.5537984296701208e7,2.432575614631891e6,NaN,
3-regular,14,6,20312109,21,17.0,0.8281143753163516,fit:triangle:mse,0.8336896407162254,0.9924096744329636,0.9895673528609833,0.9975575526205005,0.6379890584340387,0.19012531688231282,-0.6444292622748294,-0.08055365778435367,0.6242433607072202,0.20387101460913137,0.322214631137415,0.24166097335306103,946398.7313477885,89731.94217595519,0.8336896407162254,7.6222;0.367982;0.393567;0.215335
3-regular,14,6,20312109,21,17.0,0.8281143753163516,fit:triangle:wgt,0.9632704922342212,0.9656671212975414,0.97903597550272,0.983009022931371,0.4674954043330527,0.36061897098329887,1.2888585245496589,0.966643893412244,0.6198709886612127,0.20824338665513886,1.2888585245496587,-0.28193780224523785,72.0822947335831,7.631030706750926,0.9622812737482164,0.05;0.704737;0.342734;0.304558
3-regular,14,6,20312109,21,17.0,0.8281143753163516,fit:normal:mse,0.8022978384275087,0.9999999020562367,0.9934364682999874,0.9869253562987906,0.6176470588235294,0.21046731649282213,-0.7249829200591831,-0.32221463113741466,0.61764705882353,0.21046731649282158,1.4499658401183662,0.7249829200591831,787.5861810731818,75.34210835937311,0.8022978384275087,10.6591;4.11085;4.47835
3-regular,14,6,20312109,21,17.0,0.8281143753163516,fit:normal:wgt,0.9917710796017992,0.9909881870947486,0.9994472469857222,0.9987657414931724,0.6176470588235294,0.21046731649282213,-0.7249829200591831,-0.32221463113741466,0.6176470588235295,0.21046731649282202,1.4499658401183662,0.36249146002959154,2.357667383803242e7,2.3025473748922427e6,0.9880831171832727,8.80306;51.6153;0.0192291
3-regular,14,6,20312109,21,17.0,0.8281143753163516,paper:empP,0.999998099448852,0.9999993900196785,0.999999039134865,0.9999994916660632,0.8162856214283164,0.01182875388803517,0.4027682889217683,0.12083048667653051,0.6176470588235302,0.21046731649282135,1.4499658401183662,0.4027682889217683,5.65110006193727e9,3.379977447511136e8,NaN,
3-regular,14,6,20312109,21,17.0,0.8281143753163516,paper:binP,0.999998099448852,0.9999993900196785,0.999999039134865,0.9999994916660632,0.8162856214283164,0.01182875388803517,0.4027682889217683,0.12083048667653051,0.6008384254150299,0.22727594990132172,0.08055365778435375,0.2819378022452379,495101.3381673605,27786.75368260289,NaN,
3-regular,14,7,20312110,21,19.0,0.76508504583825,exactN,0.0,0.0,0.0,0.0,0.7171915808524875,0.047893464985762524,0.0,0.0,0.7017113109078925,0.06337373493035747,0.0,0.0,13.08567920380211,0.9552488418717435,NaN,
3-regular,14,7,20312110,21,19.0,0.76508504583825,pert:lowd:0.01,0.009999494340172577,0.985852378474385,0.9704505810939084,0.8252251397094162,0.5526315789473685,0.21245346689088151,-0.7249829200591831,-0.32221463113741466,0.552631578947369,0.21245346689088096,1.2888585245496587,0.44304511781394523,85629.24485028803,8155.451310566926,NaN,
3-regular,14,7,20312110,21,19.0,0.76508504583825,pert:lowd:0.05,0.049937475343927964,0.9989263529857151,0.991864740702192,0.9510333877882097,0.5526315789473685,0.21245346689088151,-0.7249829200591831,-0.32221463113741466,0.552631578947369,0.21245346689088096,1.2888585245496587,0.44304511781394523,2.102970722036594e6,200289.99246717832,NaN,
3-regular,14,7,20312110,21,19.0,0.76508504583825,pert:lowd:0.2,0.19611399189595405,0.999731155185402,0.9944515249904925,0.9683835224277416,0.5526315789473685,0.21245346689088151,-0.7249829200591831,-0.32221463113741466,0.552631578947369,0.21245346689088096,1.2888585245496587,0.44304511781394523,3.3534848854923677e7,3.193908008583868e6,NaN,
3-regular,14,7,20312110,21,19.0,0.76508504583825,pert:lowd:0.5,0.44720343078353375,0.9998278795896798,0.9949111755174842,0.9714688481684931,0.5526315789473685,0.21245346689088151,-0.7249829200591831,-0.32221463113741466,0.5526315789473689,0.21245346689088107,1.2888585245496587,0.483321946706122,2.094520937211956e8,1.9948523715035435e7,NaN,
3-regular,14,7,20312110,21,19.0,0.76508504583825,pert:highd:0.01,0.007907481679408667,0.03792976156029192,0.005038037005652217,0.023465271159560527,0.5526315789473685,0.21245346689088151,-0.7249829200591831,0.48332194670612205,0.7017113109078925,0.06337373493035747,0.0,0.0,20.517028281127953,1.9540221414710157,NaN,
3-regular,14,7,20312110,21,19.0,0.76508504583825,pert:highd:0.05,0.0385798647001214,0.18880735435064552,0.025193500937127376,0.11951877354043382,0.5526315789473685,0.21245346689088151,-0.7249829200591831,0.48332194670612205,0.7017113109078925,0.06337373493035747,0.0,0.0,94.8077338112056,9.02952048257117,NaN,
3-regular,14,7,20312110,21,19.0,0.76508504583825,pert:highd:0.2,0.14050835951610902,0.6288065977877809,0.10046046433062919,0.470368255812675,0.5526315789473685,0.21245346689088151,-0.7249829200591831,0.48332194670612205,0.7119430659836848,0.05314197985456515,0.0,-0.08055365778435364,861.0698213283144,82.00922855852649,NaN,
3-regular,14,7,20312110,21,19.0,0.76508504583825,pert:highd:0.5,0.2919922762768614,0.9140801205732002,0.245507560746236,0.8612809125148643,0.5526315789473685,0.21245346689088151,-0.7249829200591831,0.48332194670612205,0.7170943387868021,0.04799070705144792,-0.08055365778435375,-0.16110731556870733,4703.618983738247,447.97880453752526,NaN,
3-regular,14,7,20312110,21,19.0,0.76508504583825,pert:nulled:0.01,0.008285799134278056,0.07032459664631895,0.0009153540999779305,0.0034635116366835326,0.5526315789473685,0.21245346689088151,-0.7249829200591831,1.248581695657482,0.7017113109078925,0.06337373493035747,0.0,0.0,34.69607136214208,3.304439695638315,NaN,
3-regular,14,7,20312110,21,19.0,0.76508504583825,pert:nulled:0.05,0.0405053873206123,0.332687352205268,0.004575777908388974,0.01737877180560508,0.5526315789473685,0.21245346689088151,-0.7249829200591831,1.248581695657482,0.7017113109078925,0.06337373493035747,0.0,0.0,271.92726519314107,25.898567534503115,NaN,
3-regular,14,7,20312110,21,19.0,0.76508504583825,pert:nulled:0.2,0.1483826936215413,0.8167353692824014,0.01828606010165146,0.07032401450219093,0.5526315789473685,0.21245346689088151,-0.7249829200591831,1.248581695657482,0.7017113109078925,0.06337373493035747,0.0,0.0,3162.9126865090225,301.2398059826855,NaN,
3-regular,14,7,20312110,21,19.0,0.76508504583825,pert:nulled:0.5,0.31025450145792655,0.9627480613412921,0.045604536601820955,0.17841219748714063,0.5526315789473685,0.21245346689088151,-0.7249829200591831,1.248581695657482,0.7203942403156877,0.04469080552256233,-0.08055365778435375,-0.04027682889217682,18425.04984495485,1754.8271941800783,NaN,
3-regular,14,7,20312110,21,19.0,0.76508504583825,pert:random:0.01,0.0099888137368255,0.9494519052334053,0.7505153428199606,0.3177701201892185,0.5526315789473685,0.21245346689088151,-0.7249829200591831,1.248581695657482,0.6562500000000002,0.10883504583824977,0.2416609733530608,0.04027682889217682,12600.659279336427,1200.106479324398,NaN,
3-regular,14,7,20312110,21,19.0,0.76508504583825,pert:random:0.05,0.049998677424367824,0.9985949184171027,0.9918694827670104,0.9312962906333314,0.5526315789473685,0.21245346689088151,-0.7249829200591831,1.248581695657482,0.6016717375808976,0.16341330825735234,0.4027682889217683,0.16110731556870733,329734.0464502403,31404.35945371047,NaN,
3-regular,14,7,20312110,21,19.0,0.76508504583825,pert:random:0.2,0.19798668797562174,0.9999994749241004,0.9999188479791052,0.9955184887241769,0.5526315789473685,0.21245346689088151,-0.7249829200591831,1.248581695657482,0.5745900982135634,0.19049494762468655,0.4027682889217683,0.24166097335306108,5.320495936604333e6,506731.843671169,NaN,
3-regular,14,7,20312110,21,19.0,0.76508504583825,pert:random:0.5,0.4570716032861256,0.9999559763815746,0.9991626321762287,0.9820227073201068,0.5526315789473685,0.21245346689088151,-0.7249829200591831,1.248581695657482,0.5713247548641189,0.19376029097413106,0.48332194670612205,0.24166097335306108,3.330918034552768e7,3.172415138459557e6,NaN,
3-regular,14,7,20312110,21,19.0,0.76508504583825,fit:triangle:mse,0.8150823224564668,0.9899385944397366,0.9875738526607191,0.9967904759374,0.63996478185379,0.12512026398445997,-0.3222146311374147,-0.08055365778435367,0.6151270463711104,0.1499579994671396,0.0,0.2013841444608842,153436.43062111328,14327.250622873758,0.8150823224564668,3.0248;0.378275;0.36232;0.224804
3-regular,14,7,20312110,21,19.0,0.76508504583825,fit:triangle:wgt,0.8511739735700793,0.9636971104833755,0.9716791171997395,0.9876000601313222,0.4017513484393943,0.3633336973988557,0.08055365778435364,1.0069207223044208,0.6623666853542372,0.10271836048401284,-0.4027682889217683,0.16110731556870733,78.49364537193443,7.8680220547199715,0.9603351830625052,0.05;0.472894;0.225641;0.162026
3-regular,14,7,20312110,21,19.0,0.76508504583825,fit:normal:mse,0.774152614582698,0.9999974093517472,0.9984336190642877,0.9755074531931193,0.5526315789473685,0.21245346689088151,-0.7249829200591831,1.248581695657482,0.5526315789473685,0.21245346689088151,1.2888585245496587,-0.12083048667653046,464.0897536688874,44.185660088021514,0.774152614582698,10.4996;3.86992;4.7115
3-regular,14,7,20312110,21,19.0,0.76508504583825,fit:normal:wgt,0.991776824847444,0.9905983526713658,0.9987213006112381,0.9986478904438114,0.5526315789473685,0.21245346689088151,-0.7249829200591831,-0.32221463113741466,0.5653011932125485,0.19978385262570153,-1.2083048667653051,0.28193780224523785,3.411091508490373e7,3.2276504890699303e6,0.9878122589049082,11.1969;95.4174;0.0124819
3-regular,14,7,20312110,21,19.0,0.76508504583825,paper:empP,0.9997851093044476,0.9997325156057327,0.9996865564913089,0.9997392863141025,0.7609604549003386,0.004124590937911399,0.48332194670612205,0.12083048667653051,0.5322534163137282,0.23283162952452174,0.8055365778435366,0.483321946706122,1.8992215506167313e11,1.0188046247961567e10,NaN,
3-regular,14,7,20312110,21,19.0,0.76508504583825,paper:binP,0.9997851093044476,0.9997325156057327,0.9996865564913089,0.9997392863141025,0.759358825010867,0.005726220827382944,0.4027682889217683,0.12083048667653051,0.5936079167643529,0.17147712907389712,-0.08055365778435375,0.24166097335306108,495101.3381673605,27786.75368260289,NaN,
3-regular,14,8,20312111,21,19.0,0.7485320285751359,exactN,0.0,0.0,0.0,0.0,0.7109272920500095,0.037604736525126414,0.0,0.0,0.7075102919875195,0.04102173658761643,0.0,0.0,12.893391850051563,0.9496284577513073,NaN,
3-regular,14,8,20312111,21,19.0,0.7485320285751359,pert:lowd:0.01,0.009999494324968444,0.985693665633276,0.9705298752942463,0.8550682235139802,0.5526315789473685,0.19590044962776743,-0.7249829200591831,-0.32221463113741466,0.5993363851058069,0.149195643469329,0.48332194670612205,0.1611073155687074,85622.59986555607,8155.363857690167,NaN,
3-regular,14,8,20312111,21,19.0,0.7485320285751359,pert:lowd:0.05,0.049937474966904635,0.9989302849232704,0.991847206358426,0.9499075678921659,0.5526315789473685,0.19590044962776743,-0.7249829200591831,-0.32221463113741466,0.5534079419843312,0.1951240865908047,1.3694121823340124,-0.08055365778435364,2.1028060665111793e6,200287.8253140996,NaN,
3-regular,14,8,20312111,21,19.0,0.7485320285751359,pert:lowd:0.2,0.19611398619184875,0.9997376802398232,0.9944274014026997,0.9637106383937343,0.5526315789473685,0.19590044962776743,-0.7249829200591831,-0.32221463113741466,0.552631578947369,0.19590044962776687,1.4499658401183662,0.4430451178139452,3.3532218773795698e7,3.1938733916411297e6,NaN,
3-regular,14,8,20312111,21,19.0,0.7485320285751359,pert:lowd:0.5,0.4472034037333359,0.9998338166865391,0.9948862142304086,0.9662511857718943,0.5526315789473685,0.19590044962776743,-0.7249829200591831,-0.32221463113741466,0.552631578947369,0.19590044962776687,1.4499658401183662,0.4430451178139452,2.094356612232441e8,1.994830743102648e7,NaN,
3-regular,14,8,20312111,21,19.0,0.7485320285751359,pert:highd:0.01,0.007906570739698601,0.03761081433298064,0.005058677501344329,0.01713179537431629,0.5526315789473685,0.19590044962776743,-0.7249829200591831,0.48332194670612205,0.7075102919875195,0.04102173658761643,0.0,0.0,20.516568687430304,1.9540161293600835,NaN,
3-regular,14,8,20312111,21,19.0,0.7485320285751359,pert:highd:0.05,0.038575249621930645,0.1872013163935082,0.025297026542128783,0.08675709941317339,0.5526315789473685,0.19590044962776743,-0.7249829200591831,0.48332194670612205,0.7075102919875195,0.04102173658761643,0.0,0.0,94.80275031768026,9.02945507515406,NaN,
3-regular,14,8,20312111,21,19.0,0.7485320285751359,pert:highd:0.2,0.1404897287659194,0.6248305980775644,0.10087488114384364,0.34809930782800624,0.5526315789473685,0.19590044962776743,-0.7249829200591831,0.48332194670612205,0.7160950208600921,0.032437007715043764,0.0,-0.08055365778435364,861.009604478658,82.00843672592136,NaN,
3-regular,14,8,20312111,21,19.0,0.7485320285751359,pert:highd:0.5,0.29194961492906335,0.9119266873542535,0.24649446860410965,0.730412857589742,0.5526315789473685,0.19590044962776743,-0.7249829200591831,0.48332194670612205,0.7034186055755617,0.045113422999574215,0.08055365778435375,-0.12083048667653051,4703.267027236329,447.974173941329,NaN,
3-regular,14,8,20312111,21,19.0,0.7485320285751359,pert:nulled:0.01,0.00828602495593015,0.06973191359940902,0.0009190883170806062,0.0005036892643795718,0.5526315789473685,0.19590044962776743,-0.7249829200591831,1.248581695657482,0.7075102919875195,0.04102173658761643,0.0,0.0,34.69484765867733,3.3044236658851363,NaN,
3-regular,14,8,20312111,21,19.0,0.7485320285751359,pert:nulled:0.05,0.040506542426315836,0.330191995043581,0.004594432584402138,0.0025171286948574107,0.5526315789473685,0.19590044962776743,-0.7249829200591831,1.248581695657482,0.7075102919875195,0.04102173658761643,0.0,0.0,271.9101254859448,25.898342324910363,NaN,
3-regular,14,8,20312111,21,19.0,0.7485320285751359,pert:nulled:0.2,0.1483874833218851,0.8144744491365936,0.018360406441656596,0.010048438206658624,0.5526315789473685,0.19590044962776743,-0.7249829200591831,1.248581695657482,0.6976571548165519,0.050874873758584016,0.08055365778435375,0.0,3162.67880983215,301.2367292319116,NaN,
3-regular,14,8,20312111,21,19.0,0.7485320285751359,pert:nulled:0.5,0.3102657613501751,0.9621865284105605,0.0457887361820139,0.025017096161698834,0.5526315789473685,0.19590044962776743,-0.7249829200591831,1.248581695657482,0.6976571548165519,0.050874873758584016,0.08055365778435375,0.0,18423.638564022225,1754.80862274113,NaN,
3-regular,14,8,20312111,21,19.0,0.7485320285751359,pert:random:0.01,0.009738488414520258,0.7263883172706226,0.6150285510223287,0.27000576130616016,0.5526315789473685,0.19590044962776743,-0.7249829200591831,-0.32221463113741466,0.6538512946545024,0.09468073392063348,0.24166097335306103,0.08055365778435364,2060.3010101487243,196.2379011013733,NaN,
3-regular,14,8,20312111,21,19.0,0.7485320285751359,pert:random:0.05,0.04821912409049127,0.9814868561262869,0.961138087292746,0.7411085071811413,0.5526315789473685,0.19590044962776743,-0.7249829200591831,-0.32221463113741466,0.612939334697005,0.1355926938781309,0.322214631137415,0.1611073155687074,45792.25280670391,4361.60927640975,NaN,
3-regular,14,8,20312111,21,19.0,0.7485320285751359,pert:random:0.2,0.18386921999834568,0.9985276506685767,0.9949680496943603,0.926177970681039,0.5526315789473685,0.19590044962776743,-0.7249829200591831,-0.32221463113741466,0.5892658088686445,0.15926621970649135,0.4027682889217683,0.20138414446088415,716128.72756622,68209.73366918223,NaN,
3-regular,14,8,20312111,21,19.0,0.7485320285751359,pert:random:0.5,0.4028168256605388,0.9996579592824686,0.9979966847521067,0.9558609246281271,0.5526315789473685,0.19590044962776743,-0.7249829200591831,-0.32221463113741466,0.552631578947369,0.19590044962776687,1.4499658401183662,0.6444292622748293,4.455262150612569e6,424354.31699067156,NaN,
3-regular,14,8,20312111,21,19.0,0.7485320285751359,fit:triangle:mse,0.815623289270015,0.9900100808215445,0.9878427646538372,0.9959266089721482,0.622855561398817,0.12567646717631886,-0.4027682889217684,-0.08055365778435367,0.5770292619425345,0.17150276663260144,0.24166097335306103,0.24166097335306103,25071.81033056614,2349.8771377673156,0.815623289270015,1.23234;0.46553;0.307497;0.260635
3-regular,14,8,20312111,21,19.0,0.7485320285751359,fit:triangle:wgt,0.8516438125586583,0.9648452069115886,0.9722878396679514,0.985948188594614,0.39731719516003794,0.35121483341509796,0.08055365778435364,1.0069207223044208,0.6264775837026101,0.12205444487252581,-0.2416609733530608,0.20138414446088415,77.50834403213759,7.777772479315524,0.9615424960889392,0.05;0.350568;0.293757;0.138818
3-regular,14,8,20312111,21,19.0,0.7485320285751359,fit:normal:mse,0.7741850714794833,0.9999999840466849,0.9975339741715504,0.9800083230054162,0.5526315789473685,0.19590044962776743,-0.7249829200591831,-0.32221463113741466,0.5526315789473683,0.19590044962776765,1.4499658401183662,0.76525974895136,457.43063751286854,43.799760334284855,0.7741850714794833,10.548;3.88128;4.58365
3-regular,14,8,20312111,21,19.0,0.7485320285751359,fit:normal:wgt,0.99140176923083,0.9908606567073854,0.9987957490496072,0.9984879528695635,0.5526315789473685,0.19590044962776743,-0.7249829200591831,-0.32221463113741466,0.5510785824841754,0.1974534460909605,-1.0471975511965976,0.32221463113741466,3.6285086884035714e7,3.42760507587159e6,0.9881291470489245,11.195;89.6661;0.0120648
3-regular,14,8,20312111,21,19.0,0.7485320285751359,paper:empP,0.9997865996718998,0.9997615854839998,0.99969588756014,0.9997508866213518,0.7402539632195929,0.008278065355542985,0.48332194670612205,0.12083048667653051,0.5116014069110589,0.23693062166407697,0.8860902356278904,0.5638756044904758,1.880163555719845e11,1.007465865428707e10,NaN,
3-regular,14,8,20312111,21,19.0,0.7485320285751359,paper:binP,0.9997865996718998,0.9997615854839998,0.99969588756014,0.9997508866213518,0.7400268211187584,0.008505207456377506,0.4027682889217683,0.12083048667653051,0.5562641558356792,0.19226787273945667,0.08055365778435375,0.2819378022452379,495101.3381673605,27786.75368260289,NaN,
3-regular,14,9,20312112,21,19.0,0.76508504583825,exactN,0.0,0.0,0.0,0.0,0.7171915808524876,0.04789346498576241,0.0,0.0,0.7017113109078925,0.06337373493035747,0.0,0.0,13.059948741338046,0.9529594129163592,NaN,
3-regular,14,9,20312112,21,19.0,0.76508504583825,pert:lowd:0.01,0.009999494280331055,0.9859158836140236,0.9704275833560772,0.8261547761877827,0.5526315789473685,0.21245346689088151,-0.7249829200591831,-0.32221463113741466,0.6044287253722838,0.16065632046596623,0.48332194670612205,0.12083048667653057,85630.81925655762,8155.587223058115,NaN,
3-regular,14,9,20312112,21,19.0,0.76508504583825,pert:lowd:0.05,0.049937473860038585,0.9989311697761114,0.9917964873090083,0.951364182945234,0.5526315789473685,0.21245346689088151,-0.7249829200591831,-0.32221463113741466,0.552631578947369,0.21245346689088096,1.2888585245496587,0.44304511781394523,2.10300973711668e6,200293.36045961702,NaN,
3-regular,14,9,20312112,21,19.0,0.76508504583825,pert:lowd:0.2,0.19611396944579793,0.9997323289477493,0.9943861181368983,0.9686063081118593,0.5526315789473685,0.21245346689088151,-0.7249829200591831,-0.32221463113741466,0.552631578947369,0.21245346689088096,1.2888585245496587,0.44304511781394523,3.35354720609751e7,3.1939618070033644e6,NaN,
3-regular,14,9,20312112,21,19.0,0.76508504583825,pert:lowd:0.5,0.4472033243197357,0.999828620339001,0.9948467969405442,0.9716716659772043,0.5526315789473685,0.21245346689088151,-0.7249829200591831,-0.32221463113741466,0.5526315789473688,0.21245346689088118,1.2888585245496587,0.483321946706122,2.0945598746497962e8,1.9948859843332894e7,NaN,
3-regular,14,9,20312112,21,19.0,0.76508504583825,pert:highd:0.01,0.007906463227185846,0.03801991997403891,0.005056910633176949,0.023541293056883236,0.5526315789473685,0.21245346689088151,-0.7249829200591831,0.48332194670612205,0.7127278331508059,0.05235721268744409,-0.08055365778435375,0.0,20.51713651259599,1.9540314914455135,NaN,
3-regular,14,9,20312112,21,19.0,0.76508504583825,pert:highd:0.05,0.03857470493936797,0.18921242977067584,0.02528822108737326,0.11991169116453312,0.5526315789473685,0.21245346689088151,-0.7249829200591831,0.48332194670612205,0.7017113109078925,0.06337373493035747,0.0,0.0,94.80891131530224,9.029622165206144,NaN,
3-regular,14,9,20312112,21,19.0,0.76508504583825,pert:highd:0.2,0.14048752999059538,0.629416087135325,0.10084047031222036,0.4717347148313355,0.5526315789473685,0.21245346689088151,-0.7249829200591831,0.48332194670612205,0.711943065983685,0.053141979854565036,0.0,-0.08055365778435364,861.084076546047,82.01045928050361,NaN,
3-regular,14,9,20312112,21,19.0,0.76508504583825,pert:highd:0.5,0.29194458025395603,0.9141031521304015,0.24641638956420125,0.8623563556540357,0.5526315789473685,0.21245346689088151,-0.7249829200591831,0.48332194670612205,0.717094338786802,0.047990707051448034,-0.08055365778435375,-0.16110731556870733,4703.70234778931,447.98600129965445,NaN,
3-regular,14,9,20312112,21,19.0,0.76508504583825,pert:nulled:0.01,0.008285737826739505,0.07048627064812066,0.0009187572186662614,0.00347512037086449,0.5526315789473685,0.21245346689088151,-0.7249829200591831,1.248581695657482,0.7017113109078925,0.06337373493035747,0.0,0.0,34.696359936063615,3.304464621047578,NaN,
3-regular,14,9,20312112,21,19.0,0.76508504583825,pert:nulled:0.05,0.04050507372625239,0.33336220181255133,0.004592774335283247,0.017437115357238825,0.5526315789473685,0.21245346689088151,-0.7249829200591831,1.248581695657482,0.7017113109078925,0.06337373493035747,0.0,0.0,271.9313195812898,25.898917601415818,NaN,
3-regular,14,9,20312112,21,19.0,0.76508504583825,pert:nulled:0.2,0.1483813933026075,0.8173252603439751,0.018353734586528482,0.0705607191388974,0.5526315789473685,0.21245346689088151,-0.7249829200591831,1.248581695657482,0.7017113109078925,0.06337373493035747,0.0,0.0,3162.968076839735,301.2445878483322,NaN,
3-regular,14,9,20312112,21,19.0,0.76508504583825,pert:nulled:0.5,0.31025144463066817,0.9628854137038366,0.04577189213924375,0.17900525257854552,0.5526315789473685,0.21245346689088151,-0.7249829200591831,1.248581695657482,0.7203942403156877,0.04469080552256233,-0.08055365778435375,-0.04027682889217682,18425.384184672213,1754.8560568341748,NaN,
3-regular,14,9,20312112,21,19.0,0.76508504583825,pert:random:0.01,0.009569828516135423,0.9728021072403059,0.9899327920683533,0.8340338256196734,0.5526315789473685,0.21245346689088151,-0.7249829200591831,-0.32221463113741466,0.6091137384673915,0.15597130737085851,0.32221463113741455,0.16110731556870733,26281.641114420505,2503.099317115783,NaN,
3-regular,14,9,20312112,21,19.0,0.76508504583825,pert:random:0.05,0.047268093502030525,0.9994223802787904,0.9970174995921377,0.9999663061073417,0.5526315789473685,0.21245346689088151,-0.7249829200591831,-0.32221463113741466,0.552631578947369,0.21245346689088096,1.2888585245496587,0.44304511781394523,678221.6174126114,64594.71550571887,NaN,
3-regular,14,9,20312112,21,19.0,0.76508504583825,pert:random:0.2,0.1788022525502295,0.9999908957989827,0.9930253968960334,0.9911698487443922,0.5526315789473685,0.21245346689088151,-0.7249829200591831,-0.32221463113741466,0.552631578947369,0.21245346689088096,1.2888585245496587,0.44304511781394523,1.091568614725808e7,1.0396241458249746e6,NaN,
3-regular,14,9,20312112,21,19.0,0.76508504583825,pert:random:0.5,0.3878187622453531,0.9999289488680368,0.9920326121741173,0.9876104980088484,0.5526315789473685,0.21245346689088151,-0.7249829200591831,-0.32221463113741466,0.5521530822224111,0.21293196361583888,1.208304866765305,0.44304511781394523,6.830335550618336e7,6.505300283572933e6,NaN,
3-regular,14,9,20312112,21,19.0,0.76508504583825,fit:triangle:mse,0.8156123542464716,0.989956522841909,0.9878399337795092,0.9968220348077756,0.6552403668914757,0.1098446789467743,-0.24166097335306108,-0.08055365778435367,0.6151270463711104,0.1499579994671396,0.0,0.2013841444608842,93326.695648146,8680.87071130668,0.8156123542464716,2.35789;0.356171;0.378845;0.216573
3-regular,14,9,20312112,21,19.0,0.76508504583825,fit:triangle:wgt,0.8491001421312131,0.9641897500910949,0.971887623522982,0.9879893395546212,0.4116345223595186,0.3534505234787314,0.0,1.0069207223044208,0.6623666853542372,0.10271836048401284,-0.4027682889217683,0.16110731556870733,77.45727140534743,7.724705521153403,0.9608413612093548,0.05;0.792262;0.137839;0.283342
3-regular,14,9,20312112,21,19.0,0.76508504583825,fit:normal:mse,0.7740991716516374,0.9999942864232961,0.9977969671940967,0.9770368407119611,0.5526315789473685,0.21245346689088151,-0.7249829200591831,-0.32221463113741466,0.5526315789473683,0.21245346689088174,1.2888585245496587,0.7249829200591831,348.506118221394,33.214125384670574,0.7740991716516374,10.5298;3.78689;4.49679
3-regular,14,9,20312112,21,19.0,0.76508504583825,fit:normal:wgt,0.9913300177140917,0.9906539404238023,0.9987590143731447,0.998674864057996,0.5526315789473685,0.21245346689088151,-0.7249829200591831,-0.32221463113741466,0.5640458106635411,0.2010392351747089,-1.2888585245496587,0.28193780224523785,3.234184385023242e7,3.0599416679360704e6,0.987871208321293,11.1974;93.5177;0.0132805
3-regular,14,9,20312112,21,19.0,0.76508504583825,paper:empP,0.9997850707108813,0.9997296443591666,0.9996856879937004,0.9997378525005458,0.7609604549003386,0.004124590937911399,0.48332194670612205,0.12083048667653051,0.5322534163137282,0.23283162952452174,0.8055365778435366,0.483321946706122,1.9122810665629944e11,1.0265292718212284e10,NaN,
3-regular,14,9,20312112,21,19.0,0.76508504583825,paper:binP,0.9997850707108813,0.9997296443591666,0.9996856879937004,0.9997378525005458,0.759358825010867,0.005726220827382944,0.4027682889217683,0.12083048667653051,0.5936079167643528,0.17147712907389723,-0.08055365778435375,0.24166097335306108,495101.3381673605,27786.75368260289,NaN,
3-regular,14,10,20312113,21,19.0,0.7485320285751359,exactN,0.0,0.0,0.0,0.0,0.6987258306047996,0.04980619797033625,0.0,0.0,0.6976571548165519,0.050874873758584016,0.0,0.0,12.841374941871203,0.9637635859431049,NaN,
3-regular,14,10,20312113,21,19.0,0.7485320285751359,pert:lowd:0.01,0.009999492271010366,0.9839525693082649,0.9662869554476797,0.8491166102987748,0.5526315789473685,0.19590044962776743,-0.6444292622748293,-0.32221463113741466,0.552631578947369,0.19590044962776687,1.3694121823340124,0.48332194670612205,85626.07245948025,8155.696880245081,NaN,
3-regular,14,10,20312113,21,19.0,0.7485320285751359,pert:lowd:0.05,0.049937424075631544,0.9987445182084859,0.9903347659780166,0.9502622728705991,0.5526315789473685,0.19590044962776743,-0.6444292622748293,-0.32221463113741466,0.552631578947369,0.19590044962776687,1.3694121823340124,0.48332194670612205,2.1028921197591103e6,200296.07796660735,NaN,
3-regular,14,10,20312113,21,19.0,0.7485320285751359,pert:lowd:0.2,0.19611321636237164,0.9996735070103862,0.9932991229288866,0.9648025859367267,0.5526315789473685,0.19590044962776743,-0.6444292622748293,-0.32221463113741466,0.5526315789473688,0.1959004496277671,1.3694121823340124,0.5235987755982988,3.353359334096207e7,3.194005215347158e6,NaN,
3-regular,14,10,20312113,21,19.0,0.7485320285751359,pert:lowd:0.5,0.44719975314704496,0.9997870535741252,0.9938290267834282,0.9674604954348542,0.5526315789473685,0.19590044962776743,-0.6444292622748293,-0.32221463113741466,0.5526315789473688,0.1959004496277671,1.3694121823340124,0.5235987755982988,2.0944424941203332e8,1.994913105577153e7,NaN,
3-regular,14,10,20312113,21,19.0,0.7485320285751359,pert:highd:0.01,0.007906375545757342,0.03574375621633296,0.004798496810040214,0.016120873871748116,0.5526315789473685,0.19590044962776743,-0.6444292622748293,0.48332194670612205,0.6976571548165519,0.050874873758584016,0.0,0.0,20.51680751447481,1.9540390050969518,NaN,
3-regular,14,10,20312113,21,19.0,0.7485320285751359,pert:highd:0.05,0.03857426072651083,0.1781903873429333,0.024002583861604265,0.08159415639089407,0.5526315789473685,0.19590044962776743,-0.6444292622748293,0.4430451178139452,0.6976571548165519,0.050874873758584016,0.0,0.0,94.80534800321567,9.029704057215776,NaN,
3-regular,14,10,20312113,21,19.0,0.7485320285751359,pert:highd:0.2,0.1404857368025128,0.6052414334022445,0.09584664280648518,0.3284351039542019,0.5526315789473685,0.19590044962776743,-0.6444292622748293,0.48332194670612205,0.7059427994844858,0.042589229090650105,0.0,-0.08055365778435364,861.0410484754915,82.01145170482876,NaN,
3-regular,14,10,20312113,21,19.0,0.7485320285751359,pert:highd:0.5,0.2919404743023391,0.9036749225479608,0.23520557501733363,0.7042755375813938,0.5526315789473685,0.19590044962776743,-0.6444292622748293,0.48332194670612205,0.7034186055755618,0.045113422999574104,0.0,-0.12083048667653051,4703.450903501873,447.99180664190015,NaN,
3-regular,14,10,20312113,21,19.0,0.7485320285751359,pert:nulled:0.01,0.008288037149613715,0.06630107489729246,0.0008714337301663117,0.000474407478168399,0.5526315789473685,0.19590044962776743,-0.6444292622748293,1.248581695657482,0.6976571548165519,0.050874873758584016,0.0,0.0,34.695484370748126,3.304484669435616,NaN,
3-regular,14,10,20312113,21,19.0,0.7485320285751359,pert:nulled:0.05,0.04051683537593268,0.31547461674252397,0.004356075517635219,0.002370880734938625,0.5526315789473685,0.19590044962776743,-0.6444292622748293,1.248581695657482,0.6976571548165519,0.050874873758584016,0.0,0.0,271.9190691097051,25.899199744654545,NaN,
3-regular,14,10,20312113,21,19.0,0.7485320285751359,pert:nulled:0.2,0.14843016733451103,0.7999374809660139,0.017406046293832293,0.009465911255909513,0.5526315789473685,0.19590044962776743,-0.6444292622748293,1.248581695657482,0.6976571548165519,0.050874873758584016,0.0,0.0,3162.800985278288,301.24844494076535,NaN,
3-regular,14,10,20312113,21,19.0,0.7485320285751359,pert:nulled:0.5,0.3103661140792389,0.9581936523263589,0.043402067578475166,0.023573681442794703,0.5526315789473685,0.19590044962776743,-0.6444292622748293,1.248581695657482,0.6976571548165519,0.050874873758584016,0.0,0.0,18424.376007393053,1754.8793421626485,NaN,
3-regular,14,10,20312113,21,19.0,0.7485320285751359,pert:random:0.01,0.009678829921298605,0.9350214192611807,0.9640497876061296,0.8062808520376927,0.5526315789473685,0.19590044962776743,-0.6444292622748293,-0.32221463113741466,0.5541528527021776,0.19437917587295828,-1.2888585245496587,0.32221463113741466,12836.620581429745,1222.6652001114342,NaN,
3-regular,14,10,20312113,21,19.0,0.7485320285751359,pert:random:0.05,0.04787852790366604,0.9975840857361649,0.9987935491619633,0.9989665337519206,0.5526315789473685,0.19590044962776743,-0.6444292622748293,-0.32221463113741466,0.5578269898064093,0.19070503876872658,-0.08055365778435375,0.2819378022452379,335768.67347301857,31981.290235120003,NaN,
3-regular,14,10,20312113,21,19.0,0.7485320285751359,pert:random:0.2,0.18200333628245305,0.9999328611634629,0.9939973179881552,0.9821368647456262,0.5526315789473685,0.19590044962776743,-0.6444292622748293,-0.32221463113741466,0.552631578947369,0.19590044962776687,1.3694121823340124,0.24166097335306103,5.417456752380121e6,516001.6244589225,NaN,
3-regular,14,10,20312113,21,19.0,0.7485320285751359,pert:random:0.5,0.39716914558349226,0.9999999997703752,0.9926107956271275,0.9764784736257025,0.5526315789473685,0.19590044962776743,-0.6444292622748293,-0.32221463113741466,0.552631578947369,0.19590044962776687,1.3694121823340124,0.24166097335306103,3.391569392339054e7,3.2303998787395186e6,NaN,
3-regular,14,10,20312113,21,19.0,0.7485320285751359,fit:triangle:mse,0.8072952981236816,0.9891056967576836,0.9876618196291755,0.9952892128231253,0.6061677457307757,0.1423642828443602,-0.4027682889217683,-0.08055365778435367,0.5770292619425346,0.17150276663260133,0.16110731556870728,0.24166097335306103,13751.429282984647,1293.7190228236677,0.8072952981236816,0.920248;0.736936;0.188965;0.461808
3-regular,14,10,20312113,21,19.0,0.7485320285751359,fit:triangle:wgt,0.8590173822987495,0.9602923142063428,0.9687614072905506,0.9802794459456492,0.35280788250778367,0.39572414606735223,0.48332194670612205,0.966643893412244,0.6226941704752486,0.12583785809988735,-0.24166097335306103,0.20138414446088415,82.13462563449941,8.464771833078553,0.9569385688056363,0.05;0.957376;0.12666;0.384404
3-regular,14,10,20312113,21,19.0,0.7485320285751359,fit:normal:mse,0.759863020494881,0.9999874364042709,0.9965232115180871,0.9790325668898883,0.5526315789473685,0.19590044962776743,-0.6444292622748293,-0.32221463113741466,0.5526315789473683,0.19590044962776765,1.3694121823340124,0.76525974895136,388.0577746440715,37.182336136956074,0.759863020494881,10.6679;3.84637;4.33549
3-regular,14,10,20312113,21,19.0,0.7485320285751359,fit:normal:wgt,0.9945860680977839,0.9913584909625813,0.9988461749535226,0.9990668882071462,0.5526315789473685,0.19590044962776743,-0.6444292622748293,-0.32221463113741466,0.5526315789473685,0.19590044962776743,-1.7721804712557807,1.1277512089809514,1.2700821531254726e7,1.2267647020841625e6,0.9888730543058197,8.23238;141.686;0.025818
3-regular,14,10,20312113,21,19.0,0.7485320285751359,paper:empP,0.9997986783544786,0.9997953758755129,0.9997431011938795,0.9997919038359087,0.7402539632195929,0.008278065355542985,0.5638756044904758,0.12083048667653051,0.5116014069110589,0.23693062166407697,0.8055365778435366,0.5638756044904758,1.898110792289315e11,1.018101484393266e10,NaN,
3-regular,14,10,20312113,21,19.0,0.7485320285751359,paper:binP,0.9997986783544786,0.9997953758755129,0.9997431011938795,0.9997919038359087,0.7400268211187584,0.008505207456377506,0.48332194670612205,0.12083048667653051,0.5562641558356792,0.19226787273945667,0.0,0.2819378022452379,495101.3381673605,27786.75368260289,NaN,
3-regular,14,11,20312114,21,18.0,0.7901171412737545,exactN,0.0,0.0,0.0,0.0,0.7504232527194544,0.039693888554300116,0.0,0.0,0.714658777756247,0.07545836351750757,0.0,0.0,12.965459591951417,0.9544095272881857,NaN,
3-regular,14,11,20312114,21,18.0,0.7901171412737545,pert:lowd:0.01,0.009999495916371445,0.9868284152871832,0.973645189202624,0.8307873069537764,0.5833333333333334,0.20678380794042117,-0.7249829200591831,-0.32221463113741466,0.5833333333333339,0.20678380794042062,1.2888585245496587,0.40276828892176836,85619.90847166203,8155.226222341632,NaN,
3-regular,14,11,20312114,21,18.0,0.7901171412737545,pert:lowd:0.05,0.049937514454237775,0.9990539832915902,0.9931248963657245,0.952561332141089,0.5833333333333334,0.20678380794042117,-0.7249829200591831,-0.32221463113741466,0.5833333333333339,0.20678380794042062,1.2888585245496587,0.40276828892176836,2.1027393661941797e6,200284.4143338048,NaN,
3-regular,14,11,20312114,21,18.0,0.7901171412737545,pert:lowd:0.2,0.1961145836797168,0.9997805547245436,0.9954188472738741,0.9692710802634501,0.5833333333333334,0.20678380794042117,-0.7249829200591831,-0.32221463113741466,0.5833333333333339,0.20678380794042062,1.2888585245496587,0.44304511781394523,3.3531153322314765e7,3.1938189056666694e6,NaN,
3-regular,14,11,20312114,21,18.0,0.7901171412737545,pert:lowd:0.5,0.4472062372339921,0.9998649215431842,0.9958231242995471,0.9722432770591874,0.5833333333333334,0.20678380794042117,-0.7249829200591831,-0.32221463113741466,0.5833333333333339,0.20678380794042062,1.2888585245496587,0.483321946706122,2.094290043434772e8,1.994796700582393e7,NaN,
3-regular,14,11,20312114,21,18.0,0.7901171412737545,pert:highd:0.01,0.007906590475031493,0.03896145541351012,0.005204465553903449,0.024079214584451444,0.5833333333333335,0.20678380794042106,-0.7249829200591831,0.48332194670612205,0.714658777756247,0.07545836351750757,0.0,0.0,20.516384852287345,1.9540067257602372,NaN,
3-regular,14,11,20312114,21,18.0,0.7901171412737545,pert:highd:0.05,0.03857534960570729,0.19366570226809424,0.026019834901093403,0.12262256349989059,0.5833333333333335,0.20678380794042106,-0.7249829200591831,0.48332194670612205,0.7468164193201596,0.04330072195359491,-0.1611073155687075,-0.04027682889217682,94.80074321920674,9.029352422036276,NaN,
3-regular,14,11,20312114,21,18.0,0.7901171412737545,pert:highd:0.2,0.14049013238218094,0.6380426098449862,0.10364301182503914,0.48021803919880435,0.5833333333333335,0.20678380794042106,-0.7249829200591831,0.48332194670612205,0.7558780775745417,0.03423906369921281,-0.1611073155687075,-0.12083048667653046,860.9852572433829,82.00719158667194,NaN,
3-regular,14,11,20312114,21,18.0,0.7901171412737545,pert:highd:0.5,0.29195053911840246,0.916988627271412,0.2525035415852586,0.8675935406464294,0.5833333333333335,0.20678380794042106,-0.7249829200591831,0.48332194670612205,0.7424974169964264,0.04761972427732819,-0.08055365778435375,-0.16110731556870733,4703.1245649412385,447.96688845931413,NaN,
3-regular,14,11,20312114,21,18.0,0.7901171412737545,pert:nulled:0.01,0.008284314360979463,0.07220979750958711,0.0009459829734765834,0.0035534458054406067,0.5833333333333334,0.20678380794042117,-0.7249829200591831,1.248581695657482,0.714658777756247,0.07545836351750757,0.0,0.0,34.69435678597957,3.3043985580878865,NaN,
3-regular,14,11,20312114,21,18.0,0.7901171412737545,pert:nulled:0.05,0.04049779270726171,0.3406661155820646,0.0047290368640906764,0.017830487549307397,0.5833333333333334,0.20678380794042117,-0.7249829200591831,1.248581695657482,0.714658777756247,0.07545836351750757,0.0,0.0,271.90320637045187,25.897988463641987,NaN,
3-regular,14,11,20312114,21,18.0,0.7901171412737545,pert:nulled:0.2,0.14835120434584703,0.8240460577994239,0.01890058384023485,0.07215217041770575,0.5833333333333334,0.20678380794042117,-0.7249829200591831,1.248581695657482,0.7364158856396935,0.05370125563406103,-0.08055365778435375,-0.04027682889217682,3162.5841620901183,301.2318889526063,NaN,
3-regular,14,11,20312114,21,18.0,0.7901171412737545,pert:nulled:0.5,0.3101804796819545,0.964692373767414,0.047145549255134554,0.18296685829464374,0.5833333333333334,0.20678380794042117,-0.7249829200591831,1.248581695657482,0.7364158856396935,0.05370125563406103,-0.08055365778435375,-0.04027682889217682,18423.067088266856,1754.779397871708,NaN,
3-regular,14,11,20312114,21,18.0,0.7901171412737545,pert:random:0.01,0.00998370790529979,0.8910586381475247,0.9664904768749141,0.6982562725227739,0.5833333333333333,0.20678380794042128,-0.7249829200591831,-0.20138414446088415,0.6257018914262876,0.16441524984746692,0.4027682889217683,0.12083048667653057,4510.299371918978,429.60181022353913,NaN,
3-regular,14,11,20312114,21,18.0,0.7901171412737545,pert:random:0.05,0.0497654797174857,0.9961531438068353,0.9942929751349774,0.9861375836182713,0.5833333333333334,0.20678380794042117,-0.7249829200591831,-0.32221463113741466,0.5833333333333339,0.20678380794042062,1.2888585245496587,0.40276828892176836,118238.00080731585,11262.100251086853,NaN,
3-regular,14,11,20312114,21,18.0,0.7901171412737545,pert:random:0.2,0.1941483459213474,0.9999599254813905,0.9846578689427232,0.999971215502427,0.5833333333333334,0.20678380794042117,-0.7249829200591831,-0.32221463113741466,0.5833333333333339,0.20678380794042062,1.2888585245496587,0.40276828892176836,1.9186438651868629e6,182749.54939306475,NaN,
3-regular,14,11,20312114,21,18.0,0.7901171412737545,pert:random:0.5,0.43853380868004704,0.9999765387515551,0.9822078975799039,0.9996988501420658,0.5833333333333334,0.20678380794042117,-0.7249829200591831,-0.32221463113741466,0.5828413092536042,0.20727583202015032,1.208304866765305,0.3624914600295915,1.2025210722755153e7,1.1453931154262482e6,NaN,
3-regular,14,11,20312114,21,18.0,0.7901171412737545,fit:triangle:mse,0.8242051411059305,0.9905962898188849,0.9875440803729656,0.9975499265094426,0.6398437316047078,0.1502734096690468,-0.48332194670612205,-0.08055365778435367,0.6058874529806337,0.1842296882931208,0.1611073155687075,0.2013841444608842,403855.3019742617,38004.679048430495,0.8242051411059305,4.9779;0.301778;0.444046;0.195682
3-regular,14,11,20312114,21,18.0,0.7901171412737545,fit:triangle:wgt,0.8631148917268854,0.9644273334563926,0.9733754356144214,0.9880457204439956,0.37240832042488275,0.4177088208488718,0.4027682889217683,0.966643893412244,0.6572882910572067,0.1328288502165479,-0.3222146311374148,0.16110731556870733,76.05300320568502,7.840248994829677,0.9610890619501883,0.05;0.19009;0.464218;0.116698
3-regular,14,11,20312114,21,18.0,0.7901171412737545,fit:normal:mse,0.7881063116752283,0.9999945843051903,0.9947743301676016,0.9785064088631172,0.5833333333333334,0.20678380794042117,-0.7249829200591831,-0.32221463113741466,0.5833333333333331,0.2067838079404214,1.2888585245496587,0.7249829200591831,483.57520125895223,46.22528437118808,0.7881063116752283,10.5799;3.92273;4.39239
3-regular,14,11,20312114,21,18.0,0.7901171412737545,fit:normal:wgt,0.9879380547722026,0.9906911444297577,0.9990027368687049,0.9986053032694567,0.5833333333333334,0.20678380794042117,-0.7249829200591831,-0.32221463113741466,0.5637594220031454,0.2263577192706091,-1.3694121823340124,0.3222146311374147,2.7105745549657825e7,2.5875462554184888e6,0.9877759290849297,10.2255;58.1957;0.0178846
3-regular,14,11,20312114,21,18.0,0.7901171412737545,paper:empP,0.9999798224524347,0.9999858615918303,0.9999809603005676,0.9999876836864323,0.7813791833984592,0.008737957875295299,0.48332194670612205,0.12083048667653051,0.5766349816192122,0.21348215965454231,1.0471975511965979,0.44304511781394523,1.5959391646863085e10,9.197557849428332e8,NaN,
3-regular,14,11,20312114,21,18.0,0.7901171412737545,paper:binP,0.9999798224524347,0.9999858615918303,0.9999809603005676,0.9999876836864323,0.7811394222920228,0.00897771898173172,0.4027682889217683,0.12083048667653051,0.5871677200487725,0.20294942122498205,-0.08055365778435375,0.24166097335306108,495101.3381673605,27786.75368260289,NaN,
3-regular,14,12,20312115,21,18.0,0.7901171412737545,exactN,0.0,0.0,0.0,0.0,0.7504232527194544,0.039693888554300116,0.0,0.0,0.7468164193201596,0.04330072195359491,0.0,0.0,12.99215087504944,0.9568553122430474,NaN,
3-regular,14,12,20312115,21,18.0,0.7901171412737545,pert:lowd:0.01,0.009999496067386841,0.9865806303422786,0.9738282680646281,0.8590103876293264,0.5833333333333334,0.20678380794042117,-0.7249829200591831,-0.32221463113741466,0.6257018914262876,0.16441524984746692,0.5638756044904758,0.1611073155687074,85619.05884535405,8155.139754442093,NaN,
3-regular,14,12,20312115,21,18.0,0.7901171412737545,pert:lowd:0.05,0.04993751820395774,0.999051671289774,0.9932803313227307,0.9510100638400139,0.5833333333333334,0.20678380794042117,-0.7249829200591831,-0.32221463113741466,0.5833333333333339,0.20678380794042062,1.4499658401183662,0.4430451178139452,2.1027183112058835e6,200282.27150657895,NaN,
3-regular,14,12,20312115,21,18.0,0.7901171412737545,pert:lowd:0.2,0.1961146404247159,0.9997853528065387,0.9955550700411435,0.9643797263893965,0.5833333333333334,0.20678380794042117,-0.7249829200591831,-0.32221463113741466,0.5833333333333338,0.20678380794042073,1.4499658401183662,0.48332194670612205,3.353081699951023e7,3.1937846770418435e6,NaN,
3-regular,14,12,20312115,21,18.0,0.7901171412737545,pert:lowd:0.5,0.4472065063467772,0.9998695984129352,0.995954958387177,0.966842027002136,0.5833333333333334,0.20678380794042117,-0.7249829200591831,-0.32221463113741466,0.5833333333333338,0.20678380794042073,1.4499658401183662,0.48332194670612205,2.09426903022209e8,1.994775314768224e7,NaN,
3-regular,14,12,20312115,21,18.0,0.7901171412737545,pert:highd:0.01,0.007907822693057124,0.038477665345354434,0.0051813174823526304,0.017558032946278515,0.5833333333333335,0.20678380794042106,-0.7249829200591831,0.48332194670612205,0.7468164193201596,0.04330072195359491,0.0,0.0,20.516326566715342,1.954000799587727,NaN,
3-regular,14,12,20312115,21,18.0,0.7901171412737545,pert:highd:0.05,0.03858159239601151,0.19130658155268,0.02590335860341552,0.088893511103104,0.5833333333333335,0.20678380794042106,-0.7249829200591831,0.48332194670612205,0.7468164193201596,0.04330072195359491,0.0,0.0,94.80010837638856,9.029287840731758,NaN,
3-regular,14,12,20312115,21,18.0,0.7901171412737545,pert:highd:0.2,0.14051533437886823,0.6328976211556752,0.10317153760756265,0.35557316705680103,0.5833333333333335,0.20678380794042106,-0.7249829200591831,0.48332194670612205,0.7558780775745417,0.03423906369921281,0.0,-0.08055365778435364,860.9775666477366,82.00640900482438,NaN,
3-regular,14,12,20312115,21,18.0,0.7901171412737545,pert:highd:0.5,0.2920082481796823,0.9146904559865779,0.25135979783882256,0.7383888720508663,0.5833333333333335,0.20678380794042106,-0.7249829200591831,0.4430451178139452,0.7424974169964265,0.04761972427732808,0.08055365778435375,-0.12083048667653051,4703.079582330252,447.96231072154734,NaN,
3-regular,14,12,20312115,21,18.0,0.7901171412737545,pert:nulled:0.01,0.008284685687381804,0.07131869145994316,0.0009418342329939707,0.0005160594424588482,0.5833333333333334,0.20678380794042117,-0.7249829200591831,1.248581695657482,0.7468164193201596,0.04330072195359491,0.0,0.0,34.69420130730294,3.304382746386595,NaN,
3-regular,14,12,20312115,21,18.0,0.7901171412737545,pert:nulled:0.05,0.04049969201104561,0.3369339179588044,0.004708327702956786,0.0025789392617765476,0.5833333333333334,0.20678380794042117,-0.7249829200591831,1.248581695657482,0.7468164193201596,0.04330072195359491,0.0,0.0,271.9010196282793,25.89776597118807,NaN,
3-regular,14,12,20312115,21,18.0,0.7901171412737545,pert:nulled:0.2,0.1483590790122812,0.820771002227404,0.01881829572597614,0.010295050169328399,0.5833333333333334,0.20678380794042117,-0.7249829200591831,1.248581695657482,0.7364158856396935,0.05370125563406103,0.08055365778435375,0.0,3162.554274889587,301.2288474735787,NaN,
3-regular,14,12,20312115,21,18.0,0.7901171412737545,pert:nulled:0.5,0.3101989898381611,0.9638791364283592,0.046942921318647676,0.025630179945683465,0.5833333333333334,0.20678380794042117,-0.7249829200591831,1.248581695657482,0.7364158856396935,0.05370125563406103,0.08055365778435375,0.0,18422.886669106312,1754.7610366280785,NaN,
3-regular,14,12,20312115,21,18.0,0.7901171412737545,pert:random:0.01,0.009399663138035457,0.8285659066559773,0.8427178870925842,0.5252313863683845,0.5833333333333334,0.20678380794042117,-0.7249829200591831,-0.32221463113741466,0.6556553956705221,0.13446174560323243,0.4027682889217683,0.12083048667653051,4455.512655956532,424.3817694678981,NaN,
3-regular,14,12,20312115,21,18.0,0.7901171412737545,pert:random:0.05,0.04761621604062997,0.9910012764911634,0.9924917908624147,0.894932974512864,0.5833333333333334,0.20678380794042117,-0.7249829200591831,-0.32221463113741466,0.6257018914262876,0.16441524984746692,0.5638756044904758,0.1611073155687074,102904.0942825403,9801.525243113598,NaN,
3-regular,14,12,20312115,21,18.0,0.7901171412737545,pert:random:0.2,0.19748112224618397,0.9994328857548611,0.9996474075779216,0.9608674559450074,0.5833333333333334,0.20678380794042117,-0.7249829200591831,-0.32221463113741466,0.581375787531791,0.20874135374196356,1.2888585245496587,0.4027682889217683,1.621612842171526e6,154457.34690906596,NaN,
3-regular,14,12,20312115,21,18.0,0.7901171412737545,pert:random:0.5,0.49371721140923136,0.9999099961827134,0.9999738826452026,0.9709974934052028,0.5833333333333334,0.20678380794042117,-0.7249829200591831,-0.32221463113741466,0.604676359500176,0.1854407817735786,0.9666438934122441,0.08055365778435364,1.0104156180635639e7,962413.0969557229,NaN,
3-regular,14,12,20312115,21,18.0,0.7901171412737545,fit:triangle:mse,0.8238164443133217,0.990210595106888,0.9869401283104863,0.9960676339845682,0.6398437316047078,0.1502734096690468,-0.48332194670612205,-0.08055365778435367,0.6058874529806336,0.18422968829312092,0.322214631137415,0.24166097335306103,99218.86732693942,9336.78764555306,0.8238164443133217,2.45263;0.565345;0.253078;0.318523
3-regular,14,12,20312115,21,18.0,0.7901171412737545,fit:triangle:wgt,0.8647609906855974,0.964780769973336,0.9730524695707353,0.9862994938422279,0.37240832042488275,0.4177088208488718,0.4027682889217683,0.966643893412244,0.6572882910572067,0.1328288502165479,-0.16110731556870728,0.20138414446088415,78.21713582447767,8.060899024992045,0.9615056424364001,0.05;0.56087;0.218446;0.185172
3-regular,14,12,20312115,21,18.0,0.7901171412737545,fit:normal:mse,0.7883428281081845,0.999999787900616,0.996481754973423,0.9829555539600779,0.5833333333333334,0.20678380794042117,-0.7249829200591831,-0.32221463113741466,0.5833333333333331,0.2067838079404214,1.4499658401183662,0.76525974895136,545.614776042547,52.186303846628235,0.7883428281081845,10.5423;3.94914;4.58843
3-regular,14,12,20312115,21,18.0,0.7901171412737545,fit:normal:wgt,0.9897024080222173,0.9908471334435207,0.9990225679976273,0.9984778916060115,0.5833333333333334,0.20678380794042117,-0.7249829200591831,-0.32221463113741466,0.5637594220031453,0.22635771927060921,-1.208304866765305,0.36249146002959154,3.2453905432609204e7,3.0976263780177953e6,0.987996092139088,10.2153;65.6341;0.0146992
3-regular,14,12,20312115,21,18.0,0.7901171412737545,paper:empP,0.9999798388854271,0.9999858838705648,0.9999810337869462,0.9999863804641924,0.7813791833984591,0.00873795787529541,0.48332194670612205,0.12083048667653051,0.5766349816192123,0.2134821596545422,1.2083048667653054,0.48332194670612205,1.549012932983469e10,8.918703202759595e8,NaN,
3-regular,14,12,20312115,21,18.0,0.7901171412737545,paper:binP,0.9999798388854271,0.9999858838705648,0.9999810337869462,0.9999863804641924,0.7811394222920227,0.00897771898173183,0.4027682889217683,0.12083048667653051,0.5871677200487727,0.20294942122498183,0.08055365778435375,0.2819378022452379,495101.3381673605,27786.75368260289,NaN,
3-regular,14,13,20312116,21,19.0,0.7485320285751358,exactN,0.0,0.0,0.0,0.0,0.7109272920500097,0.03760473652512608,0.0,0.0,0.6976571548165518,0.050874873758584016,0.0,0.0,12.912961197272724,0.9506793755778133,NaN,
3-regular,14,13,20312116,21,19.0,0.7485320285751358,pert:lowd:0.01,0.009999492352908942,0.9841553455345915,0.9662945545142578,0.8476913031761676,0.5526315789473685,0.19590044962776731,-0.7249829200591831,-0.32221463113741466,0.552631578947369,0.19590044962776676,1.3694121823340124,0.48332194670612205,85622.11731718873,8155.421650047248,NaN,
3-regular,14,13,20312116,21,19.0,0.7485320285751358,pert:lowd:0.05,0.049937426103268956,0.9987387282164906,0.9903526660008323,0.9487462934047084,0.5526315789473685,0.19590044962776731,-0.7249829200591831,-0.32221463113741466,0.552631578947369,0.19590044962776676,1.3694121823340124,0.5235987755982988,2.10279410672852e6,200289.25745748586,NaN,
3-regular,14,13,20312116,21,19.0,0.7485320285751358,pert:lowd:0.2,0.196113247029749,0.9996642969415082,0.993316262610124,0.9634049987202223,0.5526315789473685,0.19590044962776731,-0.7249829200591831,-0.32221463113741466,0.552631578947369,0.19590044962776676,1.3694121823340124,0.5235987755982988,3.3532027729052715e7,3.1938962679386875e6,NaN,
3-regular,14,13,20312116,21,19.0,0.7485320285751358,pert:lowd:0.5,0.4471998985692038,0.9997785825452105,0.9938459045313423,0.9660930699136258,0.5526315789473685,0.19590044962776731,-0.7249829200591831,-0.32221463113741466,0.5526315789473688,0.19590044962776698,1.3694121823340124,0.5638756044904758,2.0943446758332494e8,1.994845036039044e7,NaN,
3-regular,14,13,20312116,21,19.0,0.7485320285751358,pert:highd:0.01,0.007908422651245247,0.03609391950319707,0.004794842569694342,0.01622440119827635,0.5526315789473685,0.19590044962776731,-0.7249829200591831,0.48332194670612205,0.6976571548165518,0.050874873758584016,0.0,0.0,20.51653592008618,1.954020101963523,NaN,
3-regular,14,13,20312116,21,19.0,0.7485320285751358,pert:highd:0.05,0.03858463202878003,0.17999263876186683,0.023983611066789753,0.08213641704182541,0.5526315789473685,0.19590044962776731,-0.7249829200591831,0.48332194670612205,0.6976571548165518,0.050874873758584016,0.0,0.0,94.80239140601658,9.029498296831795,NaN,
3-regular,14,13,20312116,21,19.0,0.7485320285751358,pert:highd:0.2,0.14052760601110922,0.6101985084940826,0.09576104829922076,0.3307096995775154,0.5526315789473685,0.19590044962776731,-0.7249829200591831,0.48332194670612205,0.7160950208600921,0.03243700771504365,-0.08055365778435375,-0.08055365778435364,861.0052427078566,82.0089599925404,NaN,
3-regular,14,13,20312116,21,19.0,0.7485320285751358,pert:highd:0.5,0.2920363500954828,0.9067594690356685,0.23495585474930275,0.7079401774565727,0.5526315789473685,0.19590044962776731,-0.7249829200591831,0.48332194670612205,0.7141638686126143,0.034368159962521516,-0.16110731556870728,-0.16110731556870733,4703.241492188597,447.97723400741745,NaN,
3-regular,14,13,20312116,21,19.0,0.7485320285751358,pert:nulled:0.01,0.008287709298508328,0.06695816464263947,0.0008707858080536376,0.0004771984475883528,0.5526315789473685,0.19590044962776731,-0.7249829200591831,1.248581695657482,0.6976571548165518,0.050874873758584016,0.0,0.0,34.69476004588356,3.3044342580816313,NaN,
3-regular,14,13,20312116,21,19.0,0.7485320285751358,pert:nulled:0.05,0.040515158282736906,0.3182897188046472,0.004352851540501362,0.00238480239307648,0.5526315789473685,0.19590044962776731,-0.7249829200591831,1.248581695657482,0.6976571548165518,0.050874873758584016,0.0,0.0,271.90888684929166,25.898491148053655,NaN,
3-regular,14,13,20312116,21,19.0,0.7485320285751358,pert:nulled:0.2,0.14842321209988113,0.8027365481626043,0.017393388432374927,0.009521096831912483,0.5526315789473685,0.19590044962776731,-0.7249829200591831,1.248581695657482,0.6976571548165518,0.050874873758584016,0.0,0.0,3162.6618466952755,301.2387624568971,NaN,
3-regular,14,13,20312116,21,19.0,0.7485320285751358,pert:nulled:0.5,0.31034976081762955,0.9589350115203799,0.04337165184573259,0.023709104350957678,0.5526315789473685,0.19590044962776731,-0.7249829200591831,1.248581695657482,0.6976571548165518,0.050874873758584016,0.0,0.0,18423.53611322873,1754.8208954656552,NaN,
3-regular,14,13,20312116,21,19.0,0.7485320285751358,pert:random:0.01,0.009999442423022904,0.8298335875140053,0.7875756719728021,0.6665515439343827,0.5526315789473685,0.19590044962776731,-0.7249829200591831,-0.32221463113741466,0.6340460526315791,0.1144859759435567,0.32221463113741455,0.08055365778435364,2310.761022519199,220.09624452035212,NaN,
3-regular,14,13,20312116,21,19.0,0.7485320285751358,pert:random:0.05,0.04993621308384551,0.9892330096218185,0.9500686127316647,0.9475502189941002,0.5526315789473684,0.19590044962776743,-0.7249829200591831,-0.16110731556870733,0.552631578947369,0.19590044962776676,1.3694121823340124,0.4430451178139452,53784.73148438934,5122.956828989821,NaN,
3-regular,14,13,20312116,21,19.0,0.7485320285751358,pert:random:0.2,0.1960949677517497,0.9987722285893771,0.9716507607675441,0.982271917529813,0.5526315789473684,0.19590044962776743,-0.7249829200591831,-0.16110731556870733,0.5502584968538932,0.19827353172124262,1.208304866765305,0.4430451178139452,877752.2046581088,83605.1661562449,NaN,
3-regular,14,13,20312116,21,19.0,0.7485320285751358,pert:random:0.5,0.4471132892141751,0.9995523818710198,0.9753386588600222,0.9872001117999221,0.5526315789473684,0.19590044962776743,-0.7249829200591831,-0.16110731556870733,0.49383363987348616,0.2546983887016496,0.7249829200591829,0.6444292622748293,5.507588655248028e6,524593.1095920403,NaN,
3-regular,14,13,20312116,21,19.0,0.7485320285751358,fit:triangle:mse,0.8062986636711296,0.9885276604361214,0.9866172237564258,0.9946515755995258,0.6228555613988168,0.12567646717631897,-0.4027682889217684,-0.08055365778435367,0.5770292619425346,0.17150276663260122,0.16110731556870728,0.24166097335306103,35987.47813506566,3372.835607813256,0.8062986636711296,1.47064;0.724686;0.19002;0.446563
3-regular,14,13,20312116,21,19.0,0.7485320285751358,fit:triangle:wgt,0.8516511815327704,0.9587905956861495,0.9676674259491761,0.9798474483406806,0.35280788250778367,0.3957241460673521,0.4027682889217683,0.966643893412244,0.6226941704752486,0.12583785809988723,-0.24166097335306103,0.20138414446088415,79.76454238484547,8.214764086426369,0.9553404704967055,0.05;0.615421;0.195779;0.199357
3-regular,14,13,20312116,21,19.0,0.7485320285751358,fit:normal:mse,0.7600775192850291,0.9999950836822068,0.9980219837996536,0.9785237502883953,0.5526315789473685,0.19590044962776731,-0.7249829200591831,-0.32221463113741466,0.5526315789473688,0.19590044962776698,1.3694121823340124,0.7249829200591831,534.2450315862395,51.139903903131916,0.7600775192850291,10.5489;3.93515;4.64394
3-regular,14,13,20312116,21,19.0,0.7485320285751358,fit:normal:wgt,0.9951803955360721,0.9910513229798491,0.9987680425721688,0.9990529102851173,0.5526315789473685,0.19590044962776731,-0.7249829200591831,-0.32221463113741466,0.5526315789473685,0.19590044962776731,-1.7721804712557807,1.1277512089809514,1.2353457960297579e7,1.1895774124601856e6,0.9885026259406973,8.24103;183.391;0.0225989
3-regular,14,13,20312116,21,19.0,0.7485320285751358,paper:empP,0.9997979740732904,0.999788479566026,0.999743266887608,0.9997867937891947,0.740253963219593,0.008278065355542763,0.48332194670612205,0.12083048667653051,0.5116014069110589,0.23693062166407686,0.8055365778435366,0.5638756044904758,1.7864910846683435e11,9.548837388835083e9,NaN,
3-regular,14,13,20312116,21,19.0,0.7485320285751358,paper:binP,0.9997979740732904,0.999788479566026,0.999743266887608,0.9997867937891947,0.7400268211187584,0.008505207456377395,0.4027682889217683,0.12083048667653051,0.5562641558356793,0.19226787273945645,0.0,0.2819378022452379,495101.3381673605,27786.75368260289,NaN,
3-regular,14,14,20312117,21,18.0,0.7901171412737545,exactN,0.0,0.0,0.0,0.0,0.7504232527194544,0.039693888554300116,0.0,0.0,0.7146587777562471,0.07545836351750745,0.0,0.0,12.919735450862541,0.9509576979648717,NaN,
3-regular,14,14,20312117,21,18.0,0.7901171412737545,pert:lowd:0.01,0.009999495971326685,0.9865951163461356,0.9737972112789612,0.8311580662266698,0.5833333333333334,0.20678380794042117,-0.7249829200591831,-0.32221463113741466,0.583333333333334,0.2067838079404205,1.2888585245496587,0.40276828892176836,85621.32800940456,8155.322386571903,NaN,
3-regular,14,14,20312117,21,18.0,0.7901171412737545,pert:lowd:0.05,0.04993751581872713,0.9990579772483676,0.9931942170063597,0.9537196169073392,0.5833333333333334,0.20678380794042117,-0.7249829200591831,-0.32221463113741466,0.583333333333334,0.2067838079404205,1.2888585245496587,0.40276828892176836,2.10277454569183e6,200286.7975066133,NaN,
3-regular,14,14,20312117,21,18.0,0.7901171412737545,pert:lowd:0.2,0.19611460432856054,0.9997885611289082,0.9954738901361206,0.9703771811176811,0.5833333333333334,0.20678380794042117,-0.7249829200591831,-0.32221463113741466,0.583333333333334,0.2067838079404205,1.2888585245496587,0.40276828892176836,3.3531715267439425e7,3.19385697363276e6,NaN,
3-regular,14,14,20312117,21,18.0,0.7901171412737545,pert:lowd:0.5,0.44720633516084224,0.9998721293699414,0.9958753779000671,0.9733276302131352,0.5833333333333334,0.20678380794042117,-0.7249829200591831,-0.32221463113741466,0.583333333333334,0.2067838079404205,1.2888585245496587,0.40276828892176836,2.0943251534195906e8,1.9948204852113426e7,NaN,
3-regular,14,14,20312117,21,18.0,0.7901171412737545,pert:highd:0.01,0.007906053729618053,0.03846285000452363,0.0052087726978801265,0.023850522404362823,0.5833333333333335,0.20678380794042106,-0.7249829200591831,0.48332194670612205,0.7146587777562471,0.07545836351750745,0.0,0.0,20.516481955407578,1.9540133047140824,NaN,
3-regular,14,14,20312117,21,18.0,0.7901171412737545,pert:highd:0.05,0.03857263034466493,0.19118970703602686,0.026041390626788407,0.12140064735951242,0.5833333333333335,0.20678380794042106,-0.7249829200591831,0.48332194670612205,0.7364158856396935,0.05370125563406103,-0.08055365778435375,-0.04027682889217682,94.80180253116887,9.029424187608328,NaN,
3-regular,14,14,20312117,21,18.0,0.7901171412737545,pert:highd:0.2,0.1404791553998213,0.6322816388460595,0.10372854153687923,0.47550007382098547,0.5833333333333335,0.20678380794042106,-0.7249829200591831,0.4430451178139452,0.7558780775745417,0.03423906369921281,-0.1611073155687075,-0.12083048667653046,860.9981014366435,82.00806171100234,NaN,
3-regular,14,14,20312117,21,18.0,0.7901171412737545,pert:highd:0.5,0.2919254047285915,0.9141035643836853,0.2527032048636608,0.8632086258948133,0.5833333333333335,0.20678380794042106,-0.7249829200591831,0.48332194670612205,0.7424974169964262,0.0476197242773283,-0.08055365778435375,-0.16110731556870733,4703.199710151451,447.97197908035116,NaN,
3-regular,14,14,20312117,21,18.0,0.7901171412737545,pert:nulled:0.01,0.008284546062347043,0.07128751577820273,0.0009467761531180795,0.0035208570539186504,0.5833333333333334,0.20678380794042117,-0.7249829200591831,1.248581695657482,0.7146587777562471,0.07545836351750745,0.0,0.0,34.69461598185318,3.304416118660798,NaN,
3-regular,14,14,20312117,21,18.0,0.7901171412737545,pert:nulled:0.05,0.04049897783819468,0.3368113026382824,0.004733005292997068,0.017665238896382784,0.5833333333333334,0.20678380794042117,-0.7249829200591831,1.248581695657482,0.7146587777562471,0.07545836351750745,0.0,0.0,271.90685716630963,25.898235789315823,NaN,
3-regular,14,14,20312117,21,18.0,0.7901171412737545,pert:nulled:0.2,0.14835611796679937,0.8206901732274722,0.01891648935937855,0.07145944827147521,0.5833333333333334,0.20678380794042117,-0.7249829200591831,1.248581695657482,0.7364158856396935,0.05370125563406103,-0.08055365778435375,-0.04027682889217682,3162.6340875208944,301.2352710974408,NaN,
3-regular,14,14,20312117,21,18.0,0.7901171412737545,pert:nulled:0.5,0.3101920295546537,0.9638735607864088,0.04718539918423128,0.18111932134720254,0.5833333333333334,0.20678380794042117,-0.7249829200591831,1.248581695657482,0.7364158856396935,0.05370125563406103,-0.08055365778435375,-0.04027682889217682,18423.368513080517,1754.79981744449,NaN,
3-regular,14,14,20312117,21,18.0,0.7901171412737545,pert:random:0.01,0.009961331341752134,0.9114728477591738,0.9345402887186791,0.611764016359761,0.5833333333333334,0.20678380794042117,-0.7249829200591831,-0.32221463113741466,0.6379501337854201,0.15216700748833445,0.4027682889217683,0.0805536577843537,6207.612240815149,591.2706711570432,NaN,
3-regular,14,14,20312117,21,18.0,0.7901171412737545,pert:random:0.05,0.04994248726481138,0.9967041641136686,0.9997277287583067,0.9946467825507177,0.5833333333333334,0.20678380794042117,-0.7249829200591831,-0.32221463113741466,0.583333333333334,0.2067838079404205,1.2888585245496587,0.40276828892176836,165570.42177690568,15770.40587552503,NaN,
3-regular,14,14,20312117,21,18.0,0.7901171412737545,pert:random:0.2,0.19895319535987246,0.9999276496534998,0.9951241649921001,0.9929847592154335,0.5833333333333334,0.20678380794042117,-0.7249829200591831,-0.32221463113741466,0.5833333333333341,0.2067838079404204,1.2888585245496587,0.3624914600295915,2.6808655957000717e6,255349.41129819737,NaN,
3-regular,14,14,20312117,21,18.0,0.7901171412737545,pert:random:0.5,0.46357014546759767,0.9999983029478412,0.9935346590858861,0.9868691001279125,0.5833333333333334,0.20678380794042117,-0.7249829200591831,-0.32221463113741466,0.5833333333333335,0.20678380794042106,1.2888585245496587,0.3222146311374147,1.679522528221242e7,1.599725967225979e6,NaN,
3-regular,14,14,20312117,21,18.0,0.7901171412737545,fit:triangle:mse,0.8245456250858928,0.9907174910977434,0.9883585296405374,0.9978191009335101,0.6398437316047078,0.1502734096690468,-0.48332194670612205,-0.08055365778435367,0.6058874529806337,0.1842296882931208,0.1611073155687075,0.2013841444608842,13547.562143227808,1274.604359660808,0.8245456250858928,0.912241;0.482468;0.300686;0.269212
3-regular,14,14,20312117,21,18.0,0.7901171412737545,fit:triangle:wgt,0.8668027808651906,0.9661536283642177,0.9744689948399273,0.988658202490551,0.37240832042488275,0.4177088208488718,0.4027682889217683,0.966643893412244,0.6572882910572068,0.13282885021654778,-0.3222146311374148,0.16110731556870733,78.66668551788453,8.107969510947838,0.96292838738191,0.05;0.482912;0.253655;0.164492
3-regular,14,14,20312117,21,18.0,0.7901171412737545,fit:normal:mse,0.7880294536947897,0.9999995659658634,0.9958660499768262,0.9786673141191992,0.5833333333333334,0.20678380794042117,-0.7249829200591831,-0.32221463113741466,0.5833333333333331,0.2067838079404214,1.2888585245496587,0.7249829200591831,533.3497940294303,50.99027159699821,0.7880294536947897,10.5474;3.94815;4.51487
3-regular,14,14,20312117,21,18.0,0.7901171412737545,fit:normal:wgt,0.9892732213976899,0.9910699581763663,0.9991057512552152,0.998747690228724,0.5833333333333334,0.20678380794042117,-0.7249829200591831,-0.32221463113741466,0.5594020369744926,0.2307151042992619,-1.2888585245496587,0.3222146311374147,2.921709495603021e7,2.7883015475086365e6,0.988249758413824,10.23;62.8531;0.0164541
3-regular,14,14,20312117,21,18.0,0.7901171412737545,paper:empP,0.9999798454861953,0.9999854100530069,0.9999807277481878,0.9999871898273537,0.7813791833984591,0.00873795787529541,0.48332194670612205,0.12083048667653051,0.5766349816192122,0.21348215965454231,1.0471975511965979,0.44304511781394523,2.5757587403699806e10,1.4710608679057186e9,NaN,
3-regular,14,14,20312117,21,18.0,0.7901171412737545,paper:binP,0.9999798454861953,0.9999854100530069,0.9999807277481878,0.9999871898273537,0.7811394222920227,0.00897771898173183,0.4027682889217683,0.12083048667653051,0.5871677200487725,0.20294942122498205,-0.08055365778435375,0.24166097335306108,495101.3381673605,27786.75368260289,NaN,
3-regular,14,15,20312118,21,19.0,0.7561196160777467,exactN,0.0,0.0,0.0,0.0,0.7140594364512486,0.042060179626498106,0.0,0.0,0.689378234391116,0.06674138168663069,0.0,0.0,12.884519697525205,0.9439600170610697,NaN,
3-regular,14,15,20312118,21,19.0,0.7561196160777467,pert:lowd:0.01,0.009999492619010945,0.9843334429163858,0.9670779854261433,0.8199845436937883,0.5526315789473685,0.20348803713037822,-0.7249829200591831,-0.32221463113741466,0.5954538100240717,0.16066580605367498,0.48332194670612205,0.12083048667653057,85633.34171327243,8156.081831799633,NaN,
3-regular,14,15,20312118,21,19.0,0.7561196160777467,pert:lowd:0.05,0.04993743269230124,0.9987891384033053,0.990547390710372,0.952315211394884,0.5526315789473685,0.20348803713037822,-0.7249829200591831,-0.32221463113741466,0.552631578947369,0.20348803713037766,1.2888585245496587,0.483321946706122,2.103072256341991e6,200305.61754814652,NaN,
3-regular,14,15,20312118,21,19.0,0.7561196160777467,pert:lowd:0.2,0.19611334668941138,0.999689999745381,0.9934404681279806,0.9702373110014386,0.5526315789473685,0.20348803713037822,-0.7249829200591831,-0.32221463113741466,0.552631578947369,0.20348803713037766,1.2888585245496587,0.483321946706122,3.353647074200239e7,3.1941575960298115e6,NaN,
3-regular,14,15,20312118,21,19.0,0.7561196160777467,pert:lowd:0.5,0.4472003711497649,0.9997993483648553,0.9939577429803048,0.9733893062567065,0.5526315789473685,0.20348803713037822,-0.7249829200591831,-0.32221463113741466,0.552631578947369,0.20348803713037766,1.2888585245496587,0.483321946706122,2.0946222718817797e8,1.9950083119260646e7,NaN,
3-regular,14,15,20312118,21,19.0,0.7561196160777467,pert:highd:0.01,0.007905410793297747,0.03610886372323314,0.00486508615745369,0.022303689567640166,0.5526315789473685,0.20348803713037822,-0.7249829200591831,0.48332194670612205,0.689378234391116,0.06674138168663069,0.0,0.0,20.5173075637708,1.9540654317488566,NaN,
3-regular,14,15,20312118,21,19.0,0.7561196160777467,pert:highd:0.05,0.0385693731421152,0.1799401056379924,0.024334542322266416,0.113489734007221,0.5526315789473685,0.20348803713037822,-0.7249829200591831,0.48332194670612205,0.7090256975661197,0.04709391851162703,-0.08055365778435375,-0.04027682889217682,94.81078632106525,9.029991784375074,NaN,
3-regular,14,15,20312118,21,19.0,0.7561196160777467,pert:highd:0.2,0.1404660073681235,0.6089879687723939,0.09714655785141495,0.44877303930311513,0.5526315789473685,0.20348803713037822,-0.7249829200591831,0.48332194670612205,0.7142744680471258,0.04184514803062089,-0.08055365778435375,-0.12083048667653046,861.1068728174345,82.01493652196262,NaN,
3-regular,14,15,20312118,21,19.0,0.7561196160777467,pert:highd:0.5,0.2918953003034487,0.9051605317179869,0.23817824238825347,0.842775145215055,0.5526315789473685,0.20348803713037822,-0.7249829200591831,0.48332194670612205,0.7197926299771368,0.036326986100609915,-0.24166097335306103,-0.20138414446088415,4703.835819709454,448.01218822721825,NaN,
3-regular,14,15,20312118,21,19.0,0.7561196160777467,pert:nulled:0.01,0.008287334620932616,0.06697039549706155,0.0008835747543239094,0.003295348166850295,0.5526315789473685,0.20348803713037822,-0.7249829200591831,1.248581695657482,0.689378234391116,0.06674138168663069,0.0,0.0,34.69681743501945,3.3045551521684255,NaN,
3-regular,14,15,20312118,21,19.0,0.7561196160777467,pert:nulled:0.05,0.04051324167218838,0.3183703602914646,0.004416779316193467,0.016530666977339785,0.5526315789473685,0.20348803713037822,-0.7249829200591831,1.248581695657482,0.689378234391116,0.06674138168663069,0.0,0.0,271.9377920518166,25.90019070381299,NaN,
3-regular,14,15,20312118,21,19.0,0.7561196160777467,pert:nulled:0.2,0.1484152637627225,0.802922655604471,0.017648761739057914,0.06683713416986463,0.5526315789473685,0.20348803713037822,-0.7249829200591831,1.248581695657482,0.689378234391116,0.06674138168663069,0.0,0.0,3163.056741358056,301.261986959815,NaN,
3-regular,14,15,20312118,21,19.0,0.7561196160777467,pert:nulled:0.5,0.3103310730714974,0.9590427398850777,0.04400741991053868,0.16942826916195797,0.5526315789473685,0.20348803713037822,-0.7249829200591831,1.248581695657482,0.6979244767359923,0.058195139341754354,0.0,-0.04027682889217682,18425.919719149082,1754.9610881223516,NaN,
3-regular,14,15,20312118,21,19.0,0.7561196160777467,pert:random:0.01,0.009999979968305381,0.85716453687794,0.5483234065064064,0.19808745204911032,0.5526315789473685,0.20348803713037822,-0.7249829200591831,1.248581695657482,0.6560968494123965,0.10002276666535015,0.1611073155687075,0.04027682889217682,4327.924095523549,412.2114417170303,NaN,
3-regular,14,15,20312118,21,19.0,0.7561196160777467,pert:random:0.05,0.049963936596189994,0.9935750524539584,0.927700173053543,0.6507058116038277,0.5526315789473685,0.20348803713037822,-0.7249829200591831,1.248581695657482,0.627023290050775,0.12909632602697174,0.1611073155687075,0.12083048667653057,116893.03570930724,11133.402420240156,NaN,
3-regular,14,15,20312118,21,19.0,0.7561196160777467,pert:random:0.2,0.19655618131417765,0.9997446765538093,0.9820783460960321,0.909201065741067,0.5526315789473685,0.20348803713037822,-0.7249829200591831,1.248581695657482,0.5849080570373729,0.17121155904037377,0.48332194670612205,0.16110731556870733,1.8969718713125717e6,180675.7878557857,NaN,
3-regular,14,15,20312118,21,19.0,0.7561196160777467,pert:random:0.5,0.4493436990161417,0.9999905788992132,0.9889637836768176,0.9534870468511982,0.5526315789473685,0.20348803713037822,-0.7249829200591831,1.248581695657482,0.552631578947369,0.20348803713037766,1.2888585245496587,0.483321946706122,1.1889570070658142e7,1.1324138605135893e6,NaN,
3-regular,14,15,20312118,21,19.0,0.7561196160777467,fit:triangle:mse,0.8070041349606135,0.9894450722388798,0.9894351252753767,0.9973344561221036,0.6232830009092653,0.13283661516848144,-0.4027682889217684,-0.08055365778435367,0.593593923259171,0.16252569281857565,0.08055365778435353,0.2013841444608842,1865.1565915505782,174.64827669699497,0.8070041349606135,0.342415;0.421797;0.342993;0.241045
3-regular,14,15,20312118,21,19.0,0.7561196160777467,fit:triangle:wgt,0.9622114389801051,0.9625223503949448,0.9769939054966831,0.9767654982749219,0.42748892939846317,0.3286306866792835,1.2888585245496589,0.966643893412244,0.5531565967100182,0.20296301936772854,1.208304866765305,-0.32221463113741466,70.3411176639321,7.45320505327233,0.9589462877875011,0.05;0.587807;0.444445;0.24645
3-regular,14,15,20312118,21,19.0,0.7561196160777467,fit:normal:mse,0.7595393571661336,0.9999867073807077,0.9987780621773049,0.9771402549195497,0.5526315789473685,0.20348803713037822,-0.7249829200591831,-0.32221463113741466,0.5526315789473683,0.20348803713037844,1.2888585245496587,0.7249829200591831,282.8116348454579,27.01625313344933,0.7595393571661336,10.5203;3.71485;4.4758
3-regular,14,15,20312118,21,19.0,0.7561196160777467,fit:normal:wgt,0.9992636049127948,0.9911609178891567,0.9990912444357967,0.9987644878447529,0.5548703040965595,0.20124931198118723,2.0943951023931957,-0.28193780224523785,0.5472841130066408,0.20883550307110588,0.1611073155687075,0.28193780224523785,6.111401762776923e6,592489.5173261119,0.9886552490464595,5.22069;210.0;0.0379487
3-regular,14,15,20312118,21,19.0,0.7561196160777467,paper:empP,0.9997975405299945,0.9997927927297104,0.9997408970168035,0.9998022987180705,0.7506072090599658,0.005512407017780885,0.48332194670612205,0.12083048667653051,0.5162031907244512,0.2399164253532955,0.7249829200591829,0.5235987755982989,6.449022935460052e11,3.4231067757799507e10,NaN,
3-regular,14,15,20312118,21,19.0,0.7561196160777467,paper:binP,0.9997975405299945,0.9997927927297104,0.9997408970168035,0.9998022987180705,0.7496928230648127,0.006426793012934029,0.4027682889217683,0.12083048667653051,0.5749360363000161,0.18118357977773059,-0.08055365778435375,0.24166097335306108,495101.3381673605,27786.75368260289,NaN,
