family,n,instance,seed,m,c_opt,ceil_p1,variant,mse_rel,ew_avg,ew_star_raw,ew_star_nrm,ar_raw,regret_raw,dgamma_raw,dbeta_raw,ar_nrm,regret_nrm,dgamma_nrm,dbeta_nrm,pred_raw,normw_raw,fit_obj,fit_params
WS(k=4;b=0.1),14,1,20302104,28,22.0,0.8040564186152175,exactN,0.0,0.0,0.0,0.0,0.7720144926357148,0.03204192597950273,0.0,0.0,0.7472000714799062,0.05685634713531129,0.0,0.0,16.413001246115183,0.9621644999371772,NaN,
WS(k=4;b=0.1),14,1,20302104,28,22.0,0.8040564186152175,pert:lowd:0.01,0.00999949222288927,0.9830687686836316,0.9617332467950248,0.8179427928787687,0.6363636363636364,0.16769278225158113,-0.5638756044904757,-0.32221463113741466,0.6584705295862932,0.14558588902892433,0.6444292622748293,0.1611073155687074,57606.28472841491,4115.928075656353,NaN,
WS(k=4;b=0.1),14,1,20302104,28,22.0,0.8040564186152175,pert:lowd:0.05,0.0499374228843148,0.9987137052991479,0.9868478222793071,0.9220520237011639,0.6363636363636364,0.16769278225158113,-0.5638756044904757,-0.32221463113741466,0.6409093169263876,0.16314710168882984,0.9666438934122439,0.24166097335306103,1.4044593361375532e6,100347.99219131524,NaN,
WS(k=4;b=0.1),14,1,20302104,28,22.0,0.8040564186152175,pert:lowd:0.2,0.19611319834425855,0.9996790879099777,0.9901911476976053,0.9388905619127628,0.6363636363636364,0.16769278225158113,-0.5638756044904757,-0.32221463113741466,0.6694887975334463,0.13456762108177123,0.5638756044904756,0.12083048667653051,2.2365054031982392e7,1.597974245960763e6,NaN,
WS(k=4;b=0.1),14,1,20302104,28,22.0,0.8040564186152175,pert:lowd:0.5,0.44719966770683084,0.9997949411117113,0.9908037335735561,0.9420865752191496,0.6363636363636364,0.16769278225158113,-0.5638756044904757,-0.32221463113741466,0.6363636363636366,0.1676927822515809,-1.6110731556870734,0.6444292622748293,1.3964890751711684e8,9.977860500879414e6,NaN,
WS(k=4;b=0.1),14,1,20302104,28,22.0,0.8040564186152175,pert:highd:0.01,0.0050797147854810395,0.03457910520941519,0.005024759713473868,0.016795000256140606,0.6363636363636366,0.1676927822515809,-0.5638756044904757,0.48332194670612205,0.7472000714799062,0.05685634713531129,0.0,0.0,22.971206840306323,1.6409060159804538,NaN,
WS(k=4;b=0.1),14,1,20302104,28,22.0,0.8040564186152175,pert:highd:0.05,0.02455493174283569,0.1723778388866615,0.02513266802914706,0.08557119935981336,0.6363636363636366,0.1676927822515809,-0.5638756044904757,0.48332194670612205,0.7472000714799062,0.05685634713531129,0.0,0.0,81.66918015389938,5.834520700014971,NaN,
WS(k=4;b=0.1),14,1,20302104,28,22.0,0.8040564186152175,pert:highd:0.2,0.0871158203745872,0.5904982203548708,0.10030222820015981,0.3514350755213568,0.6363636363636366,0.1676927822515809,-0.5638756044904757,0.48332194670612205,0.7549680726021993,0.04908834601301815,0.0,-0.04027682889217682,626.8739099011214,44.78794210175095,NaN,
WS(k=4;b=0.1),14,1,20302104,28,22.0,0.8040564186152175,pert:highd:0.5,0.17640576345607462,0.8954363771947002,0.24552398739523304,0.7551527427186726,0.6363636363636366,0.1676927822515809,-0.5638756044904757,0.4430451178139452,0.7683420043150581,0.035714414300159425,-0.08055365778435375,-0.12083048667653051,3257.17072118042,232.71915176283252,NaN,
WS(k=4;b=0.1),14,1,20302104,28,22.0,0.8040564186152175,pert:nulled:0.01,0.006186767950065694,0.06414167642296838,0.0009117992039763711,0.0004918197441502518,0.6363636363636364,0.16769278225158113,-0.5638756044904757,1.248581695657482,0.7472000714799062,0.05685634713531129,0.0,0.0,34.87203888840541,2.4911270050587286,NaN,
WS(k=4;b=0.1),14,1,20302104,28,22.0,0.8040564186152175,pert:nulled:0.05,0.02998994366825282,0.3061831398666373,0.004557646216542051,0.002457382177552332,0.6363636363636364,0.16769278225158113,-0.5638756044904757,1.248581695657482,0.7472000714799062,0.05685634713531129,0.0,0.0,211.98360501001662,15.144992177850002,NaN,
WS(k=4;b=0.1),14,1,20302104,28,22.0,0.8040564186152175,pert:nulled:0.2,0.10722106387091074,0.7904412357672067,0.01820821622997345,0.009803530383272353,0.6363636363636364,0.16769278225158113,-0.5638756044904757,1.248581695657482,0.7472000714799062,0.05685634713531129,0.0,0.0,2210.2855785599095,157.92032599974536,NaN,
WS(k=4;b=0.1),14,1,20302104,28,22.0,0.8040564186152175,pert:nulled:0.5,0.218717469143722,0.9556732645663258,0.04538389660386544,0.024375965852414035,0.6363636363636364,0.16769278225158113,-0.5638756044904757,1.248581695657482,0.7472000714799062,0.05685634713531129,0.0,0.0,12526.469738998989,895.0026014410901,NaN,
WS(k=4;b=0.1),14,1,20302104,28,22.0,0.8040564186152175,pert:random:0.01,0.009790971157125603,0.8480399148846552,0.7287218682533524,0.510649853401073,0.6363636363636362,0.16769278225158124,-0.5638756044904757,1.0874743800887745,0.6966061810727919,0.10745023754242555,0.4027682889217685,0.04027682889217682,2237.9987195545204,159.90066650232689,NaN,
WS(k=4;b=0.1),14,1,20302104,28,22.0,0.8040564186152175,pert:random:0.05,0.04931865835408961,0.9952187978490639,0.9989566817174605,0.9960239526028022,0.6363636363636362,0.16769278225158124,-0.5638756044904757,1.1277512089809516,0.6374577645618774,0.16659865405334007,0.7249829200591831,0.2819378022452379,50700.04901262664,3622.490596667475,NaN,
WS(k=4;b=0.1),14,1,20302104,28,22.0,0.8040564186152175,pert:random:0.2,0.19998238135293417,0.9999998040651269,0.9926502835317803,0.9787547955416164,0.636363636363636,0.16769278225158146,-0.5638756044904757,1.208304866765305,0.6374577645618774,0.16659865405334007,0.7249829200591831,0.2819378022452379,813328.6395369787,58112.077722646216,NaN,
WS(k=4;b=0.1),14,1,20302104,28,22.0,0.8040564186152175,pert:random:0.5,0.47972792902724337,0.9997924096254693,0.9881337704260778,0.9656062318646779,0.6363636363636364,0.16769278225158113,-0.5638756044904757,1.248581695657482,0.634811768636078,0.16924464997913946,0.5638756044904756,0.2819378022452379,5.106842830706462e6,364882.16199045273,NaN,
WS(k=4;b=0.1),14,1,20302104,28,22.0,0.8040564186152175,fit:triangle:mse,0.6428141264398092,0.9900240640937984,0.9870042364692231,0.9973415263899431,0.5938044110992108,0.2102520075160067,-0.40276828892176836,1.0069207223044208,0.6413833493755088,0.1626730692397087,0.24166097335306103,0.24166097335306103,914432.0597780636,65853.80831571636,0.6428141264398092,6.07226;0.51423;0.26879;0.255405
WS(k=4;b=0.1),14,1,20302104,28,22.0,0.8040564186152175,fit:triangle:wgt,0.7861923836475723,0.9396308668465283,0.9476674393993797,0.9739430929121151,0.43414256339492235,0.36991385522029513,0.6444292622748294,0.966643893412244,0.663536948056385,0.14051947055883252,-0.24166097335306103,0.20138414446088415,142.2062687649683,10.98636409647459,0.9352296131323139,0.05;0.675279;0.188859;0.210253
WS(k=4;b=0.1),14,1,20302104,28,22.0,0.8040564186152175,fit:normal:mse,0.5495033934413187,0.9999454835166677,0.9980706816569711,0.9738838325704978,0.6363636363636364,0.16769278225158113,-0.5638756044904757,-0.32221463113741466,0.6363636363636366,0.1676927822515809,-1.6110731556870734,0.36249146002959154,2399.6971150577156,174.1108679154331,0.5495033934413187,14.3278;4.4049;5.16759
WS(k=4;b=0.1),14,1,20302104,28,22.0,0.8040564186152175,fit:normal:wgt,0.9950091854581664,0.973590912609083,0.9812709170458598,0.9940250308994827,0.6363636363636364,0.16769278225158113,-0.5638756044904757,-0.32221463113741466,0.6341524678495213,0.1699039507656962,1.0471975511965976,0.36249146002959154,4.736326869956317e7,3.497679821982071e6,0.9688040041253072,10.8256;72.2019;0.0110696
WS(k=4;b=0.1),14,1,20302104,28,22.0,0.8040564186152175,paper:empP,0.9999963978453769,0.9999989907949808,0.9999979884865255,0.9999989531066824,0.7992572480333309,0.004799170581886614,0.4027682889217683,0.0805536577843537,0.6349636333299714,0.16909278528524607,1.2083048667653051,0.4027682889217683,9.813686260681413e6,472707.0568207564,NaN,
WS(k=4;b=0.1),14,1,20302104,28,22.0,0.8040564186152175,paper:binP,0.9999963978453769,0.9999989907949808,0.9999979884865255,0.9999989531066824,0.7892547918913251,0.014801626723892403,0.4027682889217683,0.12083048667653051,0.6369726901906465,0.16708372842457098,0.0,0.24166097335306103,26095.294880358048,1189.1487602678808,NaN,
WS(k=4;b=0.1),14,2,20302105,28,21.0,0.8344771397446605,exactN,0.0,0.0,0.0,0.0,0.7999211806894527,0.03455595905520781,0.0,0.0,0.7866682318703724,0.047808907874288153,0.0,0.0,16.328990056797114,0.968887617508806,NaN,
WS(k=4;b=0.1),14,2,20302105,28,21.0,0.8344771397446605,pert:lowd:0.01,0.009999493510683391,0.9832705552915959,0.9945708850340207,0.863405622032039,0.6666666666666666,0.1678104730779939,-0.5638756044904757,-0.28193780224523785,0.6846982663511522,0.14977887339350837,0.4833219467061223,0.2013841444608842,57604.74277486435,4116.000620280455,NaN,
WS(k=4;b=0.1),14,2,20302105,28,21.0,0.8344771397446605,pert:lowd:0.05,0.04993745478135194,0.9988146182858786,0.999904349746741,0.9365193225946503,0.6666666666666666,0.1678104730779939,-0.5638756044904757,-0.28193780224523785,0.6846982663511522,0.14977887339350837,0.4833219467061223,0.2013841444608842,1.404421267589111e6,100349.78337180949,NaN,
WS(k=4;b=0.1),14,2,20302105,28,21.0,0.8344771397446605,pert:lowd:0.2,0.19611368081743766,0.9997324470281825,0.9999949045141387,0.9482031344301034,0.6666666666666666,0.1678104730779939,-0.5638756044904757,-0.28193780224523785,0.6666666666666673,0.16781047307799324,1.6110731556870734,0.04027682889217682,2.2364446376078285e7,1.5980028375433462e6,NaN,
WS(k=4;b=0.1),14,2,20302105,28,21.0,0.8344771397446605,pert:lowd:0.5,0.4472019555964878,0.999837721914227,0.9999782389370718,0.950433126211511,0.6666666666666666,0.1678104730779939,-0.5638756044904757,-0.28193780224523785,0.6666666666666673,0.16781047307799324,1.6110731556870734,0.04027682889217682,1.3964511146880487e8,9.9780391141389e6,NaN,
WS(k=4;b=0.1),14,2,20302105,28,21.0,0.8344771397446605,pert:highd:0.01,0.005070548916387484,0.034361716901848825,0.0028651381118796533,0.012249797403060899,0.6666666666666669,0.16781047307799368,-0.5638756044904757,0.5235987755982989,0.7866682318703724,0.047808907874288153,0.0,0.0,22.97106946823209,1.6409124434194147,NaN,
WS(k=4;b=0.1),14,2,20302105,28,21.0,0.8344771397446605,pert:highd:0.05,0.02451013859832495,0.1711541878856469,0.0143100804847031,0.061898278040866,0.6666666666666669,0.16781047307799368,-0.5638756044904757,0.5235987755982989,0.7866682318703724,0.047808907874288153,0.0,0.0,81.66787297174213,5.834582024917893,NaN,
WS(k=4;b=0.1),14,2,20302105,28,21.0,0.8344771397446605,pert:highd:0.2,0.08695219432882716,0.5861126379474209,0.0569415942469417,0.2518464689455947,0.6666666666666669,0.16781047307799368,-0.5638756044904757,0.5235987755982989,0.7775947389117035,0.056882400832957036,0.08055365778435375,0.0,626.8593763456998,44.78862521698436,NaN,
WS(k=4;b=0.1),14,2,20302105,28,21.0,0.8344771397446605,pert:highd:0.5,0.17606548068988723,0.8917143912565216,0.14014003549096768,0.5850191372168673,0.6666666666666669,0.16781047307799368,-0.5638756044904757,0.483321946706122,0.7956433280252017,0.03883381171945888,0.0,-0.0805536577843537,3257.0878631579076,232.72304862902485,NaN,
WS(k=4;b=0.1),14,2,20302105,28,21.0,0.8344771397446605,pert:nulled:0.01,0.006186648067292441,0.06372833721611455,0.0007609229185699592,0.0021970377348678725,0.6666666666666666,0.1678104730779939,-0.5638756044904757,1.2888585245496587,0.7866682318703724,0.047808907874288153,0.0,0.0,34.87169169334616,2.491143266481712,NaN,
WS(k=4;b=0.1),14,2,20302105,28,21.0,0.8344771397446605,pert:nulled:0.05,0.029989352070642784,0.30451434152255313,0.0038039690740743113,0.010956314770943963,0.6666666666666666,0.1678104730779939,-0.5638756044904757,1.2888585245496587,0.7866682318703724,0.047808907874288153,0.0,0.0,211.97932328143446,15.145193269092287,NaN,
WS(k=4;b=0.1),14,2,20302105,28,21.0,0.8344771397446605,pert:nulled:0.2,0.10721884433084769,0.7891703443154352,0.015204949166714023,0.04336853055769936,0.6666666666666666,0.1678104730779939,-0.5638756044904757,1.2888585245496587,0.7673091064535097,0.06716803329115084,0.08055365778435375,0.04027682889217682,2210.2302653462934,157.922927126625,NaN,
WS(k=4;b=0.1),14,2,20302105,28,21.0,0.8344771397446605,pert:nulled:0.5,0.2187127355350886,0.9556122688658957,0.03794311354038605,0.1058909574794327,0.6666666666666666,0.1678104730779939,-0.5638756044904757,1.2888585245496587,0.7673091064535097,0.06716803329115084,0.08055365778435375,0.04027682889217682,12526.140524468507,895.0180880678419,NaN,
WS(k=4;b=0.1),14,2,20302105,28,21.0,0.8344771397446605,pert:random:0.01,0.00953134378327954,0.8719563084629353,0.8564522198091236,0.5600115503034436,0.6666666666666666,0.1678104730779939,-0.5638756044904757,1.2888585245496587,0.7189991245675028,0.11547801517715772,0.3222146311374148,0.12083048667653046,3590.8298479293767,256.56950795061385,NaN,
WS(k=4;b=0.1),14,2,20302105,28,21.0,0.8344771397446605,pert:random:0.05,0.048206231590147135,0.9922103678793898,0.9870173123120237,0.8734713679268923,0.6666666666666666,0.1678104730779939,-0.5638756044904757,1.2888585245496587,0.6935490930392803,0.14092804670538028,0.5638756044904756,0.16110731556870733,81026.23286310295,5789.528575353023,NaN,
WS(k=4;b=0.1),14,2,20302105,28,21.0,0.8344771397446605,pert:random:0.2,0.19863426377143167,0.9990414788403256,0.9967976488284997,0.9333731623759562,0.6666666666666666,0.1678104730779939,-0.5638756044904757,1.2888585245496587,0.6666666666666672,0.16781047307799335,1.6110731556870734,0.0,1.2709841858042527e6,90815.32983541142,NaN,
WS(k=4;b=0.1),14,2,20302105,28,21.0,0.8344771397446605,pert:random:0.5,0.49045438565370325,0.9996229586987331,0.9979759584668498,0.9438724460284971,0.6666666666666666,0.1678104730779939,-0.5638756044904757,1.2888585245496587,0.6666666666666672,0.16781047307799335,1.6110731556870734,0.0,7.9120457362698335e6,565337.9022585251,NaN,
WS(k=4;b=0.1),14,2,20302105,28,21.0,0.8344771397446605,fit:triangle:mse,0.6625868419161531,0.9880224456560188,0.9791284604230613,0.9953345955165581,0.5780145076853314,0.2564626320593292,-0.24166097335306103,1.0471975511965976,0.6508686952240372,0.1836084445206233,0.3222146311374148,0.28193780224523785,5080.948551299692,369.21444950058907,0.6625868419161531,0.459216;0.725468;0.169831;0.459284
WS(k=4;b=0.1),14,2,20302105,28,21.0,0.8344771397446605,fit:triangle:wgt,0.902581691401696,0.9359036715443918,0.9335992979259583,0.9627331681530898,0.5155166752831991,0.3189604644614614,1.208304866765305,0.9666438934122439,0.6770023363534851,0.15747480339117548,0.9666438934122439,-0.28193780224523785,117.93447760220396,9.306491547651571,0.9313841963990962,0.05;0.513741;0.48;0.187956
WS(k=4;b=0.1),14,2,20302105,28,21.0,0.8344771397446605,fit:normal:mse,0.5800445138584631,0.999997992495126,0.996865953153213,0.9877080141549145,0.6666666666666666,0.1678104730779939,-0.5638756044904757,-0.28193780224523785,0.6666666666666669,0.16781047307799368,-1.5305194979027197,0.40276828892176836,1360.8941041860223,100.26176894125071,0.5800445138584631,14.4097;4.13765;5.12249
WS(k=4;b=0.1),14,2,20302105,28,21.0,0.8344771397446605,fit:normal:wgt,0.9954222507831121,0.9739080754167316,0.9653844240758639,0.99092923167449,0.6666666666666666,0.1678104730779939,-0.5638756044904757,-0.28193780224523785,0.6636916417164375,0.17078549802822307,1.2083048667653051,0.40276828892176836,5.272048154082414e7,3.9099081593394163e6,0.9692080708698104,10.837;60.5904;0.01
WS(k=4;b=0.1),14,2,20302105,28,21.0,0.8344771397446605,paper:empP,0.9999992617330443,0.999999909574319,0.9999997484076877,0.9999999070016685,0.8265025661638183,0.007974573580842192,0.4027682889217683,0.12083048667653051,0.6474323490441294,0.18704479070053115,0.7249829200591831,0.3624914600295915,6.523490026020361e6,320809.77879309584,NaN,
WS(k=4;b=0.1),14,2,20302105,28,21.0,0.8344771397446605,paper:binP,0.9999992617330443,0.999999909574319,0.9999997484076877,0.9999999070016685,0.8142403742642088,0.020236765480451724,0.4027682889217683,0.16110731556870733,0.641860414592669,0.19261672515199157,0.08055365778435375,0.28193780224523785,26095.294880358048,1189.1487602678808,NaN,
WS(k=4;b=0.1),14,3,20302106,28,21.0,0.8282808392012782,exactN,0.0,0.0,0.0,0.0,0.8022953646468122,0.02598547455446598,0.0,0.0,0.8018028248516896,0.02647801434958852,0.0,0.0,16.377841273283444,0.9687599626882333,NaN,
WS(k=4;b=0.1),14,3,20302106,28,21.0,0.8282808392012782,pert:lowd:0.01,0.009999493051157245,0.9775689776327884,0.9618864425653687,0.9165821657315277,0.6666666666666666,0.16161417253461152,-0.5638756044904757,-0.32221463113741466,0.6969229222486393,0.13135791695263888,0.32221463113741455,0.20138414446088415,57780.33492683789,4128.925689855514,NaN,
WS(k=4;b=0.1),14,3,20302106,28,21.0,0.8282808392012782,pert:lowd:0.05,0.0499374433957513,0.9986195226929548,0.9903022669174039,0.9710777061640999,0.6666666666666666,0.16161417253461152,-0.5638756044904757,-0.32221463113741466,0.6752024305349261,0.15307840866635203,0.24166097335306103,0.24166097335306103,1.4087563673722292e6,100668.88532490375,NaN,
WS(k=4;b=0.1),14,3,20302106,28,21.0,0.8282808392012782,pert:lowd:0.2,0.196113508588544,0.999756655005318,0.9936436824814979,0.9786176227263891,0.6666666666666666,0.16161417253461152,-0.5638756044904757,-0.32221463113741466,0.6677502242046737,0.16053061499660448,1.53051949790272,0.16110731556870728,2.2433643860559516e7,1.603096394434008e6,NaN,
WS(k=4;b=0.1),14,3,20302106,28,21.0,0.8282808392012782,pert:lowd:0.5,0.44720113887526264,0.9998726915694042,0.9942300547794324,0.9800028719958142,0.6666666666666666,0.16161417253461152,-0.5638756044904757,-0.32221463113741466,0.6688697378652548,0.15941110133602332,1.4499658401183662,0.16110731556870728,1.4007739060675177e8,1.0009858751756983e7,NaN,
WS(k=4;b=0.1),14,3,20302106,28,21.0,0.8282808392012782,pert:highd:0.01,0.0050942109873530345,0.028815853681976686,0.004211405619072348,0.0067843401790876915,0.6666666666666669,0.1616141725346113,-0.5638756044904757,0.48332194670612205,0.8018028248516896,0.02647801434958852,0.0,0.0,22.986715172834252,1.6420636826179404,NaN,
WS(k=4;b=0.1),14,3,20302106,28,21.0,0.8282808392012782,pert:highd:0.05,0.024625780043545174,0.1436196324226058,0.02106174409666634,0.03401461262166451,0.6666666666666669,0.1616141725346113,-0.5638756044904757,0.48332194670612205,0.8018028248516896,0.02647801434958852,0.0,0.0,81.81674130982977,5.845537948261134,NaN,
WS(k=4;b=0.1),14,3,20302106,28,21.0,0.8282808392012782,pert:highd:0.2,0.087374684459837,0.5118174373611221,0.08410493820193655,0.136550069203807,0.6666666666666669,0.1616141725346113,-0.5638756044904757,0.48332194670612205,0.7937663341598932,0.03451450504138498,0.08055365778435375,0.0,628.5144469242043,44.91044482061653,NaN,
WS(k=4;b=0.1),14,3,20302106,28,21.0,0.8282808392012782,pert:highd:0.5,0.1769442241776746,0.8437661062795335,0.20711453513322745,0.33324754133278867,0.6666666666666669,0.1616141725346113,-0.5638756044904757,0.48332194670612205,0.7978873618332288,0.030393477368049315,0.08055365778435375,-0.040276828892176875,3266.5235257349377,233.41757718940133,NaN,
WS(k=4;b=0.1),14,3,20302106,28,21.0,0.8282808392012782,pert:nulled:0.01,0.0062093467452422274,0.0534485501311642,0.0007650123290448217,0.0017819954125896545,0.6666666666666666,0.16161417253461152,-0.5638756044904757,1.248581695657482,0.8018028248516896,0.02647801434958852,0.0,0.0,34.91123368481054,2.494053033325867,NaN,
WS(k=4;b=0.1),14,3,20302106,28,21.0,0.8282808392012782,pert:nulled:0.05,0.03010137889430291,0.2587338200486502,0.003824313643400986,0.00889951103817141,0.6666666666666666,0.16161417253461152,-0.5638756044904757,1.248581695657482,0.8018028248516896,0.02647801434958852,0.0,0.0,212.46693365070317,15.1810813876715,NaN,
WS(k=4;b=0.1),14,3,20302106,28,21.0,0.8282808392012782,pert:nulled:0.2,0.10763928198024415,0.7321464848909288,0.015284773037283518,0.035426103835086487,0.6666666666666666,0.16161417253461152,-0.5638756044904757,1.248581695657482,0.8018028248516896,0.02647801434958852,0.0,0.0,2216.529213002569,158.38656886631847,NaN,
WS(k=4;b=0.1),14,3,20302106,28,21.0,0.8282808392012782,pert:nulled:0.5,0.21960968360948582,0.9379418878823542,0.03813471405161527,0.08753759753285038,0.6666666666666666,0.16161417253461152,-0.5638756044904757,1.248581695657482,0.8131890216352798,0.015091817565998311,-0.08055365778435375,-0.040276828892176875,12563.630424505205,897.7776387439584,NaN,
WS(k=4;b=0.1),14,3,20302106,28,21.0,0.8282808392012782,pert:random:0.01,0.009969060837592534,0.9576093695144603,0.20762896248711477,0.2001677765319096,0.6666666666666666,0.16161417253461152,-0.5638756044904757,1.248581695657482,0.7680317318921527,0.06024910730912547,0.24166097335306103,0.04027682889217682,21895.11830571636,1564.6314791533862,NaN,
WS(k=4;b=0.1),14,3,20302106,28,21.0,0.8282808392012782,pert:random:0.05,0.04996262262835467,0.9987503596249522,0.6730492821689728,0.6843859998553328,0.6666666666666666,0.16161417253461152,-0.5638756044904757,1.248581695657482,0.7416415308551699,0.08663930834610822,0.48332194670612205,0.04027682889217682,569748.0176656892,40713.99604043221,NaN,
WS(k=4;b=0.1),14,3,20302106,28,21.0,0.8282808392012782,pert:random:0.2,0.1987594060259225,0.9999954457382351,0.9214741580181113,0.9446325830877745,0.6666666666666666,0.16161417253461152,-0.5638756044904757,1.248581695657482,0.6748077568211267,0.15347308238015145,1.2888585245496587,-0.040276828892176875,9.183876462719366e6,656275.563831708,NaN,
WS(k=4;b=0.1),14,3,20302106,28,21.0,0.8282808392012782,pert:random:0.5,0.46212378182999797,0.9999796082638752,0.9614323595759026,0.9798653077275165,0.6666666666666666,0.16161417253461152,-0.5638756044904757,1.248581695657482,0.6695072127423471,0.158773626458931,1.4499658401183662,-0.040276828892176875,5.748430211708148e7,4.107800307929167e6,NaN,
WS(k=4;b=0.1),14,3,20302106,28,21.0,0.8282808392012782,fit:triangle:mse,0.6671053796141765,0.9928139058971618,0.9921874476240936,0.9952880151965221,0.5771745298445152,0.2511063093567629,-0.24166097335306103,1.0069207223044208,0.6372543497053028,0.19102648949597534,0.48332194670612205,0.32221463113741466,52886.42806780348,3841.6553203625563,0.6671053796141765,1.45311;0.514962;0.273209;0.249389
WS(k=4;b=0.1),14,3,20302106,28,21.0,0.8282808392012782,fit:triangle:wgt,0.8516300912044407,0.9597836075475904,0.9712529855411918,0.9762789521351113,0.4634600922476662,0.36482074695361194,0.8860902356278905,0.966643893412244,0.6732133671089249,0.15506747209235328,1.208304866765305,-0.24166097335306103,129.8616286965476,10.129392264740883,0.9564121422214052,0.05;0.80757;0.181847;0.343666
WS(k=4;b=0.1),14,3,20302106,28,21.0,0.8282808392012782,fit:normal:mse,0.5900364073165933,0.9999964901087564,0.9999729053833822,0.9984549600480154,0.6666666666666666,0.16161417253461152,-0.5638756044904757,-0.32221463113741466,0.6666666666666669,0.1616141725346113,-1.3694121823340124,0.4430451178139452,1991.9564752843278,148.36103299928092,0.5900364073165933,14.5166;4.28057;5.4282
WS(k=4;b=0.1),14,3,20302106,28,21.0,0.8282808392012782,fit:normal:wgt,0.9998889283355445,0.9862266108235183,0.9965313376114054,0.9984814023015962,0.6676131018324483,0.1606677373688299,2.174948760177549,-0.28193780224523785,0.6086370453346058,0.21964379386667232,0.5638756044904756,0.4027682889217683,2.8619775138629094e7,2.141092002558484e6,0.9830663613038418,6.13598;153.124;0.01
WS(k=4;b=0.1),14,3,20302106,28,21.0,0.8282808392012782,paper:empP,0.9999992783439788,0.9999999310764,0.9999998600978733,0.9999998998096994,0.8177320582378601,0.010548780963418047,0.32221463113741466,0.0805536577843537,0.6499891695846829,0.17829166961659526,0.9666438934122441,0.4027682889217683,2.4400515994779533e6,122759.465755313,NaN,
WS(k=4;b=0.1),14,3,20302106,28,21.0,0.8282808392012782,paper:binP,0.9999992783439788,0.9999999310764,0.9999998600978733,0.9999998998096994,0.803063196893258,0.02521764230802015,0.4027682889217683,0.12083048667653051,0.6225056392721061,0.20577519992917204,0.24166097335306103,0.32221463113741466,26095.294880358048,1189.1487602678808,NaN,
WS(k=4;b=0.1),14,4,20302107,28,21.0,0.8365967943051332,exactN,0.0,0.0,0.0,0.0,0.8067139898042742,0.029882804500859006,0.0,0.0,0.7984601493754065,0.03813664492972668,0.0,0.0,16.352647712458904,0.9611337382849833,NaN,
WS(k=4;b=0.1),14,4,20302107,28,21.0,0.8365967943051332,pert:lowd:0.01,0.00999949150711011,0.9825769061837671,0.9607761164295688,0.858025814861286,0.6666666666666666,0.1699301276384666,-0.5638756044904757,-0.32221463113741466,0.6847652530882111,0.1518315412169221,0.6444292622748291,0.2013841444608842,57606.205809031664,4116.005848537776,NaN,
WS(k=4;b=0.1),14,4,20302107,28,21.0,0.8365967943051332,pert:lowd:0.05,0.04993740516935225,0.998670460774652,0.9858024197830522,0.9325323027048884,0.6666666666666666,0.1699301276384666,-0.5638756044904757,-0.32221463113741466,0.6778057799004626,0.15879101440467058,0.8860902356278904,0.2013841444608842,1.4044573911494752e6,100349.91271030981,NaN,
WS(k=4;b=0.1),14,4,20302107,28,21.0,0.8365967943051332,pert:lowd:0.2,0.19611293042914626,0.9996665710884012,0.9892042243037626,0.9445697827831571,0.6666666666666666,0.1699301276384666,-0.5638756044904757,-0.32221463113741466,0.7319662846763995,0.10463050962873377,-1.1277512089809516,0.16110731556870733,2.2365022996162657e7,1.5980049028555537e6,NaN,
WS(k=4;b=0.1),14,4,20302107,28,21.0,0.8365967943051332,pert:lowd:0.5,0.4471983972943093,0.9997863920718704,0.9898315391565145,0.9468736360940069,0.6666666666666666,0.1699301276384666,-0.5638756044904757,-0.32221463113741466,0.6666666666666669,0.16993012763846638,-1.4499658401183662,0.6847060911670062,1.396487136482304e8,9.978052017210454e6,NaN,
WS(k=4;b=0.1),14,4,20302107,28,21.0,0.8365967943051332,pert:highd:0.01,0.0050692151020593785,0.03410084121089523,0.005145113475331126,0.01216879810306453,0.6666666666666669,0.16993012763846638,-0.5638756044904757,0.48332194670612205,0.7984601493754065,0.03813664492972668,0.0,0.0,22.971199056772452,1.6409128517674108,NaN,
WS(k=4;b=0.1),14,4,20302107,28,21.0,0.8365967943051332,pert:highd:0.05,0.024503620562114047,0.16999401824484447,0.02574091440044946,0.06153119561626192,0.6666666666666669,0.16993012763846638,-0.5638756044904757,0.48332194670612205,0.7984601493754065,0.03813664492972668,0.0,0.0,81.66910955704553,5.834586175289328,NaN,
WS(k=4;b=0.1),14,4,20302107,28,21.0,0.8365967943051332,pert:highd:0.2,0.0869283868860286,0.5843665301987068,0.10280479812330498,0.2510644209347653,0.6666666666666669,0.16993012763846638,-0.5638756044904757,0.48332194670612205,0.780232988938273,0.05636380536686025,0.16110731556870728,0.0,626.8731523259382,44.78867344794195,NaN,
WS(k=4;b=0.1),14,4,20302107,28,21.0,0.8365967943051332,pert:highd:0.5,0.17601597462951518,0.8919119076915369,0.25179026824482176,0.586124898606579,0.6666666666666669,0.16993012763846638,-0.5638756044904757,0.48332194670612205,0.8063773296210367,0.03021946468409653,0.0,-0.0805536577843537,3257.166451303628,232.72332735377822,NaN,
WS(k=4;b=0.1),14,4,20302107,28,21.0,0.8365967943051332,pert:nulled:0.01,0.006190622761400524,0.06325795032429839,0.0009332261121304727,0.002181441840650954,0.6666666666666666,0.1699301276384666,-0.5638756044904757,1.248581695657482,0.7984601493754065,0.03813664492972668,0.0,0.0,34.872019569381266,2.4911443254912458,NaN,
WS(k=4;b=0.1),14,4,20302107,28,21.0,0.8365967943051332,pert:nulled:0.05,0.030008966793206523,0.30240400371057,0.0046645431028455265,0.010877382988266238,0.6666666666666666,0.1699301276384666,-0.5638756044904757,1.248581695657482,0.7706974980704059,0.06589929623472734,0.16110731556870728,0.04027682889217682,211.9833784059395,15.14520721780259,NaN,
WS(k=4;b=0.1),14,4,20302107,28,21.0,0.8365967943051332,pert:nulled:0.2,0.10729243844852775,0.7866326262474876,0.01863209540069084,0.043039575682395685,0.6666666666666666,0.1699301276384666,-0.5638756044904757,1.248581695657482,0.7706974980704059,0.06589929623472734,0.16110731556870728,0.04027682889217682,2210.2827220092563,157.92311272640575,NaN,
WS(k=4;b=0.1),14,4,20302107,28,21.0,0.8365967943051332,pert:nulled:0.5,0.21886969795278877,0.9547599865929184,0.04642342122541491,0.10501504248428024,0.6666666666666666,0.1699301276384666,-0.5638756044904757,1.248581695657482,0.7706974980704059,0.06589929623472734,0.16110731556870728,0.04027682889217682,12526.452846950628,895.0192010919912,NaN,
WS(k=4;b=0.1),14,4,20302107,28,21.0,0.8365967943051332,pert:random:0.01,0.009925942359430041,0.7119508514111551,0.6301701392851459,0.3944612573713825,0.6666666666666666,0.1699301276384666,-0.5638756044904757,1.248581695657482,0.7529058975745726,0.08369089673056063,0.32221463113741455,0.04027682889217682,834.1176737074252,59.59616207009289,NaN,
WS(k=4;b=0.1),14,4,20302107,28,21.0,0.8365967943051332,pert:random:0.05,0.04983260502732363,0.9805665500454169,0.9935298030902727,0.9811412001183599,0.6666666666666666,0.1699301276384666,-0.5638756044904757,-0.32221463113741466,0.7053832142903661,0.13121358001476713,0.7249829200591829,0.08055365778435364,19415.819474831616,1387.2933646296522,NaN,
WS(k=4;b=0.1),14,4,20302107,28,21.0,0.8365967943051332,pert:random:0.2,0.19952179821476013,0.9986169047722862,0.9954914085678389,0.980041434560013,0.6666666666666666,0.1699301276384666,-0.5638756044904757,-0.32221463113741466,0.48885637950263233,0.3477404148025009,-0.24166097335306103,0.483321946706122,323291.83702595526,23099.60306958294,NaN,
WS(k=4;b=0.1),14,4,20302107,28,21.0,0.8365967943051332,pert:random:0.5,0.4686409043750759,0.9997318206241975,0.990718923015127,0.962258276096726,0.6666666666666666,0.1699301276384666,-0.5638756044904757,-0.32221463113741466,0.49057695566903203,0.3460198386361012,-0.4027682889217685,0.483321946706122,2.0365613881980325e6,145514.655729279,NaN,
WS(k=4;b=0.1),14,4,20302107,28,21.0,0.8365967943051332,fit:triangle:mse,0.6428900942583348,0.988630876984109,0.9875301591572855,0.9951689089997899,0.5784719854002477,0.25812480890488554,-0.24166097335306103,1.0069207223044208,0.6555937233245869,0.18100307098054635,0.4027682889217683,0.28193780224523785,248408.1845320006,18040.08869137884,0.6428900942583348,3.15818;0.459078;0.319323;0.21921
WS(k=4;b=0.1),14,4,20302107,28,21.0,0.8365967943051332,fit:triangle:wgt,0.8962079573511379,0.9244881714427496,0.9392376703276483,0.9513815213598499,0.5191986547355449,0.3173981395695883,1.208304866765305,0.9263670645200671,0.6781785962433633,0.15841819806176993,1.0471975511965974,-0.28193780224523785,120.44587946928392,9.487776908057127,0.9196275372684188,0.05;0.690183;0.292409;0.284747
WS(k=4;b=0.1),14,4,20302107,28,21.0,0.8365967943051332,fit:normal:mse,0.5523140610655964,0.9999955638168045,0.9964274995235414,0.9915940188879329,0.6666666666666666,0.1699301276384666,-0.5638756044904757,-0.32221463113741466,0.6666666666666669,0.16993012763846638,-1.4499658401183662,0.3624914600295915,2098.674973569578,151.2586143079626,0.5523140610655964,14.3383;4.38156;4.81535
WS(k=4;b=0.1),14,4,20302107,28,21.0,0.8365967943051332,fit:normal:wgt,0.9988489241652482,0.974811969532578,0.982543169986462,0.9935140829738435,0.6666666666666659,0.16993012763846738,2.5777170490993173,-0.28193780224523785,0.6383827426148749,0.1982140516902583,0.8055365778435366,0.40276828892176836,4.361783138857657e7,3.2490068995635794e6,0.9701018050992621,9.14784;86.8273;0.01
WS(k=4;b=0.1),14,4,20302107,28,21.0,0.8365967943051332,paper:empP,0.9999992932759244,0.9999999304359749,0.9999998743751265,0.9999999342570473,0.8301638497722573,0.006432944532875906,0.4027682889217683,0.0805536577843537,0.646762835863697,0.18983395844143625,0.8055365778435366,0.3624914600295915,8.739807973862398e6,425961.26504374115,NaN,
WS(k=4;b=0.1),14,4,20302107,28,21.0,0.8365967943051332,paper:binP,0.9999992932759244,0.9999999304359749,0.9999998743751265,0.9999999342570473,0.8187360570157978,0.01786073728933546,0.4027682889217683,0.12083048667653051,0.6496280027440882,0.18696879156104507,0.16110731556870728,0.28193780224523785,26095.294880358048,1189.1487602678808,NaN,
WS(k=4;b=0.1),14,5,20302108,28,21.0,0.8319643640518732,exactN,0.0,0.0,0.0,0.0,0.7989019879481107,0.0330623761037625,0.0,0.0,0.790688721395627,0.04127564265624628,0.0,0.0,16.345621572895695,0.9712405977268269,NaN,
WS(k=4;b=0.1),14,5,20302108,28,21.0,0.8319643640518732,pert:lowd:0.01,0.009999492469535567,0.9784959835043596,0.9909657387805186,0.8653395817729714,0.6666666666666666,0.1652976973852066,-0.5638756044904757,-0.28193780224523785,0.6788498345467888,0.15311452950508442,0.7249829200591829,0.2013841444608842,57781.332825364916,4128.933284087493,NaN,
WS(k=4;b=0.1),14,5,20302108,28,21.0,0.8319643640518732,pert:lowd:0.05,0.04993742899092614,0.9986015417287089,0.999644512715122,0.9494897702310542,0.6666666666666666,0.1652976973852066,-0.5638756044904757,-0.28193780224523785,0.6763362804331934,0.15562808361867986,0.8860902356278904,0.2013841444608842,1.408781009040268e6,100669.07319204776,NaN,
WS(k=4;b=0.1),14,5,20302108,28,21.0,0.8319643640518732,pert:lowd:0.2,0.19611329070531036,0.9997276599655235,0.9999801794800467,0.9619931438651695,0.6666666666666666,0.1652976973852066,-0.5638756044904757,-0.28193780224523785,0.6666666666666666,0.1652976973852066,-1.4499658401183662,0.6444292622748293,2.2434037209862716e7,1.6030993943423457e6,NaN,
WS(k=4;b=0.1),14,5,20302108,28,21.0,0.8319643640518732,pert:lowd:0.5,0.4472001056757698,0.9998482454623793,0.9999975331345584,0.9643195653838857,0.6666666666666666,0.1652976973852066,-0.5638756044904757,-0.28193780224523785,0.666666666666667,0.16529769738520628,-1.4499658401183662,0.6847060911670062,1.4007984789316505e8,1.0009877493726637e7,NaN,
WS(k=4;b=0.1),14,5,20302108,28,21.0,0.8319643640518732,pert:highd:0.01,0.0050939367762880315,0.029720010507230568,0.0023978917454060313,0.010269305690090933,0.6666666666666669,0.1652976973852064,-0.5638756044904757,0.5235987755982989,0.790688721395627,0.04127564265624628,0.0,0.0,22.986802966096707,1.642064276129297,NaN,
WS(k=4;b=0.1),14,5,20302108,28,21.0,0.8319643640518732,pert:highd:0.05,0.02462443980326419,0.14821151684416478,0.011981075619724004,0.05173335911832182,0.6666666666666669,0.1652976973852064,-0.5638756044904757,0.5235987755982989,0.790688721395627,0.04127564265624628,0.0,0.0,81.81758182957306,5.845543978646606,NaN,
WS(k=4;b=0.1),14,5,20302108,28,21.0,0.8319643640518732,pert:highd:0.2,0.0873697868275006,0.5258296788253142,0.04776015308613531,0.2095502877247201,0.6666666666666669,0.1652976973852064,-0.5638756044904757,0.483321946706122,0.7988287266810529,0.03313563737082037,0.0,-0.04027682889217682,628.5238323046432,44.91051488458882,NaN,
WS(k=4;b=0.1),14,5,20302108,28,21.0,0.8319643640518732,pert:highd:0.5,0.1769340353202904,0.8549863567421124,0.11814242241523078,0.49858393544880836,0.6666666666666669,0.1652976973852064,-0.5638756044904757,0.5235987755982989,0.802042107608907,0.0299222564429662,0.0,-0.0805536577843537,3266.577105693365,233.41798206148428,NaN,
WS(k=4;b=0.1),14,5,20302108,28,21.0,0.8319643640518732,pert:nulled:0.01,0.006206130688810861,0.05513593646388259,0.0006362313040391605,0.001850005901483826,0.6666666666666666,0.1652976973852066,-0.5638756044904757,1.2888585245496587,0.790688721395627,0.04127564265624628,0.0,0.0,34.91145609446629,2.4940545723393335,NaN,
WS(k=4;b=0.1),14,5,20302108,28,21.0,0.8319643640518732,pert:nulled:0.05,0.03008550476390171,0.2663780542830019,0.003180834242092419,0.009232812638204618,0.6666666666666666,0.1652976973852066,-0.5638756044904757,1.2888585245496587,0.790688721395627,0.04127564265624628,0.0,0.0,212.46969364362826,15.18110165235413,NaN,
WS(k=4;b=0.1),14,5,20302108,28,21.0,0.8319643640518732,pert:nulled:0.2,0.10757968926404737,0.7427897673250528,0.012717772363268898,0.03665775183367804,0.6666666666666666,0.1652976973852066,-0.5638756044904757,1.2888585245496587,0.782260424647718,0.049703939404155295,0.08055365778435353,0.0,2216.564972143966,158.38683846927844,NaN,
WS(k=4;b=0.1),14,5,20302108,28,21.0,0.8319643640518732,pert:nulled:0.5,0.21948251592166632,0.9414999736198072,0.03175799843602484,0.09011096271650378,0.6666666666666666,0.1652976973852066,-0.5638756044904757,1.2888585245496587,0.7622592947029235,0.06970506934894971,0.16110731556870728,0.04027682889217682,12563.84341820718,897.779255472506,NaN,
WS(k=4;b=0.1),14,5,20302108,28,21.0,0.8319643640518732,pert:random:0.01,0.00955760688335923,0.904516974730006,0.6462251079810081,0.3751504955655075,0.6666666666666666,0.1652976973852066,-0.5638756044904757,1.2888585245496587,0.7338297904435341,0.0981345736083391,0.32221463113741455,0.08055365778435364,10727.712928389843,766.5733068501263,NaN,
WS(k=4;b=0.1),14,5,20302108,28,21.0,0.8319643640518732,pert:random:0.05,0.04720040208817902,0.994141228391951,0.9569559031537411,0.8178432242367278,0.6666666666666666,0.1652976973852066,-0.5638756044904757,1.2888585245496587,0.6902734306665704,0.1416909333853028,0.6444292622748291,0.16110731556870733,252915.22494646953,18072.855273523768,NaN,
WS(k=4;b=0.1),14,5,20302108,28,21.0,0.8319643640518732,pert:random:0.2,0.17845645912663727,0.9991721924181026,0.9905136795313991,0.9371772622949933,0.6666666666666666,0.1652976973852066,-0.5638756044904757,1.2888585245496587,0.6705888697699963,0.16137549428187692,0.8860902356278904,0.24166097335306097,4.001608804353683e6,285948.2521831922,NaN,
WS(k=4;b=0.1),14,5,20302108,28,21.0,0.8319643640518732,pert:random:0.5,0.38683092170772776,0.999632665373045,0.994447795783877,0.9562421760381887,0.6666666666666666,0.1652976973852066,-0.5638756044904757,1.2888585245496587,0.5965457857968601,0.2354185782550131,-0.3222146311374148,0.3222146311374147,2.495395053372323e7,1.7831682859034657e6,NaN,
WS(k=4;b=0.1),14,5,20302108,28,21.0,0.8319643640518732,fit:triangle:mse,0.6648021441050357,0.9927579273130415,0.9871877982463482,0.9972950756149936,0.5775545623527469,0.2544098016991263,-0.24166097335306103,1.0471975511965976,0.6488064505073827,0.1831579135444905,0.48332194670612183,0.28193780224523785,31638.201321074077,2298.1526944307793,0.6648021441050357,1.13861;0.541118;0.257186;0.272302
WS(k=4;b=0.1),14,5,20302108,28,21.0,0.8319643640518732,fit:triangle:wgt,0.8743506883911777,0.9566565558461202,0.9610201695554699,0.9769602264978824,0.4796278395686987,0.35233652448317454,0.966643893412244,1.0069207223044208,0.6732468615837678,0.15871750246810545,1.1277512089809512,-0.28193780224523785,126.71445287901652,9.894576667263594,0.9530638855646174,0.05;0.871039;0.171054;0.433575
WS(k=4;b=0.1),14,5,20302108,28,21.0,0.8319643640518732,fit:normal:mse,0.5835031805913331,0.9999949478837602,0.9971249827644753,0.9925571330453187,0.6666666666666666,0.1652976973852066,-0.5638756044904757,-0.28193780224523785,0.6666666666666669,0.1652976973852064,-1.4499658401183662,0.40276828892176836,1847.549162423307,135.5477554784469,0.5835031805913331,14.4248;4.27764;5.16389
WS(k=4;b=0.1),14,5,20302108,28,21.0,0.8319643640518732,fit:normal:wgt,0.995964730862308,0.9858466374176806,0.9942540246329041,0.9996081922265766,0.6666666666666666,0.1652976973852066,-0.5638756044904757,-0.28193780224523785,0.6666666666666666,0.1652976973852066,-1.4499658401183662,1.1680280378731283,5.263066298967112e7,3.8879641666303803e6,0.9822330169608555,10.8227;68.1915;0.01
WS(k=4;b=0.1),14,5,20302108,28,21.0,0.8319643640518732,paper:empP,0.9999992681298115,0.9999999332354399,0.9999998156894757,0.9999999334124449,0.8225736338071937,0.009390730244679513,0.32221463113741466,0.12083048667653051,0.6519913629388511,0.17997300111302217,0.8860902356278904,0.3624914600295915,3.2548135645912453e6,163633.5033964265,NaN,
WS(k=4;b=0.1),14,5,20302108,28,21.0,0.8319643640518732,paper:binP,0.9999992681298115,0.9999999332354399,0.9999998156894757,0.9999999334124449,0.8091873745276492,0.022776989524224023,0.4027682889217683,0.16110731556870733,0.6324009148282171,0.1995634492236561,0.16110731556870728,0.28193780224523785,26095.294880358048,1189.1487602678808,NaN,
WS(k=4;b=0.1),14,6,20302109,28,21.0,0.8282808392012782,exactN,0.0,0.0,0.0,0.0,0.7975222831304976,0.030758556070780596,0.0,0.0,0.8018028248516896,0.02647801434958852,0.0,0.0,16.35157867561551,0.9736589742546026,NaN,
WS(k=4;b=0.1),14,6,20302109,28,21.0,0.8282808392012782,pert:lowd:0.01,0.009999493051520212,0.9776936469315256,0.9912450362381073,0.9166713020993107,0.6666666666666666,0.16161417253461152,-0.5638756044904757,-0.28193780224523785,0.6947065579370142,0.13357428126426396,0.4027682889217683,0.20138414446088415,57781.80263520091,4129.048563736285,NaN,
WS(k=4;b=0.1),14,6,20302109,28,21.0,0.8282808392012782,pert:lowd:0.05,0.04993744340474283,0.9986237450135538,0.9997233828090181,0.9707430676085617,0.6666666666666666,0.16161417253461152,-0.5638756044904757,-0.28193780224523785,0.6749081878543784,0.1533726513468997,0.32221463113741455,0.24166097335306103,1.408792608051876e6,100671.9193711039,NaN,
WS(k=4;b=0.1),14,6,20302109,28,21.0,0.8282808392012782,pert:lowd:0.2,0.19611350872455324,0.9997562030095585,0.9999956143126767,0.9782596761063581,0.6666666666666666,0.16161417253461152,-0.5638756044904757,-0.28193780224523785,0.6666666666666666,0.16161417253461152,-1.3694121823340124,0.6847060911670061,2.243422235534558e7,1.6031448257707527e6,NaN,
WS(k=4;b=0.1),14,6,20302109,28,21.0,0.8282808392012782,pert:lowd:0.5,0.4472011395202229,0.9998720411414872,0.9999993374036541,0.9796429270630929,0.6666666666666666,0.16161417253461152,-0.5638756044904757,-0.28193780224523785,0.666666666666667,0.1616141725346112,-1.3694121823340124,0.724982920059183,1.4008100450405434e8,1.001016130585857e7,NaN,
WS(k=4;b=0.1),14,6,20302109,28,21.0,0.8282808392012782,pert:highd:0.01,0.005094615720023418,0.02891064008369317,0.002375500035041412,0.006848301837540915,0.6666666666666669,0.1616141725346113,-0.5638756044904757,0.5235987755982989,0.8018028248516896,0.02647801434958852,0.0,0.0,22.98684479860593,1.6420745253364366,NaN,
WS(k=4;b=0.1),14,6,20302109,28,21.0,0.8282808392012782,pert:highd:0.05,0.024627758229110137,0.14410633901637424,0.011869034186391686,0.0343377993841946,0.6666666666666669,0.1616141725346113,-0.5638756044904757,0.5235987755982989,0.8018028248516896,0.02647801434958852,0.0,0.0,81.8179799968516,5.845641603174987,NaN,
WS(k=4;b=0.1),14,6,20302109,28,21.0,0.8282808392012782,pert:highd:0.2,0.08738191338062427,0.5133689433004078,0.047311840987437154,0.13786747652065737,0.6666666666666669,0.1616141725346113,-0.5638756044904757,0.5235987755982989,0.793766334159893,0.0345145050413852,0.08055365778435375,0.0,628.5282600447408,44.91160106009236,NaN,
WS(k=4;b=0.1),14,6,20302109,28,21.0,0.8282808392012782,pert:highd:0.5,0.17695926305786133,0.8451028711993691,0.11703351264179583,0.33635310813576896,0.6666666666666669,0.1616141725346113,-0.5638756044904757,0.5235987755982989,0.7978873618332288,0.030393477368049315,0.08055365778435375,-0.040276828892176875,3266.6023503985243,233.42417588719297,NaN,
WS(k=4;b=0.1),14,6,20302109,28,21.0,0.8282808392012782,pert:nulled:0.01,0.0062095890515126,0.05362659929871781,0.0006303154474031945,0.0017986101486255472,0.6666666666666666,0.16161417253461152,-0.5638756044904757,1.2888585245496587,0.8018028248516896,0.02647801434958852,0.0,0.0,34.9115618328572,2.49408048611076,NaN,
WS(k=4;b=0.1),14,6,20302109,28,21.0,0.8282808392012782,pert:nulled:0.05,0.03010257491560404,0.2595569800065579,0.0031512393054100567,0.008982259431674872,0.6666666666666666,0.16161417253461152,-0.5638756044904757,1.2888585245496587,0.8018028248516896,0.02647801434958852,0.0,0.0,212.47099799658474,15.181421555006937,NaN,
WS(k=4;b=0.1),14,6,20302109,28,21.0,0.8282808392012782,pert:nulled:0.2,0.10764377216454402,0.7333911492522995,0.012599178385337329,0.03575182447303956,0.6666666666666666,0.16161417253461152,-0.5638756044904757,1.2888585245496587,0.8131890216352798,0.015091817565998311,-0.08055365778435375,-0.040276828892176875,2216.5818244708194,158.3909730868248,NaN,
WS(k=4;b=0.1),14,6,20302109,28,21.0,0.8282808392012782,pert:nulled:0.5,0.21961926588723643,0.9384140069979551,0.03146068649305116,0.08832131326688925,0.6666666666666666,0.16161417253461152,-0.5638756044904757,1.2888585245496587,0.8131890216352798,0.015091817565998311,-0.08055365778435375,-0.040276828892176875,12563.943723599452,897.8038670510474,NaN,
WS(k=4;b=0.1),14,6,20302109,28,21.0,0.8282808392012782,pert:random:0.01,0.009949143783648943,0.8614853004071904,0.9007325411306445,0.7339724387528994,0.6666666666666666,0.16161417253461152,-0.5638756044904757,-0.28193780224523785,0.7125502089350878,0.11573063026619035,0.4027682889217683,0.16110731556870728,6172.609192390739,441.0842403717425,NaN,
WS(k=4;b=0.1),14,6,20302109,28,21.0,0.8282808392012782,pert:random:0.05,0.049507488484170886,0.9915588586836931,0.9883691925870031,0.9340682926746086,0.6666666666666666,0.16161417253461152,-0.5638756044904757,-0.28193780224523785,0.5225962636569996,0.3056845755442785,-0.8055365778435367,0.5638756044904757,142780.5836326843,10203.029517841114,NaN,
WS(k=4;b=0.1),14,6,20302109,28,21.0,0.8282808392012782,pert:random:0.2,0.19198136255255022,0.9989997150624506,0.9957681712081784,0.9628442229407941,0.6666666666666666,0.16161417253461152,-0.5638756044904757,-0.28193780224523785,0.449872067302491,0.37840877189878713,-0.48332194670612205,0.5638756044904757,2.2506833995916955e6,160833.24281110047,NaN,
WS(k=4;b=0.1),14,6,20302109,28,21.0,0.8282808392012782,pert:random:0.5,0.4300174676705682,0.9996204020796335,0.9968171024460432,0.9677955018051883,0.6666666666666666,0.16161417253461152,-0.5638756044904757,-0.28193780224523785,0.4642269916847155,0.36405384751656267,-0.5638756044904757,0.5638756044904757,1.4024702824284028e7,1.0022022307264308e6,NaN,
WS(k=4;b=0.1),14,6,20302109,28,21.0,0.8282808392012782,fit:triangle:mse,0.6656212929340631,0.99337680623789,0.98789501580462,0.99554657981494,0.5771745298445152,0.2511063093567629,-0.24166097335306103,1.0471975511965976,0.6594178694057529,0.1688629697955253,0.5638756044904756,0.2819378022452378,850163.5622184023,61741.21904204706,0.6656212929340631,5.82802;0.332399;0.461558;0.166601
WS(k=4;b=0.1),14,6,20302109,28,21.0,0.8282808392012782,fit:triangle:wgt,0.9219606715347333,0.9597253890082725,0.9683304020862143,0.9790083707885964,0.5276034920141912,0.30067734718708694,1.2888585245496587,0.9666438934122439,0.6792992173482805,0.14898162185299768,1.0471975511965979,-0.24166097335306103,114.30835852066554,9.042274532427284,0.9561971731473438,0.05;0.690476;0.319782;0.306027
WS(k=4;b=0.1),14,6,20302109,28,21.0,0.8282808392012782,fit:normal:mse,0.5875496737683388,0.9999961134938803,0.9978909472476386,0.9989403808725158,0.6666666666666666,0.16161417253461152,-0.5638756044904757,-0.28193780224523785,0.6666666666666669,0.1616141725346113,-1.3694121823340124,0.4430451178139452,2089.3423222237607,154.37797505723202,0.5875496737683388,14.5007;4.31983;5.31314
WS(k=4;b=0.1),14,6,20302109,28,21.0,0.8282808392012782,fit:normal:wgt,0.9998954384331047,0.986326124109782,0.9916309774924744,0.9986986673585243,0.6676131018324483,0.1606677373688299,2.174948760177549,-0.24166097335306103,0.6086370453346058,0.21964379386667232,0.5638756044904756,0.4027682889217683,2.8239350556342527e7,2.1080644678913876e6,0.9831464952987589,6.13167;160.827;0.01
WS(k=4;b=0.1),14,6,20302109,28,21.0,0.8282808392012782,paper:empP,0.999999274045472,0.9999999363242189,0.999999819578724,0.9999999089635206,0.8170259212426929,0.011254917958585242,0.4027682889217683,0.12083048667653051,0.6463814874179622,0.18189935178331595,0.8055365778435366,0.36249146002959154,3.965086504211752e6,195185.6282933335,NaN,
WS(k=4;b=0.1),14,6,20302109,28,21.0,0.8282808392012782,paper:binP,0.999999274045472,0.9999999363242189,0.999999819578724,0.9999999089635206,0.803063196893258,0.02521764230802015,0.4027682889217683,0.16110731556870733,0.622505639272106,0.20577519992917215,0.24166097335306103,0.32221463113741466,26095.294880358048,1189.1487602678808,NaN,
WS(k=4;b=0.1),14,7,20302110,28,22.0,0.797332761686971,exactN,0.0,0.0,0.0,0.0,0.763663926231332,0.033668835455639035,0.0,0.0,0.761965051341096,0.035367710345874936,0.0,0.0,16.330407348584675,0.9688544359600244,NaN,
WS(k=4;b=0.1),14,7,20302110,28,22.0,0.797332761686971,pert:lowd:0.01,0.00999949252467476,0.9835180547132882,0.9937567948560012,0.8582545141016318,0.6363636363636364,0.16096912532333463,-0.5638756044904757,-0.28193780224523785,0.6585962225610588,0.13873653912591222,0.5638756044904758,0.2013841444608842,57603.88949423074,4115.915786254708,NaN,
WS(k=4;b=0.1),14,7,20302110,28,22.0,0.797332761686971,pert:lowd:0.05,0.049937430356256376,0.9987787880856324,0.9997807541751523,0.9322408278496089,0.6363636363636364,0.16096912532333463,-0.5638756044904757,-0.28193780224523785,0.6546892356657817,0.14264352602118924,0.7249829200591829,0.2013841444608842,1.4044002026211345e6,100347.68887573152,NaN,
WS(k=4;b=0.1),14,7,20302110,28,22.0,0.797332761686971,pert:lowd:0.2,0.19611331135607896,0.9997055864762273,0.9999927033678863,0.9442134892538289,0.6363636363636364,0.16096912532333463,-0.5638756044904757,-0.28193780224523785,0.639550332117595,0.15778242956937594,1.3694121823340124,0.12083048667653046,2.236411013773425e7,1.5979694046697961e6,NaN,
WS(k=4;b=0.1),14,7,20302110,28,22.0,0.797332761686971,pert:lowd:0.5,0.4472002036005988,0.9998151144218452,0.9999999218161497,0.9465062844366514,0.6363636363636364,0.16096912532333463,-0.5638756044904757,-0.28193780224523785,0.639550332117595,0.15778242956937594,1.3694121823340124,0.12083048667653046,1.3964301098058414e8,9.977830257508839e6,NaN,
WS(k=4;b=0.1),14,7,20302110,28,22.0,0.797332761686971,pert:highd:0.01,0.005073654631116335,0.034900262399742366,0.00284943706429599,0.012282728247494722,0.6363636363636365,0.16096912532333452,-0.5638756044904757,0.5235987755982989,0.761965051341096,0.035367710345874936,0.0,0.0,22.97099317060088,1.6409049009463978,NaN,
WS(k=4;b=0.1),14,7,20302110,28,22.0,0.797332761686971,pert:highd:0.05,0.024525315737917174,0.1739552378234515,0.014232388919134784,0.06209143378630471,0.6363636363636365,0.16096912532333452,-0.5638756044904757,0.5235987755982989,0.761965051341096,0.035367710345874936,0.0,0.0,81.66714823805744,5.8345101827375565,NaN,
WS(k=4;b=0.1),14,7,20302110,28,22.0,0.797332761686971,pert:highd:0.2,0.08700763198775283,0.5943147222703743,0.056643939188435855,0.25300278471085325,0.6363636363636365,0.16096912532333452,-0.5638756044904757,0.5235987755982989,0.7683861785988964,0.02894658308807463,0.0,-0.04027682889217682,626.8513287280317,44.78782590103422,NaN,
WS(k=4;b=0.1),14,7,20302110,28,22.0,0.797332761686971,pert:highd:0.5,0.1761807644687025,0.8974008925770546,0.13947001864285086,0.5884857875504715,0.6363636363636365,0.16096912532333452,-0.5638756044904757,0.5235987755982989,0.7701715458597534,0.027161215827217533,0.0,-0.0805536577843537,3257.0420006990885,232.71849060300545,NaN,
WS(k=4;b=0.1),14,7,20302110,28,22.0,0.797332761686971,pert:nulled:0.01,0.006186454537684551,0.06474190197443898,0.0007567006848517941,0.0022002495428694994,0.6363636363636364,0.16096912532333463,-0.5638756044904757,1.2888585245496587,0.761965051341096,0.035367710345874936,0.0,0.0,34.87149898921053,2.49112419638081,NaN,
WS(k=4;b=0.1),14,7,20302110,28,22.0,0.797332761686971,pert:nulled:0.05,0.029988397042149124,0.30892374933135064,0.0037829258969707498,0.010971214189578806,0.6363636363636364,0.16096912532333463,-0.5638756044904757,1.2888585245496587,0.7539646986590413,0.043368063027929726,0.08055365778435353,0.0,211.97695110729313,15.144957852429746,NaN,
WS(k=4;b=0.1),14,7,20302110,28,22.0,0.797332761686971,pert:nulled:0.2,0.10721526129686113,0.7938888133356443,0.015121815206263765,0.04341108103031991,0.6363636363636364,0.16096912532333463,-0.5638756044904757,1.2888585245496587,0.7361234401505231,0.06120932153644787,0.16110731556870728,0.04027682889217682,2210.1996468477796,157.91988446760445,NaN,
WS(k=4;b=0.1),14,7,20302110,28,22.0,0.797332761686971,pert:nulled:0.5,0.21870509403889785,0.9569332275472886,0.03774068486084659,0.10591722364394737,0.6363636363636364,0.16096912532333463,-0.5638756044904757,1.2888585245496587,0.7361234401505231,0.06120932153644787,0.16110731556870728,0.04027682889217682,12525.958329212483,894.9999764584385,NaN,
WS(k=4;b=0.1),14,7,20302110,28,22.0,0.797332761686971,pert:random:0.01,0.009891977351704082,0.9115679926742634,0.9817990627704767,0.9395457674766897,0.6363636363636362,0.16096912532333474,-0.5638756044904757,-0.16110731556870733,0.6408698157977801,0.15646294588919085,-0.7249829200591831,0.28193780224523785,4225.7422936800685,301.9370343999371,NaN,
WS(k=4;b=0.1),14,7,20302110,28,22.0,0.797332761686971,pert:random:0.05,0.04913408117069476,0.9970522224502093,0.9971408923592459,0.9873289772240429,0.6363636363636364,0.16096912532333463,-0.5638756044904757,-0.28193780224523785,0.5868735870710381,0.2104591746159329,-0.4027682889217685,0.3222146311374147,111968.48149446378,8000.4493231047745,NaN,
WS(k=4;b=0.1),14,7,20302110,28,22.0,0.797332761686971,pert:random:0.2,0.18935505969079303,0.9999767972847082,0.9921231152442876,0.9680121327609915,0.6363636363636364,0.16096912532333463,-0.5638756044904757,-0.28193780224523785,0.6037494440358359,0.19358331765113512,0.32221463113741455,0.3222146311374147,1.821670150095882e6,130162.86557008827,NaN,
WS(k=4;b=0.1),14,7,20302110,28,22.0,0.797332761686971,pert:random:0.5,0.42059288077610196,0.9999739669553425,0.990831036031416,0.9632414435948674,0.6363636363636364,0.16096912532333463,-0.5638756044904757,-0.28193780224523785,0.6363273746669794,0.16100538701999156,1.1277512089809512,0.3222146311374147,1.1423345495829837e7,816226.0053135664,NaN,
WS(k=4;b=0.1),14,7,20302110,28,22.0,0.797332761686971,fit:triangle:mse,0.6450911546699672,0.9802312104847583,0.9707053581104432,0.9929724877625736,0.5723765739496577,0.2249561877373133,-0.32221463113741466,1.0471975511965976,0.6273032132019775,0.17002954848499352,0.4027682889217683,0.28193780224523785,628.2737307759327,45.50713204538625,0.6450911546699672,0.16388;0.469731;0.30662;0.22954
WS(k=4;b=0.1),14,7,20302110,28,22.0,0.797332761686971,fit:triangle:wgt,0.792440999281624,0.9347357956442756,0.9242655435946598,0.9649335746678501,0.43309946636897967,0.3642332953179913,0.724982920059183,1.0069207223044208,0.6428332131440784,0.1544995485428926,0.08055365778435353,0.24166097335306097,129.83693483709968,10.093151840430346,0.9301278917927855,0.05;0.822855;0.152217;0.337718
WS(k=4;b=0.1),14,7,20302110,28,22.0,0.797332761686971,fit:normal:mse,0.5506830146955125,0.9999703896029558,0.9899516374287806,0.9924998811844159,0.6363636363636364,0.16096912532333463,-0.5638756044904757,-0.28193780224523785,0.6363636363636365,0.16096912532333452,-1.4499658401183662,0.40276828892176836,1903.0645860541733,137.59348883614769,0.5506830146955125,14.3137;4.32836;4.86517
WS(k=4;b=0.1),14,7,20302110,28,22.0,0.797332761686971,fit:normal:wgt,0.9952123530941857,0.9729095568234536,0.965093373193665,0.9906992085745444,0.6363636363636364,0.16096912532333463,-0.5638756044904757,-0.28193780224523785,0.6345390089683157,0.16279375271865526,1.2888585245496587,0.40276828892176836,5.277419036387624e7,3.902719099965484e6,0.9680808028041907,10.835;66.2803;0.01
WS(k=4;b=0.1),14,7,20302110,28,22.0,0.797332761686971,paper:empP,0.9999964018320532,0.999999194460911,0.9999980601356511,0.9999990446734146,0.7900676647530919,0.007265096933879112,0.4027682889217683,0.12083048667653051,0.633422904645295,0.16390985704167593,1.2888585245496587,0.4430451178139451,1.129405554326455e7,535204.4295760139,NaN,
WS(k=4;b=0.1),14,7,20302110,28,22.0,0.797332761686971,paper:binP,0.9999964018320532,0.999999194460911,0.9999980601356511,0.9999990446734146,0.7785369076582582,0.018795854028712755,0.4027682889217683,0.16110731556870733,0.6185919840445903,0.17874077764238072,0.16110731556870728,0.28193780224523785,26095.294880358048,1189.1487602678808,NaN,
WS(k=4;b=0.1),14,8,20302111,28,22.0,0.7960028235693645,exactN,0.0,0.0,0.0,0.0,0.7632934035570483,0.03270942001231614,0.0,0.0,0.7516270127869024,0.04437581078246211,0.0,0.0,16.28776235344732,0.966724638279972,NaN,
WS(k=4;b=0.1),14,8,20302111,28,22.0,0.7960028235693645,pert:lowd:0.01,0.009999492189824996,0.98356345134732,0.9935286067525024,0.8580341397946095,0.6363636363636364,0.15963918720572812,-0.5638756044904757,-0.28193780224523785,0.6508250295706987,0.14517779399866582,0.7249829200591831,0.2013841444608842,57606.34464306987,4116.087707082159,NaN,
WS(k=4;b=0.1),14,8,20302111,28,22.0,0.7960028235693645,pert:lowd:0.05,0.049937422065780585,0.9987678565910312,0.9997190161283737,0.931578253028534,0.6363636363636364,0.15963918720572812,-0.5638756044904757,-0.28193780224523785,0.6386358244139988,0.15736699915536567,1.3694121823340126,0.04027682889217682,1.4044608206038103e6,100351.93374147128,NaN,
WS(k=4;b=0.1),14,8,20302111,28,22.0,0.7960028235693645,pert:lowd:0.2,0.19611318596438432,0.9996979842321088,0.9999774130350544,0.9435105259003724,0.6363636363636364,0.15963918720572812,-0.5638756044904757,-0.28193780224523785,0.6363636363636355,0.159639187205729,1.6110731556870734,-0.0805536577843537,2.2365077743242156e7,1.5980371630567925e6,NaN,
WS(k=4;b=0.1),14,8,20302111,28,22.0,0.7960028235693645,pert:lowd:0.5,0.4471996090026986,0.9998087259429729,0.9999944777117208,0.9457975300920025,0.6363636363636364,0.15963918720572812,-0.5638756044904757,-0.28193780224523785,0.6363636363636374,0.15963918720572712,1.6110731556870734,-0.12083048667653051,1.3964905566223994e8,9.978253548096517e6,NaN,
WS(k=4;b=0.1),14,8,20302111,28,22.0,0.7960028235693645,pert:highd:0.01,0.005067509474534337,0.03503063486967414,0.002872612052854559,0.01237010251031398,0.6363636363636366,0.1596391872057279,-0.5638756044904757,0.5235987755982989,0.7516270127869024,0.04437581078246211,0.0,0.0,22.9712110181895,1.6409201301897476,NaN,
WS(k=4;b=0.1),14,8,20302111,28,22.0,0.7960028235693645,pert:highd:0.05,0.024495285654059312,0.17452496514473104,0.014348508219301078,0.06255006079787248,0.6363636363636366,0.1596391872057279,-0.5638756044904757,0.5235987755982989,0.7336305231736304,0.06237230039573405,0.08055365778435375,0.04027682889217682,81.6692252542656,5.8346555000961,NaN,
WS(k=4;b=0.1),14,8,20302111,28,22.0,0.7960028235693645,pert:highd:0.2,0.08689794414076635,0.5950608080744417,0.05711041991729244,0.2550416046101387,0.6363636363636366,0.1596391872057279,-0.5638756044904757,0.5235987755982989,0.7662263570478406,0.02977646652152388,-0.08055365778435353,-0.04027682889217682,626.8744534668409,44.789444737595325,NaN,
WS(k=4;b=0.1),14,8,20302111,28,22.0,0.7960028235693645,pert:highd:0.5,0.17595267264583137,0.897165388534825,0.14062716615635143,0.592860293009985,0.6363636363636366,0.1596391872057279,-0.5638756044904757,0.5235987755982989,0.7597179557997613,0.03628486776960316,0.0,-0.0805536577843537,3257.1738959159966,232.72772553004305,NaN,
WS(k=4;b=0.1),14,8,20302111,28,22.0,0.7960028235693645,pert:nulled:0.01,0.006186230261191653,0.06497136444091468,0.0007627728380647923,0.0022157822573935742,0.6363636363636364,0.15963918720572812,-0.5638756044904757,1.2888585245496587,0.7516270127869024,0.04437581078246211,0.0,0.0,34.87204999182402,2.491162727743697,NaN,
WS(k=4;b=0.1),14,8,20302111,28,22.0,0.7960028235693645,pert:nulled:0.05,0.02998729028658945,0.30987086915460266,0.003813312223483367,0.011048107450509765,0.6363636363636364,0.15963918720572812,-0.5638756044904757,1.2888585245496587,0.7516270127869024,0.04437581078246211,0.0,0.0,211.98375988700266,15.14543438233303,NaN,
WS(k=4;b=0.1),14,8,20302111,28,22.0,0.7960028235693645,pert:nulled:0.2,0.10721110904515133,0.7946958264531255,0.015243713284144289,0.043706760134067144,0.6363636363636364,0.15963918720572812,-0.5638756044904757,1.2888585245496587,0.7257615312937364,0.07024129227562803,0.16110731556870728,0.04027682889217682,2210.287688466249,157.92604868355028,NaN,
WS(k=4;b=0.1),14,8,20302111,28,22.0,0.7960028235693645,pert:nulled:0.5,0.21869623862976204,0.9570516348187659,0.03804682962377684,0.10659416428542128,0.6363636363636364,0.15963918720572812,-0.5638756044904757,1.2888585245496587,0.7257615312937364,0.07024129227562803,0.16110731556870728,0.04027682889217682,12526.48246575682,895.0366774799668,NaN,
WS(k=4;b=0.1),14,8,20302111,28,22.0,0.7960028235693645,pert:random:0.01,0.009860780413493196,0.935899672345429,0.9677780022412908,0.749830927376108,0.6363636363636364,0.15963918720572812,-0.5638756044904757,-0.28193780224523785,0.6526042418028531,0.14339858176651132,0.6444292622748293,0.2013841444608842,10642.759488518961,760.4410123435113,NaN,
WS(k=4;b=0.1),14,8,20302111,28,22.0,0.7960028235693645,pert:random:0.05,0.04959538684667154,0.9953204913800074,0.998288804446948,0.9120800095350867,0.6363636363636364,0.15963918720572812,-0.5638756044904757,-0.28193780224523785,0.5875430080335765,0.20845981553578796,-1.0471975511965976,0.40276828892176836,250852.88938730076,17923.985958020254,NaN,
WS(k=4;b=0.1),14,8,20302111,28,22.0,0.7960028235693645,pert:random:0.2,0.19994057831491252,0.9990018994101131,0.9997842883390647,0.9383560280723865,0.6363636363636364,0.15963918720572812,-0.5638756044904757,-0.28193780224523785,0.6365989016535191,0.1594039219158454,1.5305194979027197,0.0,3.968795936719792e6,283579.65727662144,NaN,
WS(k=4;b=0.1),14,8,20302111,28,22.0,0.7960028235693645,pert:random:0.5,0.47493585456852055,0.9994143876699059,0.9999127114192926,0.9432251141879054,0.6363636363636364,0.15963918720572812,-0.5638756044904757,-0.28193780224523785,0.6363636363636355,0.159639187205729,1.6110731556870734,-0.0805536577843537,2.4749100737652425e7,1.7683812104142557e6,NaN,
WS(k=4;b=0.1),14,8,20302111,28,22.0,0.7960028235693645,fit:triangle:mse,0.6461438739086294,0.987846727755139,0.9767871006124115,0.9939139001386234,0.5936207647366747,0.20238205883268978,-0.40276828892176836,1.0471975511965976,0.623758616108243,0.17224420746112146,0.3222146311374148,0.28193780224523785,54595.11217400293,3931.8896186840966,0.6461438739086294,1.50223;0.587508;0.226595;0.315159
WS(k=4;b=0.1),14,8,20302111,28,22.0,0.7960028235693645,fit:triangle:wgt,0.8393024905334078,0.9323866816810688,0.924361738313792,0.9618859943550928,0.45220801150462864,0.34379481206473583,0.8860902356278905,1.0069207223044208,0.6378557431554905,0.15814708041387393,1.3694121823340126,-0.24166097335306103,125.38340215679297,9.783532430833247,0.9276816149617364,0.05;0.460617;0.434318;0.15456
WS(k=4;b=0.1),14,8,20302111,28,22.0,0.7960028235693645,fit:normal:mse,0.5487734057049367,0.9999780909747141,0.9925602883655759,0.9903634984157352,0.6363636363636364,0.15963918720572812,-0.5638756044904757,-0.28193780224523785,0.6363636363636366,0.1596391872057279,-1.5305194979027197,0.40276828892176836,1693.0326494167723,123.04217511899144,0.5487734057049367,14.3456;4.26273;4.94668
WS(k=4;b=0.1),14,8,20302111,28,22.0,0.7960028235693645,fit:normal:wgt,0.994514036805279,0.9731849038587556,0.9642749039278778,0.9906029449367352,0.6363636363636364,0.15963918720572812,-0.5638756044904757,-0.28193780224523785,0.6363636363636364,0.15963918720572812,1.6110731556870734,1.1680280378731283,3.3222288604408935e7,2.4388122002061093e6,0.9683529175076487,11.2516;70.546;0.0164029
WS(k=4;b=0.1),14,8,20302111,28,22.0,0.7960028235693645,paper:empP,0.9999964137746477,0.9999991737273924,0.9999979112699866,0.9999989819008279,0.7770837412411017,0.018919082328262782,0.4027682889217683,0.16110731556870733,0.6343087033143047,0.1616941202550598,1.2888585245496589,0.4430451178139451,1.6054739751427544e7,755256.6356548434,NaN,
WS(k=4;b=0.1),14,8,20302111,28,22.0,0.7960028235693645,paper:binP,0.9999964137746477,0.9999991737273924,0.9999979112699866,0.9999989819008279,0.7770837412411017,0.018919082328262782,0.4027682889217683,0.16110731556870733,0.6154159782672043,0.18058684530216018,0.08055365778435375,0.28193780224523785,26095.294880358048,1189.1487602678808,NaN,
WS(k=4;b=0.1),14,9,20302112,28,20.0,0.8666133687183308,exactN,0.0,0.0,0.0,0.0,0.8361590642688952,0.030454304449435643,0.0,0.0,0.8377720784696215,0.028841290248709295,0.0,0.0,16.335831908765172,0.9742506866122993,NaN,
WS(k=4;b=0.1),14,9,20302112,28,20.0,0.8666133687183308,pert:lowd:0.01,0.009999492184606797,0.9758862484600874,0.9917267976422459,0.9154877632353512,0.7,0.16661336871833088,-0.5638756044904757,-0.28193780224523785,0.7254998419329508,0.14111352678538003,0.32221463113741455,0.20138414446088415,57594.580977566584,4115.668162700311,NaN,
WS(k=4;b=0.1),14,9,20302112,28,20.0,0.8666133687183308,pert:lowd:0.05,0.04993742193660156,0.998466223225364,0.999612188378107,0.9700843883891154,0.7,0.16661336871833088,-0.5638756044904757,-0.28193780224523785,0.7022078554985376,0.16440551321979324,1.4499658401183662,0.12083048667653046,1.404170384003495e6,100341.57569837956,NaN,
WS(k=4;b=0.1),14,9,20302112,28,20.0,0.8666133687183308,pert:lowd:0.2,0.19611318401062913,0.9997143428471627,0.9999611765183122,0.9777046601709207,0.7,0.16661336871833088,-0.5638756044904757,-0.28193780224523785,0.7008900998342114,0.16572326888411948,1.53051949790272,0.16110731556870728,2.2360441722748913e7,1.5978718260666882e6,NaN,
WS(k=4;b=0.1),14,9,20302112,28,20.0,0.8666133687183308,pert:lowd:0.5,0.44719959973819184,0.9998451752495715,0.9999874862996574,0.9791085477263781,0.7,0.16661336871833088,-0.5638756044904757,-0.28193780224523785,0.7008900998342114,0.16572326888411948,1.53051949790272,0.16110731556870728,1.3962009424054697e8,9.977220681532573e6,NaN,
WS(k=4;b=0.1),14,9,20302112,28,20.0,0.8666133687183308,pert:highd:0.01,0.005092374838053548,0.02787873740272709,0.002565919912775893,0.0068199270422458725,0.7000000000000002,0.16661336871833066,-0.5638756044904757,0.5235987755982989,0.8377720784696215,0.028841290248709295,0.0,0.0,22.970165009840947,1.6408827782509197,NaN,
WS(k=4;b=0.1),14,9,20302112,28,20.0,0.8666133687183308,pert:highd:0.05,0.02461680568927022,0.1392386032681285,0.012820512132227124,0.034206110096343,0.7000000000000002,0.16661336871833066,-0.5638756044904757,0.5235987755982989,0.8377720784696215,0.028841290248709295,0.0,0.0,81.65926255009622,5.834299957036037,NaN,
WS(k=4;b=0.1),14,9,20302112,28,20.0,0.8666133687183308,pert:highd:0.2,0.0873418900365966,0.5020735195264892,0.05109864419701991,0.13750502746377496,0.7000000000000002,0.16661336871833066,-0.5638756044904757,0.5235987755982989,0.8295129427493322,0.03710042596899865,0.08055365778435375,0.0,626.7636127137637,44.785490814866215,NaN,
WS(k=4;b=0.1),14,9,20302112,28,20.0,0.8666133687183308,pert:highd:0.5,0.17687600083053118,0.8405051269382162,0.1262946427529604,0.33627569469840524,0.7000000000000002,0.16661336871833066,-0.5638756044904757,0.5235987755982989,0.8346731794997642,0.03194018921856667,0.08055365778435375,-0.040276828892176875,3256.541844351306,232.705181970776,NaN,
WS(k=4;b=0.1),14,9,20302112,28,20.0,0.8666133687183308,pert:nulled:0.01,0.00621051027144035,0.05175511452714285,0.0006807187762371156,0.0017913891961155903,0.7,0.16661336871833088,-0.5638756044904757,1.2888585245496587,0.8377720784696215,0.028841290248709295,0.0,0.0,34.86940535948887,2.491068312430479,NaN,
WS(k=4;b=0.1),14,9,20302112,28,20.0,0.8666133687183308,pert:nulled:0.05,0.030107122075975025,0.2512200417203296,0.0034032590052616002,0.008945742150799237,0.7,0.16661336871833088,-0.5638756044904757,1.2888585245496587,0.8377720784696215,0.028841290248709295,0.0,0.0,211.95111423978406,15.144269631709719,NaN,
WS(k=4;b=0.1),14,9,20302112,28,20.0,0.8666133687183308,pert:nulled:0.2,0.10766084371377375,0.7223378764983664,0.013607117729864159,0.035599850766535254,0.7,0.16661336871833088,-0.5638756044904757,1.2888585245496587,0.850514698414246,0.01609867030408485,-0.08055365778435375,-0.040276828892176875,2209.8657685942326,157.91099957019873,NaN,
WS(k=4;b=0.1),14,9,20302112,28,20.0,0.8666133687183308,pert:nulled:0.5,0.21965569801952944,0.935324938367356,0.033977652222003385,0.08791539146237565,0.7,0.16661336871833088,-0.5638756044904757,1.2888585245496587,0.850514698414246,0.01609867030408485,-0.08055365778435375,-0.040276828892176875,12523.970979661062,894.9471041422963,NaN,
WS(k=4;b=0.1),14,9,20302112,28,20.0,0.8666133687183308,pert:random:0.01,0.009995840017988977,0.7407537847692072,0.8375348379805931,0.7784997867820405,0.7000000000000008,0.16661336871833,-0.5638756044904757,-0.20138414446088418,0.7757663317488528,0.09084703696947805,0.48332194670612205,0.04027682889217682,1925.400159098089,137.5913368820724,NaN,
WS(k=4;b=0.1),14,9,20302112,28,20.0,0.8666133687183308,pert:random:0.05,0.04999687724810839,0.9862572741274565,0.9770252714918046,0.9951557843184681,0.7,0.16661336871833088,-0.5638756044904757,-0.28193780224523785,0.6488850665080478,0.21772830221028305,-1.0471975511965979,0.48332194670612194,54443.81983909978,3890.571221438793,NaN,
WS(k=4;b=0.1),14,9,20302112,28,20.0,0.8666133687183308,pert:random:0.2,0.1974482322570793,0.999582993934201,0.9907834067199366,0.9994274167135937,0.7,0.16661336871833088,-0.5638756044904757,-0.28193780224523785,0.5426591523872963,0.3239542163310345,-0.4027682889217684,0.4430451178139452,892180.2284114924,63755.119621507474,NaN,
WS(k=4;b=0.1),14,9,20302112,28,20.0,0.8666133687183308,pert:random:0.5,0.4539834855143824,0.9999993246783929,0.9928260270829087,0.9981818782837092,0.7,0.16661336871833088,-0.5638756044904757,-0.28193780224523785,0.6999270842289149,0.16668628448941591,1.6110731556870732,0.4430451178139452,5.602664316304198e6,400365.47273253015,NaN,
WS(k=4;b=0.1),14,9,20302112,28,20.0,0.8666133687183308,fit:triangle:mse,0.929024908142302,0.99880417095002,0.9972702283528999,0.9993374532253809,0.5430259876424459,0.3235873810758849,0.0,1.0471975511965976,0.6881178776055841,0.17849549111274676,0.5638756044904756,0.2819378022452378,175131.73387484427,12893.188063280219,0.929024908142302,2.6191;0.654953;0.200603;0.352435
WS(k=4;b=0.1),14,9,20302112,28,20.0,0.8666133687183308,fit:triangle:wgt,0.9848657724991079,0.9874428127417931,0.9875128876086543,0.990942175786077,0.5121959912014336,0.3544173775168973,1.1277512089809512,0.9666438934122439,0.7214966849224872,0.14511668379584364,0.8860902356278904,-0.24166097335306103,139.8247944253245,10.956016277514893,0.9864729837126268,0.05;0.733093;0.287392;0.297939
WS(k=4;b=0.1),14,9,20302112,28,20.0,0.8666133687183308,fit:normal:mse,0.9144051421169772,0.9999960972887023,0.9997407795156376,0.9992270019382665,0.7,0.16661336871833088,-0.5638756044904757,-0.28193780224523785,0.7000000000000002,0.16661336871833066,-1.3694121823340124,0.4430451178139452,2063.118800891871,152.89866318985335,0.9144051421169772,14.56;4.31626;5.30091
WS(k=4;b=0.1),14,9,20302112,28,20.0,0.8666133687183308,fit:normal:wgt,0.9972468495950505,0.9786169227569183,0.9996292710672833,0.9954302131572024,0.7,0.16661336871833088,2.5777170490993173,0.483321946706122,0.6999999999999991,0.16661336871833177,1.7721804712557807,1.1680280378731283,12.907139151568803,1.4374461115534436,0.9787227914039706,14.4566;0.101221;0.01
WS(k=4;b=0.1),14,9,20302112,28,20.0,0.8666133687183308,paper:empP,0.9999999320880474,0.99999999679996,0.9999999887832065,0.9999999958190021,0.8542409219655246,0.012372446752806243,0.32221463113741466,0.12083048667653051,0.6886088444564272,0.1780045242619036,0.9666438934122441,0.36249146002959154,2.205943992572071e6,112204.90103156818,NaN,
WS(k=4;b=0.1),14,9,20302112,28,20.0,0.8666133687183308,paper:binP,0.9999999320880474,0.99999999679996,0.9999999887832065,0.9999999958190021,0.8376335475392438,0.02897982117908704,0.4027682889217683,0.16110731556870733,0.6450496232467607,0.2215637454715701,0.24166097335306103,0.32221463113741466,26095.294880358048,1189.1487602678808,NaN,
WS(k=4;b=0.1),14,10,20302113,28,21.0,0.8319492194869382,exactN,0.0,0.0,0.0,0.0,0.7986937087361644,0.03325551075077382,0.0,0.0,0.7850834659343585,0.046865753552579714,0.0,0.0,16.309112671777612,0.9693372295896219,NaN,
WS(k=4;b=0.1),14,10,20302113,28,21.0,0.8319492194869382,pert:lowd:0.01,0.009999492556933078,0.9792144140498236,0.9916695471248173,0.8673401334093641,0.6666666666666666,0.1652825528202716,-0.5638756044904757,-0.28193780224523785,0.6868241070037446,0.1451251124831936,0.4027682889217683,0.2013841444608842,57783.29974892054,4128.853924183292,NaN,
WS(k=4;b=0.1),14,10,20302113,28,21.0,0.8319492194869382,pert:lowd:0.05,0.04993743115504883,0.9986615946544244,0.9996741455786476,0.9488911517845576,0.6666666666666666,0.1652825528202716,-0.5638756044904757,-0.28193780224523785,0.6892501817646084,0.14269903772232984,0.16110731556870728,0.2013841444608842,1.4088295767662213e6,100667.1136678403,NaN,
WS(k=4;b=0.1),14,10,20302113,28,21.0,0.8319492194869382,pert:lowd:0.2,0.19611332343798166,0.9997432923421774,0.9999821906450838,0.9611024497753841,0.6666666666666666,0.1652825528202716,-0.5638756044904757,-0.28193780224523785,0.6742680617766995,0.15768115771023872,1.1277512089809514,0.12083048667653046,2.243481247738916e7,1.603068115375219e6,NaN,
WS(k=4;b=0.1),14,10,20302113,28,21.0,0.8319492194869382,pert:lowd:0.5,0.4472002608924112,0.9998582767544232,0.9999978887012847,0.9633821755982268,0.6666666666666666,0.1652825528202716,-0.5638756044904757,-0.28193780224523785,0.666666666666667,0.16528255282027127,-1.5305194979027197,0.6847060911670062,1.4008469104509428e8,1.0009682091957334e7,NaN,
WS(k=4;b=0.1),14,10,20302113,28,21.0,0.8319492194869382,pert:highd:0.01,0.0050806702881312305,0.03020683522329785,0.0024967294322040382,0.01058614948305713,0.6666666666666669,0.16528255282027138,-0.5638756044904757,0.5235987755982989,0.7931778454300611,0.03877137405687714,-0.08055365778435353,0.0,22.986976590023072,1.6420572601550794,NaN,
WS(k=4;b=0.1),14,10,20302113,28,21.0,0.8319492194869382,pert:highd:0.05,0.02455960140790574,0.1505114601183913,0.012474365549846909,0.053352316483618226,0.6666666666666669,0.16528255282027138,-0.5638756044904757,0.5235987755982989,0.7931778454300611,0.03877137405687714,-0.08055365778435353,0.0,81.81924138385087,5.8454769675797795,NaN,
WS(k=4;b=0.1),14,10,20302113,28,21.0,0.8319492194869382,pert:highd:0.2,0.08713288001823928,0.5310690795224575,0.049714942996594305,0.21623564923493094,0.6666666666666669,0.16528255282027138,-0.5638756044904757,0.5235987755982989,0.800750367479474,0.031198852007464195,-0.08055365778435353,-0.04027682889217682,628.5423420414432,44.909767872385345,NaN,
WS(k=4;b=0.1),14,10,20302113,28,21.0,0.8319492194869382,pert:highd:0.5,0.17644124462486827,0.8571325137370526,0.12288321722306055,0.5126369907042649,0.6666666666666669,0.16528255282027138,-0.5638756044904757,0.5235987755982989,0.8034391854560057,0.02851003403093255,-0.08055365778435353,-0.0805536577843537,3266.6827376338074,233.41371969129457,NaN,
WS(k=4;b=0.1),14,10,20302113,28,21.0,0.8319492194869382,pert:nulled:0.01,0.006203476937599614,0.056024766460513145,0.0006624976363772156,0.0019067617765895092,0.6666666666666666,0.1652825528202716,-0.5638756044904757,1.2888585245496587,0.7850834659343585,0.046865753552579714,0.0,0.0,34.911895667413795,2.4940368147049607,NaN,
WS(k=4;b=0.1),14,10,20302113,28,21.0,0.8319492194869382,pert:nulled:0.05,0.03007240652352488,0.2703659322707481,0.0033121315212992987,0.009515147649309653,0.6666666666666666,0.1652825528202716,-0.5638756044904757,1.2888585245496587,0.7850834659343585,0.046865753552579714,0.0,0.0,212.47513949577404,15.180881820990967,NaN,
WS(k=4;b=0.1),14,10,20302113,28,21.0,0.8319492194869382,pert:nulled:0.2,0.1075305216815802,0.7480578713759352,0.013242351688663705,0.03776411047087335,0.6666666666666666,0.1652825528202716,-0.5638756044904757,1.2888585245496587,0.7850834659343585,0.046865753552579714,0.0,0.0,2216.6354753636715,158.38399349595633,NaN,
WS(k=4;b=0.1),14,10,20302113,28,21.0,0.8319492194869382,pert:nulled:0.5,0.21937760351641802,0.9431558139966497,0.033065292259283896,0.0927485087455013,0.6666666666666666,0.1652825528202716,-0.5638756044904757,1.2888585245496587,0.7659815645007887,0.06596765498614954,0.08055365778435375,0.04027682889217682,12564.263275312058,897.7623147998531,NaN,
WS(k=4;b=0.1),14,10,20302113,28,21.0,0.8319492194869382,pert:random:0.01,0.009963140851513386,0.8356067723509969,0.9032710351978902,0.7719397459653027,0.6666666666666666,0.1652825528202716,-0.5638756044904757,-0.28193780224523785,0.7309452525552051,0.10100396693173308,0.4833219467061223,0.0,4040.463232923168,288.7155656957375,NaN,
WS(k=4;b=0.1),14,10,20302113,28,21.0,0.8319492194869382,pert:random:0.05,0.04994738283800268,0.9923990697661664,0.9944347322848816,0.9985646372526037,0.6666666666666666,0.1652825528202716,-0.5638756044904757,-0.28193780224523785,0.624773761284341,0.2071754582025972,-0.724982920059183,0.3222146311374147,110749.03345387378,7913.550788109826,NaN,
WS(k=4;b=0.1),14,10,20302113,28,21.0,0.8319492194869382,pert:random:0.2,0.19891110288736447,0.999712315192344,0.999325672613968,0.977032226456062,0.6666666666666666,0.1652825528202716,-0.5638756044904757,-0.28193780224523785,0.6361641378348141,0.19578508165212416,0.0,0.28193780224523785,1.801994893154364e6,128760.79754690637,NaN,
WS(k=4;b=0.1),14,10,20302113,28,21.0,0.8319492194869382,pert:random:0.5,0.4632475152979549,0.9999920413329723,0.9997378447623304,0.9699153021548439,0.6666666666666666,0.1652825528202716,-0.5638756044904757,-0.28193780224523785,0.632668818513318,0.1992804009736202,-0.24166097335306103,0.28193780224523785,1.1300170029580258e7,807448.4658396014,NaN,
WS(k=4;b=0.1),14,10,20302113,28,21.0,0.8319492194869382,fit:triangle:mse,0.6673611340875494,0.9924197218409632,0.9863382468375094,0.9972427460302024,0.5776466958227123,0.2543025236642259,-0.24166097335306103,1.0471975511965976,0.6711632445498477,0.16078597493709057,0.4027682889217683,0.24166097335306097,14985.947353664435,1088.5459570426888,0.6673611340875494,0.788119;0.620858;0.21353;0.341204
WS(k=4;b=0.1),14,10,20302113,28,21.0,0.8319492194869382,fit:triangle:wgt,0.9078462532720535,0.9550820012917351,0.958672335032534,0.9748209990622503,0.49740007361869637,0.33454914586824186,1.1277512089809512,0.9666438934122439,0.6768479376870059,0.15510128179993232,0.9666438934122439,-0.28193780224523785,123.07233578472425,9.714929349461398,0.951390101978916,0.05;0.548774;0.435989;0.197703
WS(k=4;b=0.1),14,10,20302113,28,21.0,0.8319492194869382,fit:normal:mse,0.584005590598959,0.9999940470742792,0.9933531709762454,0.9948122434009414,0.6666666666666666,0.1652825528202716,-0.5638756044904757,-0.28193780224523785,0.6666666666666669,0.16528255282027138,-1.5305194979027197,0.40276828892176836,2118.8689210870866,153.3353484021199,0.584005590598959,14.4008;4.37889;4.88818
WS(k=4;b=0.1),14,10,20302113,28,21.0,0.8319492194869382,fit:normal:wgt,0.9957755339272673,0.9855671313348712,0.9940241172886621,0.9996586944163536,0.6666666666666666,0.1652825528202716,-0.5638756044904757,-0.28193780224523785,0.6657553222912214,0.16619389719571687,1.2888585245496589,0.40276828892176836,5.280697546812654e7,3.910116580232917e6,0.9818894351683625,10.8433;62.2303;0.01
WS(k=4;b=0.1),14,10,20302113,28,21.0,0.8319492194869382,paper:empP,0.9999992708564021,0.9999999392633413,0.9999998394427568,0.9999999411143481,0.8228085184435798,0.009140701043358401,0.4027682889217683,0.12083048667653051,0.6539197694193434,0.17802945006759485,0.6444292622748293,0.3222146311374147,6.300288561414883e6,308796.2655233541,NaN,
WS(k=4;b=0.1),14,10,20302113,28,21.0,0.8319492194869382,paper:binP,0.9999992708564021,0.9999999392633413,0.9999998394427568,0.9999999411143481,0.809956259571789,0.02199295991514927,0.4027682889217683,0.16110731556870733,0.6392075805681967,0.19274163891874152,0.08055365778435375,0.28193780224523785,26095.294880358048,1189.1487602678808,NaN,
WS(k=4;b=0.1),14,11,20302114,28,21.0,0.8217959055893568,exactN,0.0,0.0,0.0,0.0,0.794898226362559,0.026897679226797755,0.0,0.0,0.8001027227162429,0.021693182873113837,0.0,0.0,16.302069753039802,0.9740513271042901,NaN,
WS(k=4;b=0.1),14,11,20302114,28,21.0,0.8217959055893568,pert:lowd:0.01,0.009999493060155367,0.9774993293396689,0.9911585678596067,0.9174752768630465,0.6666666666666666,0.15512923892269015,-0.5638756044904757,-0.28193780224523785,0.664987384445937,0.1568085211434198,0.0,0.24166097335306103,57778.226271440726,4129.043674124037,NaN,
WS(k=4;b=0.1),14,11,20302114,28,21.0,0.8217959055893568,pert:lowd:0.05,0.04993744361865658,0.9986445603721827,0.9997119632468794,0.9713852453885072,0.6666666666666666,0.15512923892269015,-0.5638756044904757,-0.28193780224523785,0.6588550207010662,0.16294088488829062,0.24166097335306103,0.24166097335306103,1.408704311431958e6,100671.79901416646,NaN,
WS(k=4;b=0.1),14,11,20302114,28,21.0,0.8217959055893568,pert:lowd:0.2,0.19611351196029578,0.9997704554728368,0.9999941926286541,0.9788390037422003,0.6666666666666666,0.15512923892269015,-0.5638756044904757,-0.28193780224523785,0.6666666666666666,0.15512923892269015,-1.2888585245496587,0.6847060911670061,2.2432812946849152e7,1.6031429057098604e6,NaN,
WS(k=4;b=0.1),14,11,20302114,28,21.0,0.8217959055893568,pert:lowd:0.5,0.4472011548642218,0.9998830941538835,0.9999997467582527,0.9802083929899901,0.6666666666666666,0.15512923892269015,-0.5638756044904757,-0.28193780224523785,0.6666666666666669,0.15512923892268993,-1.2888585245496587,0.724982920059183,1.4007219987272948e8,1.001014931254062e7,NaN,
WS(k=4;b=0.1),14,11,20302114,28,21.0,0.8217959055893568,pert:highd:0.01,0.005085375715537071,0.028674044322382058,0.0023717360543472083,0.006828569197950448,0.6666666666666669,0.15512923892268993,-0.5638756044904757,0.5235987755982989,0.8001027227162429,0.021693182873113837,0.0,0.0,22.986526511818475,1.6420740102958773,NaN,
WS(k=4;b=0.1),14,11,20302114,28,21.0,0.8217959055893568,pert:highd:0.05,0.02458259791309996,0.14284108573878612,0.011850391633290712,0.034237911134106715,0.6666666666666669,0.15512923892268993,-0.5638756044904757,0.5235987755982989,0.8001027227162429,0.021693182873113837,0.0,0.0,81.81494977538037,5.845637068263523,NaN,
WS(k=4;b=0.1),14,11,20302114,28,21.0,0.8217959055893568,pert:highd:0.2,0.08721689763246922,0.5088292138347129,0.04724008472109226,0.13745763251440044,0.6666666666666669,0.15512923892268993,-0.5638756044904757,0.5235987755982989,0.7849925282567101,0.036803377332646714,0.1611073155687075,0.0,628.4945573458477,44.91155352481663,NaN,
WS(k=4;b=0.1),14,11,20302114,28,21.0,0.8217959055893568,pert:highd:0.5,0.17661599614765913,0.8405759421287325,0.1168697024848747,0.33537574261914116,0.6666666666666669,0.15512923892268993,-0.5638756044904757,0.5235987755982989,0.7906866295983215,0.0311092759910353,0.1611073155687075,-0.040276828892176875,3266.4101845862506,233.4239100708543,NaN,
WS(k=4;b=0.1),14,11,20302114,28,21.0,0.8217959055893568,pert:nulled:0.01,0.006209423850815816,0.05317920112319125,0.0006292829319679468,0.0017937857119709514,0.6666666666666666,0.15512923892269015,-0.5638756044904757,1.2888585245496587,0.8058785551197457,0.01591735046961107,0.0,-0.040276828892176875,34.91075723789414,2.4940792216602485,NaN,
WS(k=4;b=0.1),14,11,20302114,28,21.0,0.8217959055893568,pert:nulled:0.05,0.03010175948630056,0.257513746826776,0.0031460853826805026,0.008958311355039874,0.6666666666666666,0.15512923892269015,-0.5638756044904757,1.2888585245496587,0.8058785551197457,0.01591735046961107,0.0,-0.040276828892176875,212.46107034749582,15.181407190259552,NaN,
WS(k=4;b=0.1),14,11,20302114,28,21.0,0.8217959055893568,pert:nulled:0.2,0.1076407108210775,0.730426743851737,0.01257869585115646,0.03565874316596472,0.6666666666666666,0.15512923892269015,-0.5638756044904757,1.2888585245496587,0.8058785551197457,0.01591735046961107,0.0,-0.040276828892176875,2216.45354376036,158.39079499041284,NaN,
WS(k=4;b=0.1),14,11,20302114,28,21.0,0.8217959055893568,pert:nulled:0.5,0.21961273282020463,0.937371414622489,0.031410184481917854,0.08810315870704798,0.6666666666666666,0.15512923892269015,-0.5638756044904757,1.2888585245496587,0.8058785551197457,0.01591735046961107,0.0,-0.040276828892176875,12563.18017125278,897.8028186229054,NaN,
WS(k=4;b=0.1),14,11,20302114,28,21.0,0.8217959055893568,pert:random:0.01,0.009995428210780559,0.642266250362588,0.5930410524802242,0.4938242344959082,0.6666666666666669,0.15512923892268993,-0.5638756044904757,0.9666438934122439,0.7407173722652105,0.08107853332414627,0.48332194670612205,0.04027682889217682,833.2071807517933,59.541555968572844,NaN,
WS(k=4;b=0.1),14,11,20302114,28,21.0,0.8217959055893568,pert:random:0.05,0.04999760716399187,0.9703637929691653,0.9356916544960788,0.9538484223030681,0.6666666666666665,0.15512923892269026,-0.5638756044904757,1.0069207223044208,0.4929526180700706,0.32884328751928615,-0.5638756044904756,0.5235987755982988,18863.453716132768,1348.058098520428,NaN,
WS(k=4;b=0.1),14,11,20302114,28,21.0,0.8217959055893568,pert:random:0.2,0.19749104716039176,0.9974209532557032,0.9818438514661196,0.9990472822805341,0.6666666666666669,0.15512923892268993,-0.5638756044904757,1.0471975511965976,0.5028964905899637,0.3188994149993931,-0.48332194670612194,0.48332194670612194,303975.54405214946,21723.40483115551,NaN,
WS(k=4;b=0.1),14,11,20302114,28,21.0,0.8217959055893568,pert:random:0.5,0.4542196716719635,0.9993328938562741,0.9879856579207834,0.9999444108241727,0.6666666666666669,0.15512923892268993,-0.5638756044904757,1.0471975511965976,0.5833201524888467,0.23847575310051006,-0.724982920059183,0.4430451178139452,1.9058817149411994e6,136202.4283718749,NaN,
WS(k=4;b=0.1),14,11,20302114,28,21.0,0.8217959055893568,fit:triangle:mse,0.670063778285873,0.9927143853695276,0.9879633428483453,0.9958640151195446,0.5550035770706858,0.26679232851867096,-0.16110731556870733,1.0471975511965976,0.6420966371528323,0.1796992684365245,0.6444292622748293,0.2819378022452378,6675.085267002333,487.2604259338167,0.670063778285873,0.524293;0.714702;0.175122;0.44009
WS(k=4;b=0.1),14,11,20302114,28,21.0,0.8217959055893568,fit:triangle:wgt,0.8528108142621632,0.9610294827175654,0.9627175989358389,0.9767571461767947,0.45776054746307016,0.3640353581262866,0.8860902356278905,1.0069207223044208,0.6718211312487473,0.14997477434060946,1.2888585245496587,-0.24166097335306103,129.9933629747082,10.14567527892106,0.957731137253594,0.05;0.620918;0.283465;0.210479
WS(k=4;b=0.1),14,11,20302114,28,21.0,0.8217959055893568,fit:normal:mse,0.5888207409709025,0.9999981881845801,0.9910465088441281,0.9997977947711063,0.6666666666666666,0.15512923892269015,-0.5638756044904757,-0.28193780224523785,0.6666666666666669,0.15512923892268993,-1.2888585245496587,0.4027682889217683,2062.326157708963,148.49062552130167,0.5888207409709025,14.5903;4.39467;4.63906
WS(k=4;b=0.1),14,11,20302114,28,21.0,0.8217959055893568,fit:normal:wgt,0.9998865092111756,0.9865708176685468,0.991235188046524,0.9984884787784483,0.6674487673600058,0.15434713822935098,2.174948760177549,-0.24166097335306103,0.5898930160024103,0.2319028895869465,0.6444292622748293,0.4027682889217683,2.902278072360506e7,2.177580074480217e6,0.9834861409943805,6.12904;143.131;0.01
WS(k=4;b=0.1),14,11,20302114,28,21.0,0.8217959055893568,paper:empP,0.9999992840524744,0.9999999381543153,0.999999815560692,0.999999908853385,0.807679538886371,0.014116366702985772,0.4027682889217683,0.12083048667653051,0.6311653988715284,0.19063050671782833,0.9666438934122441,0.36249146002959154,2.912196198837078e6,143983.16871441907,NaN,
WS(k=4;b=0.1),14,11,20302114,28,21.0,0.8217959055893568,paper:binP,0.9999992840524744,0.9999999381543153,0.999999815560692,0.999999908853385,0.7922814356733708,0.02951446991598594,0.4027682889217683,0.16110731556870733,0.6040003668621274,0.21779553872722934,0.3222146311374148,0.32221463113741466,26095.294880358048,1189.1487602678808,NaN,
WS(k=4;b=0.1),14,12,20302115,28,21.0,0.8317928499429952,exactN,0.0,0.0,0.0,0.0,0.7987756078274136,0.03301724211558155,0.0,0.0,0.8074279813552946,0.024364868587700594,0.0,0.0,16.35204708857283,0.9719152502398312,NaN,
WS(k=4;b=0.1),14,12,20302115,28,21.0,0.8317928499429952,pert:lowd:0.01,0.009999493729450075,0.9818341225378626,0.9938536233820994,0.916660891003596,0.6666666666666666,0.16512618327632855,-0.5638756044904757,-0.28193780224523785,0.6984412213095119,0.13335162863348327,0.5638756044904756,0.20138414446088415,57613.89747772038,4116.805415309685,NaN,
WS(k=4;b=0.1),14,12,20302115,28,21.0,0.8317928499429952,pert:lowd:0.05,0.049937460203148036,0.9987723952249314,0.9998975018623665,0.9653003355347566,0.6666666666666666,0.16512618327632855,-0.5638756044904757,-0.28193780224523785,0.6845084609399434,0.14728438900305174,0.48332194670612205,0.24166097335306103,1.404647275947577e6,100369.65227187704,NaN,
WS(k=4;b=0.1),14,12,20302115,28,21.0,0.8317928499429952,pert:lowd:0.2,0.19611376283664478,0.9997433560181259,0.999992467207503,0.9724967795886649,0.6666666666666666,0.16512618327632855,-0.5638756044904757,-0.28193780224523785,0.6666666666666666,0.16512618327632855,-1.3694121823340124,0.6847060911670061,2.236805393217494e7,1.5983199870174378e6,NaN,
WS(k=4;b=0.1),14,12,20302115,28,21.0,0.8317928499429952,pert:lowd:0.5,0.4472023445415462,0.999850853098577,0.9999717146138525,0.9738487749482646,0.6666666666666666,0.16512618327632855,-0.5638756044904757,-0.28193780224523785,0.666666666666667,0.16512618327632822,-1.3694121823340124,0.724982920059183,1.396676479723605e8,9.98002035719324e6,NaN,
WS(k=4;b=0.1),14,12,20302115,28,21.0,0.8317928499429952,pert:highd:0.01,0.0050788591167694646,0.03265816316871767,0.002680882963548601,0.007841085487655549,0.6666666666666669,0.16512618327632833,-0.5638756044904757,0.5235987755982989,0.7915112317308157,0.04028161821217946,0.08055365778435375,0.04027682889217682,22.971886752469242,1.6409842077184171,NaN,
WS(k=4;b=0.1),14,12,20302115,28,21.0,0.8317928499429952,pert:highd:0.05,0.02455075000662152,0.16269595755207886,0.013391298270231161,0.03934428883084818,0.6666666666666669,0.16512618327632833,-0.5638756044904757,0.5235987755982989,0.7915112317308157,0.04028161821217946,0.08055365778435375,0.04027682889217682,81.67564213636932,5.835264606191977,NaN,
WS(k=4;b=0.1),14,12,20302115,28,21.0,0.8317928499429952,pert:highd:0.2,0.08710054354992103,0.5641906385942406,0.05331536002797768,0.1580612414866052,0.6666666666666669,0.16512618327632833,-0.5638756044904757,0.5235987755982989,0.7994018753068817,0.03239097463611351,0.08055365778435375,0.0,626.9456941558285,44.796211938766604,NaN,
WS(k=4;b=0.1),14,12,20302115,28,21.0,0.8317928499429952,pert:highd:0.5,0.1763739907787646,0.878731198665154,0.13144320639278653,0.3822846929715925,0.6666666666666669,0.16512618327632833,-0.5638756044904757,0.5235987755982989,0.8023920754749108,0.029400774468084423,0.08055365778435375,-0.040276828892176875,3257.5798634413327,232.76629741691028,NaN,
WS(k=4;b=0.1),14,12,20302115,28,21.0,0.8317928499429952,pert:nulled:0.01,0.0061910690538125555,0.06056895239224308,0.0007118279252682314,0.002055079147868821,0.6666666666666666,0.16512618327632855,-0.5638756044904757,1.2888585245496587,0.8074279813552946,0.024364868587700594,0.0,0.0,34.873756507417355,2.491324613342227,NaN,
WS(k=4;b=0.1),14,12,20302115,28,21.0,0.8317928499429952,pert:nulled:0.05,0.030011169253523783,0.29061166856810117,0.0035585904031507688,0.010259504275072091,0.6666666666666666,0.16512618327632855,-0.5638756044904757,1.2888585245496587,0.8074279813552946,0.024364868587700594,0.0,0.0,212.00476104991637,15.147428688828425,NaN,
WS(k=4;b=0.1),14,12,20302115,28,21.0,0.8317928499429952,pert:nulled:0.2,0.10730070257532756,0.7733092195673356,0.014225103955820875,0.04077726476711392,0.6666666666666666,0.16512618327632855,-0.5638756044904757,1.2888585245496587,0.8074279813552946,0.024364868587700594,0.0,0.0,2210.558721892109,157.95179908707297,NaN,
WS(k=4;b=0.1),14,12,20302115,28,21.0,0.8317928499429952,pert:nulled:0.5,0.21888732486285062,0.950931321108903,0.03550448371174098,0.1003923673898533,0.6666666666666666,0.16512618327632855,-0.5638756044904757,1.2888585245496587,0.8175969316929627,0.014195918250032524,-0.08055365778435375,-0.040276828892176875,12528.095193192494,895.189919376479,NaN,
WS(k=4;b=0.1),14,12,20302115,28,21.0,0.8317928499429952,pert:random:0.01,0.009999751582966178,0.7512358115589804,0.8655276333677373,0.8116179482002129,0.6666666666666665,0.16512618327632866,-0.5638756044904757,-0.16110731556870733,0.7290081096862762,0.10278474025671902,0.6444292622748296,0.04027682889217682,1720.9980315379933,122.97372924281811,NaN,
WS(k=4;b=0.1),14,12,20302115,28,21.0,0.8317928499429952,pert:random:0.05,0.049944751611248187,0.9863516126398116,0.9947729145990073,0.9982309227482838,0.6666666666666666,0.16512618327632855,-0.5638756044904757,-0.28193780224523785,0.5090108430976159,0.3227820068453793,-0.8055365778435367,0.6041524333826525,47458.104258148895,3391.1647103951955,NaN,
WS(k=4;b=0.1),14,12,20302115,28,21.0,0.8317928499429952,pert:random:0.2,0.19622668089428097,0.9994395634702238,0.9999103245562967,0.9794945334693853,0.6666666666666666,0.16512618327632855,-0.5638756044904757,-0.28193780224523785,0.43781606732807987,0.3939767826149153,-0.48332194670612205,0.6041524333826525,779018.3945676248,55665.23833543955,NaN,
WS(k=4;b=0.1),14,12,20302115,28,21.0,0.8317928499429952,pert:random:0.5,0.4477405185862301,0.9999768397943714,0.9999900633391975,0.9734996319050873,0.6666666666666666,0.16512618327632855,-0.5638756044904757,-0.28193780224523785,0.43781606732807987,0.3939767826149153,-0.48332194670612205,0.6041524333826525,4.893664874094208e6,349679.4933078927,NaN,
WS(k=4;b=0.1),14,12,20302115,28,21.0,0.8317928499429952,fit:triangle:mse,0.6626903717886381,0.9914398765021032,0.9834857653255675,0.994035897935857,0.5775994199935758,0.2541934299494194,-0.24166097335306103,1.0471975511965976,0.6474161379408242,0.18437671200217098,0.48332194670612205,0.32221463113741466,90299.8412316082,6558.340631751806,0.6626903717886381,1.914;0.675146;0.187913;0.394734
WS(k=4;b=0.1),14,12,20302115,28,21.0,0.8317928499429952,fit:triangle:wgt,0.9076760370847569,0.9454325223156838,0.9470781437354185,0.9664103859122746,0.49601092440149797,0.3357819255414972,1.1277512089809512,0.9666438934122439,0.6765745996508598,0.15521825029213543,1.1277512089809512,-0.24166097335306103,124.64693700536851,9.83421854574943,0.9412488575106389,0.05;0.779081;0.23206;0.355854
WS(k=4;b=0.1),14,12,20302115,28,21.0,0.8317928499429952,fit:normal:mse,0.5829642768712636,0.9999909172986583,0.9958155452309106,0.9993646522521505,0.6666666666666666,0.16512618327632855,-0.5638756044904757,-0.28193780224523785,0.6666666666666669,0.16512618327632833,-1.3694121823340124,0.4430451178139452,2071.540435408154,151.62966222958246,0.5829642768712636,14.4357;4.33352;5.16639
WS(k=4;b=0.1),14,12,20302115,28,21.0,0.8317928499429952,fit:normal:wgt,0.999891675013693,0.9802924773177002,0.9807605115185177,0.9958811243722949,0.6683629003698973,0.16342994957309787,2.0943951023931953,-0.24166097335306103,0.60884547118516,0.2229473787578352,0.48332194670612205,0.4027682889217683,2.41709006489668e7,1.8108108118880955e6,0.9763252410331462,6.13091;147.96;0.0119789
WS(k=4;b=0.1),14,12,20302115,28,21.0,0.8317928499429952,paper:empP,0.9999992669173386,0.999999915371171,0.9999997522636745,0.9999998713609306,0.8223607183052347,0.009432131637760466,0.4027682889217683,0.12083048667653051,0.6519458950542548,0.17984695488874036,0.8055365778435366,0.36249146002959154,4.0003468833448756e6,199342.9197819528,NaN,
WS(k=4;b=0.1),14,12,20302115,28,21.0,0.8317928499429952,paper:binP,0.9999992669173386,0.999999915371171,0.9999997522636745,0.9999998713609306,0.8093398642905908,0.02245298565240439,0.4027682889217683,0.16110731556870733,0.6353918484106978,0.19640100153229734,0.24166097335306103,0.32221463113741466,26095.294880358048,1189.1487602678808,NaN,
WS(k=4;b=0.1),14,13,20302116,28,21.0,0.828280839201278,exactN,0.0,0.0,0.0,0.0,0.7975222831304976,0.030758556070780485,0.0,0.0,0.8018028248516896,0.026478014349588408,0.0,0.0,16.35157867561551,0.9736589742546026,NaN,
WS(k=4;b=0.1),14,13,20302116,28,21.0,0.828280839201278,pert:lowd:0.01,0.009999493051520212,0.9776936469315256,0.9912450362381073,0.9166713020993107,0.6666666666666666,0.1616141725346114,-0.5638756044904757,-0.28193780224523785,0.6947065579370143,0.13357428126426374,0.4027682889217683,0.20138414446088415,57781.80263520091,4129.048563736285,NaN,
WS(k=4;b=0.1),14,13,20302116,28,21.0,0.828280839201278,pert:lowd:0.05,0.04993744340474283,0.9986237450135538,0.9997233828090181,0.9707430676085617,0.6666666666666666,0.1616141725346114,-0.5638756044904757,-0.28193780224523785,0.6749081878543783,0.1533726513468997,0.32221463113741455,0.24166097335306103,1.408792608051876e6,100671.9193711039,NaN,
WS(k=4;b=0.1),14,13,20302116,28,21.0,0.828280839201278,pert:lowd:0.2,0.19611350872455324,0.9997562030095585,0.9999956143126767,0.9782596761063581,0.6666666666666666,0.1616141725346114,-0.5638756044904757,-0.28193780224523785,0.6666666666666666,0.1616141725346114,-1.3694121823340124,0.6847060911670061,2.243422235534558e7,1.6031448257707527e6,NaN,
WS(k=4;b=0.1),14,13,20302116,28,21.0,0.828280839201278,pert:lowd:0.5,0.4472011395202229,0.9998720411414872,0.9999993374036541,0.9796429270630929,0.6666666666666666,0.1616141725346114,-0.5638756044904757,-0.28193780224523785,0.666666666666667,0.16161417253461108,-1.3694121823340124,0.724982920059183,1.4008100450405434e8,1.001016130585857e7,NaN,
WS(k=4;b=0.1),14,13,20302116,28,21.0,0.828280839201278,pert:highd:0.01,0.005094615720023418,0.02891064008369317,0.002375500035041412,0.006848301837540915,0.6666666666666669,0.1616141725346112,-0.5638756044904757,0.5235987755982989,0.8018028248516896,0.026478014349588408,0.0,0.0,22.98684479860593,1.6420745253364366,NaN,
WS(k=4;b=0.1),14,13,20302116,28,21.0,0.828280839201278,pert:highd:0.05,0.024627758229110137,0.14410633901637424,0.011869034186391686,0.0343377993841946,0.6666666666666669,0.1616141725346112,-0.5638756044904757,0.5235987755982989,0.8018028248516896,0.026478014349588408,0.0,0.0,81.8179799968516,5.845641603174987,NaN,
WS(k=4;b=0.1),14,13,20302116,28,21.0,0.828280839201278,pert:highd:0.2,0.08738191338062427,0.5133689433004078,0.047311840987437154,0.13786747652065737,0.6666666666666669,0.1616141725346112,-0.5638756044904757,0.5235987755982989,0.7937663341598932,0.03451450504138487,0.08055365778435375,0.0,628.5282600447408,44.91160106009236,NaN,
WS(k=4;b=0.1),14,13,20302116,28,21.0,0.828280839201278,pert:highd:0.5,0.17695926305786133,0.8451028711993691,0.11703351264179583,0.33635310813576896,0.6666666666666669,0.1616141725346112,-0.5638756044904757,0.5235987755982989,0.7978873618332288,0.030393477368049204,0.08055365778435375,-0.040276828892176875,3266.6023503985243,233.42417588719297,NaN,
WS(k=4;b=0.1),14,13,20302116,28,21.0,0.828280839201278,pert:nulled:0.01,0.0062095890515126,0.05362659929871781,0.0006303154474031945,0.0017986101486255472,0.6666666666666666,0.1616141725346114,-0.5638756044904757,1.2888585245496587,0.8018028248516896,0.026478014349588408,0.0,0.0,34.9115618328572,2.49408048611076,NaN,
WS(k=4;b=0.1),14,13,20302116,28,21.0,0.828280839201278,pert:nulled:0.05,0.03010257491560404,0.2595569800065579,0.0031512393054100567,0.008982259431674872,0.6666666666666666,0.1616141725346114,-0.5638756044904757,1.2888585245496587,0.8018028248516896,0.026478014349588408,0.0,0.0,212.47099799658474,15.181421555006937,NaN,
WS(k=4;b=0.1),14,13,20302116,28,21.0,0.828280839201278,pert:nulled:0.2,0.10764377216454402,0.7333911492522995,0.012599178385337329,0.03575182447303956,0.6666666666666666,0.1616141725346114,-0.5638756044904757,1.2888585245496587,0.8131890216352798,0.0150918175659982,-0.08055365778435375,-0.040276828892176875,2216.5818244708194,158.3909730868248,NaN,
WS(k=4;b=0.1),14,13,20302116,28,21.0,0.828280839201278,pert:nulled:0.5,0.21961926588723643,0.9384140069979551,0.03146068649305116,0.08832131326688925,0.6666666666666666,0.1616141725346114,-0.5638756044904757,1.2888585245496587,0.8131890216352798,0.0150918175659982,-0.08055365778435375,-0.040276828892176875,12563.943723599452,897.8038670510474,NaN,
WS(k=4;b=0.1),14,13,20302116,28,21.0,0.828280839201278,pert:random:0.01,0.009610221259214216,0.9562929016200268,0.3988172050774665,0.3163949047815872,0.6666666666666666,0.1616141725346114,-0.5638756044904757,1.2888585245496587,0.7560745488435104,0.0722062903577676,0.24166097335306103,0.08055365778435364,27972.747218882258,1998.907605080864,NaN,
WS(k=4;b=0.1),14,13,20302116,28,21.0,0.828280839201278,pert:random:0.05,0.0474928070197814,0.997361212389045,0.8446891030742494,0.8060513094412477,0.6666666666666666,0.1616141725346114,-0.5638756044904757,1.2888585245496587,0.7219967936886087,0.10628404551266935,0.48332194670612205,0.12083048667653046,674510.9753381409,48200.33272079629,NaN,
WS(k=4;b=0.1),14,13,20302116,28,21.0,0.828280839201278,pert:random:0.2,0.17996236370833907,0.9995766727592168,0.9520490730370211,0.9552232987820721,0.6666666666666666,0.1616141725346114,-0.5638756044904757,1.2888585245496587,0.5486525395641415,0.27962829963713653,-0.5638756044904757,0.4430451178139452,1.0718550490008507e7,765945.2513140646,NaN,
WS(k=4;b=0.1),14,13,20302116,28,21.0,0.828280839201278,pert:random:0.5,0.39116295258805217,0.9997926027796087,0.9680834941633314,0.9756397851074975,0.6666666666666666,0.1616141725346114,-0.5638756044904757,1.2888585245496587,0.5366930529236519,0.29158778627762616,-0.48332194670612205,0.4430451178139452,6.689909816830098e7,4.780596230439558e6,NaN,
WS(k=4;b=0.1),14,13,20302116,28,21.0,0.828280839201278,fit:triangle:mse,0.6657075565930372,0.9927024363463205,0.9875919084476837,0.9955853807033977,0.5771745298445152,0.2511063093567628,-0.24166097335306103,1.0471975511965976,0.659417869405753,0.16886296979552506,0.5638756044904756,0.2819378022452378,12765.442004614582,927.4845944288539,0.6657075565930372,0.71894;0.519182;0.271638;0.253372
WS(k=4;b=0.1),14,13,20302116,28,21.0,0.828280839201278,fit:triangle:wgt,0.8689260106115424,0.9595021258291947,0.9618917638125105,0.9758095376491215,0.47648663087439963,0.3517942083268784,0.966643893412244,1.0069207223044208,0.675970916500152,0.1523099227011261,1.1277512089809512,-0.24166097335306103,130.22439628945315,10.149745600999017,0.9560920806660599,0.05;0.545421;0.373891;0.181386
WS(k=4;b=0.1),14,13,20302116,28,21.0,0.828280839201278,fit:normal:mse,0.5880305932075601,0.9999924738758951,0.9980710155751946,0.9988440774493433,0.6666666666666666,0.1616141725346114,-0.5638756044904757,-0.28193780224523785,0.6666666666666669,0.1616141725346112,-1.3694121823340124,0.4430451178139452,3304.944050091721,244.03175811945025,0.5880305932075601,14.5139;4.5234;5.59657
WS(k=4;b=0.1),14,13,20302116,28,21.0,0.828280839201278,fit:normal:wgt,0.9998934937540401,0.9863049991948107,0.9915729792004895,0.9986801935900358,0.6676131018324483,0.16066773736882978,2.174948760177549,-0.24166097335306103,0.6086370453346058,0.2196437938666722,0.5638756044904756,0.4027682889217683,2.9399646515809216e7,2.213143287911986e6,0.9831280574470392,6.13822;134.493;0.01
WS(k=4;b=0.1),14,13,20302116,28,21.0,0.828280839201278,paper:empP,0.999999274045472,0.9999999363242189,0.999999819578724,0.9999999089635206,0.817025921242693,0.01125491795858502,0.4027682889217683,0.12083048667653051,0.6463814874179624,0.18189935178331562,0.8055365778435366,0.36249146002959154,3.965086504211752e6,195185.6282933335,NaN,
WS(k=4;b=0.1),14,13,20302116,28,21.0,0.828280839201278,paper:binP,0.999999274045472,0.9999999363242189,0.999999819578724,0.9999999089635206,0.8030631968932583,0.025217642308019705,0.4027682889217683,0.16110731556870733,0.622505639272106,0.20577519992917204,0.24166097335306103,0.32221463113741466,26095.294880358048,1189.1487602678808,NaN,
WS(k=4;b=0.1),14,14,20302117,28,21.0,0.8282808392012782,exactN,0.0,0.0,0.0,0.0,0.8022953646468123,0.02598547455446587,0.0,0.0,0.8018028248516897,0.026478014349588408,0.0,0.0,16.377841273283444,0.9687599626882333,NaN,
WS(k=4;b=0.1),14,14,20302117,28,21.0,0.8282808392012782,pert:lowd:0.01,0.009999493051157245,0.9775689776327884,0.9618864425653687,0.9165821657315277,0.6666666666666666,0.16161417253461152,-0.5638756044904757,-0.32221463113741466,0.6969229222486393,0.13135791695263888,0.32221463113741455,0.20138414446088415,57780.33492683789,4128.925689855514,NaN,
WS(k=4;b=0.1),14,14,20302117,28,21.0,0.8282808392012782,pert:lowd:0.05,0.0499374433957513,0.9986195226929548,0.9903022669174039,0.9710777061640999,0.6666666666666666,0.16161417253461152,-0.5638756044904757,-0.32221463113741466,0.6752024305349261,0.15307840866635203,0.24166097335306103,0.24166097335306103,1.4087563673722292e6,100668.88532490375,NaN,
WS(k=4;b=0.1),14,14,20302117,28,21.0,0.8282808392012782,pert:lowd:0.2,0.196113508588544,0.999756655005318,0.9936436824814979,0.9786176227263891,0.6666666666666666,0.16161417253461152,-0.5638756044904757,-0.32221463113741466,0.6677502242046737,0.16053061499660448,1.53051949790272,0.16110731556870728,2.2433643860559516e7,1.603096394434008e6,NaN,
WS(k=4;b=0.1),14,14,20302117,28,21.0,0.8282808392012782,pert:lowd:0.5,0.44720113887526264,0.9998726915694042,0.9942300547794324,0.9800028719958142,0.6666666666666666,0.16161417253461152,-0.5638756044904757,-0.32221463113741466,0.6688697378652548,0.15941110133602332,1.4499658401183662,0.16110731556870728,1.4007739060675177e8,1.0009858751756983e7,NaN,
WS(k=4;b=0.1),14,14,20302117,28,21.0,0.8282808392012782,pert:highd:0.01,0.0050942109873530345,0.028815853681976686,0.004211405619072348,0.0067843401790876915,0.6666666666666669,0.1616141725346113,-0.5638756044904757,0.48332194670612205,0.8018028248516897,0.026478014349588408,0.0,0.0,22.986715172834252,1.6420636826179404,NaN,
WS(k=4;b=0.1),14,14,20302117,28,21.0,0.8282808392012782,pert:highd:0.05,0.024625780043545174,0.1436196324226058,0.02106174409666634,0.03401461262166451,0.6666666666666669,0.1616141725346113,-0.5638756044904757,0.48332194670612205,0.8018028248516897,0.026478014349588408,0.0,0.0,81.81674130982977,5.845537948261134,NaN,
WS(k=4;b=0.1),14,14,20302117,28,21.0,0.8282808392012782,pert:highd:0.2,0.087374684459837,0.5118174373611221,0.08410493820193655,0.136550069203807,0.6666666666666669,0.1616141725346113,-0.5638756044904757,0.48332194670612205,0.7937663341598932,0.03451450504138498,0.08055365778435375,0.0,628.5144469242043,44.91044482061653,NaN,
WS(k=4;b=0.1),14,14,20302117,28,21.0,0.8282808392012782,pert:highd:0.5,0.1769442241776746,0.8437661062795335,0.20711453513322745,0.33324754133278867,0.6666666666666669,0.1616141725346113,-0.5638756044904757,0.48332194670612205,0.7978873618332288,0.030393477368049315,0.08055365778435375,-0.040276828892176875,3266.5235257349377,233.41757718940133,NaN,
WS(k=4;b=0.1),14,14,20302117,28,21.0,0.8282808392012782,pert:nulled:0.01,0.0062093467452422274,0.0534485501311642,0.0007650123290448217,0.0017819954125896545,0.6666666666666666,0.16161417253461152,-0.5638756044904757,1.248581695657482,0.8018028248516897,0.026478014349588408,0.0,0.0,34.91123368481054,2.494053033325867,NaN,
WS(k=4;b=0.1),14,14,20302117,28,21.0,0.8282808392012782,pert:nulled:0.05,0.03010137889430291,0.2587338200486502,0.003824313643400986,0.00889951103817141,0.6666666666666666,0.16161417253461152,-0.5638756044904757,1.248581695657482,0.8018028248516897,0.026478014349588408,0.0,0.0,212.46693365070317,15.1810813876715,NaN,
WS(k=4;b=0.1),14,14,20302117,28,21.0,0.8282808392012782,pert:nulled:0.2,0.10763928198024415,0.7321464848909288,0.015284773037283518,0.035426103835086487,0.6666666666666666,0.16161417253461152,-0.5638756044904757,1.248581695657482,0.8018028248516897,0.026478014349588408,0.0,0.0,2216.529213002569,158.38656886631847,NaN,
WS(k=4;b=0.1),14,14,20302117,28,21.0,0.8282808392012782,pert:nulled:0.5,0.21960968360948582,0.9379418878823542,0.03813471405161527,0.08753759753285038,0.6666666666666666,0.16161417253461152,-0.5638756044904757,1.248581695657482,0.8131890216352798,0.015091817565998311,-0.08055365778435375,-0.040276828892176875,12563.630424505205,897.7776387439584,NaN,
WS(k=4;b=0.1),14,14,20302117,28,21.0,0.8282808392012782,pert:random:0.01,0.009428115788545181,0.8392678308392854,0.7809564700315571,0.650076058729101,0.6666666666666666,0.16161417253461152,-0.5638756044904757,-0.32221463113741466,0.7307848946525837,0.09749594454869448,0.08055365778435375,0.16110731556870728,6521.273451564038,465.99749939012344,NaN,
WS(k=4;b=0.1),14,14,20302117,28,21.0,0.8282808392012782,pert:random:0.05,0.04649035114966875,0.9905012113132191,0.9675897393732283,0.9261582515678473,0.6666666666666666,0.16161417253461152,-0.5638756044904757,-0.32221463113741466,0.6926524763247249,0.13562836287655322,0.48332194670612205,0.20138414446088415,151169.65261196712,10802.462183977621,NaN,
WS(k=4;b=0.1),14,14,20302117,28,21.0,0.8282808392012782,pert:random:0.2,0.17491651955299997,0.9990603989234633,0.9874461655570165,0.9667814293901379,0.6666666666666666,0.16161417253461152,-0.5638756044904757,-0.32221463113741466,0.45735421712671437,0.3709266220745638,-0.3222146311374148,0.5235987755982988,2.3839258907600716e6,170353.96904131552,NaN,
WS(k=4;b=0.1),14,14,20302117,28,21.0,0.8282808392012782,pert:random:0.5,0.3769296074178972,0.9997050827964511,0.9903743994573166,0.9733021184638381,0.6666666666666666,0.16161417253461152,-0.5638756044904757,-0.32221463113741466,0.6664624956149746,0.16181834358630354,1.6110731556870732,0.48332194670612194,1.4856240128461191e7,1.0616190241303137e6,NaN,
WS(k=4;b=0.1),14,14,20302117,28,21.0,0.8282808392012782,fit:triangle:mse,0.6671040925143594,0.9927909477532387,0.9922504543536707,0.9953396107619873,0.5771745298445153,0.2511063093567628,-0.24166097335306103,1.0069207223044208,0.659417869405753,0.16886296979552518,0.5638756044904756,0.2819378022452378,42131.597659402585,3060.361633476406,0.6671040925143594,1.30127;0.596258;0.223882;0.311004
WS(k=4;b=0.1),14,14,20302117,28,21.0,0.8282808392012782,fit:triangle:wgt,0.8522909883028672,0.9597846492075339,0.9711910379528631,0.9762222683973641,0.46346009224766604,0.3648207469536121,0.8860902356278905,0.966643893412244,0.6732133671089249,0.15506747209235328,1.208304866765305,-0.24166097335306103,130.17545913680078,10.152500675352899,0.9564138003526568,0.05;0.58637;0.312215;0.195083
WS(k=4;b=0.1),14,14,20302117,28,21.0,0.8282808392012782,fit:normal:mse,0.5901217349038831,0.9999885715094875,0.9973365147489796,0.999991877469592,0.6666666666666666,0.16161417253461152,-0.5638756044904757,-0.32221463113741466,0.6666666666666669,0.1616141725346113,-1.3694121823340124,0.4430451178139452,2991.4813888275294,216.23871452172753,0.5901217349038831,14.5417;4.54552;4.971
WS(k=4;b=0.1),14,14,20302117,28,21.0,0.8282808392012782,fit:normal:wgt,0.9998879599977581,0.98624030807846,0.9965223461486943,0.9984748353187441,0.6676131018324483,0.1606677373688299,2.174948760177549,-0.28193780224523785,0.6086370453346058,0.21964379386667232,0.5638756044904756,0.4027682889217683,2.895966360712665e7,2.1708352650490226e6,0.9830811691416765,6.14739;146.377;0.01
WS(k=4;b=0.1),14,14,20302117,28,21.0,0.8282808392012782,paper:empP,0.9999992783439788,0.9999999310764,0.9999998600978733,0.9999998998096994,0.81773205823786,0.010548780963418158,0.32221463113741466,0.0805536577843537,0.6499891695846829,0.17829166961659526,0.9666438934122441,0.4027682889217683,2.4400515994779533e6,122759.465755313,NaN,
WS(k=4;b=0.1),14,14,20302117,28,21.0,0.8282808392012782,paper:binP,0.9999992783439788,0.9999999310764,0.9999998600978733,0.9999998998096994,0.8030631968932582,0.025217642308019927,0.4027682889217683,0.12083048667653051,0.622505639272106,0.20577519992917215,0.24166097335306103,0.32221463113741466,26095.294880358048,1189.1487602678808,NaN,
WS(k=4;b=0.1),14,15,20302118,28,22.0,0.7958371643053336,exactN,0.0,0.0,0.0,0.0,0.7631843150980328,0.03265284920730083,0.0,0.0,0.7600587067505764,0.03577845755475717,0.0,0.0,16.289353463807622,0.9669691768412187,NaN,
WS(k=4;b=0.1),14,15,20302118,28,22.0,0.7958371643053336,pert:lowd:0.01,0.009999490429676346,0.98244980896312,0.991689900483051,0.8560073684890642,0.6363636363636364,0.15947352794169722,-0.5638756044904757,-0.28193780224523785,0.6518137464298523,0.14402341787548123,0.7249829200591829,0.2013841444608842,57605.96684433476,4116.0375661032185,NaN,
WS(k=4;b=0.1),14,15,20302118,28,22.0,0.7958371643053336,pert:lowd:0.05,0.04993737852251094,0.9986397871176167,0.9992776682124573,0.9315097523730405,0.6363636363636364,0.15947352794169722,-0.5638756044904757,-0.28193780224523785,0.6495356656499415,0.1463014986553921,0.8055365778435366,0.2013841444608842,1.404451495292152e6,100350.69590872187,NaN,
WS(k=4;b=0.1),14,15,20302118,28,22.0,0.7958371643053336,pert:lowd:0.2,0.19611252748593144,0.999651650946014,0.9997830097016538,0.9437305072225645,0.6363636363636364,0.15947352794169722,-0.5638756044904757,-0.28193780224523785,0.6973597163558939,0.09847744794943969,-1.1277512089809516,0.16110731556870733,2.236492889722577e7,1.598017404807974e6,NaN,
WS(k=4;b=0.1),14,15,20302118,28,22.0,0.7958371643053336,pert:lowd:0.5,0.44719648665557543,0.9997745047461977,0.9998487092635711,0.946070059954889,0.6363636363636364,0.15947352794169722,-0.5638756044904757,-0.28193780224523785,0.6363636363636367,0.1594735279416969,-1.4499658401183662,0.6847060911670062,1.3964812582335025e8,9.97813011788537e6,NaN,
WS(k=4;b=0.1),14,15,20302118,28,22.0,0.7958371643053336,pert:highd:0.01,0.005062647520569924,0.03407170720963632,0.002842248707875268,0.012045041008556339,0.6363636363636366,0.159473527941697,-0.5638756044904757,0.5235987755982989,0.7600587067505764,0.03577845755475717,0.0,0.0,22.97117692395785,1.6409156468976447,NaN,
WS(k=4;b=0.1),14,15,20302118,28,22.0,0.7958371643053336,pert:highd:0.05,0.02447152725596736,0.16986857540399586,0.01419963297256966,0.060914416059572034,0.6363636363636366,0.159473527941697,-0.5638756044904757,0.5235987755982989,0.7600587067505764,0.03577845755475717,0.0,0.0,81.66890283662104,5.834612913625455,NaN,
WS(k=4;b=0.1),14,15,20302118,28,22.0,0.7958371643053336,pert:highd:0.2,0.08681117363424999,0.58421956472622,0.056560550545459366,0.2487991383424666,0.6363636363636366,0.159473527941697,-0.5638756044904757,0.483321946706122,0.76633253687495,0.029504627430383623,0.0,-0.04027682889217682,626.8708845989684,44.788971841560816,NaN,
WS(k=4;b=0.1),14,15,20302118,28,22.0,0.7958371643053336,pert:highd:0.5,0.17577225479998976,0.8920000721776102,0.13949190389691343,0.5828067066307101,0.6363636363636366,0.159473527941697,-0.5638756044904757,0.5235987755982989,0.7680506369170801,0.02778652738825349,0.0,-0.0805536577843537,3257.153577759843,232.7250305391971,NaN,
WS(k=4;b=0.1),14,15,20302118,28,22.0,0.7958371643053336,pert:nulled:0.01,0.006191082580920444,0.06320686287111446,0.0007542454552180275,0.0021593992062852486,0.6363636363636364,0.15947352794169722,-0.5638756044904757,1.2888585245496587,0.7600587067505764,0.03577845755475717,0.0,0.0,34.87196402654384,2.491151404267245,NaN,
WS(k=4;b=0.1),14,15,20302118,28,22.0,0.7958371643053336,pert:nulled:0.05,0.03001123601018341,0.302189059382671,0.0037708634640384836,0.010767393797253987,0.6363636363636364,0.15947352794169722,-0.5638756044904757,1.2888585245496587,0.7600587067505764,0.03577845755475717,0.0,0.0,211.98270648381416,15.14529498876798,NaN,
WS(k=4;b=0.1),14,15,20302118,28,22.0,0.7958371643053336,pert:nulled:0.2,0.10730095306301628,0.7864302564053101,0.015076778296091962,0.04260380250778626,0.6363636363636364,0.15947352794169722,-0.5638756044904757,1.2888585245496587,0.7343832825197787,0.06145388178555489,0.16110731556870728,0.04027682889217682,2210.2741212016804,157.92424946654825,NaN,
WS(k=4;b=0.1),14,15,20302118,28,22.0,0.7958371643053336,pert:nulled:0.5,0.21888785914218276,0.9547214481491025,0.03764421012385524,0.1039552405463748,0.6363636363636364,0.15947352794169722,-0.5638756044904757,1.2888585245496587,0.7343832825197787,0.06145388178555489,0.16110731556870728,0.04027682889217682,12526.401779336315,895.0259712237521,NaN,
WS(k=4;b=0.1),14,15,20302118,28,22.0,0.7958371643053336,pert:random:0.01,0.00973700643634682,0.9290717339456782,0.8163872402041324,0.755996048980405,0.6363636363636364,0.15947352794169722,-0.5638756044904757,1.2888585245496587,0.6939833756556055,0.10185378864972805,0.5638756044904758,0.04027682889217682,6478.2218291064655,462.8887089209642,NaN,
WS(k=4;b=0.1),14,15,20302118,28,22.0,0.7958371643053336,pert:random:0.05,0.04821059258274704,0.9983111128321283,0.9731289304442345,0.9999458547409844,0.6363636363636364,0.15947352794169722,-0.5638756044904757,1.2888585245496587,0.662656317711756,0.13318084659357754,0.9666438934122441,-0.04027682889217682,174225.7607622017,12448.807551604283,NaN,
WS(k=4;b=0.1),14,15,20302118,28,22.0,0.7958371643053336,pert:random:0.2,0.18382162316493292,0.9999846123259639,0.9891745824007195,0.9850799237083491,0.6363636363636364,0.15947352794169722,-0.5638756044904757,1.2888585245496587,0.4764101191624327,0.3194270451429009,-0.8860902356278905,0.6041524333826527,2.825220817298848e6,201867.69031140907,NaN,
WS(k=4;b=0.1),14,15,20302118,28,22.0,0.7958371643053336,pert:random:0.5,0.4026706870632868,0.999832677283204,0.9915672263551438,0.9791306443000524,0.6363636363636364,0.15947352794169722,-0.5638756044904757,1.2888585245496587,0.5697279000430605,0.22610926426227307,-1.2083048667653051,0.6041524333826527,1.7704829914497327e7,1.265045026303482e6,NaN,
WS(k=4;b=0.1),14,15,20302118,28,22.0,0.7958371643053336,fit:triangle:mse,0.6283101773349121,0.9855131658192906,0.9750885837094275,0.9924615698623314,0.5724274586420364,0.2234097056632972,-0.32221463113741466,1.0471975511965976,0.6257316485747211,0.1701055157306125,0.4027682889217683,0.28193780224523785,137729.11570231244,9960.255804512222,0.6283101773349121,2.35422;0.641253;0.200338;0.357614
WS(k=4;b=0.1),14,15,20302118,28,22.0,0.7958371643053336,fit:triangle:wgt,0.8692723946495143,0.9225365837034589,0.9174521799123873,0.9516213119354879,0.4797137307760069,0.3161234335293267,1.0471975511965979,1.0069207223044208,0.645111854492588,0.15072530981274557,1.1277512089809512,-0.28193780224523785,122.23015032202457,9.550385427658444,0.9175620374402235,0.05;0.549303;0.393064;0.1927
WS(k=4;b=0.1),14,15,20302118,28,22.0,0.7958371643053336,fit:normal:mse,0.5203826669782926,0.9999974233182528,0.9957654985505483,0.9843236041425183,0.6363636363636364,0.15947352794169722,-0.5638756044904757,-0.28193780224523785,0.6363636363636366,0.159473527941697,-1.4499658401183662,0.40276828892176836,1339.1029987456764,97.99852681063834,0.5203826669782926,14.3936;4.15065;4.97157
WS(k=4;b=0.1),14,15,20302118,28,22.0,0.7958371643053336,fit:normal:wgt,0.9958799008803597,0.9732293781089824,0.9618740211213743,0.9901239159929743,0.6363636363636364,0.15947352794169722,-0.5638756044904757,-0.28193780224523785,0.6363636363636364,0.15947352794169722,-1.4499658401183662,1.1680280378731283,4.794247094455518e7,3.5187399790129927e6,0.9685457705615826,10.8039;87.7715;0.0105389
WS(k=4;b=0.1),14,15,20302118,28,22.0,0.7958371643053336,paper:empP,0.9999965766815296,0.9999993579343314,0.9999984771717678,0.9999992832944026,0.7773955136250795,0.01844165068025405,0.4027682889217683,0.16110731556870733,0.6302939645992507,0.1655431997060829,1.3694121823340124,0.4430451178139451,1.9102552108697243e7,893656.7233637671,NaN,
WS(k=4;b=0.1),14,15,20302118,28,22.0,0.7958371643053336,paper:binP,0.9999965766815296,0.9999993579343314,0.9999984771717678,0.9999992832944026,0.7773955136250795,0.01844165068025405,0.4027682889217683,0.16110731556870733,0.6187061705413194,0.1771309937640142,0.16110731556870728,0.28193780224523785,26095.294880358048,1189.1487602678808,NaN,
