family,n,instance,seed,m,c_opt,ceil_p1,variant,mse_rel,ew_avg,ew_star_raw,ew_star_nrm,ar_raw,regret_raw,dgamma_raw,dbeta_raw,ar_nrm,regret_nrm,dgamma_nrm,dbeta_nrm,pred_raw,normw_raw,fit_obj,fit_params
ER(0.5),12,1,20271904,34,25.0,0.8102055663769708,exactN,0.0,0.0,0.0,0.0,0.7773322891016601,0.03287327727531075,0.0,0.0,0.7716888910430562,0.038516675333914674,0.0,0.0,19.060452072746152,0.9785374975329775,NaN,
ER(0.5),12,1,20271904,34,25.0,0.8102055663769708,pert:lowd:0.01,0.009999546736903607,0.8838748806078018,0.9848950976868428,0.7654293804929726,0.68,0.13020556637697078,-0.40276828892176836,-0.28193780224523785,0.7039687506462415,0.1062368157307293,0.3222146311374148,0.16110731556870733,5158.186773496482,303.80001923824454,NaN,
ER(0.5),12,1,20271904,34,25.0,0.8102055663769708,pert:lowd:0.05,0.049938803073446794,0.9944619097268774,0.9947166903006007,0.9504482556920244,0.68,0.13020556637697078,-0.40276828892176836,-0.28193780224523785,0.6271875780599646,0.18301798831700622,-0.6444292622748293,0.3222146311374147,117381.89176382573,6913.828200690402,NaN,
ER(0.5),12,1,20271904,34,25.0,0.8102055663769708,pert:lowd:0.2,0.1961341620268254,0.9996549025513156,0.9881220988104961,0.9743882062363283,0.68,0.13020556637697078,-0.40276828892176836,-0.28193780224523785,0.6801322437655588,0.13007332261141202,1.208304866765305,0.2013841444608842,1.8443609355004525e6,108634.7343702493,NaN,
ER(0.5),12,1,20271904,34,25.0,0.8102055663769708,pert:lowd:0.5,0.447299167434436,0.9999459508530745,0.9865034000750763,0.9783530159506949,0.68,0.13020556637697078,-0.40276828892176836,-0.28193780224523785,0.6793216070563531,0.1308839593206177,1.208304866765305,0.24166097335306097,1.1485298680976879e7,676497.4437630617,NaN,
ER(0.5),12,1,20271904,34,25.0,0.8102055663769708,pert:highd:0.01,0.004700449341859745,0.02266334825935186,0.0032296340913474677,0.010981798586165804,0.68,0.13020556637697078,-0.40276828892176836,0.5235987755982989,0.7716888910430562,0.038516675333914674,0.0,0.0,22.36056907565318,1.3155445915436785,NaN,
ER(0.5),12,1,20271904,34,25.0,0.8102055663769708,pert:highd:0.05,0.022703865769844463,0.11254286236868041,0.016183789068355152,0.05577381339021491,0.68,0.13020556637697078,-0.40276828892176836,0.5235987755982989,0.7785185565144442,0.031687009862526594,-0.08055365778435353,0.0,51.30649123755916,3.0196971529429875,NaN,
ER(0.5),12,1,20271904,34,25.0,0.8102055663769708,pert:highd:0.2,0.08037760022807065,0.41173044525979624,0.06517588671680966,0.23237778769888914,0.68,0.13020556637697078,-0.40276828892176836,0.5235987755982989,0.7858712686346814,0.024334297742289457,-0.08055365778435353,-0.04027682889217682,266.780652839629,15.708401540140484,NaN,
ER(0.5),12,1,20271904,34,25.0,0.8102055663769708,pert:highd:0.5,0.1624381824801145,0.7469170739662514,0.16396972851227773,0.5697782793462518,0.68,0.13020556637697078,-0.40276828892176836,0.5235987755982989,0.7951232297658088,0.015082336611161984,-0.16110731556870728,-0.12083048667653051,1204.2250715460323,70.91906849219379,NaN,
ER(0.5),12,1,20271904,34,25.0,0.8102055663769708,pert:nulled:0.01,0.004898100359904941,0.039596502431714094,0.000246070481482602,0.000902961412284512,0.68,0.13020556637697078,-0.40276828892176836,1.2888585245496587,0.7716888910430562,0.038516675333914674,0.0,0.0,25.66681525648392,1.510174832635971,NaN,
ER(0.5),12,1,20271904,34,25.0,0.8102055663769708,pert:nulled:0.05,0.02366793492181446,0.19533466460099957,0.0012300922826207143,0.004512921050214149,0.68,0.13020556637697078,-0.40276828892176836,1.2888585245496587,0.7716888910430562,0.038516675333914674,0.0,0.0,78.12468352750868,4.598763344938985,NaN,
ER(0.5),12,1,20271904,34,25.0,0.8102055663769708,pert:nulled:0.2,0.08388107697540106,0.6306296970124567,0.004916428851393787,0.018021365952444395,0.68,0.13020556637697078,-0.40276828892176836,1.2888585245496587,0.7716888910430562,0.038516675333914674,0.0,0.0,528.3578427863713,31.1133911061429,NaN,
ER(0.5),12,1,20271904,34,25.0,0.8102055663769708,pert:nulled:0.5,0.16968909886185896,0.9041102377256651,0.012270919740445025,0.04487822573336612,0.68,0.13020556637697078,-0.40276828892176836,1.2888585245496587,0.7716888910430562,0.038516675333914674,0.0,0.0,2629.690150347611,154.87516639729205,NaN,
ER(0.5),12,1,20271904,34,25.0,0.8102055663769708,pert:random:0.01,0.009755702305366742,0.7890665198157331,0.9454821858771538,0.6672798885193045,0.68,0.13020556637697078,-0.40276828892176836,-0.28193780224523785,0.7039687506462415,0.1062368157307293,0.3222146311374148,0.16110731556870733,2304.2705480865407,135.70862437867052,NaN,
ER(0.5),12,1,20271904,34,25.0,0.8102055663769708,pert:random:0.05,0.04831852291210237,0.9886685235830404,0.9971699632089572,0.9391820831900654,0.68,0.13020556637697078,-0.40276828892176836,-0.28193780224523785,0.6550006915838091,0.1552048747931617,-0.966643893412244,0.3624914600295915,49962.0402562303,2942.753335048732,NaN,
ER(0.5),12,1,20271904,34,25.0,0.8102055663769708,pert:random:0.2,0.1844273990197426,0.9994111961594678,0.988331768643747,0.9756234221116832,0.68,0.13020556637697078,-0.40276828892176836,-0.28193780224523785,0.6039554825970715,0.20625008377989928,-0.8055365778435366,0.40276828892176836,777427.4737618852,45791.16653752561,NaN,
ER(0.5),12,1,20271904,34,25.0,0.8102055663769708,pert:random:0.5,0.4045393280128376,0.9999413540738983,0.9858788091434487,0.9811817144124952,0.68,0.13020556637697078,-0.40276828892176836,-0.28193780224523785,0.552605105360222,0.2576004610167488,-0.48332194670612194,0.40276828892176836,4.831694748089533e6,284592.18233046745,NaN,
ER(0.5),12,1,20271904,34,25.0,0.8102055663769708,fit:triangle:mse,0.6963524648578863,0.984802360409083,0.981133793129314,0.9960134634963915,0.4870849396486802,0.3231206267282906,0.5638756044904756,1.0069207223044208,0.6912822942926578,0.11892327208431308,0.24166097335306103,0.2013841444608842,1342.091798910034,85.84153548702648,0.6963524648578863,0.620049;0.668954;0.154232;0.405431
ER(0.5),12,1,20271904,34,25.0,0.8102055663769708,fit:triangle:wgt,0.8132725131360439,0.910799316644395,0.888927324836708,0.9552945197986104,0.4927108729668953,0.3174946934100755,0.6444292622748293,1.0069207223044208,0.6704392751528917,0.13976629122407913,0.08055365778435375,0.24166097335306097,46.786961841283016,2.9635136731410117,0.9028937989553895,0.05;0.80777;0.101308;0.232503
ER(0.5),12,1,20271904,34,25.0,0.8102055663769708,fit:normal:mse,0.6175379779925968,0.9996030632326471,0.972729331371248,0.9863652629187908,0.68,0.13020556637697078,-0.40276828892176836,1.2888585245496587,0.68,0.13020556637697078,-1.2888585245496587,0.3624914600295915,2259.7288965777934,133.37157043240396,0.6175379779925968,17.4106;4.23315;4.40244
ER(0.5),12,1,20271904,34,25.0,0.8102055663769708,fit:normal:wgt,0.9984671508892431,0.9595650606505294,0.9380989585584434,0.9879628241868326,0.6800007044039239,0.13020486197304693,2.658270706883671,-0.24166097335306103,0.68,0.13020556637697078,-1.2888585245496587,1.1680280378731283,4.041354240197074e6,245232.13949024933,0.9535431916324678,12.673;86.7866;0.01
ER(0.5),12,1,20271904,34,25.0,0.8102055663769708,paper:empP,0.6437329704882068,0.8099661171501209,0.806860241778721,0.8264700108129416,0.4602859985491712,0.34991956782779965,0.24166097335306097,0.8458134067357135,0.7725886819776455,0.03761688439932531,-0.16110731556870728,0.04027682889217682,24.418336141443806,3.156900204855543,NaN,
ER(0.5),12,1,20271904,34,25.0,0.8102055663769708,paper:binP,0.6437329704882068,0.8099661171501209,0.806860241778721,0.8264700108129416,0.6800000000000002,0.13020556637697067,-0.40276828892176836,0.12083048667653051,0.7477448055790831,0.06246076079788776,0.0,0.08055365778435364,17.007889641745187,1.0317285995911587,NaN,
ER(0.5),12,2,20271905,27,20.0,0.8118359121156338,exactN,0.0,0.0,0.0,0.0,0.7847473984290086,0.027088513686625126,0.0,0.0,0.7752780960198334,0.03655781609580033,0.0,0.0,15.371428129492365,0.9764390467904132,NaN,
ER(0.5),12,2,20271905,27,20.0,0.8118359121156338,pert:lowd:0.01,0.009999539877193585,0.8932332899375879,0.9884917939628162,0.766770538519947,0.675,0.13683591211563373,-0.483321946706122,-0.28193780224523785,0.6995412135705568,0.11229469854507701,0.48332194670612183,0.2013841444608842,4090.73258898008,303.32967621143894,NaN,
ER(0.5),12,2,20271905,27,20.0,0.8118359121156338,pert:lowd:0.05,0.049938625859023436,0.994630588177775,0.9947029406893033,0.9422921453731029,0.675,0.13683591211563373,-0.483321946706122,-0.28193780224523785,0.6774035527886222,0.13443235932701159,0.5638756044904758,0.28193780224523785,93084.38431117703,6902.599013477701,NaN,
ER(0.5),12,2,20271905,27,20.0,0.8118359121156338,pert:lowd:0.2,0.19613146025681513,0.999574481320358,0.9887310543833542,0.9666486158344232,0.675,0.13683591211563373,-0.483321946706122,-0.28193780224523785,0.6629592419379362,0.14887667017769757,0.7249829200591829,0.3624914600295915,1.4625678577388572e6,108456.65554021839,NaN,
ER(0.5),12,2,20271905,27,20.0,0.8118359121156338,pert:lowd:0.5,0.4472863336989092,0.9998990720466505,0.9872825805603972,0.970852831408895,0.675,0.13683591211563373,-0.483321946706122,-0.28193780224523785,0.6629592419379362,0.14887667017769757,0.7249829200591829,0.3624914600295915,9.107753496817892e6,675386.436282084,NaN,
ER(0.5),12,2,20271905,27,20.0,0.8118359121156338,pert:highd:0.01,0.004651116373678507,0.02402252413332306,0.0035031626433736423,0.011729433525272628,0.675,0.13683591211563373,-0.483321946706122,0.5235987755982989,0.7752780960198334,0.03655781609580033,0.0,0.0,17.753723938862755,1.31527186708672,NaN,
ER(0.5),12,2,20271905,27,20.0,0.8118359121156338,pert:highd:0.05,0.02246343134432923,0.11903213793573461,0.01756093568121173,0.059677485514616865,0.675,0.13683591211563373,-0.483321946706122,0.5235987755982989,0.7806216068426988,0.031214305272935006,-0.08055365778435375,0.0,40.718942729087175,3.0176067778330116,NaN,
ER(0.5),12,2,20271905,27,20.0,0.8118359121156338,pert:highd:0.2,0.07950575385733517,0.42952546696303406,0.07080165724022704,0.24964640327524634,0.675,0.13683591211563373,-0.483321946706122,0.5235987755982989,0.7929153730407478,0.018920539074886,-0.1611073155687075,-0.04027682889217682,211.63061643794595,15.689138747322891,NaN,
ER(0.5),12,2,20271905,27,20.0,0.8118359121156338,pert:highd:0.5,0.16063743089713037,0.7601868689784175,0.17828723903300722,0.6070005730809003,0.675,0.13683591211563373,-0.483321946706122,0.5235987755982989,0.7944409911214562,0.01739492099417761,-0.1611073155687075,-0.12083048667653051,955.1007687028502,70.8164050482614,NaN,
ER(0.5),12,2,20271905,27,20.0,0.8118359121156338,pert:nulled:0.01,0.004860443760822308,0.0419917374299916,0.00026773302972995,0.0009654622829825382,0.675,0.13683591211563373,-0.483321946706122,1.2888585245496587,0.7752780960198334,0.03655781609580033,0.0,0.0,20.377138334131093,1.5097199113919597,NaN,
ER(0.5),12,2,20271905,27,20.0,0.8118359121156338,pert:nulled:0.05,0.023484161835806285,0.2064588387719301,0.001338361893650402,0.0048245192925573145,0.675,0.13683591211563373,-0.483321946706122,1.2888585245496587,0.7752780960198334,0.03655781609580033,0.0,0.0,61.99348168075496,4.594765659789104,NaN,
ER(0.5),12,2,20271905,27,20.0,0.8118359121156338,pert:nulled:0.2,0.08321226994782677,0.6508107878589389,0.005348849140346731,0.01925376909288126,0.675,0.13683591211563373,-0.483321946706122,1.2888585245496587,0.7752780960198334,0.03655781609580033,0.0,0.0,419.09077687451247,31.071554181595996,NaN,
ER(0.5),12,2,20271905,27,20.0,0.8118359121156338,pert:nulled:0.5,0.16830305366193632,0.9112101346275694,0.013348548498972997,0.04788483768301885,0.675,0.13683591211563373,-0.483321946706122,1.2888585245496587,0.7451067492060389,0.06672916290959485,0.16110731556870728,0.08055365778435364,2085.561192943745,154.6413431661879,NaN,
ER(0.5),12,2,20271905,27,20.0,0.8118359121156338,pert:random:0.01,0.009220722013389181,0.2998418555510709,0.33133000553787645,0.2671865444889259,0.675,0.13683591211563373,-0.483321946706122,1.0471975511965976,0.763445461649574,0.04839045046605972,0.16110731556870728,0.0,87.2882071514607,6.4700593495612475,NaN,
ER(0.5),12,2,20271905,27,20.0,0.8118359121156338,pert:random:0.05,0.045373718694791905,0.8599103962328077,0.9502392954041534,0.9056492141571362,0.6749999999999999,0.13683591211563384,-0.483321946706122,1.0874743800887745,0.7152123720587912,0.0966235400568426,0.8055365778435366,0.0,1036.8877832012126,76.88152988408885,NaN,
ER(0.5),12,2,20271905,27,20.0,0.8118359121156338,pert:random:0.2,0.16959980205828248,0.9941818013971576,0.989701933824452,0.9928470579287081,0.6749999999999999,0.13683591211563384,-0.483321946706122,1.0874743800887745,0.6960193260466978,0.11581658606893597,1.1277512089809512,-0.16110731556870736,14069.519383826972,1043.2950250326305,NaN,
ER(0.5),12,2,20271905,27,20.0,0.8118359121156338,pert:random:0.5,0.3626605450118502,0.9999362280299986,0.9725797682852586,0.9728392333890115,0.6749999999999999,0.13683591211563384,-0.483321946706122,1.1277512089809514,0.47811617697032427,0.3337197351453095,-0.8860902356278905,0.6444292622748293,85044.38779476711,6306.432041055138,NaN,
ER(0.5),12,2,20271905,27,20.0,0.8118359121156338,fit:triangle:mse,0.6400296671179445,0.9652802247775139,0.9603209145825365,0.9779132311454093,0.4744516725940236,0.3373842395216102,0.3222146311374147,1.0069207223044208,0.6999519251209854,0.11188398699464841,0.4027682889217683,0.2013841444608842,57946.887390760996,4578.948433175422,0.6400296671179445,4.80897;0.500617;0.28426;0.227101
ER(0.5),12,2,20271905,27,20.0,0.8118359121156338,fit:triangle:wgt,0.7701183080664844,0.8461133999732714,0.8192768757999885,0.8904749148535659,0.5187649155959576,0.29307099651967616,0.9666438934122441,1.0069207223044208,0.6999519251209854,0.11188398699464841,0.4027682889217683,0.2013841444608842,31.609331805880558,2.581584914398499,0.8374320188632487,0.0610597;0.558242;0.263772;0.165076
ER(0.5),12,2,20271905,27,20.0,0.8118359121156338,fit:normal:mse,0.5361862573148211,0.999945919553706,0.9701430877767877,0.9875659373993865,0.675,0.13683591211563373,-0.483321946706122,-0.28193780224523785,0.6627526168494711,0.1490832952661627,1.691626813471427,0.7249829200591831,773.9832223082329,57.83522931284979,0.5361862573148211,14.075;3.80141;4.03642
ER(0.5),12,2,20271905,27,20.0,0.8118359121156338,fit:normal:wgt,0.9993760345697248,0.9514454196796597,0.9087600276073885,0.9748581123399358,0.6771764683461685,0.13465944376946526,2.5777170490993173,-0.24166097335306103,0.6280957070192228,0.18374020509641098,0.4027682889217683,0.40276828892176836,2.9181444841489894e6,225850.28741683668,0.9450250868861138,8.16698;87.3915;0.01
ER(0.5),12,2,20271905,27,20.0,0.8118359121156338,paper:empP,0.9992926238514379,0.9998884527859901,0.9997530691716663,0.9999042687212029,0.8079010151471426,0.003934896968491142,0.3222146311374147,0.0805536577843537,0.687689812413911,0.12414609970172275,0.48332194670612183,0.24166097335306097,534.0525853656948,29.363168859482318,NaN,
ER(0.5),12,2,20271905,27,20.0,0.8118359121156338,paper:binP,0.9992926238514379,0.9998884527859901,0.9997530691716663,0.9999042687212029,0.7997113635933057,0.012124548522328027,0.40276828892176836,0.12083048667653051,0.6985564829740154,0.11327942914161837,0.16110731556870728,0.2013841444608842,149.46634259673,7.781601600610532,NaN,
ER(0.5),12,3,20271906,36,25.0,0.8415638827492397,exactN,0.0,0.0,0.0,0.0,0.8173671973700448,0.024196685379194838,0.0,0.0,0.818108260593353,0.023455622155886702,0.0,0.0,19.99869753650097,0.9762089186202529,NaN,
ER(0.5),12,3,20271906,36,25.0,0.8415638827492397,pert:lowd:0.01,0.009999535841168306,0.8755522466118597,0.9785959161737083,0.8536894996934137,0.72,0.12156388274923968,-0.40276828892176836,-0.28193780224523785,0.7306579488374138,0.1109059339118259,0.5638756044904756,0.20138414446088415,5458.039284793257,303.6104214155806,NaN,
ER(0.5),12,3,20271906,36,25.0,0.8415638827492397,pert:lowd:0.05,0.04993852209036163,0.9934717081020294,0.9975363876646052,0.9814449386452093,0.72,0.12156388274923968,-0.40276828892176836,-0.28193780224523785,0.6505211088967823,0.19104277385245738,-0.5638756044904757,0.36249146002959154,124201.50443908371,6909.302710564542,NaN,
ER(0.5),12,3,20271906,36,25.0,0.8415638827492397,pert:lowd:0.2,0.1961298796122129,0.9994593137137359,0.9925275023679376,0.9931538328172916,0.72,0.12156388274923968,-0.40276828892176836,-0.28193780224523785,0.667475668341888,0.17408821440735167,0.4027682889217683,0.36249146002959154,1.9515016379830968e6,108562.96989455775,NaN,
ER(0.5),12,3,20271906,36,25.0,0.8415638827492397,pert:lowd:0.5,0.4472788268681562,0.9998637146017786,0.9912110652312299,0.9948313110758923,0.72,0.12156388274923968,-0.40276828892176836,-0.28193780224523785,0.667475668341888,0.17408821440735167,0.4027682889217683,0.36249146002959154,1.2152475196091551e7,676049.7199978924,NaN,
ER(0.5),12,3,20271906,36,25.0,0.8415638827492397,pert:highd:0.01,0.004658052859774091,0.021942602107034682,0.0031945723919966328,0.00772680774916828,0.72,0.12156388274923968,-0.40276828892176836,0.5235987755982989,0.818108260593353,0.023455622155886702,0.0,0.0,23.673811859874775,1.3154341875884925,NaN,
ER(0.5),12,3,20271906,36,25.0,0.8415638827492397,pert:highd:0.05,0.022497233192286237,0.10877674519598289,0.016007977147788822,0.039016634674434066,0.72,0.12156388274923968,-0.40276828892176836,0.5235987755982989,0.818108260593353,0.023455622155886702,0.0,0.0,54.30858222555837,3.018852261621541,NaN,
ER(0.5),12,3,20271906,36,25.0,0.8415638827492397,pert:highd:0.2,0.0796282790690953,0.397401421505334,0.0644681915227093,0.16056706253442052,0.72,0.12156388274923968,-0.40276828892176836,0.5235987755982989,0.818108260593353,0.023455622155886702,0.0,0.0,282.3271727949944,15.70062890167199,NaN,
ER(0.5),12,3,20271906,36,25.0,0.8415638827492397,pert:highd:0.5,0.160890414628133,0.7274585060257568,0.16221682812157842,0.4054720262212234,0.72,0.12156388274923968,-0.40276828892176836,0.483321946706122,0.8253044047016787,0.016259478047561005,0.0,-0.0805536577843537,1274.2821514512875,70.8776715301089,NaN,
ER(0.5),12,3,20271906,36,25.0,0.8415638827492397,pert:nulled:0.01,0.004871722306373775,0.03836667826164783,0.00024503861923274217,0.0008160726728408153,0.72,0.12156388274923968,-0.40276828892176836,1.2888585245496587,0.818108260593353,0.023455622155886702,0.0,0.0,27.173152020313168,1.5099907260071277,NaN,
ER(0.5),12,3,20271906,36,25.0,0.8415638827492397,pert:nulled:0.05,0.023539198866743095,0.18895464544319934,0.0012249762694037174,0.004080078495300669,0.72,0.12156388274923968,-0.40276828892176836,1.2888585245496587,0.818108260593353,0.023455622155886702,0.0,0.0,82.68980067354896,4.597148434323175,NaN,
ER(0.5),12,3,20271906,36,25.0,0.8415638827492397,pert:nulled:0.2,0.08341251801133033,0.613287724478131,0.004896613593375561,0.016314495348690457,0.72,0.12156388274923968,-0.40276828892176836,1.2888585245496587,0.818108260593353,0.023455622155886702,0.0,0.0,559.1198112739423,31.096515801605754,NaN,
ER(0.5),12,3,20271906,36,25.0,0.8415638827492397,pert:nulled:0.5,0.16871795676609505,0.8922379011477475,0.012224616948312055,0.040738917550206206,0.72,0.12156388274923968,-0.40276828892176836,1.2888585245496587,0.8299246168491802,0.011639265900059481,-0.08055365778435375,-0.040276828892176875,2782.6025710835875,154.7808998255796,NaN,
ER(0.5),12,3,20271906,36,25.0,0.8415638827492397,pert:random:0.01,0.009876465106929183,0.5698677046096933,0.43238150165880734,0.33260384317008007,0.72,0.12156388274923968,-0.40276828892176836,1.2888585245496587,0.7973108582049423,0.04425302454429736,0.24166097335306103,0.0,769.9978734149564,42.82646677013382,NaN,
ER(0.5),12,3,20271906,36,25.0,0.8415638827492397,pert:random:0.05,0.04965495902158211,0.9606463463637674,0.9799494128538552,0.9295247981120295,0.72,0.12156388274923968,-0.40276828892176836,1.2888585245496587,0.6856085466263774,0.15595533612286228,-0.8860902356278904,0.4430451178139452,14828.851820588681,824.8996947667868,NaN,
ER(0.5),12,3,20271906,36,25.0,0.8415638827492397,pert:random:0.2,0.19988429956113518,0.9973461658784261,0.9889990525656482,0.9981727570829343,0.72,0.12156388274923968,-0.40276828892176836,1.2888585245496587,0.5973609020542604,0.24420298069497925,-0.5638756044904757,0.4430451178139452,225024.3440850632,12518.109192808912,NaN,
ER(0.5),12,3,20271906,36,25.0,0.8415638827492397,pert:random:0.5,0.47363502084940456,0.9995572207049751,0.9766146762014091,0.9886464390371466,0.72,0.12156388274923968,-0.40276828892176836,1.2888585245496587,0.6357822926049075,0.20578159014433217,0.4027682889217683,0.4430451178139452,1.3913485442262003e6,77401.32505073107,NaN,
ER(0.5),12,3,20271906,36,25.0,0.8415638827492397,fit:triangle:mse,0.7081810593340979,0.9891427282157019,0.9886815248249318,0.9959856112293031,0.516258179340974,0.3253057034082657,0.5638756044904756,1.0069207223044208,0.7184424463496998,0.12312143639953987,0.48332194670612205,0.24166097335306103,11561.711942606718,697.0063774539166,0.7081810593340979,1.69503;0.651214;0.161048;0.366536
ER(0.5),12,3,20271906,36,25.0,0.8415638827492397,fit:triangle:wgt,0.8406622115977677,0.9100477365406704,0.8899470145574735,0.9353060085047116,0.5348030068287363,0.3067608759205034,0.7249829200591831,1.0069207223044208,0.7118602672980258,0.1297036154512139,0.24166097335306103,0.24166097335306103,53.99951414999025,3.211932724965102,0.9026339793859703,0.05;0.853243;0.100877;0.29769
ER(0.5),12,3,20271906,36,25.0,0.8415638827492397,fit:normal:mse,0.6282814114533518,0.9997986860368986,0.976633855775286,0.9793894672611073,0.72,0.12156388274923968,-0.40276828892176836,-0.28193780224523785,0.72,0.12156388274923968,-1.1277512089809514,0.4027682889217683,2469.0487189075293,137.32276110201508,0.6282814114533518,18.6672;4.26817;4.30924
ER(0.5),12,3,20271906,36,25.0,0.8415638827492397,fit:normal:wgt,0.9991995006686893,0.9604885509695331,0.9332279825813992,0.9777084771479577,0.720034648978796,0.12152923377044367,2.5777170490993173,-0.24166097335306103,0.72,0.12156388274923968,-1.1277512089809514,1.208304866765305,3.8577319631331475e6,222731.6018635701,0.9546343168416288,12.7194;88.028;0.01
ER(0.5),12,3,20271906,36,25.0,0.8415638827492397,paper:empP,0.8614393238498597,0.8212147701147979,0.8548911009266545,0.8285408997078518,0.44837497470764864,0.393188908041591,0.40276828892176836,0.8055365778435366,0.8396442636657062,0.0019196190835334415,-0.48332194670612205,-0.040276828892176875,367.0323006176502,118.93562816605032,NaN,
ER(0.5),12,3,20271906,36,25.0,0.8415638827492397,paper:binP,0.8614393238498597,0.8212147701147979,0.8548911009266545,0.8285408997078518,0.5110915989791482,0.3304722837700914,0.16110731556870733,0.9263670645200672,0.7936173660580311,0.04794651669120853,0.0,0.08055365778435364,32.18187721848528,2.5170646715557363,NaN,
ER(0.5),12,4,20271907,32,23.0,0.8271730694506622,exactN,0.0,0.0,0.0,0.0,0.7940766765047761,0.033096392945886066,0.0,0.0,0.8056362356692207,0.021536833781441445,0.0,0.0,17.981420223127902,0.9826027366062055,NaN,
ER(0.5),12,4,20271907,32,23.0,0.8271730694506622,pert:lowd:0.01,0.009999545098033571,0.8846832080700847,0.9855252589882476,0.8700975863614595,0.6956521739130435,0.1315208955376187,-0.40276828892176836,-0.28193780224523785,0.7067433517227412,0.12042971772792099,0.4027682889217683,0.24166097335306103,4850.43246856303,303.4614342952559,NaN,
ER(0.5),12,4,20271907,32,23.0,0.8271730694506622,pert:lowd:0.05,0.04993876063675821,0.9944846478371515,0.994814064985701,0.9862209510291822,0.6956521739130435,0.1315208955376187,-0.40276828892176836,-0.28193780224523785,0.6683584654068975,0.15881460404376468,0.32221463113741455,0.32221463113741466,110373.68830884369,6905.743385527189,NaN,
ER(0.5),12,4,20271907,32,23.0,0.8271730694506622,pert:lowd:0.2,0.1961335147740398,0.9996508208087754,0.9883987343538841,0.995704738674834,0.6956521739130435,0.1315208955376187,-0.40276828892176836,-0.28193780224523785,0.6566057642119614,0.17056730523870078,0.4027682889217683,0.36249146002959154,1.734229642725803e6,108506.51675287241,NaN,
ER(0.5),12,4,20271907,32,23.0,0.8271730694506622,pert:lowd:0.5,0.44729609262545006,0.9999435351357822,0.9868254079405808,0.9969692675109978,0.6956521739130435,0.1315208955376187,-0.40276828892176836,-0.28193780224523785,0.6956829341642198,0.13149013528644238,1.7721804712557805,0.2819378022452378,1.0799464554266643e7,675697.5079359992,NaN,
ER(0.5),12,4,20271907,32,23.0,0.8271730694506622,pert:highd:0.01,0.004667058241424302,0.02275468984381738,0.003285554296662466,0.007994189421189986,0.6956521739130435,0.1315208955376187,-0.40276828892176836,0.5235987755982989,0.8056362356692207,0.021536833781441445,0.0,0.0,21.04271782368017,1.3153488328656704,NaN,
ER(0.5),12,4,20271907,32,23.0,0.8271730694506622,pert:highd:0.05,0.022541119086949994,0.1128126908888771,0.016464169529484873,0.04039432060061677,0.6956521739130435,0.1315208955376187,-0.40276828892176836,0.5235987755982989,0.8113251672497341,0.01584790220092802,-0.08055365778435375,0.0,48.26915335225731,3.018195088468522,NaN,
ER(0.5),12,4,20271907,32,23.0,0.8271730694506622,pert:highd:0.2,0.07978737873410752,0.4105255665452038,0.06630399909434097,0.1665616319195174,0.6956521739130435,0.1315208955376187,-0.40276828892176836,0.5235987755982989,0.8113251672497341,0.01584790220092802,-0.08055365778435375,0.0,250.91007691687102,15.694544215976318,NaN,
ER(0.5),12,4,20271907,32,23.0,0.8271730694506622,pert:highd:0.5,0.161218956955677,0.7418622567952919,0.1667596981565621,0.4206446270785098,0.6956521739130435,0.1315208955376187,-0.40276828892176836,0.5235987755982989,0.8153881947103754,0.011784874740286777,-0.08055365778435375,-0.0805536577843537,1132.4425098313852,70.8451798504519,NaN,
ER(0.5),12,4,20271907,32,23.0,0.8271730694506622,pert:nulled:0.01,0.0048708142315895386,0.0397782923385595,0.00025037942547308435,0.0008472637337343941,0.6956521739130435,0.1315208955376187,-0.40276828892176836,1.2888585245496587,0.8056362356692207,0.021536833781441445,0.0,0.0,24.152794366418654,1.5098482295555542,NaN,
ER(0.5),12,4,20271907,32,23.0,0.8271730694506622,pert:nulled:0.05,0.02353476748903305,0.19586874345831423,0.001251631124107729,0.004236404914489551,0.6956521739130435,0.1315208955376187,-0.40276828892176836,1.2888585245496587,0.8056362356692207,0.021536833781441445,0.0,0.0,73.49220961554084,4.595889691249835,NaN,
ER(0.5),12,4,20271907,32,23.0,0.8271730694506622,pert:nulled:0.2,0.08339639324328672,0.6291645289025034,0.005002493887113557,0.016945179761633813,0.6956521739130435,0.1315208955376187,-0.40276828892176836,1.2888585245496587,0.8056362356692207,0.021536833781441445,0.0,0.0,496.89240521387734,31.083286917080304,NaN,
ER(0.5),12,4,20271907,32,23.0,0.8271730694506622,pert:nulled:0.5,0.1686845441633582,0.9011110564659753,0.012485605409716525,0.04234023993069106,0.6956521739130435,0.1315208955376187,-0.40276828892176836,1.2888585245496587,0.8056362356692207,0.021536833781441445,0.0,0.0,2472.8488467932625,154.70685805310555,NaN,
ER(0.5),12,4,20271907,32,23.0,0.8271730694506622,pert:random:0.01,0.009574295151632434,0.38973650533576937,0.5304864700818689,0.4157703308547793,0.6956521739130435,0.1315208955376187,-0.40276828892176836,-0.28193780224523785,0.7564882018086915,0.07068486764197068,0.4027682889217683,0.08055365778435364,161.9854619144102,10.131561621472072,NaN,
ER(0.5),12,4,20271907,32,23.0,0.8271730694506622,pert:random:0.05,0.04839582654376716,0.9010645658897707,0.9943883501964219,0.9417180294986827,0.6956521739130435,0.1315208955376187,-0.40276828892176836,-0.28193780224523785,0.6874888039327636,0.1396842655178986,0.32221463113741455,0.2819378022452378,2269.268521775519,141.9698715538384,NaN,
ER(0.5),12,4,20271907,32,23.0,0.8271730694506622,pert:random:0.2,0.19895817589846346,0.9918453929608418,0.9853168045522858,0.9999011929739205,0.6956521739130435,0.1315208955376187,-0.40276828892176836,-0.28193780224523785,0.6181697542191822,0.20900331523147997,-0.6444292622748294,0.4027682889217683,31879.192270154097,1994.5604379125248,NaN,
ER(0.5),12,4,20271907,32,23.0,0.8271730694506622,pert:random:0.5,0.48914992375904687,0.9983260895223078,0.9747222532314859,0.9985141410782136,0.6956521739130435,0.1315208955376187,-0.40276828892176836,-0.28193780224523785,0.6195359490177654,0.20763712043289673,0.24166097335306103,0.4027682889217683,193924.5715906453,12133.305853267166,NaN,
ER(0.5),12,4,20271907,32,23.0,0.8271730694506622,fit:triangle:mse,0.691312994042903,0.9842512739433552,0.9788429923800167,0.9885662879090588,0.48952695490135295,0.3376461145493092,0.483321946706122,1.0069207223044208,0.7067433517227412,0.12042971772792099,0.4027682889217683,0.24166097335306103,213400.0252512967,14339.506707310806,0.691312994042903,8.0;0.621893;0.183975;0.324052
ER(0.5),12,4,20271907,32,23.0,0.8271730694506622,fit:triangle:wgt,0.8037393286080077,0.9018163031612538,0.8793115304338315,0.9293626306535703,0.5143696346319239,0.3128034348187383,0.8055365778435368,1.0069207223044208,0.6874888039327636,0.1396842655178986,0.32221463113741455,0.2819378022452378,38.49867221730176,2.604795264074533,0.8939395181657499,0.05;0.31532;0.473259;0.0871569
ER(0.5),12,4,20271907,32,23.0,0.8271730694506622,fit:normal:mse,0.610469595140828,0.9997972440316895,0.9686443014195214,0.966811761999229,0.6956521739130435,0.1315208955376187,-0.40276828892176836,1.2888585245496587,0.6956521739130435,0.1315208955376187,1.933287786824488,0.4430451178139452,1915.8316499780453,119.37851461717233,0.610469595140828,16.6296;4.21026;4.0972
ER(0.5),12,4,20271907,32,23.0,0.8271730694506622,fit:normal:wgt,0.9988421789840479,0.9587946534953874,0.9314526282672011,0.9754795359493352,0.6956622653530187,0.13151080409764349,2.658270706883671,-0.24166097335306103,0.6956521739130435,0.1315208955376187,-1.2083048667653051,1.208304866765305,3.721108487974817e6,241740.65033641088,0.9528119186702704,11.2068;80.0283;0.01
ER(0.5),12,4,20271907,32,23.0,0.8271730694506622,paper:empP,0.8596488626436811,0.9684950187848406,0.9545466748074902,0.9714437964796502,0.8056353803789709,0.02153768907169129,0.08055365778435364,0.0,0.760617768527573,0.06655530092308914,0.16110731556870728,0.12083048667653046,24.25133071437032,1.2878864426672947,NaN,
ER(0.5),12,4,20271907,32,23.0,0.8271730694506622,paper:binP,0.8596488626436811,0.9684950187848406,0.9545466748074902,0.9714437964796502,0.8148010325064723,0.012372036944189868,0.16110731556870733,0.0805536577843537,0.7438194756892035,0.08335359376145868,0.16110731556870728,0.16110731556870728,24.225479392053,1.2077303022586687,NaN,
ER(0.5),12,5,20271908,34,23.0,0.8503966324666877,exactN,0.0,0.0,0.0,0.0,0.8326370364186135,0.0177595960480742,0.0,0.0,0.8430071490901992,0.0073894833764884815,0.0,0.0,18.789639685510124,0.9791226179644783,NaN,
ER(0.5),12,5,20271908,34,23.0,0.8503966324666877,pert:lowd:0.01,0.009999527372596559,0.8786198509195342,0.9815019138271305,0.9815019138271305,0.7391304347826086,0.11126619768407908,-0.40276828892176836,-0.28193780224523785,0.7485437543889614,0.10185287807772636,2.174948760177549,0.24166097335306097,5153.6817262541645,303.6100530348681,NaN,
ER(0.5),12,5,20271908,34,23.0,0.8503966324666877,pert:lowd:0.05,0.049938305533598785,0.9934047022584632,0.9980369533861104,0.9980369533861104,0.7391304347826086,0.11126619768407908,-0.40276828892176836,-0.28193780224523785,0.6590418330602219,0.19135479940646583,-0.483321946706122,0.44304511781394523,117274.3815442661,6909.2945172482305,NaN,
ER(0.5),12,5,20271908,34,23.0,0.8503966324666877,pert:lowd:0.2,0.1961265842251595,0.9993824904368082,0.9938859681950625,0.9938859681950625,0.7391304347826086,0.11126619768407908,-0.40276828892176836,-0.28193780224523785,0.7029408261020301,0.1474558063646576,1.2888585245496587,0.44304511781394523,1.8426561198719935e6,108562.84185010128,NaN,
ER(0.5),12,5,20271908,34,23.0,0.8503966324666877,pert:lowd:0.5,0.44726317972097374,0.999817519987377,0.9927874722971615,0.9927874722971615,0.7391304347826086,0.11126619768407908,-0.40276828892176836,-0.28193780224523785,0.7463382897634866,0.10405834270320113,2.174948760177549,0.3222146311374147,1.147466276815463e7,676048.9235307949,NaN,
ER(0.5),12,5,20271908,34,23.0,0.8503966324666877,pert:highd:0.01,0.004592956443785423,0.02232700712910978,0.00346815401147319,0.00346815401147319,0.7391304347826086,0.11126619768407908,-0.40276828892176836,0.5235987755982989,0.8430071490901992,0.0073894833764884815,0.0,0.0,22.35793679104688,1.3154337078281102,NaN,
ER(0.5),12,5,20271908,34,23.0,0.8503966324666877,pert:highd:0.05,0.022180072970225034,0.11024573573725151,0.017383205451425614,0.017383205451425614,0.7391304347826086,0.11126619768407908,-0.40276828892176836,0.5235987755982989,0.83814541540921,0.012251217057477781,0.0,0.04027682889217682,51.28637253252231,3.0188493428622483,NaN,
ER(0.5),12,5,20271908,34,23.0,0.8503966324666877,pert:highd:0.2,0.07847920175014303,0.39728375339079475,0.07005355825784197,0.07005355825784197,0.7391304347826086,0.11126619768407908,-0.40276828892176836,0.5235987755982989,0.83814541540921,0.012251217057477781,0.0,0.04027682889217682,266.5958187894013,15.700609427274046,NaN,
ER(0.5),12,5,20271908,34,23.0,0.8503966324666877,pert:highd:0.5,0.15851894377436523,0.7182080639171821,0.17627725047131343,0.17627725047131343,0.7391304347826086,0.11126619768407908,-0.40276828892176836,0.5235987755982989,0.837965781334973,0.012430851131714715,0.08055365778435364,0.0,1203.241190270062,70.87758384731029,NaN,
ER(0.5),12,5,20271908,34,23.0,0.8503966324666877,pert:nulled:0.01,0.004831000253512591,0.039125570526031224,0.0002668369582223819,0.0002668369582223819,0.7391304347826086,0.11126619768407908,-0.40276828892176836,1.2888585245496587,0.8430071490901992,0.0073894833764884815,0.0,0.0,25.662426762260523,1.5099899564911015,NaN,
ER(0.5),12,5,20271908,34,23.0,0.8503966324666877,pert:nulled:0.05,0.023340503178661,0.19180389618533875,0.001333946260704387,0.001333946260704387,0.7391304347826086,0.11126619768407908,-0.40276828892176836,1.2888585245496587,0.8430071490901992,0.0073894833764884815,0.0,0.0,78.08624583873733,4.597143353961302,NaN,
ER(0.5),12,5,20271908,34,23.0,0.8503966324666877,pert:nulled:0.2,0.0826897734652149,0.6133574210711676,0.005332156128112767,0.005332156128112767,0.7391304347826086,0.11126619768407908,-0.40276828892176836,1.2888585245496587,0.8430071490901992,0.0073894833764884815,0.0,0.0,527.9566637664701,31.096476988432148,NaN,
ER(0.5),12,5,20271908,34,23.0,0.8503966324666877,pert:nulled:0.5,0.167220844084104,0.8865484208369679,0.013311646504360083,0.013311646504360083,0.7391304347826086,0.11126619768407908,-0.40276828892176836,1.2888585245496587,0.8430071490901992,0.0073894833764884815,0.0,0.0,2627.450061473777,154.780710334015,NaN,
ER(0.5),12,5,20271908,34,23.0,0.8503966324666877,pert:random:0.01,0.009969139749811786,0.6375487296249264,0.7497066381555455,0.7497066381555455,0.7391304347826085,0.1112661976840792,-0.40276828892176836,-0.12083048667653051,0.7862613672573002,0.0641352652093875,0.4027682889217684,0.12083048667653051,720.4247985279962,42.440791381634284,NaN,
ER(0.5),12,5,20271908,34,23.0,0.8503966324666877,pert:random:0.05,0.049650627889868584,0.9722473921902969,0.957313612046336,0.957313612046336,0.7391304347826086,0.11126619768407908,-0.40276828892176836,-0.28193780224523785,0.7192321884262746,0.13116444404041316,-0.8860902356278904,0.6444292622748293,20363.007852291972,1199.7794083801223,NaN,
ER(0.5),12,5,20271908,34,23.0,0.8503966324666877,pert:random:0.2,0.19312498810309664,0.9982535543388257,0.9818716785838792,0.9818716785838792,0.7391304347826086,0.11126619768407908,-0.40276828892176836,-0.28193780224523785,0.5503635439220099,0.3000330885446778,-0.483321946706122,0.6444292622748293,340081.6865661371,20036.750680907804,NaN,
ER(0.5),12,5,20271908,34,23.0,0.8503966324666877,pert:random:0.5,0.4344072400426422,0.9997381907312057,0.9856486421868459,0.9856486421868459,0.7391304347826086,0.11126619768407908,-0.40276828892176836,-0.28193780224523785,0.47363182736912196,0.37676480509756577,-0.24166097335306091,0.6444292622748293,2.1435819922001893e6,126293.5419392061,NaN,
ER(0.5),12,5,20271908,34,23.0,0.8503966324666877,fit:triangle:mse,0.7173891099367963,0.9873286171841632,0.9872494625687501,0.9872494625687501,0.5287005495587868,0.32169608290790097,0.6444292622748293,1.0069207223044208,0.7101455943530371,0.14025103811365058,1.0471975511965979,0.3222146311374147,168924.884966733,10871.207670869175,0.7173891099367963,6.97633;0.432701;0.39351;0.174056
ER(0.5),12,5,20271908,34,23.0,0.8503966324666877,fit:triangle:wgt,0.8477799588522168,0.9106708614848473,0.8972635833173616,0.8972635833173616,0.5810722423210168,0.2693243901456709,0.9666438934122441,1.0069207223044208,0.6972062466825473,0.15319038578414046,0.6444292622748294,0.3222146311374147,42.26305223517278,2.6675873819249536,0.9033405248567064,0.05;0.411079;0.48;0.105445
ER(0.5),12,5,20271908,34,23.0,0.8503966324666877,fit:normal:mse,0.6136214390428396,0.9993092835432035,0.9774122957550766,0.9774122957550766,0.7391304347826086,0.11126619768407908,-0.40276828892176836,1.2888585245496587,0.7400050713990952,0.11039156106759251,2.174948760177549,0.483321946706122,465.60744577257867,27.294753205603563,0.6136214390428396,17.8792;3.52644;3.46264
ER(0.5),12,5,20271908,34,23.0,0.8503966324666877,fit:normal:wgt,0.9996944715555007,0.9627049864996684,0.9272416793373289,0.9272416793373289,0.7410683122456775,0.10932832022101024,2.4166097335306103,-0.24166097335306103,0.7391304347826086,0.11126619768407908,2.174948760177549,1.2888585245496587,3.243614378716708e6,200456.6366342633,0.9571244960395048,10.7523;85.2104;0.01
ER(0.5),12,5,20271908,34,23.0,0.8503966324666877,paper:empP,0.5424141096890451,0.682166385966936,0.7144559569370524,0.7144559569370524,0.4520385126390973,0.39835811982759045,0.3222146311374147,0.8458134067357135,0.8085509203770408,0.041845712089646936,0.08055365778435364,0.12083048667653051,28.80510499346283,4.53406389035627,NaN,
ER(0.5),12,5,20271908,34,23.0,0.8503966324666877,paper:binP,0.5424141096890451,0.682166385966936,0.7144559569370524,0.7144559569370524,0.7391304347826089,0.11126619768407886,-0.40276828892176836,0.12083048667653051,0.7573850999086191,0.0930115325580686,0.32221463113741466,0.20138414446088415,17.007889641745187,1.0317285995911587,NaN,
ER(0.5),12,6,20271909,35,25.0,0.8216859287091484,exactN,0.0,0.0,0.0,0.0,0.7961101187798139,0.025575809929334503,0.0,0.0,0.7994560343677277,0.022229894341420642,0.0,0.0,19.524069338944578,0.9787090848543363,NaN,
ER(0.5),12,6,20271909,35,25.0,0.8216859287091484,pert:lowd:0.01,0.009999538243851032,0.8732416831820838,0.977662809774726,0.8522651628299781,0.7,0.1216859287091484,-0.40276828892176836,-0.28193780224523785,0.7120387116814431,0.1096472170277053,0.3222146311374148,0.20138414446088415,5307.043173609085,303.65284262170564,NaN,
ER(0.5),12,6,20271909,35,25.0,0.8216859287091484,pert:lowd:0.05,0.049938583820725364,0.9934504233888958,0.9974088926618657,0.982470295449306,0.7,0.1216859287091484,-0.40276828892176836,-0.28193780224523785,0.6225347943855557,0.19915113432359266,-0.48332194670612205,0.36249146002959154,120766.16288453253,6910.3148703322,NaN,
ER(0.5),12,6,20271909,35,25.0,0.8216859287091484,pert:lowd:0.2,0.19613081978976832,0.9994898595830358,0.9921600993886456,0.9939786805299118,0.7,0.1216859287091484,-0.40276828892176836,-0.28193780224523785,0.6456785033870938,0.1760074253220546,0.4027682889217683,0.36249146002959154,1.8975263567854366e6,108579.01933968386,NaN,
ER(0.5),12,6,20271909,35,25.0,0.8216859287091484,pert:lowd:0.5,0.4472832918527418,0.9998823412377099,0.9907818457683897,0.9955798565537597,0.7,0.1216859287091484,-0.40276828892176836,-0.28193780224523785,0.7000442846272438,0.12164164408190459,1.933287786824488,0.12083048667653046,1.1816360668200126e7,676149.847640985,NaN,
ER(0.5),12,6,20271909,35,25.0,0.8216859287091484,pert:highd:0.01,0.004683035911794451,0.02165279787648339,0.003125137130659762,0.007558555688031674,0.7,0.1216859287091484,-0.40276828892176836,0.5235987755982989,0.7994560343677277,0.022229894341420642,0.0,0.0,23.01656701974855,1.3154590611377612,NaN,
ER(0.5),12,6,20271909,35,25.0,0.8216859287091484,pert:highd:0.05,0.0226189891891468,0.10743746269211484,0.01565883323293021,0.0381551371048378,0.7,0.1216859287091484,-0.40276828892176836,0.5235987755982989,0.7994560343677277,0.022229894341420642,0.0,0.0,52.80276697280925,3.0190421256385083,NaN,
ER(0.5),12,6,20271909,35,25.0,0.8216859287091484,pert:highd:0.2,0.08006974207089997,0.3941657121072769,0.06304783127424593,0.1568973079999774,0.7,0.1216859287091484,-0.40276828892176836,0.5235987755982989,0.7994560343677277,0.022229894341420642,0.0,0.0,274.5100460022272,15.702370801799141,NaN,
ER(0.5),12,6,20271909,35,25.0,0.8216859287091484,pert:highd:0.5,0.16180215597328504,0.7260301064034616,0.15862088241856132,0.39645634516972267,0.7,0.1216859287091484,-0.40276828892176836,0.5235987755982989,0.8063499421782678,0.01533598653088053,0.0,-0.0805536577843537,1239.0200055605173,70.88693850072332,NaN,
ER(0.5),12,6,20271909,35,25.0,0.8216859287091484,pert:nulled:0.01,0.004889165805092169,0.037847862004021925,0.00023947827490871122,0.0007975757244528853,0.7,0.1216859287091484,-0.40276828892176836,1.2888585245496587,0.7994560343677277,0.022229894341420642,0.0,0.0,26.418944046933753,1.5100321847365088,NaN,
ER(0.5),12,6,20271909,35,25.0,0.8216859287091484,pert:nulled:0.05,0.023624327924663166,0.18662455855107835,0.0011971806613591861,0.003987705112898857,0.7,0.1216859287091484,-0.40276828892176836,1.2888585245496587,0.7994560343677277,0.022229894341420642,0.0,0.0,80.39812613971462,4.597511014939704,NaN,
ER(0.5),12,6,20271909,35,25.0,0.8216859287091484,pert:nulled:0.2,0.08372233555140696,0.6094877670619855,0.004785525554677835,0.01594677355296242,0.7,0.1216859287091484,-0.40276828892176836,1.2888585245496587,0.7994560343677277,0.022229894341420642,0.0,0.0,543.6435931345462,31.100295428616207,NaN,
ER(0.5),12,6,20271909,35,25.0,0.8216859287091484,pert:nulled:0.5,0.1693600397412752,0.8915322806277921,0.011947400437281477,0.03982964917601518,0.7,0.1216859287091484,-0.40276828892176836,1.2888585245496587,0.8109915804655884,0.01069434824355997,-0.08055365778435375,-0.040276828892176875,2705.6144257148044,154.80199541582743,NaN,
ER(0.5),12,6,20271909,35,25.0,0.8216859287091484,pert:random:0.01,0.009969669615083538,0.3035213907588484,0.34096518295712797,0.27477380305904603,0.7,0.1216859287091484,-0.40276828892176836,1.2888585245496587,0.7427443141652884,0.07894161454385995,0.3222146311374148,0.12083048667653046,187.94263732080753,10.749773139111639,NaN,
ER(0.5),12,6,20271909,35,25.0,0.8216859287091484,pert:random:0.05,0.0496545961295754,0.8356260982684862,0.8455420867577446,0.7220160753702004,0.7,0.1216859287091484,-0.40276828892176836,1.2888585245496587,0.7112018305388322,0.11048409817031613,0.48332194670612205,0.20138414446088415,2684.5883165442033,153.59891649070386,NaN,
ER(0.5),12,6,20271909,35,25.0,0.8216859287091484,pert:random:0.2,0.19315844491346681,0.982063066334118,0.9739392841813675,0.9008841434708686,0.7,0.1216859287091484,-0.40276828892176836,1.2888585245496587,0.7112018305388322,0.11048409817031613,0.48332194670612205,0.20138414446088415,37908.98021527929,2169.1464278900003,NaN,
ER(0.5),12,6,20271909,35,25.0,0.8216859287091484,pert:random:0.5,0.4345389354840593,0.9951424560930939,0.9884725954485708,0.9327469096134048,0.7,0.1216859287091484,-0.40276828892176836,1.2888585245496587,0.7000473499237151,0.12163857878543327,1.933287786824488,-0.040276828892176875,230861.83528371062,13210.119879360926,NaN,
ER(0.5),12,6,20271909,35,25.0,0.8216859287091484,fit:triangle:mse,0.6969450230215093,0.9887281449322266,0.9870614537287531,0.9944671182620342,0.49812703366939975,0.3235588950397486,0.5638756044904756,1.0069207223044208,0.6977969574729065,0.12388897123624187,0.48332194670612205,0.24166097335306103,37074.43620154602,2293.9643832952233,0.6969450230215093,3.07384;0.395399;0.401791;0.150323
ER(0.5),12,6,20271909,35,25.0,0.8216859287091484,fit:triangle:wgt,0.8177868503664261,0.9085986805343274,0.8887005543439043,0.9351830663517215,0.5047976371612752,0.3168882915478731,0.6444292622748293,1.0069207223044208,0.670748791648436,0.15093713706071232,0.24166097335306103,0.2819378022452378,50.029498470995776,3.078108253692325,0.9010951088352976,0.05;0.762034;0.11408;0.204092
ER(0.5),12,6,20271909,35,25.0,0.8216859287091484,fit:normal:mse,0.6181642023434523,0.9996966214288302,0.9795904185749771,0.9845901072854969,0.7,0.1216859287091484,-0.40276828892176836,-0.28193780224523785,0.7,0.1216859287091484,-1.1277512089809514,0.4027682889217683,2669.745291796803,153.839640676947,0.6181642023434523,18.1908;4.29738;4.58764
ER(0.5),12,6,20271909,35,25.0,0.8216859287091484,fit:normal:wgt,0.9992711311792589,0.9612348489433442,0.9346972032083961,0.9776481330141419,0.7000346219848234,0.121651306724325,2.5777170490993173,-0.24166097335306103,0.7,0.1216859287091484,-1.1277512089809514,1.208304866765305,3.6204844680514834e6,214194.7395041518,0.9555278171672374,12.2174;100.668;0.01
ER(0.5),12,6,20271909,35,25.0,0.8216859287091484,paper:empP,0.7686771060307042,0.8024471016968241,0.8250425319681186,0.8142073377842167,0.4377983209516556,0.38388760775749275,0.40276828892176836,0.8458134067357135,0.8156925468156174,0.005993381893530936,-0.32221463113741466,0.0,79.93893544968114,15.508801635214448,NaN,
ER(0.5),12,6,20271909,35,25.0,0.8216859287091484,paper:binP,0.7686771060307042,0.8024471016968241,0.8250425319681186,0.8142073377842167,0.5315762468717948,0.29010968183735353,0.08055365778435364,0.9666438934122439,0.7752100018052869,0.046475926903861486,0.0,0.08055365778435364,21.803400974568444,1.6458268958640427,NaN,
ER(0.5),12,7,20271910,33,24.0,0.8173563339464979,exactN,0.0,0.0,0.0,0.0,0.784934237302669,0.03242209664382889,0.0,0.0,0.7942028837610499,0.02315345018544801,0.0,0.0,18.480344696240913,0.9788385773686874,NaN,
ER(0.5),12,7,20271910,33,24.0,0.8173563339464979,pert:lowd:0.01,0.009999538491951685,0.878913643077648,0.9807843670381278,0.8560300642745404,0.6875,0.12985633394649787,-0.40276828892176836,-0.28193780224523785,0.6985744846865377,0.11878184925996016,0.48332194670612183,0.24166097335306103,5004.5534578080715,303.6282713481307,NaN,
ER(0.5),12,7,20271910,33,24.0,0.8173563339464979,pert:lowd:0.05,0.04993859020236738,0.9937705278154112,0.996821916966401,0.9822740033862268,0.6875,0.12985633394649787,-0.40276828892176836,-0.28193780224523785,0.6297820116489242,0.18757432229757365,-0.5638756044904758,0.36249146002959154,113883.6033061773,6909.726906792042,NaN,
ER(0.5),12,7,20271910,33,24.0,0.8173563339464979,pert:lowd:0.2,0.19613091700532348,0.9995068746819332,0.9913748062109099,0.9936326697335773,0.6875,0.12985633394649787,-0.40276828892176836,-0.28193780224523785,0.6876362264073341,0.12972010753916374,1.2888585245496584,0.32221463113741466,1.7893874534817636e6,108569.69087793899,NaN,
ER(0.5),12,7,20271910,33,24.0,0.8173563339464979,pert:lowd:0.5,0.44728375355901806,0.9998834241196579,0.9899776710019055,0.995241824345931,0.6875,0.12985633394649787,-0.40276828892176836,-0.28193780224523785,0.6859408178133063,0.13141551613319158,1.2888585245496584,0.36249146002959154,1.114295658498968e7,676091.6434487016,NaN,
ER(0.5),12,7,20271910,33,24.0,0.8173563339464979,pert:highd:0.01,0.004664944081102735,0.022284931304716343,0.003218959340080768,0.007743381737298255,0.6875,0.12985633394649787,-0.40276828892176836,0.5235987755982989,0.7865982056285512,0.030758128317946665,0.0,0.04027682889217682,21.701788465364373,1.3154454054817386,NaN,
ER(0.5),12,7,20271910,33,24.0,0.8173563339464979,pert:highd:0.05,0.02253081593188643,0.11059591746666181,0.016130523922915987,0.0391070223830574,0.6875,0.12985633394649787,-0.40276828892176836,0.5235987755982989,0.7865982056285512,0.030758128317946665,0.0,0.04027682889217682,49.788923467504816,3.0189357714344682,NaN,
ER(0.5),12,7,20271910,33,24.0,0.8173563339464979,pert:highd:0.2,0.07975002446753401,0.40467361052207756,0.06496546598560636,0.16103814181402923,0.6875,0.12985633394649787,-0.40276828892176836,0.5235987755982989,0.8004679324272489,0.016888401519248974,-0.08055365778435375,0.0,258.8554109802585,15.701374246124178,NaN,
ER(0.5),12,7,20271910,33,24.0,0.8173563339464979,pert:highd:0.5,0.16114181581417814,0.737983647937483,0.16346869335516712,0.4070243323934644,0.6875,0.12985633394649787,-0.40276828892176836,0.5235987755982989,0.8034540256765054,0.013902308269992503,-0.08055365778435375,-0.0805536577843537,1168.3871130018417,70.88159141724196,NaN,
ER(0.5),12,7,20271910,33,24.0,0.8173563339464979,pert:nulled:0.01,0.004873679082029217,0.03894498968273692,0.00024649504078107486,0.00081908175934259,0.6875,0.12985633394649787,-0.40276828892176836,1.2888585245496587,0.7942028837610499,0.02315345018544801,0.0,0.0,24.91004628727338,1.510009337878516,NaN,
ER(0.5),12,7,20271910,33,24.0,0.8173563339464979,pert:nulled:0.05,0.023548747966033515,0.19200228844060938,0.001232243919344229,0.004095193985200198,0.6875,0.12985633394649787,-0.40276828892176836,1.2888585245496587,0.7942028837610499,0.02315345018544801,0.0,0.0,75.81054564284605,4.59730650535948,NaN,
ER(0.5),12,7,20271910,33,24.0,0.8173563339464979,pert:nulled:0.2,0.08344726591146641,0.6219850501867908,0.004925466941265777,0.016375989952996713,0.6875,0.12985633394649787,-0.40276828892176836,1.2888585245496587,0.7942028837610499,0.02315345018544801,0.0,0.0,512.6468956685712,31.09812326094142,NaN,
ER(0.5),12,7,20271910,33,24.0,0.8173563339464979,pert:nulled:0.5,0.16878996066959143,0.8985471089002208,0.012295659742859443,0.04089759087738634,0.6875,0.12985633394649787,-0.40276828892176836,1.2888585245496587,0.7942028837610499,0.02315345018544801,0.0,0.0,2551.3908046573633,154.78979434987104,NaN,
ER(0.5),12,7,20271910,33,24.0,0.8173563339464979,pert:random:0.01,0.009998070335066778,0.7090717461910174,0.8647204315261882,0.6767638173597488,0.6875,0.12985633394649787,-0.40276828892176836,-0.28193780224523785,0.7170502670819486,0.10030606686454924,0.5638756044904756,0.16110731556870728,1062.5126719896984,64.45807404251856,NaN,
ER(0.5),12,7,20271910,33,24.0,0.8173563339464979,pert:random:0.05,0.049911283964364735,0.9810374859581197,0.9985354940076315,0.9827199925491851,0.6875,0.12985633394649787,-0.40276828892176836,-0.28193780224523785,0.6297820116489242,0.18757432229757365,-0.5638756044904758,0.36249146002959154,21530.608824890096,1306.3156316768263,NaN,
ER(0.5),12,7,20271910,33,24.0,0.8173563339464979,pert:random:0.2,0.19574419808131197,0.9988428786433922,0.9853228656371715,0.9998059666383454,0.6875,0.12985633394649787,-0.40276828892176836,-0.28193780224523785,0.6872139034153028,0.13014243053119512,1.2083048667653051,0.32221463113741466,330333.6172736845,20042.64144867081,NaN,
ER(0.5),12,7,20271910,33,24.0,0.8173563339464979,pert:random:0.5,0.4454770627889759,0.9998332335983485,0.9811321102705938,0.9999016235835597,0.6875,0.12985633394649787,-0.40276828892176836,-0.28193780224523785,0.6859408178133063,0.13141551613319158,1.2888585245496584,0.36249146002959154,2.0471127030548316e6,124206.99823149455,NaN,
ER(0.5),12,7,20271910,33,24.0,0.8173563339464979,fit:triangle:mse,0.6944984294553049,0.9898567805205557,0.9865641172335131,0.9942385851590514,0.4896109507785329,0.327745383167965,0.483321946706122,1.0069207223044208,0.6988303103753838,0.11852602357111408,0.4027682889217683,0.24166097335306103,190469.682805449,12412.36050089302,0.6944984294553049,7.56684;0.499842;0.27239;0.216873
ER(0.5),12,7,20271910,33,24.0,0.8173563339464979,fit:triangle:wgt,0.833508179191458,0.9056012601197003,0.8899308793629686,0.9351249973119197,0.5169577495953447,0.3003985843511532,0.8055365778435368,1.0069207223044208,0.6987845296620524,0.11857180428444547,0.32221463113741455,0.24166097335306103,42.94128615305264,2.8073696576108604,0.8978354073493252,0.05;0.66895;0.163791;0.172829
ER(0.5),12,7,20271910,33,24.0,0.8173563339464979,fit:normal:mse,0.5968499534681256,0.9999991544241983,0.9731445530981192,0.9684537382968464,0.6875,0.12985633394649787,-0.40276828892176836,-0.28193780224523785,0.6875,0.12985633394649787,1.933287786824488,0.4430451178139452,812.2577938652657,49.223114738697745,0.5968499534681256,16.938;3.75942;3.75593
ER(0.5),12,7,20271910,33,24.0,0.8173563339464979,fit:normal:wgt,0.9994540969692343,0.9625561390091258,0.9398725905282724,0.9810478461976205,0.6880815738742937,0.12927476007220418,2.4166097335306103,-0.24166097335306103,0.6875,0.12985633394649787,-1.2083048667653051,1.208304866765305,3.2893927938872194e6,207983.615191165,0.95689946873763,10.7052;96.4172;0.01
ER(0.5),12,7,20271910,33,24.0,0.8173563339464979,paper:empP,0.5933416716503551,0.8251914604592194,0.8100196323668999,0.8424769397331389,0.7706965661096397,0.04665976783685821,-0.0805536577843537,0.0,0.775040411865596,0.04231592208090185,0.0,0.08055365778435364,17.84315540699303,0.9701945546800841,NaN,
ER(0.5),12,7,20271910,33,24.0,0.8173563339464979,paper:binP,0.5933416716503551,0.8251914604592194,0.8100196323668999,0.8424769397331389,0.7992541251183457,0.018102208828152166,0.08055365778435364,0.04027682889217682,0.7555652197826591,0.061791114163838756,0.08055365778435353,0.12083048667653046,19.19010335717583,0.9689394679016301,NaN,
ER(0.5),12,8,20271911,30,23.0,0.7738700388767046,exactN,0.0,0.0,0.0,0.0,0.7546749973988484,0.019195041477856223,0.0,0.0,0.7537018692916375,0.020168169585067064,0.0,0.0,16.883142649241574,0.9691851747461564,NaN,
ER(0.5),12,8,20271911,30,23.0,0.7738700388767046,pert:lowd:0.01,0.009999531709863924,0.8765863999767466,0.9779201108600942,0.8476344754960466,0.6521739130434783,0.12169612583322631,-0.483321946706122,-0.28193780224523785,0.6631188744891708,0.11075116438753374,0.5638756044904756,0.24166097335306103,4546.240418559951,303.4140019936175,NaN,
ER(0.5),12,8,20271911,30,23.0,0.7738700388767046,pert:lowd:0.05,0.04993841624826015,0.9933397901548326,0.9980257774568285,0.9783780087412615,0.6521739130434783,0.12169612583322631,-0.483321946706122,-0.28193780224523785,0.6664006756242067,0.1074693632524979,1.449965840118366,0.12083048667653046,103450.54149262179,6904.6137713824555,NaN,
ER(0.5),12,8,20271911,30,23.0,0.7738700388767046,pert:lowd:0.2,0.19612826843725287,0.999394818200484,0.9934751866408807,0.9911846874224083,0.6521739130434783,0.12169612583322631,-0.483321946706122,-0.28193780224523785,0.663276486529635,0.11059355234706958,1.449965840118366,0.20138414446088415,1.625447256967818e6,108488.6115067453,NaN,
ER(0.5),12,8,20271911,30,23.0,0.7738700388767046,pert:lowd:0.5,0.44727117612225176,0.9998276512959444,0.9922569759434161,0.993096022450611,0.6521739130434783,0.12169612583322631,-0.483321946706122,-0.28193780224523785,0.6664792248185611,0.10739081405814344,1.5305194979027197,0.08055365778435364,1.0122046097406194e7,675585.8108729407,NaN,
ER(0.5),12,8,20271911,30,23.0,0.7738700388767046,pert:highd:0.01,0.004658892285331188,0.022157169033155157,0.003227348948107031,0.0077062819371638116,0.6521739130434783,0.12169612583322631,-0.483321946706122,0.5235987755982989,0.7537018692916375,0.020168169585067064,0.0,0.0,19.72692781705183,1.315320087911313,NaN,
ER(0.5),12,8,20271911,30,23.0,0.7738700388767046,pert:highd:0.05,0.022501323856096656,0.10994906735295878,0.01617604814623342,0.038930042131899684,0.6521739130434783,0.12169612583322631,-0.483321946706122,0.5235987755982989,0.7537018692916375,0.020168169585067064,0.0,0.0,45.24762672460587,3.0179783032050587,NaN,
ER(0.5),12,8,20271911,30,23.0,0.7738700388767046,pert:highd:0.2,0.07964310792686065,0.4024341064822362,0.06520128366375742,0.16048783887652207,0.6521739130434783,0.12169612583322631,-0.483321946706122,0.5235987755982989,0.7537018692916375,0.020168169585067064,0.0,0.0,235.18532148861846,15.692581167547269,NaN,
ER(0.5),12,8,20271911,30,23.0,0.7738700388767046,pert:highd:0.5,0.16092103437517244,0.7352932104143195,0.1643179383273312,0.40662810733640037,0.6521739130434783,0.12169612583322631,-0.483321946706122,0.5235987755982989,0.7633968321558776,0.010473206720826966,-0.08055365778435375,-0.0805536577843537,1061.4373766725198,70.83479269250323,NaN,
ER(0.5),12,8,20271911,30,23.0,0.7738700388767046,pert:nulled:0.01,0.0048754491898507545,0.03872488938973767,0.0002485443531770601,0.0008172780205265649,0.6521739130434783,0.12169612583322631,-0.483321946706122,1.2888585245496587,0.7537018692916375,0.020168169585067064,0.0,0.0,22.642212257595347,1.5098004246750287,NaN,
ER(0.5),12,8,20271911,30,23.0,0.7738700388767046,pert:nulled:0.05,0.023557386232286266,0.19093951557579764,0.0012425059472104794,0.004085918326419027,0.6521739130434783,0.12169612583322631,-0.483321946706122,1.2888585245496587,0.7537018692916375,0.020168169585067064,0.0,0.0,68.88998164407779,4.595477445650873,NaN,
ER(0.5),12,8,20271911,30,23.0,0.7738700388767046,pert:nulled:0.2,0.08347870049005236,0.6196617954913133,0.004966745539602038,0.0163350477776886,0.6521739130434783,0.12169612583322631,-0.483321946706122,1.2888585245496587,0.7537018692916375,0.020168169585067064,0.0,0.0,465.7437319178268,31.07903961673944,NaN,
ER(0.5),12,8,20271911,30,23.0,0.7738700388767046,pert:nulled:0.5,0.1688551008526934,0.8973691117207562,0.012399990736913714,0.040776256214620575,0.6521739130434783,0.12169612583322631,-0.483321946706122,1.2888585245496587,0.7537018692916375,0.020168169585067064,0.0,0.0,2317.7783565021446,154.68324821252824,NaN,
ER(0.5),12,8,20271911,30,23.0,0.7738700388767046,pert:random:0.01,0.009995103961345056,0.4457732144080431,0.5008763985979598,0.296032719333525,0.6521739130434783,0.12169612583322631,-0.483321946706122,-0.28193780224523785,0.7150606495958624,0.05880938928084223,0.32221463113741455,0.08055365778435364,312.91242095529356,20.879648362452,NaN,
ER(0.5),12,8,20271911,30,23.0,0.7738700388767046,pert:random:0.05,0.049998094643017126,0.9376993587614622,0.9829979371546842,0.8503759233939711,0.6521739130434783,0.12169612583322631,-0.483321946706122,-0.28193780224523785,0.6794767839376593,0.09439325493904527,0.7249829200591829,0.16110731556870728,5322.407992383765,355.2169037412528,NaN,
ER(0.5),12,8,20271911,30,23.0,0.7738700388767046,pert:random:0.2,0.19752318599084506,0.9979904027573503,0.9948195857074277,0.9916826360406806,0.6521739130434783,0.12169612583322631,-0.483321946706122,-0.28193780224523785,0.6664006756242067,0.1074693632524979,1.449965840118366,0.12083048667653046,78512.32028364453,5240.147543899905,NaN,
ER(0.5),12,8,20271911,30,23.0,0.7738700388767046,pert:random:0.5,0.4543979259419111,0.9999978263850353,0.9874435247114363,0.9994886245253574,0.6521739130434783,0.12169612583322631,-0.483321946706122,-0.28193780224523785,0.665633951687388,0.10823608718931654,1.5305194979027197,0.12083048667653046,482596.7422796586,32210.268504424217,NaN,
ER(0.5),12,8,20271911,30,23.0,0.7738700388767046,fit:triangle:mse,0.6411754944946545,0.9763048425899679,0.9745160032672042,0.9844685913048907,0.45729576582011333,0.31657427305659125,0.40276828892176836,1.0069207223044208,0.662221992673851,0.11164804620285362,0.48332194670612183,0.24166097335306103,48302.601795697374,3465.403365975408,0.6411754944946545,4.02166;0.663345;0.170797;0.377382
ER(0.5),12,8,20271911,30,23.0,0.7738700388767046,fit:triangle:wgt,0.765811128531777,0.8736052153624203,0.8492762017972052,0.9025994900868045,0.47944715994091597,0.2944228789357886,0.7249829200591831,1.0069207223044208,0.6414835340783398,0.13238650479836478,0.32221463113741455,0.2819378022452378,35.64538741541756,2.584371817833564,0.8650653184851638,0.051856;0.573013;0.190696;0.139093
ER(0.5),12,8,20271911,30,23.0,0.7738700388767046,fit:normal:mse,0.5171261143310102,0.9999850518627009,0.9691233109014411,0.9664375634967672,0.6521739130434783,0.12169612583322631,-0.483321946706122,-0.28193780224523785,0.6628238114352427,0.11104622744146186,1.933287786824488,0.08055365778435364,757.9623512636414,50.608027728561176,0.5171261143310102,15.5269;3.76542;3.80961
ER(0.5),12,8,20271911,30,23.0,0.7738700388767046,fit:normal:wgt,0.9991371556440307,0.9571373378791167,0.9168724829379596,0.966195058979303,0.6541951999692156,0.11967483890748898,2.4971633913149636,-0.24166097335306103,0.6521739130434783,0.12169612583322631,-1.2083048667653051,1.208304866765305,3.005218009856982e6,207046.1201105029,0.9513796066658496,9.71499;110.347;0.0100845
ER(0.5),12,8,20271911,30,23.0,0.7738700388767046,paper:empP,0.9837782575623937,0.997153863946034,0.994429421663426,0.9967815750111614,0.7669861191628473,0.006883919713857267,0.16110731556870733,0.0805536577843537,0.6757466259787918,0.09812341289791282,0.4027682889217683,0.20138414446088415,66.9441438793166,3.5077808536391624,NaN,
ER(0.5),12,8,20271911,30,23.0,0.7738700388767046,paper:binP,0.9837782575623937,0.997153863946034,0.994429421663426,0.9967815750111614,0.7692076714088522,0.004662367467852424,0.24166097335306108,0.0805536577843537,0.6760517976779213,0.09781824119878324,0.32221463113741455,0.20138414446088415,45.40584943052493,2.2748647705506504,NaN,
ER(0.5),12,9,20271912,38,26.0,0.8429674839360614,exactN,0.0,0.0,0.0,0.0,0.8198829491246291,0.023084534811432245,0.0,0.0,0.826083501005179,0.016883982930882335,0.0,0.0,20.916788350024483,0.9792606455330174,NaN,
ER(0.5),12,9,20271912,38,26.0,0.8429674839360614,pert:lowd:0.01,0.009999531591972598,0.87654132221751,0.9962380500689381,0.9359768769539101,0.7307692307692307,0.11219825316683063,-0.40276828892176836,-0.241660973353061,0.7184049109331005,0.12456257300296081,-0.724982920059183,0.36249146002959154,5759.279252401604,303.5306469199463,NaN,
ER(0.5),12,9,20271912,38,26.0,0.8429674839360614,pert:lowd:0.05,0.049938413233475386,0.9935079432091269,0.9898998248239067,0.9984705664392717,0.7307692307692307,0.11219825316683063,-0.40276828892176836,-0.241660973353061,0.6592992719501743,0.183668211985887,-0.5638756044904756,0.4027682889217684,131054.25776026183,6907.4008263292135,NaN,
ER(0.5),12,9,20271912,38,26.0,0.8429674839360614,pert:lowd:0.2,0.1961282225604257,0.9994554171887072,0.9830714320736316,0.9999886030428675,0.7307692307692307,0.11219825316683063,-0.40276828892176836,-0.241660973353061,0.660741126708404,0.18222635722765734,0.48332194670612205,0.4027682889217684,2.0591679535148544e6,108532.81718125907,NaN,
ER(0.5),12,9,20271912,38,26.0,0.8429674839360614,pert:lowd:0.5,0.44727095828977675,0.999860284095335,0.9815111744781808,0.9998588541450099,0.7307692307692307,0.11219825316683063,-0.40276828892176836,-0.241660973353061,0.7307734060928338,0.11219407784322755,1.772180471255781,0.16110731556870733,1.2822930996156171e7,675861.6123328588,NaN,
ER(0.5),12,9,20271912,38,26.0,0.8429674839360614,pert:highd:0.01,0.004623518116823222,0.022024299592985408,0.0018001067681061706,0.00542833957029099,0.7307692307692307,0.11219825316683063,-0.40276828892176836,0.5638756044904757,0.8314723231242517,0.01149516081180968,-0.08055365778435364,0.0,24.987852126898947,1.3153867413037257,NaN,
ER(0.5),12,9,20271912,38,26.0,0.8429674839360614,pert:highd:0.05,0.022328958268718568,0.1089398679667703,0.009005327932063108,0.02730067201816164,0.7307692307692307,0.11219825316683063,-0.40276828892176836,0.5638756044904757,0.8314723231242517,0.01149516081180968,-0.08055365778435364,0.0,57.31680576178333,3.018491986381731,NaN,
ER(0.5),12,9,20271912,38,26.0,0.8429674839360614,pert:highd:0.2,0.07901845819258828,0.39520094331977784,0.036076652292333034,0.11115808491631501,0.7307692307692307,0.11219825316683063,-0.40276828892176836,0.5638756044904757,0.8314723231242517,0.01149516081180968,-0.08055365778435364,0.0,297.93039995645506,15.697342143473081,NaN,
ER(0.5),12,9,20271912,38,26.0,0.8429674839360614,pert:highd:0.5,0.15963156218075858,0.7198392255263141,0.09026973602391242,0.28175157750701213,0.7307692307692307,0.11219825316683063,-0.40276828892176836,0.5638756044904757,0.8295800718064581,0.01338741212960326,0.0,-0.04027682889217682,1344.641884437745,70.86022634841339,NaN,
ER(0.5),12,9,20271912,38,26.0,0.8429674839360614,pert:nulled:0.01,0.004850963581569174,0.03855684189423603,0.0006349766482512829,0.00034112226968043447,0.7307692307692307,0.11219825316683063,-0.40276828892176836,1.3291353534418355,0.826083501005179,0.016883982930882335,0.0,0.0,28.680819846115163,1.5099117201413315,NaN,
ER(0.5),12,9,20271912,38,26.0,0.8429674839360614,pert:nulled:0.05,0.02343790371557075,0.18945092232674368,0.0031730987559187413,0.0017058057280644465,0.7307692307692307,0.11219825316683063,-0.40276828892176836,1.3291353534418355,0.826083501005179,0.016883982930882335,0.0,0.0,87.26665908912962,4.5964616769136,NaN,
ER(0.5),12,9,20271912,38,26.0,0.8429674839360614,pert:nulled:0.2,0.08304399531173452,0.6111080076142626,0.012664975886525499,0.006826026856367323,0.7307692307692307,0.11219825316683063,-0.40276828892176836,1.3291353534418355,0.8314723231242517,0.01149516081180968,-0.08055365778435364,0.0,590.0050342348252,31.089392850758536,NaN,
ER(0.5),12,9,20271912,38,26.0,0.8429674839360614,pert:nulled:0.5,0.16795445944081658,0.8880315805727558,0.031517801826873824,0.017077758259055643,0.7307692307692307,0.11219825316683063,-0.40276828892176836,1.3291353534418355,0.8314723231242517,0.01149516081180968,-0.08055365778435364,0.0,2936.2045749785957,154.741212842417,NaN,
ER(0.5),12,9,20271912,38,26.0,0.8429674839360614,pert:random:0.01,0.009537385179890069,0.301076780041402,0.4533736010940377,0.4078551634824628,0.7307692307692305,0.11219825316683085,-0.40276828892176836,-0.04027682889217682,0.7946502510370853,0.04831723289897605,0.1611073155687075,0.0805536577843537,156.52420069151103,8.2458912706565,NaN,
ER(0.5),12,9,20271912,38,26.0,0.8429674839360614,pert:random:0.05,0.04708868418537602,0.8442554609555789,0.8961494011241999,0.9449700939628142,0.7307692307692306,0.11219825316683074,-0.40276828892176836,-0.08055365778435367,0.6928799344945917,0.15008754944146963,-0.8860902356278904,0.5638756044904757,2186.1662923523827,115.21650669696263,NaN,
ER(0.5),12,9,20271912,38,26.0,0.8429674839360614,pert:random:0.2,0.17788922984319874,0.9874456688641768,0.9767667814854747,0.9999628067910883,0.7307692307692307,0.11219825316683063,-0.40276828892176836,-0.241660973353061,0.5886117558194942,0.25435572811656715,-0.5638756044904756,0.5235987755982988,35297.537449222225,1860.5038842391664,NaN,
ER(0.5),12,9,20271912,38,26.0,0.8429674839360614,pert:random:0.5,0.3852189840565401,0.9978942377038875,0.986778284726646,0.9968475500299038,0.7307692307692307,0.11219825316683063,-0.40276828892176836,-0.241660973353061,0.5245159253173717,0.3184515586186897,-0.32221463113741455,0.5235987755982988,226794.2914778125,11953.890086531741,NaN,
ER(0.5),12,9,20271912,38,26.0,0.8429674839360614,fit:triangle:mse,0.7205377256141899,0.9897545930646287,0.9863314760690546,0.9934159077082716,0.5256045002804111,0.3173629836556503,0.5638756044904756,1.0471975511965976,0.7133449558203885,0.12962252811567287,0.6444292622748293,0.2819378022452379,172612.14484719757,9861.675246032786,0.7205377256141899,6.30372;0.639271;0.164315;0.3552
ER(0.5),12,9,20271912,38,26.0,0.8429674839360614,fit:triangle:wgt,0.8597832021839119,0.9082537796761454,0.846137675347719,0.90956279324288,0.56103247469514,0.2819350092409214,0.8055365778435368,1.0471975511965976,0.7049934180502506,0.13797406588581074,0.4027682889217685,0.2819378022452379,57.348402821351826,3.2155308968185157,0.9009939384544591,0.05;0.684238;0.156459;0.177471
ER(0.5),12,9,20271912,38,26.0,0.8429674839360614,fit:normal:mse,0.6316418681181726,0.999933779697906,0.9824125386121106,0.9699806073130471,0.7307692307692307,0.11219825316683063,-0.40276828892176836,1.3291353534418355,0.730769230769231,0.11219825316683041,2.0943951023931957,0.48332194670612205,1990.2264209110233,104.24587833266364,0.6316418681181726,19.7971;4.14294;3.9931
ER(0.5),12,9,20271912,38,26.0,0.8429674839360614,fit:normal:wgt,0.9995653724794981,0.9572393820635328,0.863676090152441,0.9450865472375631,0.7309150581448569,0.11205242579120445,2.4166097335306103,-0.20138414446088415,0.7307692307692307,0.11219825316683063,-1.0471975511965976,1.248581695657482,3.770053949471564e6,206146.02312078667,0.9514736563337702,13.2341;95.7992;0.01
ER(0.5),12,9,20271912,38,26.0,0.8429674839360614,paper:empP,0.9361965253226964,0.8557561509475929,0.9129810106532462,0.87940916639483,0.4527911773513354,0.39017630658472596,0.3222146311374147,0.8458134067357135,0.8245754759576746,0.018392007978386804,-0.6444292622748293,-0.04027682889217682,22570.69252265543,22878.139084207498,NaN,
ER(0.5),12,9,20271912,38,26.0,0.8429674839360614,paper:binP,0.9361965253226964,0.8557561509475929,0.9129810106532462,0.87940916639483,0.48083904994343357,0.3621284339926278,0.24166097335306097,0.9263670645200672,0.809958595672079,0.033008888263982405,-0.08055365778435364,0.0805536577843537,93.31077340499208,7.510942275392562,NaN,
ER(0.5),12,10,20271913,37,27.0,0.7945493870561138,exactN,0.0,0.0,0.0,0.0,0.7749087696094565,0.019640617446657238,0.0,0.0,0.7808302418764107,0.013719145179703074,0.0,0.0,20.424626068916673,0.9737338536810152,NaN,
ER(0.5),12,10,20271913,37,27.0,0.7945493870561138,pert:lowd:0.01,0.009999532115139001,0.8726658947905176,0.9764486673634721,0.929092879671002,0.6851851851851852,0.10936420187092855,-0.40276828892176836,-0.28193780224523785,0.6849789243417344,0.10957046271437942,0.8055365778435368,0.24166097335306103,5610.481103012265,303.6569385211345,NaN,
ER(0.5),12,10,20271913,37,27.0,0.7945493870561138,pert:lowd:0.05,0.049938426614521345,0.9933042251993568,0.998197476841847,0.9981792432978316,0.6851851851851852,0.10936420187092855,-0.40276828892176836,-0.28193780224523785,0.6244398055961566,0.17010958145995714,-0.5638756044904756,0.4027682889217684,127671.3628828038,6910.4139068149225,NaN,
ER(0.5),12,10,20271913,37,27.0,0.7945493870561138,pert:lowd:0.2,0.1961284261901307,0.9994495051750989,0.9936953563051737,0.9999958500426092,0.6851851851851852,0.10936420187092855,-0.40276828892176836,-0.28193780224523785,0.6724538887574874,0.12209549829862643,1.1277512089809514,0.4027682889217684,2.0060243120473523e6,108580.59384039843,NaN,
ER(0.5),12,10,20271913,37,27.0,0.7945493870561138,pert:lowd:0.5,0.4472719251716375,0.9998627044932933,0.992476227117234,0.9998792347399682,0.6851851851851852,0.10936420187092855,-0.40276828892176836,-0.28193780224523785,0.6851851851851849,0.10936420187092888,2.0943951023931957,0.16110731556870733,1.2492004832699062e7,676159.6756666896,NaN,
ER(0.5),12,10,20271913,37,27.0,0.7945493870561138,pert:highd:0.01,0.004638686105459298,0.02162214217935181,0.003180553036858213,0.005161314592128229,0.6851851851851852,0.10936420187092855,-0.40276828892176836,0.5235987755982989,0.7808302418764107,0.013719145179703074,0.0,0.0,24.33189435726427,1.315460883472756,NaN,
ER(0.5),12,10,20271913,37,27.0,0.7945493870561138,pert:highd:0.05,0.022402861718711038,0.10714434012693927,0.015939215100476065,0.025948766539828846,0.6851851851851852,0.10936420187092855,-0.40276828892176836,0.5235987755982989,0.7738560769591151,0.020693310096998707,0.0,0.040276828892176875,55.820819721338594,3.0190576683684753,NaN,
ER(0.5),12,10,20271913,37,27.0,0.7945493870561138,pert:highd:0.2,0.07928623688263692,0.3915917854422754,0.064214738484923,0.10555981417852334,0.6851851851851852,0.10936420187092855,-0.40276828892176836,0.5235987755982989,0.7808302418764107,0.013719145179703074,0.0,0.0,290.2034979106069,15.702529438544023,NaN,
ER(0.5),12,10,20271913,37,27.0,0.7945493870561138,pert:highd:0.5,0.16018425298808625,0.7200215189492578,0.16170649190954384,0.26767499768668346,0.6851851851851852,0.10936420187092855,-0.40276828892176836,0.5235987755982989,0.7833522364580635,0.011197150598050265,0.0,-0.04027682889217682,1309.8598399027787,70.8878174217106,NaN,
ER(0.5),12,10,20271913,37,27.0,0.7945493870561138,pert:nulled:0.01,0.004861444038551685,0.037819235593911024,0.0002446933535938043,0.00032411131786216506,0.6851851851851852,0.10936420187092855,-0.40276828892176836,1.2888585245496587,0.7808302418764107,0.013719145179703074,0.0,0.0,27.928757329842842,1.510035288359902,NaN,
ER(0.5),12,10,20271913,37,27.0,0.7945493870561138,pert:nulled:0.05,0.02348904281994209,0.18626278026795992,0.0012232615956602752,0.0016207288635555414,0.6851851851851852,0.10936420187092855,-0.40276828892176836,1.2888585245496587,0.7808302418764107,0.013719145179703074,0.0,0.0,84.99375843960561,4.597541780627759,NaN,
ER(0.5),12,10,20271913,37,27.0,0.7945493870561138,pert:nulled:0.2,0.08323002736317213,0.6068959933434944,0.0048899296033097644,0.006485403677949981,0.6851851851851852,0.10936420187092855,-0.40276828892176836,1.2888585245496587,0.7808302418764107,0.013719145179703074,0.0,0.0,574.724610614294,31.100647204934816,NaN,
ER(0.5),12,10,20271913,37,27.0,0.7945493870561138,pert:nulled:0.5,0.1683398428344101,0.8884719303329528,0.01220877900297466,0.016224810575121196,0.6851851851851852,0.10936420187092855,-0.40276828892176836,1.2888585245496587,0.7808302418764107,0.013719145179703074,0.0,0.0,2860.309410815091,154.80401842445585,NaN,
ER(0.5),12,10,20271913,37,27.0,0.7945493870561138,pert:random:0.01,0.009813026408486025,0.7376328226373852,0.3047010543822434,0.24481461221535392,0.6851851851851852,0.10936420187092855,-0.40276828892176836,1.2888585245496587,0.7623994717616371,0.03214991529447664,0.1611073155687075,0.040276828892176875,2183.289011247044,118.16080139029236,NaN,
ER(0.5),12,10,20271913,37,27.0,0.7945493870561138,pert:random:0.05,0.04865421004505272,0.9827427166385239,0.9107618397970755,0.8325719871693426,0.6851851851851852,0.10936420187092855,-0.40276828892176836,1.2888585245496587,0.6488246825739045,0.1457247044822093,-0.8055365778435366,0.48332194670612205,46839.328009186574,2535.2248066913535,NaN,
ER(0.5),12,10,20271913,37,27.0,0.7945493870561138,pert:random:0.2,0.18636899677525257,0.9986565444536802,0.998864629469535,0.9988750277992287,0.6851851851851852,0.10936420187092855,-0.40276828892176836,1.2888585245496587,0.5917541668146611,0.2027952202414527,-0.4027682889217683,0.4027682889217684,727255.0563310166,39364.211222863785,NaN,
ER(0.5),12,10,20271913,37,27.0,0.7945493870561138,pert:random:0.5,0.41066671912591374,0.9996970638453677,0.9892376049032175,0.9971174212714501,0.6851851851851852,0.10936420187092855,-0.40276828892176836,1.2888585245496587,0.6649187799354453,0.12963060712066843,0.9666438934122443,0.4027682889217684,4.517876112298892e6,244540.58803765132,NaN,
ER(0.5),12,10,20271913,37,27.0,0.7945493870561138,fit:triangle:mse,0.7017301211383001,0.974639816158247,0.9750169954888676,0.9849349302204237,0.5106685580673225,0.2838808289887913,0.7249829200591831,1.0069207223044208,0.6745653251787421,0.11998406187737165,0.6444292622748293,0.2819378022452379,278.00620132395534,16.7541694758879,0.7017301211383001,0.266548;0.638093;0.167622;0.36498
ER(0.5),12,10,20271913,37,27.0,0.7945493870561138,fit:triangle:wgt,0.8244870795588223,0.9090169972770707,0.8899822133812569,0.9170098924594818,0.4998858675445369,0.2946635195115769,0.6444292622748293,1.0069207223044208,0.6453859141563391,0.14916347289977472,0.3222146311374148,0.32221463113741466,54.03587684390513,3.1400101402205047,0.9014257014812129,0.05;0.514747;0.220342;0.109149
ER(0.5),12,10,20271913,37,27.0,0.7945493870561138,fit:normal:mse,0.5993885051583956,0.9999431360056181,0.9701856247909956,0.9641248726795429,0.6851851851851852,0.10936420187092855,-0.40276828892176836,1.2888585245496587,0.6851851851851853,0.10936420187092843,2.0943951023931957,0.4430451178139452,1688.2342721758182,90.53577720065857,0.5993885051583956,19.1841;4.0849;3.81593
ER(0.5),12,10,20271913,37,27.0,0.7945493870561138,fit:normal:wgt,0.9992648875379216,0.9613884348977162,0.9305823162379266,0.9590313803039645,0.685216721219546,0.10933266583656776,2.5777170490993173,-0.24166097335306103,0.6851851851851852,0.10936420187092855,2.0943951023931957,1.248581695657482,3.6869751293692533e6,204994.19364992046,0.955793809478916,13.2545;112.873;0.01
ER(0.5),12,10,20271913,37,27.0,0.7945493870561138,paper:empP,0.9159995107369309,0.8612135495166756,0.8984612089941723,0.885546416838824,0.4208962732325574,0.37365311382355637,0.40276828892176836,0.8055365778435366,0.7923343881703341,0.0022149988857796954,-0.4027682889217683,0.0,2583.9192064066942,1359.1322639066134,NaN,
ER(0.5),12,10,20271913,37,27.0,0.7945493870561138,paper:binP,0.9159995107369309,0.8612135495166756,0.8984612089941723,0.885546416838824,0.4654288963634639,0.32912049069264987,0.24166097335306097,0.9263670645200672,0.7668906142971852,0.027658772758928585,-0.08055365778435364,0.0805536577843537,52.32468402715242,4.174217999568898,NaN,
ER(0.5),12,11,20271914,36,25.0,0.8503716590446598,exactN,0.0,0.0,0.0,0.0,0.8209635218539623,0.02940813719069757,0.0,0.0,0.8140441580198755,0.036327501024784326,0.0,0.0,20.073403703614105,0.9754732885884175,NaN,
ER(0.5),12,11,20271914,36,25.0,0.8503716590446598,pert:lowd:0.01,0.00999954360302251,0.8717272530620487,0.9801772190974787,0.7547469765015055,0.72,0.13037165904465986,-0.40276828892176836,-0.28193780224523785,0.7446195978039475,0.10575206124071235,0.24166097335306103,0.16110731556870733,5464.579872637125,304.07971859201893,NaN,
ER(0.5),12,11,20271914,36,25.0,0.8503716590446598,pert:lowd:0.05,0.04993872197899391,0.9935564157970209,0.9963276096160139,0.9498987758274685,0.72,0.13037165904465986,-0.40276828892176836,-0.28193780224523785,0.6677842549059395,0.18258740413872032,-0.6444292622748294,0.3222146311374147,124357.60797582191,6920.507898430501,NaN,
ER(0.5),12,11,20271914,36,25.0,0.8503716590446598,pert:lowd:0.2,0.19613292530783696,0.9995481995198329,0.9903483620208512,0.9750287546416526,0.72,0.13037165904465986,-0.40276828892176836,-0.28193780224523785,0.7200000000000002,0.13037165904465964,1.933287786824488,0.12083048667653046,1.9539770610928321e6,108740.67117577809,NaN,
ER(0.5),12,11,20271914,36,25.0,0.8503716590446598,pert:lowd:0.5,0.44729329248807004,0.9999119726353902,0.9888267237503852,0.9791409074893962,0.72,0.13037165904465986,-0.40276828892176836,-0.28193780224523785,0.7200000000000002,0.13037165904465964,1.933287786824488,0.12083048667653046,1.2167918798679806e7,677158.3758497259,NaN,
ER(0.5),12,11,20271914,36,25.0,0.8503716590446598,pert:highd:0.01,0.0047292792372773,0.0214173969643547,0.003126605479291801,0.010542010668198022,0.72,0.13037165904465986,-0.40276828892176836,0.5235987755982989,0.8140441580198755,0.036327501024784326,0.0,0.0,23.677626259197208,1.3157058765582057,NaN,
ER(0.5),12,11,20271914,36,25.0,0.8503716590446598,pert:highd:0.05,0.022844409384284774,0.10635388844062837,0.01566415155331734,0.0534334979616855,0.72,0.13037165904465986,-0.40276828892176836,0.5235987755982989,0.8140441580198755,0.036327501024784326,0.0,0.0,54.337756392256836,3.020935922684481,NaN,
ER(0.5),12,11,20271914,36,25.0,0.8503716590446598,pert:highd:0.2,0.08088757484302109,0.3916018895343926,0.06303820985915545,0.22127939805976127,0.72,0.13037165904465986,-0.40276828892176836,0.5235987755982989,0.8290211806947494,0.02135047834991044,-0.08055365778435375,-0.04027682889217682,282.5954020130834,15.719841789139373,NaN,
ER(0.5),12,11,20271914,36,25.0,0.8503716590446598,pert:highd:0.5,0.16349216898190477,0.7250884966296796,0.1584410335205552,0.541892057517941,0.72,0.13037165904465986,-0.40276828892176836,0.5235987755982989,0.8330982087272164,0.01727345031744343,-0.08055365778435375,-0.12083048667653051,1275.710387252987,70.9800949648556,NaN,
ER(0.5),12,11,20271914,36,25.0,0.8503716590446598,pert:nulled:0.01,0.004926011350193486,0.03742616252275182,0.00023860904211713154,0.0008576113066833952,0.72,0.13037165904465986,-0.40276828892176836,1.2888585245496587,0.8140441580198755,0.036327501024784326,0.0,0.0,27.179512144207415,1.5104439695712903,NaN,
ER(0.5),12,11,20271914,36,25.0,0.8503716590446598,pert:nulled:0.05,0.023804177657681752,0.18469840032603402,0.0011928212595353252,0.004286313535221414,0.72,0.13037165904465986,-0.40276828892176836,1.2888585245496587,0.8140441580198755,0.036327501024784326,0.0,0.0,82.74555281521343,4.601134087879583,NaN,
ER(0.5),12,11,20271914,36,25.0,0.8503716590446598,pert:nulled:0.2,0.08437720791216899,0.6060637123678646,0.004767890162915722,0.017117373608939185,0.72,0.13037165904465986,-0.40276828892176836,1.2888585245496587,0.8140441580198755,0.036327501024784326,0.0,0.0,559.7020926734994,31.138249951865323,NaN,
ER(0.5),12,11,20271914,36,25.0,0.8503716590446598,pert:nulled:0.5,0.17071786929468186,0.8905831865100391,0.011902332461839351,0.042633825066129886,0.72,0.13037165904465986,-0.40276828892176836,1.2888585245496587,0.8290211806947494,0.02135047834991044,-0.08055365778435375,-0.04027682889217682,2785.8546387469764,155.01419288139826,NaN,
ER(0.5),12,11,20271914,36,25.0,0.8503716590446598,pert:random:0.01,0.009570590079333906,0.2306981001737004,0.45777302906476974,0.3602241212299574,0.7199999999999999,0.13037165904465997,-0.40276828892176836,-0.12083048667653051,0.7919137625724971,0.05845789647216271,0.24166097335306103,0.0,84.51118395970043,4.699878275485318,NaN,
ER(0.5),12,11,20271914,36,25.0,0.8503716590446598,pert:random:0.05,0.04727231595527642,0.7678341557986043,0.9864194918578635,0.9371777559266138,0.7199999999999999,0.13037165904465997,-0.40276828892176836,-0.04027682889217685,0.672678451451883,0.17769320759277685,-0.8860902356278905,0.40276828892176836,1195.91444958531,66.55525956446859,NaN,
ER(0.5),12,11,20271914,36,25.0,0.8503716590446598,pert:random:0.2,0.1788238766217595,0.9805856934567555,0.9864319966461476,0.999053743651674,0.7200000000000005,0.1303716590446593,-0.40276828892176836,0.0,0.7199999999999999,0.13037165904465997,1.933287786824488,0.2013841444608842,20029.60457290844,1114.707624274049,NaN,
ER(0.5),12,11,20271914,36,25.0,0.8503716590446598,pert:random:0.5,0.3878806695414711,0.9973391132820874,0.9739096543436937,0.9920703883948075,0.7200000000000005,0.1303716590446593,-0.40276828892176836,0.0,0.7199999999999999,0.13037165904465997,1.933287786824488,0.2013841444608842,127888.88601600939,7117.266353182173,NaN,
ER(0.5),12,11,20271914,36,25.0,0.8503716590446598,fit:triangle:mse,0.7184624549577638,0.9933273011158321,0.9922237180492248,0.9988217334966677,0.5163409214731524,0.3340307375715075,0.483321946706122,1.0069207223044208,0.7288381036443746,0.12153355540028521,0.32221463113741455,0.2013841444608842,99635.84178771722,5952.023537716949,0.7184624549577638,4.98494;0.528724;0.232085;0.22589
ER(0.5),12,11,20271914,36,25.0,0.8503716590446598,fit:triangle:wgt,0.8793822898945564,0.9236707217318194,0.90454380751061,0.9577337682793262,0.5507204821951209,0.2996511768495389,0.8055365778435368,1.0069207223044208,0.7288381036443746,0.12153355540028521,0.32221463113741455,0.2013841444608842,54.746571687663135,3.2478846673608928,0.9167331171640993,0.05;0.858281;0.111865;0.335796
ER(0.5),12,11,20271914,36,25.0,0.8503716590446598,fit:normal:mse,0.6486547435673294,0.9998497873331822,0.9763317367805828,0.9871039919778496,0.72,0.13037165904465986,-0.40276828892176836,1.2888585245496587,0.72,0.13037165904465986,1.933287786824488,0.3624914600295915,2222.206463345431,123.30760893550843,0.6486547435673294,18.5656;4.22097;4.16669
ER(0.5),12,11,20271914,36,25.0,0.8503716590446598,fit:normal:wgt,0.9991803164523215,0.9639704457236278,0.9445205253188017,0.9907166072634548,0.7200167013704215,0.13035495767423833,2.497163391314964,-0.24166097335306103,0.72,0.13037165904465986,-1.2083048667653051,1.1680280378731283,3.8900604932206376e6,225326.7522110489,0.9583889438789726,12.6996;84.5217;0.01
ER(0.5),12,11,20271914,36,25.0,0.8503716590446598,paper:empP,0.8926281635655154,0.8690890610360599,0.8903440153674131,0.8611481120382849,0.4626508195511779,0.3877208394934819,0.40276828892176836,0.8458134067357135,0.8450232184180035,0.005348440626656292,-0.5638756044904758,-0.04027682889217682,324.892570639213,100.99724921023999,NaN,
ER(0.5),12,11,20271914,36,25.0,0.8503716590446598,paper:binP,0.8926281635655154,0.8690890610360599,0.8903440153674131,0.8611481120382849,0.5177066308619728,0.33266502818268706,0.16110731556870733,0.9263670645200672,0.8074867361089539,0.042884922935705894,-0.08055365778435375,0.04027682889217682,32.18187721848528,2.5170646715557363,NaN,
ER(0.5),12,12,20271915,30,22.0,0.8219237225616567,exactN,0.0,0.0,0.0,0.0,0.7942987065470906,0.02762501601456613,0.0,0.0,0.7913332930889769,0.03059042947267976,0.0,0.0,17.021488742398816,0.9707638422098966,NaN,
ER(0.5),12,12,20271915,30,22.0,0.8219237225616567,pert:lowd:0.01,0.009999543223982848,0.8772562252121952,0.9803394679301248,0.7540556070060161,0.6818181818181818,0.14010554074347492,-0.483321946706122,-0.28193780224523785,0.7033510807472244,0.11857264181443228,0.5638756044904758,0.2013841444608842,4565.347236314728,304.65496162899177,NaN,
ER(0.5),12,12,20271915,30,22.0,0.8219237225616567,pert:lowd:0.05,0.04993871218597936,0.9939030748432481,0.9963263676328793,0.9489384831676813,0.6818181818181818,0.14010554074347492,-0.483321946706122,-0.28193780224523785,0.6807963740911741,0.14112734847048258,0.5638756044904758,0.28193780224523785,103906.28546482575,6934.213792401168,NaN,
ER(0.5),12,12,20271915,30,22.0,0.8219237225616567,pert:lowd:0.2,0.19613277600339352,0.9995758065795369,0.9903677606796017,0.974246086947335,0.6818181818181818,0.14010554074347492,-0.483321946706122,-0.28193780224523785,0.6757002258304371,0.1462234967312196,0.7249829200591833,0.3222146311374147,1.632673381108085e6,108957.93993344778,NaN,
ER(0.5),12,12,20271915,30,22.0,0.8219237225616567,pert:lowd:0.5,0.4472925832713651,0.999918385589771,0.9888521077866145,0.9784067075587538,0.6818181818181818,0.14010554074347492,-0.483321946706122,-0.28193780224523785,0.6623945434848192,0.1595291790768375,0.6444292622748293,0.3624914600295915,1.0167127149014123e7,678513.7736528352,NaN,
ER(0.5),12,12,20271915,30,22.0,0.8219237225616567,pert:highd:0.01,0.004700183274689454,0.02199465046981692,0.003135499894604389,0.01058029130468125,0.6818181818181818,0.14010554074347492,-0.483321946706122,0.5235987755982989,0.7913332930889769,0.03059042947267976,0.0,0.0,19.73819302873205,1.316051692760689,NaN,
ER(0.5),12,12,20271915,30,22.0,0.8219237225616567,pert:highd:0.05,0.022702568833436028,0.10918485152717793,0.015708855727494468,0.05362962685592871,0.6818181818181818,0.14010554074347492,-0.483321946706122,0.5235987755982989,0.7913332930889769,0.03059042947267976,0.0,0.0,45.33344130723095,3.0235515736104497,NaN,
ER(0.5),12,12,20271915,30,22.0,0.8219237225616567,pert:highd:0.2,0.0803728953755163,0.40044003744594153,0.06321978215812275,0.2220958270844934,0.6818181818181818,0.14010554074347492,-0.483321946706122,0.5235987755982989,0.8043912363505477,0.017532486211109033,-0.08055365778435353,-0.04027682889217682,235.97090768247938,15.743602941546545,NaN,
ER(0.5),12,12,20271915,30,22.0,0.8219237225616567,pert:highd:0.5,0.16242846104456582,0.7340469731475529,0.15889947114812478,0.5435584427198066,0.6818181818181818,0.14010554074347492,-0.483321946706122,0.5235987755982989,0.8052729993333717,0.01665072322828498,-0.08055365778435353,-0.12083048667653051,1065.6129814739752,71.10599058939007,NaN,
ER(0.5),12,12,20271915,30,22.0,0.8219237225616567,pert:nulled:0.01,0.004902292424144219,0.038435770947153294,0.00023930593352988378,0.0008602725064853849,0.6818181818181818,0.14010554074347492,-0.483321946706122,1.2888585245496587,0.7913332930889769,0.03059042947267976,0.0,0.0,22.660981802022565,1.511019395013719,NaN,
ER(0.5),12,12,20271915,30,22.0,0.8219237225616567,pert:nulled:0.05,0.023688396102114654,0.18956692426964708,0.0011963045772507006,0.004299548890879288,0.6818181818181818,0.14010554074347492,-0.483321946706122,1.2888585245496587,0.7913332930889769,0.03059042947267976,0.0,0.0,69.05374454645356,4.606113208898888,NaN,
ER(0.5),12,12,20271915,30,22.0,0.8219237225616567,pert:nulled:0.2,0.08395557035228798,0.6168314334569133,0.004781806026304067,0.01716924313221844,0.6818181818181818,0.14010554074347492,-0.483321946706122,1.2888585245496587,0.7913332930889769,0.03059042947267976,0.0,0.0,467.447511230925,31.18969634304991,NaN,
ER(0.5),12,12,20271915,30,22.0,0.8219237225616567,pert:nulled:0.5,0.16984353556489773,0.8960950092939094,0.011937031360600927,0.04275800905585894,0.6818181818181818,0.14010554074347492,-0.483321946706122,1.2888585245496587,0.8043912363505477,0.017532486211109033,-0.08055365778435353,-0.04027682889217682,2327.281443302867,155.30045839489662,NaN,
ER(0.5),12,12,20271915,30,22.0,0.8219237225616567,pert:random:0.01,0.009010605827291802,0.48290018559225606,0.498179765593734,0.3792874333800038,0.6818181818181818,0.14010554074347492,-0.483321946706122,1.2888585245496587,0.7520259100958513,0.0698978124658054,0.24166097335306103,0.08055365778435364,233.04959303410234,15.54864118183823,NaN,
ER(0.5),12,12,20271915,30,22.0,0.8219237225616567,pert:random:0.05,0.04426048462559396,0.9345141460337305,0.8760232523140399,0.8954336865615693,0.6818181818181818,0.14010554074347492,-0.483321946706122,-0.28193780224523785,0.7131174900698102,0.10880623249184651,0.7249829200591833,0.12083048667653046,4328.282475685734,288.870972433518,NaN,
ER(0.5),12,12,20271915,30,22.0,0.8219237225616567,pert:random:0.2,0.16451792905037677,0.9937562757782491,0.9503606517706092,0.9912716947175698,0.6818181818181818,0.14010554074347492,-0.483321946706122,-0.28193780224523785,0.5707083928739608,0.2512153296876959,-0.724982920059183,0.4430451178139451,75502.70675829457,5038.833804569981,NaN,
ER(0.5),12,12,20271915,30,22.0,0.8219237225616567,pert:random:0.5,0.34954760576943533,0.9982900549753861,0.962266520812779,0.9981953983683509,0.6818181818181818,0.14010554074347492,-0.483321946706122,-0.28193780224523785,0.6121009527500112,0.2098227698116455,0.4027682889217683,0.4430451178139451,479907.15117349476,32027.33408560451,NaN,
ER(0.5),12,12,20271915,30,22.0,0.8219237225616567,fit:triangle:mse,0.6833179765491353,0.9795028392021154,0.9750651215090669,0.9916771403048376,0.4795155335646826,0.3424081889969741,0.40276828892176836,1.0069207223044208,0.7055718358821822,0.11635188667947449,0.3222146311374148,0.2013841444608842,1359.748223217059,97.81354616423395,0.6833179765491353,0.67425;0.376453;0.411524;0.157106
ER(0.5),12,12,20271915,30,22.0,0.8219237225616567,fit:triangle:wgt,0.8055473678449879,0.9117388533102139,0.9065615629960415,0.955102381680087,0.5103327659377175,0.3115909566239392,0.8055365778435366,1.0069207223044208,0.7055718358821822,0.11635188667947449,0.3222146311374148,0.2013841444608842,36.18597134578839,2.6246629821721683,0.9040329488973816,0.0533805;0.483428;0.28482;0.122817
ER(0.5),12,12,20271915,30,22.0,0.8219237225616567,fit:normal:mse,0.6056937249832836,0.999837385189587,0.9781548618828407,0.9901557938785982,0.6818181818181818,0.14010554074347492,-0.483321946706122,-0.28193780224523785,0.6818181818181817,0.14010554074347503,1.8527341290401345,0.08055365778435364,1173.441421301724,78.89298997704945,0.6056937249832836,15.448;3.93601;4.2469
ER(0.5),12,12,20271915,30,22.0,0.8219237225616567,fit:normal:wgt,0.9989931974243627,0.9685191080079324,0.9644995094544409,0.9964233679083083,0.6819667950394295,0.13995692752222721,2.5777170490993173,-0.24166097335306103,0.644942472635869,0.17698124992578768,0.5638756044904758,0.40276828892176836,3.3915648948664744e6,234589.65157959584,0.9629485204522797,10.1817;89.631;0.01
ER(0.5),12,12,20271915,30,22.0,0.8219237225616567,paper:empP,0.9872865454035855,0.9985973621912569,0.9975931826916996,0.9990942050323941,0.8173236133676955,0.004600109193961144,0.24166097335306108,0.0805536577843537,0.7211326224706359,0.10079110009102077,0.3222146311374148,0.16110731556870733,76.76426250567572,3.9441275564630978,NaN,
ER(0.5),12,12,20271915,30,22.0,0.8219237225616567,paper:binP,0.9872865454035855,0.9985973621912569,0.9975931826916996,0.9990942050323941,0.8173236133676955,0.004600109193961144,0.24166097335306108,0.0805536577843537,0.7230538121216111,0.09886991044004556,0.24166097335306103,0.16110731556870733,45.40584943052493,2.2748647705506504,NaN,
ER(0.5),12,13,20271916,37,26.0,0.835549669547915,exactN,0.0,0.0,0.0,0.0,0.8093573876574607,0.026192281890454305,0.0,0.0,0.7992515816394298,0.03629808790848521,0.0,0.0,20.530794100817605,0.9729499448304278,NaN,
ER(0.5),12,13,20271916,37,26.0,0.835549669547915,pert:lowd:0.01,0.009999541312887193,0.8816265533446728,0.9847085445390754,0.7641864871359764,0.7115384615384616,0.12401120800945342,-0.40276828892176836,-0.28193780224523785,0.732708113575091,0.10284155597282396,0.24166097335306103,0.16110731556870733,5612.0120440913,303.7615996330468,NaN,
ER(0.5),12,13,20271916,37,26.0,0.835549669547915,pert:lowd:0.05,0.04993866286008772,0.9941915486334391,0.9956111852448686,0.9469687286923973,0.7115384615384616,0.12401120800945342,-0.40276828892176836,-0.28193780224523785,0.6523605634965441,0.18318910605137084,-0.6444292622748294,0.3222146311374147,127707.89400889163,6912.913710066667,NaN,
ER(0.5),12,13,20271916,37,26.0,0.835549669547915,pert:lowd:0.2,0.19613202411914443,0.9996031803626346,0.9896792032636099,0.9713445255369068,0.7115384615384616,0.12401120800945342,-0.40276828892176836,-0.28193780224523785,0.6199392450084162,0.21561042453949875,-0.24166097335306114,0.3222146311374147,2.006603582862093e6,108620.24051878814,NaN,
ER(0.5),12,13,20271916,37,26.0,0.835549669547915,pert:lowd:0.5,0.4472890118599333,0.9999260120446435,0.9882065384919407,0.9754505420987096,0.7115384615384616,0.12401120800945342,-0.40276828892176836,-0.28193780224523785,0.7118853649069595,0.12366430464095546,0.8055365778435368,0.24166097335306097,1.2495618741287868e7,676407.0296895778,NaN,
ER(0.5),12,13,20271916,37,26.0,0.835549669547915,pert:highd:0.01,0.004675316231257529,0.02244936158140989,0.003319442432188835,0.011254127046803937,0.7115384615384616,0.12401120800945342,-0.40276828892176836,0.5235987755982989,0.7992515816394298,0.03629808790848521,0.0,0.0,24.332790586378323,1.3155210945444282,NaN,
ER(0.5),12,13,20271916,37,26.0,0.835549669547915,pert:highd:0.05,0.022581364924060803,0.11124314296357617,0.01663505330201444,0.057144542992627216,0.7115384615384616,0.12401120800945342,-0.40276828892176836,0.5235987755982989,0.7992515816394298,0.03629808790848521,0.0,0.0,55.82766483044858,3.019520529392798,NaN,
ER(0.5),12,13,20271916,37,26.0,0.835549669547915,pert:highd:0.2,0.07993330371806899,0.40485588717920845,0.06700621696552954,0.2376575112151245,0.7115384615384616,0.12401120800945342,-0.40276828892176836,0.5235987755982989,0.8139563352314834,0.021593334316431623,-0.08055365778435375,-0.04027682889217682,290.2663378001437,15.706807967630754,NaN,
ER(0.5),12,13,20271916,37,26.0,0.835549669547915,pert:highd:0.5,0.16152033483605568,0.7346355926774553,0.16856903274492258,0.5783791324921558,0.7115384615384616,0.12401120800945342,-0.40276828892176836,0.5235987755982989,0.8249500873463078,0.010599582201607172,-0.1611073155687075,-0.12083048667653051,1310.1942368921036,70.91064916937458,NaN,
ER(0.5),12,13,20271916,37,26.0,0.835549669547915,pert:nulled:0.01,0.004882167032545217,0.03925606766561191,0.0002535546716716237,0.000919537174047626,0.7115384615384616,0.12401120800945342,-0.40276828892176836,1.2888585245496587,0.7992515816394298,0.03629808790848521,0.0,0.0,27.93025131024318,1.5101357791245857,NaN,
ER(0.5),12,13,20271916,37,26.0,0.835549669547915,pert:nulled:0.05,0.02359017078161049,0.19322321335889706,0.001267512193594371,0.004595421712456778,0.7115384615384616,0.12401120800945342,-0.40276828892176836,1.2888585245496587,0.8139563352314834,0.021593334316431623,-0.08055365778435375,-0.04027682889217682,85.00683312995506,4.598427864103636,NaN,
ER(0.5),12,13,20271916,37,26.0,0.835549669547915,pert:nulled:0.2,0.08359801252467766,0.6224836998650958,0.005066088826407053,0.018345605356270726,0.7115384615384616,0.12401120800945342,-0.40276828892176836,1.2888585245496587,0.8139563352314834,0.021593334316431623,-0.08055365778435375,-0.04027682889217682,574.8609812009081,31.109945983625177,NaN,
ER(0.5),12,13,20271916,37,26.0,0.835549669547915,pert:nulled:0.5,0.16910236274064167,0.8968664999853584,0.01264492341816802,0.045659022630559584,0.7115384615384616,0.12401120800945342,-0.40276828892176836,1.2888585245496587,0.8139563352314834,0.021593334316431623,-0.08055365778435375,-0.04027682889217682,2861.07069640771,154.85603759511616,NaN,
ER(0.5),12,13,20271916,37,26.0,0.835549669547915,pert:random:0.01,0.009995319267500616,0.247083470989189,0.3035065305887465,0.21314262650004198,0.7115384615384616,0.12401120800945342,-0.40276828892176836,1.2888585245496587,0.7997257667798697,0.03582390276804526,0.08055365778435353,-0.04027682889217682,80.23412737442696,4.340164020026696,NaN,
ER(0.5),12,13,20271916,37,26.0,0.835549669547915,pert:random:0.05,0.049997779042262866,0.7714010949758188,0.8496728163818896,0.6378689293772218,0.7115384615384617,0.12401120800945331,-0.40276828892176836,0.9666438934122439,0.732708113575091,0.10284155597282396,0.24166097335306103,0.16110731556870733,816.6719859278746,44.2054160003828,NaN,
ER(0.5),12,13,20271916,37,26.0,0.835549669547915,pert:random:0.2,0.19750199124366652,0.9714366840149801,0.9891775090307253,0.867177587771255,0.7115384615384617,0.12401120800945331,-0.40276828892176836,1.0471975511965976,0.732708113575091,0.10284155597282396,0.24166097335306103,0.16110731556870733,13931.357620365987,754.1590676651181,NaN,
ER(0.5),12,13,20271916,37,26.0,0.835549669547915,pert:random:0.5,0.4542802781226868,0.991889037728152,0.998551944401577,0.9127202124504359,0.7115384615384617,0.12401120800945331,-0.40276828892176836,1.0471975511965976,0.726018327344958,0.10953134220295702,0.8055365778435368,0.08055365778435364,90096.01777180342,4877.126547782442,NaN,
ER(0.5),12,13,20271916,37,26.0,0.835549669547915,fit:triangle:mse,0.7178040267972292,0.9916516923814367,0.9900809780713381,0.9980531492358454,0.5115849026842181,0.3239647668636969,0.483321946706122,1.0069207223044208,0.7167616632293469,0.11878800631856812,0.24166097335306103,0.2013841444608842,89417.98147268743,5203.428757706925,0.7178040267972292,4.67392;0.505405;0.253014;0.209648
ER(0.5),12,13,20271916,37,26.0,0.835549669547915,fit:triangle:wgt,0.848960759330406,0.9101164218162667,0.8871100395670474,0.9477501719743048,0.5485307371259479,0.2870189324219671,0.8055365778435368,1.0069207223044208,0.7167616632293469,0.11878800631856812,0.24166097335306103,0.2013841444608842,52.46549351225157,3.034372880435411,0.9026441292934039,0.05;0.74655;0.128366;0.222143
ER(0.5),12,13,20271916,37,26.0,0.835549669547915,fit:normal:mse,0.6373288401477857,0.9997963152458529,0.9713514802095071,0.9840153755846914,0.7115384615384616,0.12401120800945342,-0.40276828892176836,-0.28193780224523785,0.7115384615384618,0.1240112080094532,1.933287786824488,0.40276828892176836,2328.4940717807385,125.62236453936964,0.6373288401477857,18.9791;4.2371;4.14249
ER(0.5),12,13,20271916,37,26.0,0.835549669547915,fit:normal:wgt,0.9989929674498209,0.956987784651918,0.921065457676498,0.9798485988892749,0.7115423686573472,0.12400730089056777,2.5777170490993173,-0.24166097335306103,0.7115384615384616,0.12401120800945342,-1.2083048667653051,1.1680280378731283,4.259111611432729e6,238513.13211411797,0.9509918909751139,13.7269;81.9363;0.01
ER(0.5),12,13,20271916,37,26.0,0.835549669547915,paper:empP,0.9342582777485852,0.8755763879791171,0.9031756889389692,0.8587786545074925,0.45348764177836437,0.3820620277695506,0.40276828892176836,0.8055365778435366,0.8336233414650223,0.0019263280828927254,-0.5638756044904758,-0.0805536577843537,2087.513187217791,1208.451439432122,NaN,
ER(0.5),12,13,20271916,37,26.0,0.835549669547915,paper:binP,0.9342582777485852,0.8755763879791171,0.9031756889389692,0.8587786545074925,0.49240735265801167,0.3431423168899033,0.24166097335306097,0.9263670645200672,0.8149026568763846,0.02064701267153035,-0.24166097335306114,0.0,52.32468402715242,4.174217999568898,NaN,
ER(0.5),12,14,20271917,32,23.0,0.8237872566803818,exactN,0.0,0.0,0.0,0.0,0.7933466091418895,0.030440647538492294,0.0,0.0,0.7994022684840922,0.024384988196289537,0.0,0.0,17.9671683606327,0.9828362768186516,NaN,
ER(0.5),12,14,20271917,32,23.0,0.8237872566803818,pert:lowd:0.01,0.009999537730160431,0.8679183944709744,0.9743364044477321,0.8443390230042137,0.6956521739130435,0.12813508276733832,-0.40276828892176836,-0.28193780224523785,0.6928446294268091,0.13094262725357264,-0.6444292622748294,0.2819378022452378,4868.711902583512,304.61598803384146,NaN,
ER(0.5),12,14,20271917,32,23.0,0.8237872566803818,pert:lowd:0.05,0.049938570611978546,0.9932130203981824,0.9979252017507966,0.982028001159826,0.6956521739130435,0.12813508276733832,-0.40276828892176836,-0.28193780224523785,0.6256469204944283,0.1981403361859535,-0.5638756044904758,0.36249146002959154,110809.71068978126,6933.284378438445,NaN,
ER(0.5),12,14,20271917,32,23.0,0.8237872566803818,pert:lowd:0.2,0.19613061858494432,0.9994961690579472,0.9928847975829335,0.9940862814064414,0.6956521739130435,0.12813508276733832,-0.40276828892176836,-0.28193780224523785,0.637411794533628,0.18637546214675382,0.32221463113741455,0.36249146002959154,1.7411431104120805e6,108943.20408779236,NaN,
ER(0.5),12,14,20271917,32,23.0,0.8237872566803818,pert:lowd:0.5,0.44728233628237773,0.9998921784963339,0.9915264529346243,0.9957355077107307,0.6956521739130435,0.12813508276733832,-0.40276828892176836,-0.28193780224523785,0.5662043481094495,0.25758290857093225,-0.1611073155687075,0.4027682889217683,1.0842595114294974e7,678421.8430896734,NaN,
ER(0.5),12,14,20271917,32,23.0,0.8237872566803818,pert:highd:0.01,0.0046834031475748526,0.021067864394334914,0.0030371306331065297,0.0072882323413593405,0.6956521739130435,0.12813508276733832,-0.40276828892176836,0.5235987755982989,0.7994022684840922,0.024384988196289537,0.0,0.0,21.053489236042086,1.3160286254028433,NaN,
ER(0.5),12,14,20271917,32,23.0,0.8237872566803818,pert:highd:0.05,0.022620779073119532,0.1045234750057559,0.01521571571559245,0.03675543223477521,0.6956521739130435,0.12813508276733832,-0.40276828892176836,0.5235987755982989,0.7994022684840922,0.024384988196289537,0.0,0.0,48.35122310157328,3.023376103332033,NaN,
ER(0.5),12,14,20271917,32,23.0,0.8237872566803818,pert:highd:0.2,0.080076233250412,0.3844764484724704,0.06123585456631279,0.1506846926847882,0.6956521739130435,0.12813508276733832,-0.40276828892176836,0.5235987755982989,0.7994022684840922,0.024384988196289537,0.0,0.0,251.6615462267309,15.741999058095072,NaN,
ER(0.5),12,14,20271917,32,23.0,0.8237872566803818,pert:highd:0.5,0.1618155647387861,0.7148355271781938,0.15398221296826972,0.37988672288935954,0.6956521739130435,0.12813508276733832,-0.40276828892176836,0.483321946706122,0.8113841954470334,0.012403061233348334,-0.08055365778435375,-0.0805536577843537,1136.437134669014,71.09747086907225,NaN,
ER(0.5),12,14,20271917,32,23.0,0.8237872566803818,pert:nulled:0.01,0.004895146966484558,0.036832412538491364,0.0002327545914377096,0.0007643211240191971,0.6956521739130435,0.12813508276733832,-0.40276828892176836,1.2888585245496587,0.7994022684840922,0.024384988196289537,0.0,0.0,24.170741846265646,1.5109809714097004,NaN,
ER(0.5),12,14,20271917,32,23.0,0.8237872566803818,pert:nulled:0.05,0.02365351996185653,0.1816670659959664,0.001163581612811016,0.0038214207242242225,0.6956521739130435,0.12813508276733832,-0.40276828892176836,1.2888585245496587,0.7994022684840922,0.024384988196289537,0.0,0.0,73.64883727747836,4.605778518680097,NaN,
ER(0.5),12,14,20271917,32,23.0,0.8237872566803818,pert:nulled:0.2,0.08382859965995766,0.5978716640222168,0.004651422682248377,0.015281638674392887,0.6956521739130435,0.12813508276733832,-0.40276828892176836,1.2888585245496587,0.7994022684840922,0.024384988196289537,0.0,0.0,498.52226980216483,31.18621899919427,NaN,
ER(0.5),12,14,20271917,32,23.0,0.8237872566803818,pert:nulled:0.5,0.16958031169451457,0.8849258468876849,0.011613642483596772,0.03816887416680727,0.6956521739130435,0.12813508276733832,-0.40276828892176836,1.2888585245496587,0.8107456414833016,0.013041615197080136,-0.08055365778435375,-0.040276828892176875,2481.940277966668,155.28107212035508,NaN,
ER(0.5),12,14,20271917,32,23.0,0.8237872566803818,pert:random:0.01,0.009360903058814393,0.36806680969209715,0.4690495609989016,0.3113168279027906,0.6956521739130435,0.12813508276733832,-0.40276828892176836,-0.28193780224523785,0.7470882036812475,0.07669905299913427,0.24166097335306103,0.12083048667653046,247.12967856286744,15.458447470888887,NaN,
ER(0.5),12,14,20271917,32,23.0,0.8237872566803818,pert:random:0.05,0.046126093132340416,0.892308862838372,0.9498303575413689,0.7908131550214947,0.6956521739130435,0.12813508276733832,-0.40276828892176836,-0.28193780224523785,0.6901730414268232,0.13361421525355854,0.08055365778435353,0.24166097335306103,3918.9983831538752,245.19433516509113,NaN,
ER(0.5),12,14,20271917,32,23.0,0.8237872566803818,pert:random:0.2,0.17315299056687555,0.99201838791836,0.9992794009084452,0.9448186664989574,0.6956521739130435,0.12813508276733832,-0.40276828892176836,-0.28193780224523785,0.6958731114293064,0.12791414525107536,0.4027682889217683,0.24166097335306103,56838.24338770856,3556.308807820066,NaN,
ER(0.5),12,14,20271917,32,23.0,0.8237872566803818,pert:random:0.5,0.3721246059469513,0.9986842948541534,0.9997944898077339,0.9675202154337786,0.6956521739130435,0.12813508276733832,-0.40276828892176836,-0.28193780224523785,0.6958731114293064,0.12791414525107536,0.4027682889217683,0.24166097335306103,348122.85774473666,21781.92935534866,NaN,
ER(0.5),12,14,20271917,32,23.0,0.8237872566803818,fit:triangle:mse,0.7045486128307257,0.9877244750030075,0.9841001263791717,0.9926126367301731,0.4863698410858288,0.33741741559455296,0.483321946706122,1.0069207223044208,0.6964545687367185,0.12733268794366326,0.48332194670612183,0.24166097335306103,13555.036113809932,912.5208826929033,0.7045486128307257,2.03101;0.491681;0.278431;0.208565
ER(0.5),12,14,20271917,32,23.0,0.8237872566803818,fit:triangle:wgt,0.8161509588667843,0.9247633366604278,0.9211240424614812,0.9556842205137357,0.5113311369685449,0.31245611971183684,0.8055365778435368,1.0069207223044208,0.6948495207800166,0.12893773590036517,0.32221463113741455,0.24166097335306103,38.049930494565075,2.5822250991785216,0.9177322477184812,0.05;0.44808;0.310094;0.109674
ER(0.5),12,14,20271917,32,23.0,0.8237872566803818,fit:normal:mse,0.6237785529857022,0.9999426924820896,0.9803706592850858,0.9814742861750768,0.6956521739130435,0.12813508276733832,-0.40276828892176836,-0.28193780224523785,0.6956521739130435,0.12813508276733832,-1.2083048667653051,0.4430451178139452,994.4719959567599,62.62827668933357,0.6237785529857022,16.6231;3.83857;4.04722
ER(0.5),12,14,20271917,32,23.0,0.8237872566803818,fit:normal:wgt,0.9993260864650358,0.9698319073496207,0.9604425946595163,0.9896891967737595,0.6962527153645671,0.12753454131581465,2.4166097335306103,-0.24166097335306103,0.6342910942813544,0.18949616239902733,0.5638756044904756,0.4430451178139452,2.707042479032117e6,176486.74723117246,0.9647717467178274,10.2051;98.0604;0.0117415
ER(0.5),12,14,20271917,32,23.0,0.8237872566803818,paper:empP,0.8652544494108219,0.9746283588006063,0.9674385048064046,0.9796920425881231,0.804586367303654,0.019200889376727814,0.08055365778435364,0.0,0.7513034701913044,0.07248378648907738,0.16110731556870728,0.12083048667653046,23.997840661343364,1.2773806606004205,NaN,
ER(0.5),12,14,20271917,32,23.0,0.8237872566803818,paper:binP,0.8652544494108219,0.9746283588006063,0.9674385048064046,0.9796920425881231,0.8125698567757703,0.011217399904611458,0.16110731556870733,0.0805536577843537,0.7337073918025961,0.09007986487778563,0.16110731556870728,0.16110731556870728,24.225479392053,1.2077303022586687,NaN,
ER(0.5),12,15,20271918,32,25.0,0.7644738794401839,exactN,0.0,0.0,0.0,0.0,0.7315823549144804,0.03289152452570343,0.0,0.0,0.7286062264789112,0.0358676529612727,0.0,0.0,17.97167001385695,0.9806415730733303,NaN,
ER(0.5),12,15,20271918,32,25.0,0.7644738794401839,pert:lowd:0.01,0.009999540206750248,0.8823106725724357,0.9811968005017957,0.7527156749533052,0.64,0.12447387944018384,-0.40276828892176836,-0.28193780224523785,0.6590850625199871,0.10538881692019675,0.32221463113741455,0.2013841444608842,4853.0084966980685,303.64313172685047,NaN,
ER(0.5),12,15,20271918,32,25.0,0.7644738794401839,pert:lowd:0.05,0.04993863434831572,0.9940911230914566,0.9965008499164345,0.9440538577253842,0.64,0.12447387944018384,-0.40276828892176836,-0.28193780224523785,0.6332569030773717,0.13121697636281215,0.32221463113741455,0.28193780224523785,110435.18114926337,6910.0823665538865,NaN,
ER(0.5),12,15,20271918,32,25.0,0.7644738794401839,pert:lowd:0.2,0.1961315896143313,0.9995608395676694,0.9908139592519691,0.9699498000712266,0.64,0.12447387944018384,-0.40276828892176836,-0.28193780224523785,0.6419340589390796,0.12253982050110424,0.8860902356278904,0.28193780224523785,1.7352048045836492e6,108575.33008501006,NaN,
ER(0.5),12,15,20271918,32,25.0,0.7644738794401839,pert:lowd:0.5,0.44728694809284486,0.999905664984475,0.9893664133536392,0.9743110119829732,0.64,0.12447387944018384,-0.40276828892176836,-0.28193780224523785,0.638981577701066,0.12549230173911785,0.9666438934122441,0.3222146311374147,1.0805548411392095e7,676126.8283064974,NaN,
ER(0.5),12,15,20271918,32,25.0,0.7644738794401839,pert:highd:0.01,0.004680988149686916,0.022625582267860357,0.003192959351295256,0.010761132715314765,0.64,0.12447387944018384,-0.40276828892176836,0.5235987755982989,0.7345932448136199,0.029880634626563984,-0.08055365778435375,0.0,21.0442152497088,1.3154537229735233,NaN,
ER(0.5),12,15,20271918,32,25.0,0.7644738794401839,pert:highd:0.05,0.022609008602983937,0.11240286719354341,0.01600282110663454,0.05464943170974683,0.64,0.12447387944018384,-0.40276828892176836,0.5235987755982989,0.7345932448136199,0.029880634626563984,-0.08055365778435375,0.0,48.28062015325341,3.0190003758371002,NaN,
ER(0.5),12,15,20271918,32,25.0,0.7644738794401839,pert:highd:0.2,0.0800335473081061,0.411821214805815,0.06449203649524639,0.22781346547588358,0.64,0.12447387944018384,-0.40276828892176836,0.5235987755982989,0.7465829901579195,0.017890889282264344,-0.16110731556870728,-0.04027682889217682,251.015639183649,15.701977917890277,NaN,
ER(0.5),12,15,20271918,32,25.0,0.7644738794401839,pert:highd:0.5,0.1617273902534053,0.7480054230081901,0.16250092909567046,0.5612268894292213,0.64,0.12447387944018384,-0.40276828892176836,0.5235987755982989,0.7428575182367994,0.021616361203384504,-0.08055365778435375,-0.0805536577843537,1133.0048908122974,70.88482686743497,NaN,
ER(0.5),12,15,20271918,32,25.0,0.7644738794401839,pert:nulled:0.01,0.004882956116163027,0.03952620948730968,0.0002447871498590443,0.0008842799159302944,0.64,0.12447387944018384,-0.40276828892176836,1.2888585245496587,0.7286062264789112,0.0358676529612727,0.0,0.0,24.1552917336639,1.5100232465375725,NaN,
ER(0.5),12,15,20271918,32,25.0,0.7644738794401839,pert:nulled:0.05,0.023594021781459043,0.19512466503083148,0.001223699030705788,0.004419291640710412,0.64,0.12447387944018384,-0.40276828892176836,1.2888585245496587,0.7286062264789112,0.0358676529612727,0.0,0.0,73.51413196650701,4.5974306201808055,NaN,
ER(0.5),12,15,20271918,32,25.0,0.7644738794401839,pert:nulled:0.2,0.08361202834805292,0.6311721785413489,0.004891206927984841,0.017643663329903313,0.64,0.12447387944018384,-0.40276828892176836,1.2888585245496587,0.7286062264789112,0.0358676529612727,0.0,0.0,497.1216273388411,31.099438293117352,NaN,
ER(0.5),12,15,20271918,32,25.0,0.7644738794401839,pert:nulled:0.5,0.16913141096022286,0.9052371838532474,0.01220961989228118,0.043919768634822484,0.64,0.12447387944018384,-0.40276828892176836,1.2888585245496587,0.7040694433080219,0.060404436132161954,0.08055365778435375,0.08055365778435364,2474.129565711167,154.79717479476398,NaN,
ER(0.5),12,15,20271918,32,25.0,0.7644738794401839,pert:random:0.01,0.009995309044498387,0.30883030138299855,0.3766467457090664,0.28005796020986695,0.6581708923391855,0.10630298710099839,-0.32221463113741466,-0.08055365778435367,0.7145051352045735,0.049968744235610374,0.08055365778435375,0.04027682889217682,101.68613047760813,6.276183237299727,NaN,
ER(0.5),12,15,20271918,32,25.0,0.7644738794401839,pert:random:0.05,0.04999779474151056,0.8596386875947131,0.9020561913754719,0.9353987033323803,0.6399999999999999,0.12447387944018395,-0.40276828892176836,1.1277512089809514,0.5936484712361312,0.17082540820405268,-1.2083048667653051,0.6041524333826527,1269.7961204872092,79.44977539218087,NaN,
ER(0.5),12,15,20271918,32,25.0,0.7644738794401839,pert:random:0.2,0.1975030104708641,0.9918689856094455,0.9943194315957155,0.9817300850592551,0.64,0.12447387944018384,-0.40276828892176836,1.2888585245496587,0.535434446423312,0.2290394330168719,-0.9666438934122441,0.5235987755982989,21588.971668002217,1350.9149019534063,NaN,
ER(0.5),12,15,20271918,32,25.0,0.7644738794401839,pert:random:0.5,0.4542859273296689,0.9993844494831821,0.9994638990827592,0.9556460530907068,0.64,0.12447387944018384,-0.40276828892176836,1.2888585245496587,0.4618547071201112,0.3026191723200727,-0.6444292622748293,0.5235987755982989,139374.96544142795,8721.120439301485,NaN,
ER(0.5),12,15,20271918,32,25.0,0.7644738794401839,fit:triangle:mse,0.6649076055570835,0.9818133783777957,0.9760531262424793,0.9926154428139279,0.45757296847534285,0.306900910964841,0.40276828892176836,1.0069207223044208,0.6594063566923958,0.10506752274778808,0.16110731556870728,0.2013841444608842,3437.5903451477093,230.04657543357018,0.6649076055570835,1.03626;0.371075;0.421056;0.153205
ER(0.5),12,15,20271918,32,25.0,0.7644738794401839,fit:triangle:wgt,0.7939202327684971,0.8939537757491528,0.8701560674542951,0.9412806671061875,0.4689967410561269,0.295477138384057,0.7249829200591831,1.0069207223044208,0.6380411045742527,0.12643277486593119,0.0,0.24166097335306097,40.40847478754621,2.727597254511425,0.8854156622036615,0.05;0.573218;0.174831;0.129266
ER(0.5),12,15,20271918,32,25.0,0.7644738794401839,fit:normal:mse,0.55593111792585,0.9998880478465216,0.967562314933725,0.9809554020590547,0.64,0.12447387944018384,-0.40276828892176836,-0.28193780224523785,0.6399999999999995,0.1244738794401844,1.7721804712557807,0.7249829200591831,922.367150039421,57.73180083762192,0.55593111792585,16.4292;3.82289;3.87735
ER(0.5),12,15,20271918,32,25.0,0.7644738794401839,fit:normal:wgt,0.9977762660923969,0.9591343421887565,0.9342531962654443,0.9854912635635733,0.6399999999999992,0.12447387944018462,2.738824364668025,-0.24166097335306103,0.64,0.12447387944018384,-1.3694121823340124,1.1680280378731283,3.7802391685341904e6,241475.55807169524,0.953217712519407,12.1991;100.056;0.01
ER(0.5),12,15,20271918,32,25.0,0.7644738794401839,paper:empP,0.8164250957300581,0.9507594262349673,0.9289077226615552,0.9588001884556383,0.7455404937773707,0.018933385662813107,0.08055365778435364,0.04027682889217682,0.6911048418639651,0.07336903757621871,0.08055365778435375,0.12083048667653046,25.415187954677904,1.3230147372147072,NaN,
ER(0.5),12,15,20271918,32,25.0,0.7644738794401839,paper:binP,0.8164250957300581,0.9507594262349673,0.9289077226615552,0.9588001884556383,0.7525016073229258,0.011972272117258043,0.16110731556870733,0.0805536577843537,0.6938821408637048,0.07059173857647905,0.0,0.12083048667653046,24.225479392053,1.2077303022586687,NaN,
